# Blender 4.2.16 LTS
# www.blender.org
o tb2
v -0.000000 0.474588 -0.206718
v 0.040648 0.457751 -0.206718
v 0.057485 0.417102 -0.206718
v 0.040648 0.376454 -0.206718
v -0.000000 0.359617 -0.206718
v -0.040648 0.376454 -0.206718
v -0.057485 0.417102 -0.206718
v -0.040648 0.457751 -0.206718
v -0.000000 0.474588 -0.274707
v 0.040648 0.457751 -0.274707
v 0.057485 0.417102 -0.274707
v 0.040648 0.376454 -0.274707
v -0.000000 0.359617 -0.274707
v -0.040648 0.376454 -0.274707
v -0.057485 0.417102 -0.274707
v -0.040648 0.457751 -0.274707
v -0.041324 0.375778 -0.362599
v -0.000000 0.366990 -0.385394
v -0.050113 0.417102 -0.385394
v -0.000000 0.417102 -0.452833
v 0.041324 0.375778 -0.362599
v 0.053920 0.363182 -0.274707
v 0.050113 0.417102 -0.385394
v 0.076255 0.417102 -0.274707
v -0.053920 0.363182 -0.274707
v -0.076255 0.417102 -0.274707
v -0.000000 0.340848 -0.274707
v -0.041324 0.458427 -0.362599
v -0.000000 0.467215 -0.385394
v 0.041324 0.458427 -0.362599
v -0.053920 0.471023 -0.274707
v -0.000000 0.493357 -0.274707
v 0.053920 0.471023 -0.274707
v 0.021973 0.470151 -0.206718
v 0.053048 0.439076 -0.206718
v 0.053048 0.395129 -0.206718
v 0.021973 0.364054 -0.206718
v -0.021973 0.364054 -0.206718
v -0.053048 0.395129 -0.206718
v -0.053048 0.439076 -0.206718
v -0.021973 0.470151 -0.206718
v 0.021973 0.470151 -0.274707
v 0.053048 0.439076 -0.274707
v 0.053048 0.395129 -0.274707
v 0.021973 0.364054 -0.274707
v -0.021973 0.364054 -0.274707
v -0.053048 0.395129 -0.274707
v -0.053048 0.439076 -0.274707
v -0.021973 0.470151 -0.274707
v -0.024629 0.369841 -0.377543
v -0.047261 0.392473 -0.377543
v -0.000000 0.389799 -0.432269
v 0.024629 0.369841 -0.377543
v 0.047261 0.392473 -0.377543
v 0.070369 0.387955 -0.274707
v -0.070369 0.387955 -0.274707
v -0.047261 0.441732 -0.377544
v -0.000000 0.444406 -0.432269
v 0.047261 0.441732 -0.377543
v -0.070369 0.446250 -0.274707
v 0.070369 0.446250 -0.274707
v -0.027303 0.417102 -0.432269
v 0.027303 0.417102 -0.432269
v -0.029148 0.487472 -0.274707
v -0.029148 0.346733 -0.274707
v 0.029148 0.487472 -0.274707
v -0.024629 0.464364 -0.377544
v 0.024629 0.464364 -0.377543
v 0.029148 0.346733 -0.274707
v 0.047604 0.369498 -0.325753
v -0.000000 0.482533 -0.331071
v 0.047604 0.464707 -0.325753
v -0.047604 0.369498 -0.325753
v 0.065431 0.417102 -0.331071
v -0.000000 0.351672 -0.331071
v -0.065431 0.417102 -0.331071
v -0.047604 0.464707 -0.325753
v -0.026098 0.391004 -0.416047
v 0.026098 0.391004 -0.416047
v -0.026098 0.443201 -0.416047
v 0.026098 0.443201 -0.416047
v 0.060868 0.390892 -0.328662
v 0.060868 0.443313 -0.328662
v -0.060868 0.390892 -0.328662
v -0.060868 0.443313 -0.328662
v -0.026211 0.356235 -0.328662
v 0.026211 0.356235 -0.328662
v -0.026211 0.477970 -0.328662
v 0.026211 0.477970 -0.328662
v -0.004422 -0.006071 1.232198
v -0.004422 -0.001644 1.234754
v -0.004422 -0.004200 1.239180
v -0.004422 -0.008626 1.236625
v 0.004422 -0.006071 1.232198
v 0.004422 -0.001644 1.234754
v 0.004422 -0.004200 1.239180
v 0.004422 -0.008626 1.236625
v -0.008438 0.103680 1.201626
v -0.008438 0.108106 1.204182
v -0.008438 0.105551 1.208609
v -0.008438 0.101124 1.206053
v 0.008438 0.103680 1.201626
v 0.008438 0.108106 1.204182
v 0.008438 0.105551 1.208609
v 0.008438 0.101124 1.206053
v 0.004815 0.034365 1.174723
v 0.004815 0.027913 1.170998
v 0.001513 0.034365 1.174723
v 0.001513 0.027913 1.170998
v 0.011443 -0.007216 1.239294
v 0.011443 0.000642 1.237188
v 0.011443 -0.002851 1.239869
v 0.011443 -0.009322 1.231436
v 0.011443 -0.009897 1.235801
v 0.008141 0.000642 1.237188
v 0.008141 -0.007216 1.239294
v 0.008141 -0.002851 1.239869
v 0.008141 -0.009322 1.231436
v 0.008141 -0.009897 1.235801
v 0.011443 0.005721 1.228392
v 0.011443 -0.004243 1.222639
v 0.008141 0.005721 1.228392
v 0.008141 -0.004243 1.222639
v 0.010193 0.008183 1.220073
v 0.006891 0.008183 1.220073
v 0.010193 0.001730 1.216347
v 0.006891 0.001730 1.216347
v 0.004815 0.038767 1.167100
v 0.004815 0.037403 1.162011
v 0.004815 0.039139 1.164273
v 0.004815 0.032314 1.163374
v 0.004815 0.034576 1.161639
v 0.001513 0.037403 1.162011
v 0.001513 0.038767 1.167100
v 0.001513 0.039139 1.164273
v 0.001513 0.032314 1.163374
v 0.001513 0.034576 1.161639
v -0.004815 0.034365 1.174723
v -0.004815 0.027913 1.170998
v -0.001513 0.034365 1.174723
v -0.001513 0.027913 1.170998
v -0.011443 -0.007216 1.239294
v -0.011443 0.000642 1.237188
v -0.011443 -0.002851 1.239869
v -0.011443 -0.009322 1.231436
v -0.011443 -0.009897 1.235801
v -0.008141 0.000642 1.237188
v -0.008141 -0.007216 1.239294
v -0.008141 -0.002851 1.239869
v -0.008141 -0.009322 1.231436
v -0.008141 -0.009897 1.235801
v -0.011443 0.005721 1.228392
v -0.011443 -0.004243 1.222639
v -0.008141 0.005721 1.228392
v -0.008141 -0.004243 1.222639
v -0.010193 0.008183 1.220073
v -0.006891 0.008183 1.220073
v -0.010193 0.001730 1.216347
v -0.006891 0.001730 1.216347
v -0.004815 0.038767 1.167100
v -0.004815 0.037403 1.162011
v -0.004815 0.039139 1.164273
v -0.004815 0.032314 1.163374
v -0.004815 0.034576 1.161639
v -0.001513 0.037403 1.162011
v -0.001513 0.038767 1.167100
v -0.001513 0.039139 1.164273
v -0.001513 0.032314 1.163374
v -0.001513 0.034576 1.161639
v -0.003553 0.045026 1.166412
v -0.003553 0.041301 1.172865
v -0.001458 0.033678 1.168463
v -0.001458 0.031942 1.166201
v -0.011443 0.109597 1.207994
v -0.011443 0.107492 1.200135
v -0.011443 0.110172 1.203629
v -0.011443 0.101739 1.210100
v -0.011443 0.106104 1.210674
v -0.008141 0.107492 1.200135
v -0.008141 0.109597 1.207994
v -0.008141 0.110172 1.203629
v -0.008141 0.101739 1.210100
v -0.008141 0.106104 1.210674
v -0.011443 0.098696 1.195057
v -0.011443 0.092943 1.205021
v -0.008141 0.098696 1.195057
v -0.008141 0.092943 1.205021
v -0.010193 0.090376 1.192595
v -0.010193 0.086651 1.199047
v -0.001458 0.037403 1.162011
v -0.001458 0.034576 1.161639
v -0.001458 0.032314 1.163374
v -0.001458 0.045026 1.166412
v -0.001458 0.041301 1.172865
v -0.007214 0.086651 1.199047
v -0.007214 0.090376 1.192595
v 0.003553 0.045026 1.166412
v 0.003553 0.041301 1.172865
v 0.001458 0.033678 1.168463
v 0.001458 0.031942 1.166201
v 0.011443 0.109597 1.207994
v 0.011443 0.107492 1.200135
v 0.011443 0.110172 1.203629
v 0.011443 0.101739 1.210100
v 0.011443 0.106104 1.210674
v 0.008141 0.107492 1.200135
v 0.008141 0.109597 1.207994
v 0.008141 0.110172 1.203629
v 0.008141 0.101739 1.210100
v 0.008141 0.106104 1.210674
v 0.011443 0.098696 1.195057
v 0.011443 0.092943 1.205021
v 0.008141 0.098696 1.195057
v 0.008141 0.092943 1.205021
v 0.010193 0.090376 1.192595
v 0.010193 0.086651 1.199047
v 0.001458 0.037403 1.162011
v 0.001458 0.034576 1.161639
v 0.001458 0.032314 1.163374
v 0.001458 0.045026 1.166412
v 0.001458 0.041301 1.172865
v 0.007214 0.086651 1.199047
v 0.007214 0.090376 1.192595
v -0.000000 0.190956 -0.053748
v 0.006736 0.188200 -0.053315
v 0.009526 0.181546 -0.052269
v 0.006736 0.174893 -0.051222
v -0.000000 0.172136 -0.050789
v -0.006736 0.174893 -0.051222
v -0.009526 0.181546 -0.052269
v -0.006736 0.188200 -0.053315
v -0.000000 0.197255 -0.032345
v 0.006736 0.194794 -0.031031
v 0.009526 0.188853 -0.027857
v 0.006736 0.182912 -0.024683
v -0.000000 0.180451 -0.023369
v -0.006736 0.182912 -0.024683
v -0.009526 0.188853 -0.027857
v -0.006736 0.194794 -0.031031
v -0.000000 0.206289 -0.020931
v 0.006736 0.204295 -0.018979
v 0.009526 0.199482 -0.014267
v 0.006736 0.194668 -0.009556
v -0.000000 0.192675 -0.007604
v -0.006736 0.194668 -0.009556
v -0.009526 0.199482 -0.014267
v -0.006736 0.204295 -0.018979
v -0.000000 0.213375 -0.014979
v 0.006736 0.212474 -0.012339
v 0.009526 0.210299 -0.005964
v 0.006736 0.208124 0.000411
v -0.000000 0.207223 0.003051
v -0.006736 0.208124 0.000411
v -0.009526 0.210299 -0.005964
v -0.006736 0.212474 -0.012339
v -0.000000 0.235665 -0.015490
v 0.006736 0.235665 -0.012700
v 0.009526 0.235665 -0.005964
v 0.006736 0.235665 0.000772
v -0.000000 0.235665 0.003562
v -0.006736 0.235665 0.000772
v -0.009526 0.235665 -0.005964
v -0.006736 0.235665 -0.012700
v -0.009526 0.184904 -0.104573
v -0.009526 0.185882 -0.066850
v -0.009526 0.187958 -0.085846
v -0.006736 0.192469 -0.067392
v -0.006736 0.191524 -0.105076
v -0.006736 0.194599 -0.086368
v -0.000000 0.175548 -0.103834
v -0.000000 0.176576 -0.066135
v -0.000000 0.178570 -0.085114
v -0.006736 0.179302 -0.066346
v -0.006736 0.178289 -0.104050
v -0.006736 0.181320 -0.085328
v 0.009526 0.184904 -0.104573
v 0.009526 0.185882 -0.066850
v 0.009526 0.187958 -0.085846
v 0.006736 0.179302 -0.066346
v 0.006736 0.178289 -0.104050
v 0.006736 0.181320 -0.085328
v -0.000000 0.194269 -0.105273
v -0.000000 0.195203 -0.067638
v -0.000000 0.197353 -0.086588
v 0.006736 0.192469 -0.067392
v 0.006736 0.191524 -0.105076
v 0.006736 0.194599 -0.086368
v -0.000000 0.192308 -0.042537
v 0.006736 0.189699 -0.041663
v -0.006736 0.189699 -0.041663
v -0.006736 0.177104 -0.037443
v -0.009526 0.183402 -0.039553
v 0.006736 0.177104 -0.037443
v -0.000000 0.174496 -0.036569
v 0.009526 0.183402 -0.039553
v -0.188262 0.241379 1.376326
v -0.269296 0.241379 1.367244
v -0.188262 0.241379 1.223159
v -0.281984 0.241379 1.223159
v -0.188262 0.236645 1.376326
v -0.269296 0.236645 1.367244
v -0.188262 0.236645 1.223159
v -0.281984 0.236645 1.223159
v 0.281984 0.236645 1.223159
v 0.188262 0.236645 1.223159
v 0.269296 0.236645 1.367244
v 0.188262 0.236645 1.376326
v 0.281984 0.241379 1.223159
v 0.188262 0.241379 1.223159
v 0.269296 0.241379 1.367244
v 0.188262 0.241379 1.376326
v -1.926133 0.360813 0.131267
v -1.924011 0.378334 0.144114
v -1.926863 0.358866 0.045100
v -1.924521 0.378334 0.064741
v -1.936963 0.360813 0.131267
v -1.939085 0.378334 0.144114
v -1.936232 0.358866 0.045100
v -1.938575 0.378334 0.064741
v -2.508254 0.404863 0.131267
v -2.506133 0.422383 0.144114
v -2.508985 0.402916 0.045100
v -2.506643 0.422383 0.064741
v -2.519084 0.404863 0.131267
v -2.521206 0.422383 0.144114
v -2.518354 0.402916 0.045100
v -2.520696 0.422383 0.064741
v -1.925451 0.359200 0.098899
v -1.924381 0.367392 0.140568
v -1.922318 0.378334 0.110381
v -1.924814 0.367140 0.053448
v -1.931548 0.355946 0.042154
v -1.938282 0.367140 0.053448
v -1.937645 0.359200 0.098899
v -1.940778 0.378334 0.110381
v -1.938715 0.367392 0.140568
v -1.931548 0.359533 0.137103
v -1.931548 0.378334 0.156020
v -2.507572 0.403249 0.098899
v -2.506503 0.411442 0.140568
v -2.504440 0.422383 0.110381
v -2.506935 0.411190 0.053448
v -2.513669 0.399996 0.042154
v -2.520404 0.411190 0.053448
v -2.519767 0.403249 0.098899
v -2.522899 0.422383 0.110381
v -2.520836 0.411442 0.140568
v -2.513669 0.403583 0.137103
v -2.513669 0.422383 0.156020
v -1.922717 0.367203 0.104186
v -1.940379 0.367203 0.104186
v -1.931548 0.367266 0.153274
v -1.931548 0.356397 0.097991
v -2.504838 0.411253 0.104186
v -2.522501 0.411253 0.104186
v -2.513669 0.411316 0.153274
v -2.513669 0.400447 0.097991
v 2.513669 0.400447 0.097991
v 2.513669 0.411316 0.153274
v 2.522501 0.411253 0.104186
v 2.504838 0.411253 0.104186
v 1.931548 0.356397 0.097991
v 1.931548 0.367266 0.153274
v 1.940379 0.367203 0.104186
v 1.922717 0.367203 0.104186
v 2.513669 0.422383 0.156020
v 2.513669 0.403583 0.137103
v 2.520836 0.411442 0.140568
v 2.522899 0.422383 0.110381
v 2.519767 0.403249 0.098899
v 2.520404 0.411190 0.053448
v 2.513669 0.399996 0.042154
v 2.506935 0.411190 0.053448
v 2.504440 0.422383 0.110381
v 2.506503 0.411442 0.140568
v 2.507572 0.403249 0.098899
v 1.931548 0.378334 0.156020
v 1.931548 0.359533 0.137103
v 1.938715 0.367392 0.140568
v 1.940778 0.378334 0.110381
v 1.937645 0.359200 0.098899
v 1.938282 0.367140 0.053448
v 1.931548 0.355946 0.042154
v 1.924814 0.367140 0.053448
v 1.922318 0.378334 0.110381
v 1.924381 0.367392 0.140568
v 1.925451 0.359200 0.098899
v 2.520696 0.422383 0.064741
v 2.518354 0.402916 0.045100
v 2.521206 0.422383 0.144114
v 2.519084 0.404863 0.131267
v 2.506643 0.422383 0.064741
v 2.508985 0.402916 0.045100
v 2.506133 0.422383 0.144114
v 2.508254 0.404863 0.131267
v 1.938575 0.378334 0.064741
v 1.936232 0.358866 0.045100
v 1.939085 0.378334 0.144114
v 1.936963 0.360813 0.131267
v 1.924521 0.378334 0.064741
v 1.926863 0.358866 0.045100
v 1.924011 0.378334 0.144114
v 1.926133 0.360813 0.131267
v -3.099999 0.468967 0.240972
v -3.100000 0.464613 -0.047161
v -3.099999 0.498255 0.259616
v -3.100000 0.496276 0.115549
v 0.000000 1.014546 -1.531139
v 0.000000 0.979461 -1.531139
v -0.072765 0.919805 -1.548667
v -0.101398 0.906758 -1.573638
v -0.075714 0.945922 -1.549242
v 0.000000 1.008197 -1.567961
v -0.101815 0.908307 -1.262421
v -0.075659 0.946000 -1.282706
v 0.000000 0.979856 -1.291501
v -0.072710 0.920285 -1.282642
v 0.000000 1.014151 -1.291501
v -0.448520 0.544781 -1.237060
v -0.459282 0.559544 -1.271384
v -0.442608 0.530231 -1.271051
v -0.582817 0.440426 -1.236584
v -0.579022 0.397382 -1.236581
v -0.609158 0.412997 -1.243311
v -0.460504 0.559784 -1.614330
v -0.443830 0.533129 -1.611157
v -0.450854 0.546405 -1.646963
v -0.592896 0.436293 -1.683090
v -0.580257 0.424496 -1.683090
v -0.592896 0.412698 -1.683090
v -0.605536 0.424496 -1.683090
v -0.587930 0.443475 -1.648610
v -0.571351 0.431182 -1.675621
v -0.584135 0.413469 -1.648097
v -0.608092 0.423330 -1.639003
v 0.000000 0.978191 -1.410516
v 0.000000 1.015816 -1.410516
v -0.100088 0.924067 -1.417286
v -0.095174 0.892548 -1.416753
v -0.463077 0.563572 -1.443011
v -0.442245 0.527506 -1.440967
v -0.616110 0.417945 -1.443256
v -0.593113 0.450613 -1.444401
v -0.583494 0.399709 -1.444209
v -0.763802 0.295841 0.366393
v -0.759934 0.358462 0.370468
v 0.000000 0.215917 1.708216
v -0.214798 0.238839 1.260340
v -0.231735 0.245792 1.106336
v -0.241592 0.252800 0.951509
v -0.262512 0.260448 0.798571
v -0.318871 0.268514 0.657793
v -0.419108 0.275362 0.546895
v -0.539915 0.278299 0.429142
v -0.187299 0.231420 1.412530
v -0.150563 0.224529 1.545688
v -0.124223 0.221505 1.614033
v 0.000000 0.508594 0.549655
v -0.374772 0.343397 0.499134
v -0.493880 0.349821 0.393947
v -0.286455 0.338601 0.613672
v -0.233062 0.327613 0.759508
v -0.700793 0.280980 -0.023372
v 0.000000 0.423042 1.205429
v -0.000000 0.477275 0.882632
v 0.000000 0.516819 0.388023
v -0.000000 0.496051 0.718532
v 0.000000 0.452984 1.044692
v 0.000000 0.384591 1.364173
v 0.000000 0.333055 1.523404
v 0.000000 0.525834 -0.237119
v 0.000000 0.180884 1.656520
v 0.000000 0.259226 -0.173440
v -0.627281 0.287274 0.388366
v -0.620357 0.349793 0.389656
v 0.000000 0.164404 1.512029
v 0.000000 0.160863 1.344155
v 0.000000 0.159865 1.175243
v 0.000000 0.159575 1.006193
v -0.000000 0.160052 0.837115
v 0.000000 0.160795 0.668241
v 0.000000 0.164429 0.500178
v 0.000000 0.174711 0.333742
v 0.000000 0.189537 0.203185
v 0.000000 0.308371 -0.237119
v -0.076885 0.340218 -0.237119
v -0.108731 0.417102 -0.237119
v -0.076885 0.493987 -0.237119
v -0.000000 0.294723 -0.183637
v -0.180890 0.262341 -0.132539
v -0.362735 0.266992 -0.074396
v -0.523998 0.271232 -0.034210
v -0.127099 0.196437 1.538295
v -0.155889 0.199100 1.400043
v -0.178149 0.203525 1.244610
v -0.191862 0.208233 1.087865
v -0.199345 0.213160 0.930723
v -0.214687 0.218056 0.775245
v -0.398119 0.244540 0.332599
v -0.332505 0.232497 0.502960
v -0.257133 0.223908 0.628774
v -0.113893 0.200626 1.605899
v -0.173083 0.195295 0.580606
v -0.222773 0.205255 0.439547
v -0.255882 0.222676 0.256708
v -0.145056 0.190136 0.735174
v -0.134883 0.186809 0.895603
v -0.129835 0.183535 1.057210
v -0.120633 0.180692 1.218623
v -0.089075 0.179763 1.530725
v -0.105799 0.178322 1.379217
v -0.095564 0.219484 1.662338
v -0.090689 0.195649 1.635183
v -0.089401 0.256882 1.629726
v -0.115300 0.250390 1.601245
v -0.160119 0.277899 1.394898
v -0.129723 0.262088 1.534006
v -0.209808 0.314664 0.917915
v -0.183709 0.292286 1.237440
v -0.198583 0.303511 1.078200
v -0.105666 0.317993 -0.124260
v -0.104412 0.511179 -0.101297
v -0.053195 0.217041 1.696137
v -0.050094 0.185959 1.653042
v -0.086938 0.174437 0.532315
v -0.111631 0.184937 0.376032
v -0.114068 0.204644 0.193503
v -0.072974 0.170105 0.694992
v -0.067878 0.168325 0.860480
v -0.065323 0.166724 1.026568
v -0.060690 0.165765 1.192570
v -0.045750 0.168446 1.520514
v -0.053245 0.165429 1.358171
v -0.166619 0.401387 0.723471
v -0.090417 0.467586 0.718887
v -0.154448 0.387688 0.886884
v -0.085723 0.450056 0.884179
v -0.145218 0.370864 1.050687
v -0.080499 0.428376 1.046583
v -0.134563 0.353020 1.213913
v -0.074880 0.403481 1.207697
v -0.116964 0.328559 1.375535
v -0.064663 0.369425 1.367137
v -0.095110 0.296595 1.526558
v -0.052270 0.323226 1.523912
v -0.185252 0.395675 0.407191
v -0.176741 0.401772 0.562022
v -0.085515 0.474896 0.545002
v -0.078359 0.477133 0.378376
v 0.000000 0.524749 0.259340
v -0.188407 0.384522 0.256829
v -0.080218 0.482688 0.248835
v -0.049318 0.261713 1.656483
v 0.000000 0.263753 1.667818
v 0.000000 0.569937 0.026886
v -0.071245 0.558616 0.030554
v -0.000000 0.561276 -0.152758
v -0.062959 0.545436 -0.138794
v -0.075529 0.560105 0.101960
v -0.091653 0.523429 0.128853
v 0.000000 0.529739 0.135577
v 0.000000 0.570681 0.095236
v 0.000000 0.545517 0.038897
v -0.053813 0.540158 0.046794
v 0.000000 0.558062 0.035085
v -0.043899 0.553773 0.042909
v -0.139561 0.475299 -0.107268
v -0.141694 0.360040 -0.099759
v -0.158076 0.417032 -0.098364
v -0.669616 0.353542 0.129243
v -0.594421 0.362082 0.223050
v -0.519758 0.344682 0.123933
v -0.589245 0.273476 -0.023755
v -1.413924 0.400204 0.346171
v -1.413924 0.343788 0.329513
v -1.373404 0.393935 0.134731
v -1.364008 0.331597 -0.029827
v -0.124099 0.342406 0.057648
v -0.124099 0.486026 0.057648
v -0.168165 0.472763 0.033853
v -0.168165 0.359771 0.033853
v -0.176711 0.416842 0.029238
v -0.122214 0.415861 -0.054143
v -0.150114 0.416498 -0.058454
v -0.124894 0.371281 -0.043789
v -0.124913 0.459416 -0.043791
v -0.144202 0.452341 -0.047763
v -0.144153 0.379634 -0.047753
v -0.090473 0.336423 -0.215980
v 0.000000 0.302609 -0.230688
v -0.122633 0.417096 -0.217814
v -0.086727 0.502425 -0.219779
v -0.000000 0.537223 -0.232801
v 0.000000 0.417102 -0.210051
v -0.053987 0.363116 -0.210051
v 0.000000 0.350504 -0.210051
v -0.066599 0.417102 -0.210051
v -0.053987 0.471089 -0.210051
v 0.000000 0.483701 -0.210051
v -0.072321 0.344782 -0.215465
v 0.000000 0.314825 -0.215465
v -0.102277 0.417102 -0.215465
v -0.072321 0.489423 -0.215465
v 0.000000 0.519379 -0.215465
v -0.004479 0.992525 -1.262718
v 0.000000 0.990670 -1.262718
v -0.006334 0.997004 -1.262718
v -0.004479 1.001482 -1.262718
v 0.000000 1.003337 -1.262718
v -0.006238 0.990766 -1.262718
v 0.000000 0.988182 -1.262718
v -0.008821 0.997004 -1.262718
v -0.006238 1.003241 -1.262718
v 0.000000 1.005825 -1.262718
v 0.214798 0.238839 1.260340
v 0.231735 0.245792 1.106336
v 0.241592 0.252800 0.951509
v 0.262512 0.260448 0.798571
v 0.318871 0.268514 0.657793
v 0.419108 0.275362 0.546895
v 0.539915 0.278298 0.429142
v 0.187299 0.231420 1.412531
v 0.150563 0.224529 1.545688
v 0.124223 0.221506 1.614034
v 0.374772 0.343397 0.499134
v 0.493880 0.349821 0.393947
v 0.286455 0.338601 0.613672
v 0.233062 0.327613 0.759508
v 0.076885 0.340218 -0.237119
v 0.108731 0.417102 -0.237119
v 0.076885 0.493987 -0.237119
v 0.180890 0.262341 -0.132539
v 0.362735 0.266992 -0.074396
v 0.523998 0.271232 -0.034210
v 0.127099 0.196437 1.538295
v 0.155889 0.199100 1.400043
v 0.178149 0.203525 1.244610
v 0.191862 0.208233 1.087865
v 0.199345 0.213160 0.930723
v 0.214687 0.218056 0.775245
v 0.398119 0.244540 0.332599
v 0.332505 0.232497 0.502960
v 0.257133 0.223908 0.628774
v 0.113893 0.200626 1.605899
v 0.173083 0.195295 0.580606
v 0.222773 0.205255 0.439547
v 0.255882 0.222676 0.256708
v 0.145056 0.190136 0.735174
v 0.134883 0.186809 0.895603
v 0.129835 0.183535 1.057210
v 0.120633 0.180692 1.218623
v 0.089075 0.179763 1.530725
v 0.105799 0.178322 1.379217
v 0.095564 0.219484 1.662338
v 0.090689 0.195649 1.635183
v 0.089401 0.256882 1.629726
v 0.115300 0.250390 1.601245
v 0.160119 0.277898 1.394898
v 0.129723 0.262088 1.534006
v 0.209808 0.314664 0.917915
v 0.183709 0.292286 1.237440
v 0.198583 0.303511 1.078200
v 0.105666 0.317993 -0.124260
v 0.104412 0.511179 -0.101297
v 0.053195 0.217041 1.696137
v 0.050094 0.185959 1.653042
v 0.086938 0.174436 0.532315
v 0.111631 0.184937 0.376032
v 0.114068 0.204644 0.193503
v 0.072974 0.170105 0.694992
v 0.067878 0.168325 0.860480
v 0.065323 0.166724 1.026568
v 0.060690 0.165765 1.192571
v 0.045750 0.168446 1.520514
v 0.053245 0.165429 1.358171
v 0.166619 0.401387 0.723471
v 0.090417 0.467586 0.718887
v 0.154448 0.387688 0.886884
v 0.085723 0.450056 0.884179
v 0.145218 0.370864 1.050687
v 0.080499 0.428376 1.046583
v 0.134563 0.353020 1.213913
v 0.074880 0.403481 1.207697
v 0.116964 0.328559 1.375535
v 0.064663 0.369425 1.367137
v 0.095110 0.296595 1.526558
v 0.052270 0.323226 1.523912
v 0.185252 0.395675 0.407191
v 0.176741 0.401772 0.562022
v 0.085515 0.474896 0.545002
v 0.078359 0.477133 0.378376
v 0.188407 0.384522 0.256829
v 0.080218 0.482688 0.248836
v 0.049318 0.261713 1.656482
v 0.071245 0.558616 0.030554
v 0.062959 0.545436 -0.138794
v 0.075529 0.560105 0.101960
v 0.091653 0.523429 0.128853
v 0.053813 0.540158 0.046794
v 0.043899 0.553773 0.042909
v 0.139561 0.475299 -0.107268
v 0.141694 0.360040 -0.099759
v 0.158076 0.417032 -0.098364
v 0.519758 0.344682 0.123933
v 0.589245 0.273476 -0.023755
v 0.124099 0.342406 0.057648
v 0.124099 0.486026 0.057648
v 0.168165 0.472763 0.033853
v 0.168165 0.359771 0.033853
v 0.176711 0.416842 0.029238
v 0.090473 0.336423 -0.215980
v 0.122633 0.417096 -0.217814
v 0.086727 0.502425 -0.219779
v 0.053987 0.363116 -0.210051
v 0.066599 0.417102 -0.210051
v 0.053987 0.471089 -0.210051
v 0.072321 0.344782 -0.215465
v 0.102277 0.417102 -0.215465
v 0.072321 0.489423 -0.215465
v -0.004479 0.992525 -1.296137
v 0.000000 0.990670 -1.296137
v -0.006334 0.997004 -1.296137
v -0.004479 1.001482 -1.296137
v 0.000000 1.003337 -1.296137
v -0.007915 0.989089 -1.567961
v 0.000000 0.985810 -1.567961
v -0.011193 0.997003 -1.567961
v -0.007915 1.004918 -1.567961
v 0.000000 0.305518 -0.242533
v -0.078902 0.338201 -0.242533
v -0.111584 0.417102 -0.242533
v -0.078902 0.496004 -0.242533
v 0.000000 0.528687 -0.242533
v 0.078902 0.338201 -0.242533
v 0.111584 0.417102 -0.242533
v 0.078902 0.496004 -0.242533
v -0.115013 0.413795 0.062555
v 0.115013 0.413795 0.062555
v -3.100000 0.483611 0.274446
v -3.100000 0.482819 0.034194
v -0.003372 0.988863 -1.262718
v -0.008140 0.993632 -1.262718
v -0.008140 1.000375 -1.262718
v -0.003372 1.005144 -1.262718
v -0.012897 0.974085 -1.532910
v -0.096922 0.903113 -1.570694
v -0.099148 0.916623 -1.571167
v -0.013229 1.006706 -1.532973
v -0.263745 0.719845 -1.280802
v -0.016155 1.000128 -1.267157
v -0.015874 0.980723 -1.267153
v -0.004279 0.986674 -1.567961
v -0.010329 0.992725 -1.567961
v -0.010329 1.001282 -1.567961
v -0.004279 1.007333 -1.567961
v -0.024192 0.985916 -1.265015
v 0.000000 0.983395 -1.268650
v 0.000000 1.010612 -1.268650
v -0.097143 0.904356 -1.264566
v -0.013101 1.006379 -1.290627
v -0.012770 0.974471 -1.290618
v -0.099369 0.917581 -1.264576
v -0.444634 0.536492 -1.241309
v -0.454089 0.553097 -1.241351
v -0.273403 0.729823 -1.251801
v -0.275425 0.745149 -1.281052
v -0.601336 0.399319 -1.242585
v -0.275468 0.744944 -1.579794
v -0.263788 0.719935 -1.577527
v -0.446596 0.539092 -1.641670
v -0.456051 0.553870 -1.643664
v -0.273186 0.728960 -1.608482
v -0.584207 0.432606 -1.683090
v -0.584207 0.416385 -1.683090
v -0.601586 0.416385 -1.683090
v -0.601586 0.432606 -1.683090
v -0.576169 0.439247 -1.673063
v -0.573854 0.422523 -1.672596
v -0.602258 0.413829 -1.640023
v -0.603358 0.433775 -1.640030
v -0.554803 0.469969 -1.633065
v -0.551122 0.468843 -1.258828
v -0.542929 0.455675 -1.667802
v -0.542353 0.439700 -1.630853
v -0.538672 0.430584 -1.258633
v -0.535429 0.449653 -1.222721
v 0.000000 0.978350 -1.478683
v 0.000000 1.015657 -1.478683
v -0.097465 0.926417 -1.342911
v -0.092783 0.895519 -1.342635
v -0.462152 0.562780 -1.344323
v -0.442060 0.527476 -1.343275
v -0.612929 0.420968 -1.555371
v -0.589920 0.447914 -1.332210
v 0.000000 0.978399 -1.342549
v 0.000000 1.015607 -1.342549
v -0.097468 0.926411 -1.491373
v -0.092786 0.895467 -1.490634
v -0.462715 0.562811 -1.541665
v -0.442623 0.529334 -1.538665
v -0.613847 0.415150 -1.330553
v -0.591756 0.449010 -1.556228
v -0.581895 0.397552 -1.332177
v -0.559165 0.475891 -1.446229
v -0.610405 0.434771 -1.443304
v -0.279009 0.745197 -1.430657
v -0.018039 1.003584 -1.411362
v -0.017425 0.968249 -1.411296
v -0.264734 0.714637 -1.429137
v -0.769610 0.328610 0.407169
v -0.591712 0.285285 0.402029
v -0.224500 0.242349 1.183491
v -0.236732 0.249247 1.028942
v -0.249051 0.256527 0.874408
v -0.285190 0.264524 0.725420
v -0.364096 0.272217 0.598128
v -0.481689 0.277137 0.502581
v -0.202660 0.235198 1.336791
v -0.168674 0.227642 1.485352
v -0.136372 0.222632 1.585976
v 0.000000 0.404945 1.285070
v 0.000000 0.237129 1.701399
v 0.000000 0.503073 0.634530
v -0.087194 0.526756 -0.124407
v -0.419489 0.309840 0.534094
v -0.540510 0.315872 0.458424
v -0.316146 0.302742 0.642312
v -0.256260 0.291798 0.784035
v -0.327154 0.341530 0.552202
v -0.427521 0.345454 0.451736
v -0.255207 0.333764 0.683687
v -0.579316 0.348225 0.393450
v 0.000000 0.465766 0.963801
v 0.000000 0.512907 0.465672
v 0.000000 0.487417 0.801078
v 0.000000 0.438899 1.125269
v 0.000000 0.361519 1.443072
v 0.000000 0.298059 1.603586
v 0.000000 0.196716 1.694406
v -0.215492 0.208456 0.604752
v -0.277894 0.217825 0.471320
v 0.000000 0.170326 1.592073
v -0.606555 0.402539 -1.443471
v -0.583731 0.406306 -1.555730
v -0.541655 0.428095 -1.444943
v -0.699080 0.318977 0.040450
v -0.619339 0.362528 0.201648
v -0.568666 0.359660 0.202554
v -0.670003 0.289553 0.377279
v -0.664429 0.352229 0.380307
v -0.628193 0.320012 0.427102
v 0.000000 0.161777 1.428426
v -0.000000 0.160301 1.259723
v 0.000000 0.159607 1.090729
v -0.000000 0.159775 0.921649
v -0.000000 0.160304 0.752623
v 0.000000 0.161945 0.584057
v -0.000000 0.168781 0.416713
v 0.000000 0.181905 0.255590
v -0.327096 0.232774 0.294897
v -0.180336 0.202947 0.755251
v -0.167607 0.198846 0.913175
v -0.161338 0.194743 1.072546
v -0.149876 0.190966 1.231644
v -0.295454 0.242813 0.650276
v -0.384039 0.250425 0.532147
v -0.469108 0.258482 0.373475
v -0.505432 0.307208 0.030766
v -0.045205 0.311140 -0.227823
v -0.114634 0.375669 -0.217745
v -0.114185 0.458989 -0.218671
v 0.000000 0.301110 -0.207039
v -0.116149 0.369836 0.061942
v -0.042105 0.529066 -0.230933
v -0.096129 0.539656 0.115407
v -0.271497 0.264662 -0.102368
v -0.566109 0.272563 -0.026278
v -0.617073 0.274995 -0.022975
v -0.562482 0.315342 0.045217
v -0.095507 0.534654 0.035380
v -0.117965 0.197816 1.581774
v -0.140960 0.197172 1.474986
v -0.108740 0.187100 1.534255
v -0.131343 0.187576 1.389694
v -0.245654 0.236419 0.793068
v -0.227598 0.230559 0.946454
v -0.218906 0.224754 1.101641
v -0.203102 0.219066 1.256240
v -0.177364 0.213470 1.409237
v -0.143137 0.208871 1.543541
v -0.027356 0.216218 1.705142
v -0.055119 0.524728 0.134736
v -0.000000 0.279611 -0.173973
v -0.168310 0.201279 1.322580
v -0.186029 0.205841 1.166340
v -0.195760 0.210692 1.009274
v -0.204758 0.215592 0.852490
v -0.231674 0.220706 0.700005
v -0.374099 0.237528 0.439181
v -0.291510 0.227939 0.563258
v -0.090431 0.260202 -0.160638
v -0.088055 0.324953 -0.177847
v -0.025608 0.182260 1.655897
v -0.119933 0.208142 1.611765
v -0.130174 0.183940 0.556450
v -0.167310 0.194296 0.407776
v -0.184626 0.213638 0.220101
v -0.109200 0.179165 0.715079
v -0.101566 0.176611 0.878033
v -0.097755 0.174171 1.041879
v -0.090828 0.172270 1.205591
v -0.067942 0.173424 1.526146
v -0.079684 0.170919 1.368697
v -0.111206 0.220544 1.639302
v -0.104464 0.198354 1.619316
v -0.094292 0.206231 1.657433
v -0.195731 0.199783 0.508348
v -0.248993 0.211820 0.366946
v -0.156286 0.192229 0.656588
v -0.138483 0.188421 0.815060
v -0.132470 0.185157 0.976380
v -0.125912 0.182045 1.137980
v -0.114065 0.179459 1.299072
v -0.096183 0.177701 1.458014
v -0.087879 0.186275 1.591684
v -0.092737 0.236886 1.654014
v -0.104745 0.254183 1.613531
v -0.121009 0.238061 1.608950
v -0.179106 0.253317 1.406272
v -0.144339 0.242925 1.541121
v -0.232784 0.281238 0.939116
v -0.205480 0.263687 1.252136
v -0.221933 0.272444 1.096145
v -0.120119 0.256021 1.577270
v -0.144303 0.269634 1.470481
v -0.173300 0.285553 1.316506
v -0.203870 0.308892 0.998097
v -0.192040 0.298136 1.157991
v -0.218701 0.321039 0.838073
v -0.110023 0.509046 -0.041516
v -0.139202 0.321326 -0.041828
v -0.143408 0.487697 0.047222
v -0.054860 0.301374 -0.169962
v -0.076161 0.218231 1.681613
v -0.072270 0.191073 1.646535
v -0.043514 0.167303 0.510216
v -0.055841 0.177694 0.346954
v -0.047336 0.195452 0.187219
v -0.036537 0.163441 0.676598
v -0.033987 0.162373 0.844413
v -0.032704 0.161545 1.012556
v -0.030382 0.161445 1.180654
v -0.023002 0.165409 1.514764
v -0.026654 0.162028 1.348533
v -0.051381 0.236907 1.687996
v -0.122924 0.192392 0.296194
v -0.052634 0.200067 1.685780
v -0.098192 0.179001 0.453331
v -0.078577 0.171648 0.613042
v -0.069687 0.169122 0.777573
v -0.066657 0.167495 0.943509
v -0.063344 0.166148 1.109601
v -0.057391 0.165540 1.275443
v -0.048536 0.165774 1.440395
v -0.046922 0.175220 1.594896
v -0.109727 0.496366 0.089979
v -0.135698 0.290402 -0.121429
v -0.129967 0.437090 0.718776
v -0.201743 0.364498 0.737609
v -0.046503 0.488398 0.718820
v -0.122301 0.421655 0.883632
v -0.088806 0.459797 0.802373
v -0.160451 0.395717 0.805067
v -0.183267 0.351057 0.898877
v -0.044248 0.469828 0.883467
v -0.114889 0.402240 1.046962
v -0.172659 0.337104 1.061640
v -0.082927 0.439465 0.965517
v -0.149568 0.379248 0.968797
v -0.041545 0.446315 1.045522
v -0.106661 0.380909 1.209408
v -0.078036 0.416720 1.127323
v -0.140468 0.362430 1.132433
v -0.092427 0.351315 1.370268
v -0.038693 0.417981 1.206206
v -0.159776 0.322737 1.223650
v -0.126860 0.341728 1.294999
v -0.074986 0.311432 1.524897
v -0.070442 0.387679 1.287660
v -0.033339 0.380746 1.365017
v -0.139143 0.303510 1.383978
v -0.057976 0.348617 1.445998
v -0.105273 0.313630 1.454390
v -0.113106 0.280082 1.529201
v -0.026882 0.330570 1.523489
v -0.049360 0.292371 1.598137
v -0.089756 0.277310 1.586412
v -0.269771 0.298428 -0.015663
v -0.171943 0.403053 0.642292
v -0.187559 0.391559 0.333467
v -0.181401 0.399071 0.483317
v -0.089003 0.472476 0.632756
v -0.043068 0.499581 0.547302
v -0.081495 0.475831 0.458102
v -0.128053 0.439213 0.549005
v -0.234510 0.369886 0.584788
v -0.039358 0.506229 0.383573
v -0.120571 0.435565 0.383729
v -0.283087 0.368359 0.450912
v 0.000000 0.520959 0.320840
v -0.077484 0.480067 0.310511
v -0.115144 0.431418 0.241178
v -0.043003 0.514673 0.256607
v -0.329801 0.362413 0.313848
v -0.070820 0.259414 1.644537
v -0.025326 0.263225 1.664721
v 0.000000 0.527553 0.197790
v -0.086799 0.486672 0.187446
v -3.100000 0.501520 0.195633
v -0.735894 0.284430 0.193445
v -3.100000 0.464910 0.113007
v -0.610842 0.276297 0.206256
v -0.536990 0.270986 0.209141
v -0.390123 0.254795 0.151547
v -0.228677 0.240443 0.081613
v -0.070070 0.225151 0.047481
v -0.183276 0.371506 0.171126
v 0.000000 0.570588 0.074437
v -0.038462 0.568243 0.027957
v -0.000000 0.567738 -0.061329
v -0.041010 0.569359 0.096077
v -0.065116 0.554736 -0.053392
v -0.033088 0.557401 -0.148562
v -0.074550 0.559919 0.078257
v 0.000000 0.549184 -0.208198
v -0.070963 0.528388 -0.190478
v -0.051228 0.546499 0.039724
v -0.033717 0.542672 0.040282
v -0.025148 0.556965 0.036412
v 0.000000 0.551940 0.025301
v -0.157412 0.473003 -0.037123
v -0.157923 0.360376 -0.032849
v -0.143408 0.342525 0.047222
v -0.116930 0.485848 -0.169228
v -0.121424 0.352695 -0.162839
v -0.153044 0.447637 -0.101429
v -0.169684 0.416948 -0.033010
v -0.119325 0.496534 -0.111519
v -0.124259 0.340537 -0.103556
v -0.153478 0.386539 -0.098459
v -0.174468 0.445253 0.030449
v -0.174468 0.388105 0.030449
v -0.139785 0.417078 -0.165805
v -0.606891 0.361646 0.306096
v -0.731573 0.367624 0.269272
v -0.347771 0.334865 0.103374
v -0.490597 0.355956 0.262744
v -0.452005 0.269287 -0.050783
v -0.616246 0.352684 0.109517
v -0.971931 0.373757 0.366720
v -0.917884 0.367113 0.138441
v -0.910457 0.296870 -0.025319
v -0.972667 0.311068 0.353028
v -1.392930 0.405277 0.246146
v -1.365183 0.367204 0.045259
v -1.419502 0.372367 0.370811
v -1.391755 0.334294 0.169924
v -0.134702 0.416276 -0.071624
v -0.122414 0.388002 -0.052357
v -0.122422 0.443236 -0.052357
v -0.133518 0.458035 -0.052513
v -0.133482 0.373223 -0.052507
v -0.147992 0.437584 -0.056549
v -0.147958 0.395044 -0.056543
v -0.041562 0.316763 -0.237119
v -0.100339 0.375541 -0.237119
v -0.100339 0.458664 -0.237119
v -0.041562 0.517441 -0.237119
v -0.000000 0.307159 -0.241856
v -0.081080 0.337049 -0.239679
v -0.114249 0.417102 -0.239443
v -0.080703 0.497652 -0.240073
v -0.000000 0.531037 -0.241316
v -0.039095 0.322720 -0.215465
v -0.094383 0.378008 -0.215465
v -0.094383 0.456197 -0.215465
v -0.039095 0.511485 -0.215465
v 0.000000 0.309606 -0.226292
v -0.107497 0.417102 -0.226292
v -0.076012 0.493114 -0.226292
v -0.076012 0.341091 -0.226292
v 0.000000 0.524599 -0.226292
v 0.000000 0.381456 -0.210051
v -0.035647 0.417102 -0.210051
v 0.000000 0.452749 -0.210051
v -0.031576 0.354919 -0.210051
v -0.062183 0.385526 -0.210051
v -0.062183 0.448678 -0.210051
v -0.031576 0.479285 -0.210051
v 0.000000 0.328111 -0.210728
v -0.063644 0.353458 -0.210728
v -0.088991 0.417102 -0.210728
v -0.063644 0.480747 -0.210728
v 0.000000 0.506094 -0.210728
v -0.002421 0.991159 -1.262718
v -0.005845 0.994583 -1.262718
v -0.005845 0.999425 -1.262718
v -0.002421 1.002849 -1.262718
v -0.002421 0.991159 -1.296137
v -0.005845 0.994583 -1.296137
v -0.005845 0.999425 -1.296137
v -0.002421 1.002849 -1.296137
v 0.591712 0.285285 0.402029
v 0.224500 0.242349 1.183491
v 0.236732 0.249247 1.028942
v 0.249051 0.256527 0.874408
v 0.285190 0.264524 0.725420
v 0.364096 0.272217 0.598128
v 0.481689 0.277137 0.502581
v 0.202660 0.235198 1.336791
v 0.168674 0.227642 1.485352
v 0.136372 0.222632 1.585976
v 0.087194 0.526756 -0.124407
v 0.419489 0.309840 0.534094
v 0.540510 0.315872 0.458424
v 0.316146 0.302742 0.642312
v 0.256260 0.291798 0.784035
v 0.327154 0.341530 0.552202
v 0.427521 0.345454 0.451736
v 0.255207 0.333764 0.683687
v 0.579316 0.348225 0.393450
v 0.215492 0.208456 0.604752
v 0.277894 0.217825 0.471320
v 0.568666 0.359660 0.202554
v 0.327096 0.232774 0.294897
v 0.180336 0.202947 0.755251
v 0.167607 0.198846 0.913175
v 0.161338 0.194743 1.072546
v 0.149876 0.190966 1.231644
v 0.295454 0.242813 0.650276
v 0.384039 0.250425 0.532147
v 0.469108 0.258482 0.373475
v 0.505432 0.307208 0.030766
v 0.045205 0.311140 -0.227823
v 0.114634 0.375669 -0.217745
v 0.114185 0.458989 -0.218671
v 0.116149 0.369836 0.061942
v 0.042105 0.529066 -0.230933
v 0.096129 0.539656 0.115407
v 0.271497 0.264662 -0.102368
v 0.566109 0.272563 -0.026278
v 0.562482 0.315342 0.045217
v 0.095507 0.534654 0.035380
v 0.117965 0.197816 1.581774
v 0.140960 0.197172 1.474986
v 0.108740 0.187100 1.534255
v 0.131343 0.187576 1.389694
v 0.245654 0.236419 0.793068
v 0.227598 0.230559 0.946454
v 0.218906 0.224754 1.101641
v 0.203102 0.219066 1.256240
v 0.177364 0.213470 1.409237
v 0.143137 0.208871 1.543542
v 0.027356 0.216218 1.705142
v 0.055119 0.524728 0.134736
v 0.168310 0.201279 1.322580
v 0.186029 0.205841 1.166340
v 0.195760 0.210692 1.009274
v 0.204758 0.215592 0.852490
v 0.231674 0.220706 0.700005
v 0.374099 0.237527 0.439181
v 0.291510 0.227939 0.563258
v 0.090431 0.260202 -0.160638
v 0.088055 0.324953 -0.177847
v 0.025608 0.182260 1.655897
v 0.119933 0.208142 1.611765
v 0.130174 0.183940 0.556450
v 0.167310 0.194296 0.407776
v 0.184626 0.213638 0.220101
v 0.109200 0.179165 0.715079
v 0.101566 0.176611 0.878033
v 0.097755 0.174171 1.041879
v 0.090828 0.172270 1.205591
v 0.067942 0.173424 1.526146
v 0.079684 0.170919 1.368697
v 0.111206 0.220544 1.639302
v 0.104464 0.198354 1.619316
v 0.094292 0.206231 1.657433
v 0.195731 0.199783 0.508348
v 0.248993 0.211820 0.366946
v 0.156286 0.192229 0.656588
v 0.138483 0.188421 0.815060
v 0.132470 0.185157 0.976380
v 0.125912 0.182045 1.137980
v 0.114065 0.179459 1.299072
v 0.096183 0.177701 1.458014
v 0.087879 0.186275 1.591684
v 0.092737 0.236886 1.654014
v 0.104745 0.254183 1.613531
v 0.121009 0.238061 1.608950
v 0.179106 0.253317 1.406272
v 0.144339 0.242925 1.541121
v 0.232784 0.281238 0.939116
v 0.205480 0.263687 1.252136
v 0.221933 0.272444 1.096145
v 0.120119 0.256021 1.577271
v 0.144303 0.269634 1.470481
v 0.173300 0.285553 1.316506
v 0.203870 0.308892 0.998097
v 0.192040 0.298136 1.157991
v 0.218701 0.321039 0.838073
v 0.110023 0.509046 -0.041516
v 0.139202 0.321326 -0.041828
v 0.143408 0.487697 0.047222
v 0.054860 0.301374 -0.169961
v 0.076161 0.218231 1.681613
v 0.072270 0.191073 1.646535
v 0.043514 0.167303 0.510216
v 0.055841 0.177694 0.346954
v 0.047335 0.195452 0.187219
v 0.036537 0.163441 0.676598
v 0.033987 0.162373 0.844413
v 0.032704 0.161545 1.012556
v 0.030382 0.161445 1.180654
v 0.023002 0.165409 1.514764
v 0.026654 0.162028 1.348533
v 0.051381 0.236907 1.687995
v 0.122924 0.192392 0.296194
v 0.052634 0.200067 1.685780
v 0.098192 0.179001 0.453330
v 0.078577 0.171648 0.613042
v 0.069687 0.169122 0.777573
v 0.066657 0.167495 0.943509
v 0.063344 0.166148 1.109601
v 0.057391 0.165540 1.275443
v 0.048536 0.165774 1.440395
v 0.046922 0.175220 1.594896
v 0.109727 0.496366 0.089979
v 0.135698 0.290402 -0.121429
v 0.129967 0.437090 0.718776
v 0.201743 0.364498 0.737609
v 0.046503 0.488398 0.718820
v 0.122301 0.421655 0.883632
v 0.088806 0.459797 0.802373
v 0.160451 0.395717 0.805067
v 0.183267 0.351057 0.898877
v 0.044248 0.469828 0.883467
v 0.114889 0.402240 1.046962
v 0.172659 0.337104 1.061640
v 0.082927 0.439465 0.965517
v 0.149568 0.379248 0.968797
v 0.041545 0.446315 1.045522
v 0.106661 0.380909 1.209408
v 0.078036 0.416720 1.127323
v 0.140468 0.362430 1.132433
v 0.092427 0.351315 1.370268
v 0.038693 0.417981 1.206206
v 0.159776 0.322737 1.223650
v 0.126860 0.341728 1.294999
v 0.074986 0.311432 1.524897
v 0.070442 0.387679 1.287660
v 0.033339 0.380746 1.365017
v 0.139143 0.303510 1.383978
v 0.057976 0.348617 1.445998
v 0.105273 0.313630 1.454390
v 0.113106 0.280082 1.529201
v 0.026882 0.330570 1.523489
v 0.049360 0.292371 1.598137
v 0.089756 0.277310 1.586412
v 0.269771 0.298428 -0.015663
v 0.171943 0.403053 0.642292
v 0.187559 0.391559 0.333467
v 0.181401 0.399071 0.483317
v 0.089003 0.472476 0.632756
v 0.043068 0.499581 0.547302
v 0.081495 0.475831 0.458102
v 0.128053 0.439213 0.549005
v 0.234510 0.369886 0.584788
v 0.039358 0.506229 0.383573
v 0.120571 0.435565 0.383729
v 0.283087 0.368359 0.450912
v 0.077484 0.480067 0.310511
v 0.115144 0.431418 0.241178
v 0.043003 0.514673 0.256607
v 0.329801 0.362413 0.313848
v 0.070820 0.259414 1.644537
v 0.025326 0.263225 1.664721
v 0.113840 0.426191 0.112546
v 0.086799 0.486672 0.187446
v 0.536990 0.270986 0.209141
v 0.390123 0.254795 0.151547
v 0.228677 0.240443 0.081613
v 0.070070 0.225151 0.047481
v 0.183276 0.371506 0.171126
v 0.038462 0.568243 0.027957
v 0.041010 0.569359 0.096077
v 0.065116 0.554736 -0.053392
v 0.033088 0.557401 -0.148562
v 0.074550 0.559919 0.078257
v 0.070963 0.528388 -0.190478
v 0.051228 0.546499 0.039724
v 0.033717 0.542672 0.040282
v 0.025148 0.556965 0.036412
v 0.157412 0.473003 -0.037123
v 0.157923 0.360376 -0.032849
v 0.143408 0.342525 0.047222
v 0.116930 0.485848 -0.169228
v 0.121424 0.352695 -0.162839
v 0.153044 0.447637 -0.101429
v 0.169684 0.416948 -0.033010
v 0.119325 0.496534 -0.111519
v 0.124259 0.340537 -0.103556
v 0.153478 0.386539 -0.098459
v 0.174468 0.445253 0.030449
v 0.174468 0.388105 0.030449
v 0.139785 0.417078 -0.165805
v 0.347771 0.334865 0.103374
v 0.490597 0.355956 0.262744
v 0.452005 0.269287 -0.050783
v 0.041562 0.316763 -0.237119
v 0.100339 0.375541 -0.237119
v 0.100339 0.458664 -0.237119
v 0.041562 0.517441 -0.237119
v 0.081080 0.337049 -0.239679
v 0.114249 0.417102 -0.239443
v 0.080703 0.497652 -0.240073
v 0.039095 0.322720 -0.215465
v 0.094383 0.378008 -0.215465
v 0.094383 0.456197 -0.215465
v 0.039095 0.511485 -0.215465
v 0.107497 0.417102 -0.226292
v 0.076012 0.493114 -0.226292
v 0.076012 0.341091 -0.226292
v 0.035647 0.417102 -0.210051
v 0.031576 0.354919 -0.210051
v 0.062183 0.385526 -0.210051
v 0.062183 0.448678 -0.210051
v 0.031576 0.479285 -0.210051
v 0.063644 0.353458 -0.210728
v 0.088991 0.417102 -0.210728
v 0.063644 0.480747 -0.210728
v -0.016887 1.000739 -1.559914
v -0.024869 0.984851 -1.562950
v 0.000000 0.982159 -1.557406
v 0.000000 1.011847 -1.557406
v -0.016607 0.979605 -1.559857
v -0.592037 0.412675 -1.677031
v -0.605855 0.424330 -1.675257
v -0.592406 0.437040 -1.677082
v -0.579144 0.425312 -1.679834
v -0.070033 0.557985 0.102785
v 0.000000 0.534174 0.128973
v 0.000000 0.566845 0.097482
v 0.070033 0.557985 0.102785
v -0.084717 0.527667 0.123916
v 0.084717 0.527667 0.123916
v -2.166199 0.399639 0.290009
v -2.166199 0.443951 0.307553
v -2.143758 0.439596 0.126173
v -2.138555 0.390945 -0.037561
v 0.000000 0.303871 -0.241052
v -0.077742 0.339360 -0.241856
v -0.109944 0.417102 -0.241856
v -0.077742 0.494844 -0.241856
v 0.000000 0.527046 -0.241856
v 0.077742 0.339360 -0.241856
v 0.109944 0.417102 -0.241856
v 0.077742 0.494844 -0.241856
v 0.042652 0.520074 -0.242533
v 0.102971 0.459755 -0.242533
v 0.102971 0.374450 -0.242533
v 0.042652 0.314131 -0.242533
v -0.042652 0.520074 -0.242533
v -0.102971 0.459755 -0.242533
v -0.102971 0.374450 -0.242533
v -0.042652 0.314131 -0.242533
v -0.113840 0.426191 0.112546
v -0.116149 0.457860 0.061942
v 0.116149 0.457860 0.061942
v -0.126213 0.347470 0.053654
v -0.126222 0.481371 0.053650
v -0.164626 0.469747 0.033172
v -0.164580 0.362645 0.033196
v -0.173101 0.416806 0.028726
v -0.118186 0.414073 0.057932
v 0.126213 0.347470 0.053654
v 0.126222 0.481371 0.053650
v 0.164626 0.469747 0.033172
v 0.164580 0.362645 0.033196
v 0.173101 0.416806 0.028726
v 0.118186 0.414073 0.057932
v -0.268935 0.723310 -1.255354
v -0.023153 0.980127 -1.562349
v -0.023415 0.991511 -1.562405
v -0.022415 0.981360 -1.265398
v -0.006387 1.008399 -1.268429
v -0.006329 0.983243 -1.268428
v -0.022677 0.991803 -1.265399
v -0.275676 0.737670 -1.255385
v -0.264324 0.715771 -1.514169
v -0.275565 0.737020 -1.605434
v -0.268824 0.722855 -1.604006
v -0.006784 0.982075 -1.557792
v -0.601611 0.416037 -1.675514
v -0.583250 0.433433 -1.679358
v -0.601759 0.432784 -1.675519
v -0.016781 0.969088 -1.480201
v -0.017350 1.004063 -1.480290
v -0.278172 0.745490 -1.344856
v -0.607743 0.435032 -1.555560
v -0.548287 0.463541 -1.664181
v -0.541454 0.447555 -1.662760
v -0.604648 0.399932 -1.330670
v -0.535230 0.438918 -1.227054
v -0.542063 0.460334 -1.227079
v -0.558464 0.474355 -1.553343
v -0.604859 0.408244 -1.555638
v -0.540650 0.427234 -1.338412
v -0.556871 0.474123 -1.339033
v -0.607532 0.431922 -1.330537
v -0.278230 0.745467 -1.516355
v -0.017336 1.004026 -1.342522
v -0.016767 0.969138 -1.342488
v -0.264265 0.715573 -1.344067
v -0.108418 0.237379 1.632224
v -0.363314 0.306671 0.583672
v -0.481223 0.312767 0.492718
v -0.280623 0.297563 0.710072
v -0.589447 0.318100 0.438715
v -0.335399 0.353677 0.211195
v -0.023792 0.171608 1.593211
v -0.554054 0.300301 0.019575
v -0.627016 0.304280 0.022603
v -0.673690 0.322482 0.417128
v -0.024309 0.162765 1.432176
v -0.028731 0.161675 1.264632
v -0.031712 0.161387 1.096623
v -0.033374 0.161923 0.928476
v -0.034893 0.162795 0.760416
v -0.039337 0.164715 0.593111
v -0.335744 0.246546 0.588003
v -0.434963 0.254130 0.474959
v -0.130282 0.208141 1.584194
v -0.979402 0.343072 0.395688
v -0.097397 0.536333 0.085307
v -0.159961 0.210815 1.482618
v -0.191737 0.216258 1.333052
v -0.212187 0.221895 1.179068
v -0.223408 0.227649 1.024044
v -0.233972 0.233470 0.869192
v -0.265596 0.239478 0.719303
v -0.311741 0.223678 0.403154
v -0.049132 0.171739 0.428152
v -0.027028 0.197633 1.692341
v -0.108611 0.207619 1.635800
v -0.243940 0.212758 0.535868
v -0.185990 0.201446 0.330934
v -0.194412 0.205311 0.678350
v -0.172105 0.200864 0.833801
v -0.164608 0.196785 0.992833
v -0.156456 0.192800 1.152176
v -0.141677 0.189228 1.310868
v -0.119102 0.186326 1.466548
v -0.103935 0.191326 1.585674
v -0.131662 0.239944 1.581752
v -0.161313 0.247670 1.480015
v -0.193836 0.258738 1.329563
v -0.227215 0.276701 1.017670
v -0.214812 0.268190 1.174312
v -0.241356 0.286278 0.860906
v -0.166438 0.388196 -0.032659
v -0.047296 0.308684 -0.199131
v -0.060442 0.185064 0.266811
v -0.075445 0.203374 1.674234
v -0.147098 0.188524 0.480826
v -0.117610 0.180988 0.634808
v -0.104272 0.177816 0.796311
v -0.099745 0.175368 0.959934
v -0.094799 0.173137 1.123782
v -0.085892 0.171541 1.287254
v -0.072569 0.170817 1.449282
v -0.068644 0.180595 1.594808
v -0.088698 0.533798 -0.048309
v -0.114613 0.437372 0.081094
v -0.070133 0.283525 -0.159550
v -0.045835 0.479916 0.801836
v -0.191042 0.358334 0.817762
v -0.126768 0.430603 0.801671
v -0.042791 0.458569 0.964642
v -0.177626 0.343940 0.980272
v -0.118373 0.412030 0.965369
v -0.040305 0.433015 1.126067
v -0.166931 0.330274 1.142793
v -0.111242 0.392224 1.128336
v -0.150701 0.313827 1.304120
v -0.036372 0.400545 1.285868
v -0.100458 0.367246 1.290088
v -0.029852 0.358256 1.443852
v -0.125378 0.292026 1.461511
v -0.083037 0.333143 1.449362
v -0.070893 0.285617 1.592807
v -0.106041 0.268012 1.579876
v -0.195019 0.293944 -0.068309
v -2.153922 0.392571 0.144529
v -0.581027 0.274730 0.211966
v -0.646732 0.278219 0.199998
v -0.469476 0.263371 0.183825
v -0.309314 0.247141 0.117188
v -0.045354 0.494902 0.633692
v -0.130191 0.439632 0.634367
v -0.040717 0.502919 0.461875
v -0.124635 0.437390 0.464152
v -0.216004 0.368320 0.659380
v -0.039942 0.510509 0.317001
v -0.116701 0.434357 0.310628
v -0.257462 0.369668 0.515330
v -0.148296 0.234078 0.049750
v -0.115952 0.426049 0.172078
v -0.309069 0.366347 0.388621
v -0.048548 0.518393 0.195922
v -0.025356 0.296616 1.602043
v -0.073660 0.236763 1.673017
v -0.026410 0.237063 1.697849
v -0.570729 0.359663 0.296840
v -0.542243 0.432802 -1.551324
v -0.034732 0.565213 -0.058576
v -0.040437 0.569220 0.074991
v -0.036817 0.543359 -0.204344
v -0.028176 0.549979 0.027116
v -0.112430 0.338530 -0.152378
v -0.166258 0.445532 -0.034580
v -0.132906 0.490936 -0.039939
v -0.133868 0.381449 -0.165592
v -0.136814 0.341295 -0.032419
v -0.133208 0.453210 -0.167834
v -0.098688 0.510520 -0.160716
v -0.393040 0.303933 0.018651
v -0.643785 0.363491 0.292285
v -0.611342 0.332897 0.063685
v -2.139205 0.418788 0.040322
v -0.945190 0.379914 0.259198
v -0.911002 0.336611 0.047166
v -2.154572 0.448218 0.223609
v -0.945048 0.300173 0.185016
v -0.133719 0.439770 -0.069210
v -0.133699 0.392298 -0.069209
v -0.043550 0.312597 -0.240649
v -0.105581 0.374044 -0.239442
v -0.105501 0.460251 -0.239577
v -0.043183 0.522332 -0.241025
v -0.099200 0.458192 -0.226292
v -0.041090 0.317903 -0.226292
v -0.041090 0.516302 -0.226292
v -0.099200 0.376013 -0.226292
v -0.033628 0.383474 -0.210051
v -0.033628 0.450731 -0.210051
v -0.082267 0.382381 -0.210728
v -0.082267 0.451824 -0.210728
v -0.034721 0.499370 -0.210728
v -0.034721 0.334835 -0.210728
v 0.038066 0.565737 0.098145
v -0.050915 0.529519 0.128403
v -0.006841 1.009507 -1.557804
v 0.108418 0.237379 1.632224
v 0.363313 0.306671 0.583672
v 0.481224 0.312767 0.492718
v 0.280623 0.297563 0.710072
v 0.589447 0.318100 0.438715
v 0.335399 0.353677 0.211195
v 0.023792 0.171608 1.593210
v 0.554054 0.300301 0.019575
v 0.024309 0.162765 1.432176
v 0.028731 0.161675 1.264632
v 0.031712 0.161387 1.096623
v 0.033374 0.161923 0.928476
v 0.034893 0.162795 0.760416
v 0.039337 0.164715 0.593111
v 0.335744 0.246546 0.588003
v 0.434963 0.254130 0.474959
v 0.130282 0.208141 1.584194
v 0.097397 0.536333 0.085307
v 0.159961 0.210815 1.482618
v 0.191737 0.216258 1.333051
v 0.212187 0.221895 1.179068
v 0.223408 0.227649 1.024044
v 0.233972 0.233470 0.869192
v 0.265596 0.239478 0.719302
v 0.311741 0.223678 0.403154
v 0.049132 0.171739 0.428152
v 0.027028 0.197633 1.692341
v 0.108611 0.207619 1.635800
v 0.243940 0.212758 0.535868
v 0.185990 0.201446 0.330934
v 0.194412 0.205311 0.678350
v 0.172105 0.200864 0.833801
v 0.164608 0.196785 0.992833
v 0.156456 0.192800 1.152176
v 0.141677 0.189228 1.310868
v 0.119102 0.186326 1.466548
v 0.103935 0.191326 1.585674
v 0.131662 0.239944 1.581752
v 0.161313 0.247670 1.480016
v 0.193836 0.258738 1.329563
v 0.227215 0.276701 1.017670
v 0.214812 0.268190 1.174312
v 0.241356 0.286278 0.860906
v 0.166438 0.388196 -0.032659
v 0.047296 0.308684 -0.199131
v 0.060442 0.185064 0.266811
v 0.075446 0.203374 1.674234
v 0.147098 0.188524 0.480826
v 0.117610 0.180988 0.634808
v 0.104272 0.177816 0.796311
v 0.099745 0.175368 0.959934
v 0.094799 0.173137 1.123782
v 0.085892 0.171541 1.287254
v 0.072569 0.170817 1.449282
v 0.068644 0.180595 1.594808
v 0.088698 0.533798 -0.048309
v 0.114613 0.437372 0.081094
v 0.070133 0.283525 -0.159550
v 0.045835 0.479916 0.801836
v 0.191042 0.358334 0.817762
v 0.126768 0.430603 0.801671
v 0.042791 0.458569 0.964642
v 0.177626 0.343940 0.980272
v 0.118373 0.412030 0.965369
v 0.040305 0.433015 1.126067
v 0.166931 0.330274 1.142793
v 0.111242 0.392224 1.128336
v 0.150701 0.313827 1.304120
v 0.036372 0.400545 1.285868
v 0.100458 0.367246 1.290088
v 0.029852 0.358256 1.443852
v 0.125378 0.292026 1.461512
v 0.083037 0.333143 1.449362
v 0.070893 0.285617 1.592807
v 0.106041 0.268012 1.579876
v 0.195019 0.293944 -0.068309
v 0.581027 0.274730 0.211966
v 0.469476 0.263371 0.183825
v 0.309314 0.247141 0.117188
v 0.045354 0.494902 0.633692
v 0.130191 0.439632 0.634367
v 0.040717 0.502919 0.461875
v 0.124635 0.437390 0.464152
v 0.216004 0.368320 0.659380
v 0.039942 0.510509 0.317001
v 0.116701 0.434357 0.310628
v 0.257462 0.369668 0.515330
v 0.148296 0.234078 0.049750
v 0.115952 0.426049 0.172078
v 0.309069 0.366347 0.388621
v 0.048548 0.518393 0.195922
v 0.025356 0.296616 1.602043
v 0.073660 0.236763 1.673017
v 0.026410 0.237063 1.697849
v 0.570729 0.359663 0.296840
v 0.034732 0.565213 -0.058576
v 0.040437 0.569220 0.074991
v 0.036817 0.543359 -0.204344
v 0.028176 0.549979 0.027116
v 0.112430 0.338530 -0.152378
v 0.166258 0.445532 -0.034580
v 0.132906 0.490936 -0.039939
v 0.133868 0.381449 -0.165592
v 0.136814 0.341295 -0.032419
v 0.133208 0.453210 -0.167834
v 0.098688 0.510520 -0.160716
v 0.393040 0.303932 0.018651
v 0.170876 0.389370 0.029891
v 0.143161 0.347032 0.044620
v 0.043550 0.312597 -0.240649
v 0.105581 0.374044 -0.239442
v 0.105501 0.460251 -0.239577
v 0.043183 0.522332 -0.241025
v 0.099200 0.458192 -0.226292
v 0.041090 0.317903 -0.226292
v 0.041090 0.516302 -0.226292
v 0.099200 0.376013 -0.226292
v 0.033628 0.383474 -0.210051
v 0.033628 0.450731 -0.210051
v 0.082267 0.382381 -0.210728
v 0.082267 0.451824 -0.210728
v 0.034721 0.499370 -0.210728
v 0.034721 0.334835 -0.210728
v 0.088981 0.540905 0.113381
v -0.000000 0.209899 0.106417
v -0.582971 0.417034 -1.679303
v -0.119190 0.455013 0.057397
v -0.119189 0.373209 0.057397
v -0.170876 0.389370 0.029891
v -0.170902 0.443893 0.029877
v -0.038066 0.565737 0.098145
v -0.088981 0.540905 0.113381
v 0.119190 0.455013 0.057397
v -3.100000 0.483479 0.155591
v -2.169289 0.422000 0.327816
v 0.042025 0.518560 -0.241856
v 0.101458 0.459127 -0.241856
v 0.101458 0.375077 -0.241856
v 0.042025 0.315645 -0.241856
v -0.042025 0.518560 -0.241856
v -0.101458 0.459127 -0.241856
v -0.101458 0.375077 -0.241856
v -0.042025 0.315645 -0.241856
v 0.143188 0.483358 0.044606
v 0.170902 0.443893 0.029877
v -0.143161 0.347032 0.044620
v -0.143188 0.483358 0.044606
v 0.119189 0.373209 0.057397
v 0.050915 0.529519 0.128403
v -0.185130 0.340147 0.071529
v 0.185130 0.340147 0.071529
v 3.099999 0.468967 0.240972
v 3.100000 0.464613 -0.047161
v 3.099999 0.498255 0.259616
v 3.100000 0.496276 0.115549
v 0.072765 0.919805 -1.548667
v 0.101398 0.906758 -1.573638
v 0.075714 0.945922 -1.549242
v 0.101815 0.908307 -1.262421
v 0.075659 0.946000 -1.282706
v 0.072710 0.920285 -1.282642
v 0.448520 0.544781 -1.237060
v 0.459282 0.559544 -1.271384
v 0.442608 0.530231 -1.271051
v 0.559364 0.420849 -1.208760
v 0.460504 0.559784 -1.614330
v 0.443830 0.533129 -1.611157
v 0.450854 0.546405 -1.646963
v 0.592896 0.436293 -1.683090
v 0.580257 0.424496 -1.683090
v 0.592896 0.412698 -1.683090
v 0.605536 0.424496 -1.683090
v 0.587930 0.443475 -1.648610
v 0.571351 0.431182 -1.675621
v 0.584135 0.413469 -1.648097
v 0.608092 0.423330 -1.639003
v 0.100088 0.924067 -1.417286
v 0.095174 0.892548 -1.416753
v 0.463077 0.563572 -1.443011
v 0.442245 0.527506 -1.440967
v 0.616110 0.417945 -1.443256
v 0.593113 0.450613 -1.444401
v 0.583494 0.399709 -1.444209
v 0.763802 0.295841 0.366393
v 0.759934 0.358462 0.370468
v 0.700793 0.280980 -0.023372
v 0.627281 0.287274 0.388366
v 0.620357 0.349793 0.389656
v 0.669616 0.353542 0.129243
v 0.594421 0.362082 0.223050
v 1.413924 0.400204 0.346171
v 1.413924 0.343788 0.329513
v 1.373404 0.393935 0.134731
v 1.364008 0.331597 -0.029827
v 0.004479 0.992525 -1.262718
v 0.006334 0.997004 -1.262718
v 0.004479 1.001482 -1.262718
v 0.006238 0.990766 -1.262718
v 0.008821 0.997004 -1.262718
v 0.006238 1.003241 -1.262718
v 0.004479 0.992525 -1.296137
v 0.006334 0.997004 -1.296137
v 0.004479 1.001482 -1.296137
v 0.007915 0.989089 -1.567961
v 0.011193 0.997003 -1.567961
v 0.007915 1.004918 -1.567961
v 3.100000 0.483611 0.274446
v 3.100000 0.482819 0.034194
v 0.003372 0.988863 -1.262718
v 0.008140 0.993632 -1.262718
v 0.008140 1.000375 -1.262718
v 0.003372 1.005144 -1.262718
v 0.012897 0.974085 -1.532910
v 0.096922 0.903113 -1.570694
v 0.099148 0.916623 -1.571167
v 0.013229 1.006706 -1.532973
v 0.263745 0.719845 -1.280802
v 0.016155 1.000128 -1.267157
v 0.015874 0.980723 -1.267153
v 0.004279 0.986674 -1.567961
v 0.010329 0.992725 -1.567961
v 0.010329 1.001282 -1.567961
v 0.004279 1.007333 -1.567961
v 0.024192 0.985916 -1.265015
v 0.097143 0.904356 -1.264566
v 0.013101 1.006379 -1.290627
v 0.012770 0.974471 -1.290618
v 0.099369 0.917581 -1.264576
v 0.444634 0.536492 -1.241309
v 0.454089 0.553097 -1.241351
v 0.273403 0.729823 -1.251801
v 0.275425 0.745149 -1.281052
v 0.601336 0.399319 -1.242585
v 0.563914 0.408013 -1.211609
v 0.566229 0.433255 -1.211612
v 0.602437 0.427784 -1.242539
v 0.275468 0.744944 -1.579794
v 0.263788 0.719935 -1.577527
v 0.446596 0.539092 -1.641670
v 0.456051 0.553870 -1.643664
v 0.273186 0.728960 -1.608482
v 0.584207 0.432606 -1.683090
v 0.584207 0.416385 -1.683090
v 0.601586 0.416385 -1.683090
v 0.601586 0.432606 -1.683090
v 0.576169 0.439247 -1.673063
v 0.573854 0.422523 -1.672596
v 0.602258 0.413829 -1.640023
v 0.603358 0.433775 -1.640030
v 0.554803 0.469969 -1.633065
v 0.551122 0.468843 -1.258828
v 0.542929 0.455675 -1.667802
v 0.542353 0.439700 -1.630853
v 0.538672 0.430584 -1.258633
v 0.535429 0.449653 -1.222721
v 0.097465 0.926417 -1.342911
v 0.092783 0.895519 -1.342635
v 0.462152 0.562780 -1.344323
v 0.442060 0.527476 -1.343275
v 0.612929 0.420968 -1.555371
v 0.589920 0.447914 -1.332210
v 0.097468 0.926411 -1.491373
v 0.092786 0.895467 -1.490634
v 0.462715 0.562811 -1.541665
v 0.442623 0.529334 -1.538665
v 0.613847 0.415150 -1.330553
v 0.591756 0.449010 -1.556228
v 0.581895 0.397552 -1.332177
v 0.559165 0.475891 -1.446229
v 0.610405 0.434771 -1.443304
v 0.279009 0.745197 -1.430657
v 0.018039 1.003584 -1.411362
v 0.017425 0.968249 -1.411296
v 0.264734 0.714637 -1.429137
v 0.769610 0.328610 0.407169
v 0.606555 0.402539 -1.443471
v 0.583731 0.406306 -1.555730
v 0.541655 0.428095 -1.444943
v 0.699080 0.318977 0.040450
v 0.619339 0.362528 0.201648
v 0.670003 0.289553 0.377279
v 0.664429 0.352229 0.380307
v 0.628193 0.320012 0.427102
v 0.617073 0.274995 -0.022975
v 0.614875 0.318260 0.046245
v 3.100000 0.501520 0.195633
v 0.735894 0.284430 0.193445
v 3.100000 0.464910 0.113007
v 0.610842 0.276297 0.206256
v 0.606891 0.361646 0.306096
v 0.731573 0.367624 0.269272
v 0.588991 0.360654 0.175870
v 0.971931 0.373757 0.366720
v 0.917884 0.367113 0.138441
v 0.910457 0.296870 -0.025319
v 0.972667 0.311068 0.353028
v 1.392930 0.405277 0.246146
v 1.365183 0.367204 0.045259
v 1.419502 0.372367 0.370811
v 1.391755 0.334294 0.169924
v 0.002421 0.991159 -1.262718
v 0.005845 0.994583 -1.262718
v 0.005845 0.999425 -1.262718
v 0.002421 1.002849 -1.262718
v 0.002421 0.991159 -1.296137
v 0.005845 0.994583 -1.296137
v 0.005845 0.999425 -1.296137
v 0.002421 1.002849 -1.296137
v 0.016887 1.000739 -1.559914
v 0.024869 0.984851 -1.562950
v 0.016607 0.979605 -1.559857
v 0.592037 0.412675 -1.677031
v 0.605855 0.424330 -1.675257
v 0.592406 0.437040 -1.677082
v 0.579144 0.425312 -1.679834
v 2.166199 0.399639 0.290009
v 2.166199 0.443951 0.307553
v 2.143758 0.439596 0.126173
v 2.138555 0.390945 -0.037561
v 0.268935 0.723310 -1.255354
v 0.023153 0.980127 -1.562349
v 0.023415 0.991511 -1.562405
v 0.022415 0.981360 -1.265398
v 0.006387 1.008399 -1.268429
v 0.006329 0.983243 -1.268428
v 0.022677 0.991803 -1.265399
v 0.275676 0.737670 -1.255385
v 0.264324 0.715771 -1.514169
v 0.275565 0.737020 -1.605434
v 0.268824 0.722855 -1.604006
v 0.006784 0.982075 -1.557792
v 0.601611 0.416037 -1.675514
v 0.583250 0.433433 -1.679358
v 0.601759 0.432784 -1.675519
v 0.016781 0.969088 -1.480201
v 0.017350 1.004063 -1.480290
v 0.278172 0.745490 -1.344856
v 0.607743 0.435032 -1.555560
v 0.548287 0.463541 -1.664181
v 0.541454 0.447555 -1.662760
v 0.604648 0.399932 -1.330670
v 0.535230 0.438918 -1.227054
v 0.542063 0.460334 -1.227079
v 0.558464 0.474355 -1.553343
v 0.604859 0.408244 -1.555638
v 0.540650 0.427234 -1.338412
v 0.556871 0.474123 -1.339033
v 0.607532 0.431922 -1.330537
v 0.278230 0.745467 -1.516355
v 0.017336 1.004026 -1.342522
v 0.016767 0.969138 -1.342488
v 0.264265 0.715573 -1.344067
v 0.627016 0.304280 0.022603
v 0.673690 0.322482 0.417128
v 0.979402 0.343072 0.395688
v 2.153922 0.392571 0.144529
v 0.646732 0.278219 0.199998
v 0.542243 0.432802 -1.551324
v 0.643785 0.363491 0.292285
v 2.139205 0.418788 0.040322
v 0.945190 0.379914 0.259198
v 0.911002 0.336611 0.047166
v 2.154572 0.448218 0.223609
v 0.945048 0.300173 0.185016
v 0.006841 1.009507 -1.557804
v 0.582971 0.417034 -1.679303
v 3.100000 0.483479 0.155591
v 2.169289 0.422000 0.327816
v 0.122214 0.415861 -0.054143
v 0.150114 0.416498 -0.058454
v 0.124894 0.371281 -0.043789
v 0.124913 0.459416 -0.043791
v 0.144202 0.452341 -0.047763
v 0.144153 0.379634 -0.047753
v 0.134702 0.416276 -0.071624
v 0.122414 0.388002 -0.052357
v 0.122422 0.443236 -0.052357
v 0.133518 0.458035 -0.052513
v 0.133482 0.373223 -0.052507
v 0.147992 0.437584 -0.056549
v 0.147958 0.395044 -0.056543
v 0.133719 0.439770 -0.069210
v 0.133699 0.392298 -0.069209
v -0.470140 -0.088027 0.229069
v -0.470140 -0.097630 0.225091
v -0.470140 -0.084049 0.238672
v -0.470140 -0.088027 0.248275
v -0.470140 -0.097630 0.252253
v -0.470140 -0.107233 0.248275
v -0.470140 -0.111211 0.238672
v -0.470140 -0.107233 0.229069
v -0.496126 -0.088027 0.229069
v -0.496126 -0.097630 0.225091
v -0.496126 -0.084049 0.238672
v -0.496126 -0.088027 0.248275
v -0.496126 -0.097630 0.252253
v -0.496126 -0.107233 0.248275
v -0.496126 -0.111211 0.238672
v -0.496126 -0.107233 0.229069
v -0.046694 -0.088027 1.277426
v -0.046694 -0.097630 1.273448
v -0.046694 -0.084049 1.287029
v -0.046694 -0.088027 1.296632
v -0.046694 -0.097630 1.300610
v -0.046694 -0.107233 1.296632
v -0.046694 -0.111210 1.287029
v -0.046694 -0.107233 1.277426
v -0.020707 -0.088027 1.277426
v -0.020707 -0.097630 1.273448
v -0.020707 -0.084049 1.287029
v -0.020707 -0.088027 1.296632
v -0.020707 -0.097630 1.300610
v -0.020707 -0.107233 1.296632
v -0.020707 -0.111210 1.287029
v -0.020707 -0.107233 1.277426
v 0.470140 -0.088027 0.229069
v 0.470140 -0.097630 0.225091
v 0.470140 -0.084049 0.238672
v 0.470140 -0.088027 0.248275
v 0.470140 -0.097630 0.252253
v 0.470140 -0.107233 0.248275
v 0.470140 -0.111211 0.238672
v 0.470140 -0.107233 0.229069
v 0.496126 -0.088027 0.229069
v 0.496126 -0.097630 0.225091
v 0.496126 -0.084049 0.238672
v 0.496126 -0.088027 0.248275
v 0.496126 -0.097630 0.252253
v 0.496126 -0.107233 0.248275
v 0.496126 -0.111211 0.238672
v 0.496126 -0.107233 0.229069
v 0.046694 -0.088027 1.277426
v 0.046694 -0.097630 1.273448
v 0.046694 -0.084049 1.287029
v 0.046694 -0.088027 1.296632
v 0.046694 -0.097630 1.300610
v 0.046694 -0.107233 1.296632
v 0.046694 -0.111210 1.287029
v 0.046694 -0.107233 1.277426
v 0.020707 -0.088027 1.277426
v 0.020707 -0.097630 1.273448
v 0.020707 -0.084049 1.287029
v 0.020707 -0.088027 1.296632
v 0.020707 -0.097630 1.300610
v 0.020707 -0.107233 1.296632
v 0.020707 -0.111210 1.287029
v 0.020707 -0.107233 1.277426
v 0.473716 -0.059736 0.221515
v 0.477140 -0.074292 0.221515
v 0.465449 -0.047435 0.221515
v 0.473716 -0.059736 0.255829
v 0.477140 -0.074292 0.255829
v 0.465449 -0.047435 0.255829
v 0.484196 -0.054496 0.221515
v 0.487620 -0.069052 0.221515
v 0.475930 -0.042195 0.221515
v 0.484196 -0.054496 0.255829
v 0.475930 -0.042195 0.255829
v 0.487620 -0.069052 0.255829
v 0.176082 0.217553 0.221515
v 0.176082 0.217553 0.255829
v 0.186562 0.222793 0.221515
v 0.186562 0.222793 0.255829
v 0.477140 -0.110556 0.226540
v 0.477140 -0.098424 0.221515
v 0.477140 -0.110556 0.250804
v 0.477140 -0.115581 0.238672
v 0.477140 -0.098424 0.255829
v 0.487620 -0.110556 0.226540
v 0.487620 -0.098424 0.221515
v 0.487620 -0.110556 0.250804
v 0.487620 -0.098424 0.255829
v 0.487620 -0.115581 0.238672
v -0.487620 -0.115581 0.238672
v -0.487620 -0.098424 0.255829
v -0.487620 -0.110556 0.250804
v -0.487620 -0.098424 0.221515
v -0.487620 -0.110556 0.226540
v -0.477140 -0.098424 0.255829
v -0.477140 -0.115581 0.238672
v -0.477140 -0.110556 0.250804
v -0.477140 -0.098424 0.221515
v -0.477140 -0.110556 0.226540
v -0.186562 0.222793 0.255829
v -0.186562 0.222793 0.221515
v -0.176082 0.217553 0.255829
v -0.176082 0.217553 0.221515
v -0.487620 -0.069052 0.255829
v -0.475930 -0.042195 0.255829
v -0.484196 -0.054496 0.255829
v -0.475930 -0.042195 0.221515
v -0.487620 -0.069052 0.221515
v -0.484196 -0.054496 0.221515
v -0.465449 -0.047435 0.255829
v -0.477140 -0.074292 0.255829
v -0.473716 -0.059736 0.255829
v -0.465449 -0.047435 0.221515
v -0.477140 -0.074292 0.221515
v -0.473716 -0.059736 0.221515
v 0.000000 -0.003964 1.302341
v 0.000000 -0.024168 1.226938
v -0.036420 -0.096344 1.306236
v -0.040055 -0.106119 1.269755
v -0.036420 -0.019203 1.302498
v -0.032096 -0.008427 1.302387
v -0.034878 -0.005740 1.301667
v -0.034878 -0.025369 1.228410
v 0.040055 -0.096344 1.306236
v 0.040055 -0.115973 1.291945
v 0.036420 -0.115973 1.291945
v 0.040055 -0.114760 1.279201
v 0.036420 -0.114760 1.279201
v 0.040055 -0.018505 1.302311
v 0.036420 -0.019203 1.302498
v 0.034878 -0.005740 1.301667
v 0.032096 -0.008427 1.302387
v 0.022382 -0.020657 1.225997
v 0.021659 -0.024168 1.226938
v 0.036420 -0.037444 1.234421
v 0.032096 -0.028056 1.229130
v -0.022381 0.000457 1.287687
v -0.022381 -0.004321 1.288967
v -0.022381 -0.020568 1.228331
v -0.022381 -0.015790 1.227050
v -0.004279 -0.015790 1.227050
v -0.008306 -0.015790 1.227050
v -0.008306 -0.010043 1.248498
v -0.004279 -0.010043 1.248498
v -0.004279 -0.001158 1.229051
v -0.008306 -0.001158 1.229051
v -0.008306 0.001629 1.239450
v -0.004279 0.001629 1.239450
v -0.008306 0.002208 1.233722
v -0.004279 0.002208 1.233722
v -0.008306 -0.007651 1.227177
v -0.004279 -0.007651 1.227177
v -0.008306 -0.003058 1.244319
v -0.004279 -0.003058 1.244319
v 0.022381 0.000457 1.287687
v 0.022381 -0.004321 1.288967
v 0.022381 -0.020568 1.228331
v 0.022381 -0.015790 1.227050
v 0.004279 -0.015790 1.227050
v 0.008306 -0.015790 1.227050
v 0.008306 -0.010043 1.248498
v 0.004279 -0.010043 1.248498
v 0.004279 0.002208 1.233722
v 0.008306 0.002208 1.233722
v 0.004279 0.001629 1.239450
v 0.008306 0.001629 1.239450
v 0.008306 -0.001158 1.229051
v 0.004279 -0.001158 1.229051
v 0.008306 -0.007651 1.227177
v 0.004279 -0.007651 1.227177
v 0.008306 -0.003058 1.244319
v 0.004279 -0.003058 1.244319
v -0.000000 -0.009655 1.253290
v 0.010048 -0.008578 1.257310
v 0.014210 -0.005978 1.267015
v 0.010048 -0.003377 1.276721
v -0.000000 -0.002300 1.280741
v -0.000000 0.162969 1.207035
v 0.010048 0.164046 1.211056
v 0.014210 0.166647 1.220761
v 0.010048 0.169247 1.230466
v -0.000000 0.170324 1.234487
v -0.000000 0.097467 1.254009
v -0.000000 0.125939 1.246380
v 0.014210 0.093790 1.240283
v 0.014210 0.122261 1.232654
v 0.010048 0.124862 1.242360
v 0.010048 0.096390 1.249988
v -0.000000 0.090112 1.226557
v -0.000000 0.118583 1.218928
v 0.010048 0.119661 1.222949
v 0.010048 0.091189 1.230577
v 0.011293 0.097157 1.204533
v 0.011293 0.105983 1.199448
v 0.011293 0.108665 1.201870
v 0.014210 0.105917 1.199480
v 0.014210 0.108438 1.201980
v 0.014210 0.099244 1.201195
v 0.014210 0.097664 1.204619
v 0.014210 0.102385 1.199111
v -0.000000 0.104348 1.222743
v 0.010048 0.105425 1.226763
v -0.000000 0.111703 1.250194
v 0.014210 0.108025 1.236468
v 0.010048 0.110626 1.246174
v -0.010048 -0.008578 1.257310
v -0.014210 -0.005978 1.267015
v -0.010048 -0.003377 1.276721
v -0.010048 0.164046 1.211056
v -0.014210 0.166647 1.220761
v -0.010048 0.169247 1.230466
v -0.014210 0.093790 1.240283
v -0.014210 0.122261 1.232654
v -0.010048 0.124862 1.242360
v -0.010048 0.096390 1.249988
v -0.010048 0.119661 1.222949
v -0.010048 0.091189 1.230577
v -0.014210 0.102385 1.199111
v -0.014210 0.097664 1.204619
v -0.014210 0.099244 1.201195
v -0.014210 0.108438 1.201980
v -0.014210 0.105917 1.199480
v -0.011293 0.108665 1.201870
v -0.011293 0.105983 1.199448
v -0.011293 0.097157 1.204533
v -0.011293 0.102385 1.199111
v -0.011293 0.099095 1.201170
v -0.010048 0.105425 1.226763
v -0.011293 0.102911 1.203202
v -0.014210 0.108025 1.236468
v -0.010048 0.110626 1.246174
v -0.014210 0.103051 1.203300
v 0.011293 0.102385 1.199111
v 0.011293 0.099095 1.201170
v 0.011293 0.102911 1.203202
v 0.014210 0.103051 1.203300
v 0.060697 0.162425 1.119605
v 0.058099 0.162425 1.119605
v 0.060697 0.165983 1.127828
v 0.058099 0.165983 1.127828
v 0.058099 0.154138 1.116199
v 0.060697 0.154138 1.116199
v 0.060697 0.170192 1.542101
v 0.058099 0.170192 1.542101
v 0.060697 0.173447 1.533878
v 0.058099 0.173447 1.533878
v 0.058099 0.162030 1.545507
v 0.060697 0.162030 1.545507
v 0.058099 0.101610 1.116199
v 0.060697 0.101610 1.116199
v 0.058099 0.122483 1.545507
v 0.060697 0.122483 1.545507
v -0.060697 0.122483 1.545507
v -0.058099 0.122483 1.545507
v -0.060697 0.101610 1.116199
v -0.058099 0.101610 1.116199
v -0.060697 0.162030 1.545507
v -0.058099 0.162030 1.545507
v -0.058099 0.173447 1.533878
v -0.060697 0.173447 1.533878
v -0.058099 0.170192 1.542101
v -0.060697 0.170192 1.542101
v -0.060697 0.154138 1.116199
v -0.058099 0.154138 1.116199
v -0.058099 0.165983 1.127828
v -0.060697 0.165983 1.127828
v -0.058099 0.162425 1.119605
v -0.060697 0.162425 1.119605
v -0.368582 0.565995 -1.399307
v -0.371008 0.574991 -1.487973
v -0.380160 0.553753 -1.399307
v -0.380535 0.564926 -1.487973
v -0.118445 0.829459 -1.392301
v -0.120858 0.838366 -1.480972
v -0.130024 0.817295 -1.392301
v -0.130385 0.828342 -1.480972
v -0.390705 0.590021 -1.384288
v -0.387538 0.594584 -1.502578
v -0.399557 0.581890 -1.502579
v -0.406828 0.572971 -1.384288
v -0.140508 0.853549 -1.377307
v -0.137340 0.857988 -1.495597
v -0.149360 0.845335 -1.495597
v -0.156630 0.836618 -1.377307
v -0.367098 0.570258 -1.443655
v -0.374658 0.569865 -1.497700
v -0.379964 0.556660 -1.443655
v -0.372405 0.557054 -1.389610
v -0.116959 0.833666 -1.436650
v -0.124509 0.833244 -1.490699
v -0.129824 0.820141 -1.436650
v -0.122274 0.820564 -1.382602
v -0.386483 0.595091 -1.443433
v -0.392569 0.589501 -1.524758
v -0.405831 0.574642 -1.443433
v -0.399745 0.580232 -1.362109
v -0.136286 0.858542 -1.436452
v -0.142372 0.852895 -1.517777
v -0.155633 0.838203 -1.436452
v -0.149548 0.843850 -1.355128
v -0.375568 0.575154 -1.386972
v -0.376943 0.583897 -1.500153
v -0.140739 0.822541 -1.379975
v -0.125410 0.838640 -1.379975
v -0.126773 0.847274 -1.493160
v -0.138380 0.835057 -1.493160
v -0.390897 0.558943 -1.386972
v -0.388549 0.571638 -1.500152
v -0.370299 0.560401 -1.443687
v -0.120167 0.823837 -1.436679
v -0.383113 0.564833 -1.365693
v -0.382562 0.579696 -1.521435
v -0.141941 0.825993 -1.436569
v -0.123407 0.845476 -1.436569
v -0.392104 0.562470 -1.443564
v -0.132957 0.828402 -1.358695
v -0.132391 0.843067 -1.514443
v -0.373571 0.582058 -1.443564
v 0.373571 0.582058 -1.443564
v 0.132391 0.843067 -1.514443
v 0.132957 0.828402 -1.358695
v 0.392104 0.562470 -1.443564
v 0.123407 0.845476 -1.436569
v 0.141941 0.825993 -1.436569
v 0.382562 0.579696 -1.521435
v 0.383113 0.564833 -1.365693
v 0.120167 0.823837 -1.436679
v 0.370299 0.560401 -1.443687
v 0.388549 0.571638 -1.500152
v 0.390897 0.558943 -1.386972
v 0.138380 0.835057 -1.493160
v 0.126773 0.847274 -1.493160
v 0.125410 0.838640 -1.379975
v 0.140739 0.822541 -1.379975
v 0.376943 0.583897 -1.500153
v 0.375568 0.575154 -1.386972
v 0.149548 0.843850 -1.355128
v 0.155633 0.838203 -1.436452
v 0.142372 0.852895 -1.517777
v 0.136286 0.858542 -1.436452
v 0.399745 0.580232 -1.362109
v 0.405831 0.574642 -1.443433
v 0.392569 0.589501 -1.524758
v 0.386483 0.595091 -1.443433
v 0.122274 0.820564 -1.382602
v 0.129824 0.820141 -1.436650
v 0.124509 0.833244 -1.490699
v 0.116959 0.833666 -1.436650
v 0.372405 0.557054 -1.389610
v 0.379964 0.556660 -1.443655
v 0.374658 0.569865 -1.497700
v 0.367098 0.570258 -1.443655
v 0.156630 0.836618 -1.377307
v 0.149360 0.845335 -1.495597
v 0.137340 0.857988 -1.495597
v 0.140508 0.853549 -1.377307
v 0.406828 0.572971 -1.384288
v 0.399557 0.581890 -1.502579
v 0.387538 0.594584 -1.502578
v 0.390705 0.590021 -1.384288
v 0.130385 0.828342 -1.480972
v 0.130024 0.817295 -1.392301
v 0.120858 0.838366 -1.480972
v 0.118445 0.829459 -1.392301
v 0.380535 0.564926 -1.487973
v 0.380160 0.553753 -1.399307
v 0.371008 0.574991 -1.487973
v 0.368582 0.565995 -1.399307
v -0.586596 0.419580 -1.020441
v -0.568194 0.402561 -1.020480
v -0.586777 0.381498 -1.020778
v -0.604831 0.402865 -1.020468
v -0.559364 0.420849 -1.208760
v -0.609414 0.351828 0.059135
v -0.565013 0.349366 0.059017
v -0.588102 0.361879 0.113019
v -0.587528 0.382190 -0.298363
v -0.606704 0.367512 -0.309455
v -0.588413 0.328548 -0.324607
v -0.567400 0.365895 -0.309528
v -0.573944 0.414612 -1.020430
v -0.574068 0.388431 -1.020662
v -0.599256 0.388640 -1.020653
v -0.599132 0.414822 -1.020422
v -0.563914 0.408013 -1.211609
v -0.566229 0.433255 -1.211612
v -0.602437 0.427784 -1.242539
v -0.605944 0.410666 -1.178727
v -0.586056 0.429573 -1.177197
v -0.566297 0.411609 -1.174410
v -0.585709 0.392366 -1.177242
v -0.614875 0.318260 0.046245
v -0.602497 0.361719 0.097018
v -0.572702 0.360068 0.096937
v -0.588991 0.360654 0.175870
v -0.559187 0.349419 0.109146
v -0.566668 0.353784 -0.064971
v -0.588892 0.309858 -0.108537
v -0.607755 0.355878 -0.064861
v -0.604870 0.324385 0.014926
v -0.571256 0.322520 0.014829
v -0.587034 0.401754 -0.680539
v 0.559187 0.349419 0.109146
v -0.574305 0.342041 -0.319535
v -0.600718 0.380032 -0.301441
v -0.601326 0.343153 -0.319485
v -0.568104 0.385049 -0.682027
v -0.573696 0.378920 -0.301492
v -0.587574 0.356108 -0.684621
v -0.605447 0.385974 -0.681990
v -0.587884 0.368625 -0.031967
v -0.572168 0.398850 -1.174951
v -0.599835 0.423376 -1.178517
v -0.599702 0.397879 -1.178552
v -0.572432 0.423998 -1.174922
v -0.574389 0.366212 -0.683710
v -0.605852 0.360833 0.155964
v -0.571013 0.358853 0.156003
v -0.564261 0.330236 0.063421
v -0.601536 0.367645 -0.041408
v -0.573380 0.366210 -0.041483
v -0.600062 0.366848 -0.683685
v 0.571013 0.358853 0.156003
v 0.564261 0.330236 0.063421
v -0.573889 0.327244 -0.093274
v -0.599691 0.398230 -0.680878
v -0.602371 0.328697 -0.093199
v -0.574018 0.397594 -0.680904
v 0.586596 0.419580 -1.020441
v 0.568194 0.402561 -1.020480
v 0.586777 0.381498 -1.020778
v 0.604831 0.402865 -1.020468
v 0.582817 0.440426 -1.236584
v 0.579022 0.397382 -1.236581
v 0.609158 0.412997 -1.243311
v 0.609414 0.351828 0.059135
v 0.565013 0.349366 0.059017
v 0.588102 0.361879 0.113019
v 0.587528 0.382190 -0.298363
v 0.606704 0.367512 -0.309455
v 0.588413 0.328548 -0.324607
v 0.567400 0.365895 -0.309528
v 0.573944 0.414612 -1.020430
v 0.574068 0.388431 -1.020662
v 0.599256 0.388640 -1.020653
v 0.599132 0.414822 -1.020422
v 0.605944 0.410666 -1.178727
v 0.586056 0.429573 -1.177197
v 0.566297 0.411609 -1.174410
v 0.585709 0.392366 -1.177242
v 0.602497 0.361719 0.097018
v 0.572702 0.360068 0.096937
v 0.616246 0.352684 0.109517
v 0.566668 0.353784 -0.064971
v 0.588892 0.309858 -0.108537
v 0.607755 0.355878 -0.064861
v 0.604870 0.324385 0.014926
v 0.571256 0.322520 0.014829
v 0.587034 0.401754 -0.680539
v 0.574305 0.342041 -0.319535
v 0.600718 0.380032 -0.301441
v 0.601326 0.343153 -0.319485
v 0.568104 0.385049 -0.682027
v 0.573696 0.378920 -0.301492
v 0.587574 0.356108 -0.684621
v 0.605447 0.385974 -0.681990
v 0.587884 0.368625 -0.031967
v 0.572168 0.398850 -1.174951
v 0.599835 0.423376 -1.178517
v 0.599702 0.397879 -1.178552
v 0.572432 0.423998 -1.174922
v 0.574389 0.366212 -0.683710
v 0.605852 0.360833 0.155964
v 0.611342 0.332897 0.063685
v 0.601536 0.367645 -0.041408
v 0.573380 0.366210 -0.041483
v 0.600062 0.366848 -0.683685
v 0.573889 0.327244 -0.093274
v 0.599691 0.398230 -0.680878
v 0.602371 0.328697 -0.093199
v 0.574018 0.397594 -0.680904
v 0.002430 0.455643 -0.301327
v -0.002430 0.455643 -0.301327
v 0.002430 0.455643 -0.335035
v -0.002430 0.455643 -0.335035
v -0.014424 0.894976 -0.313321
v -0.014424 0.894976 -0.318182
v 0.019283 0.894976 -0.313321
v 0.019283 0.894976 -0.318182
v -0.012137 0.675310 -0.300264
v -0.015487 0.675310 -0.303614
v 0.038111 0.675310 -0.350513
v 0.034761 0.675310 -0.353863
v -0.005287 0.565476 -0.297735
v -0.009664 0.565476 -0.299548
v 0.040665 0.785143 -0.332478
v 0.038852 0.785143 -0.336855
v -0.016204 0.785143 -0.306088
v -0.018017 0.785143 -0.310465
v 0.021104 0.565476 -0.354604
v 0.016727 0.565476 -0.356417
v 0.002430 0.455643 -0.318181
v -0.002430 0.455643 -0.318181
v 0.002429 0.894976 -0.313321
v 0.002429 0.894976 -0.318182
v -0.008882 0.620393 -0.298312
v -0.012821 0.620393 -0.300944
v -0.001480 0.510560 -0.298995
v -0.006141 0.510560 -0.299919
v 0.042279 0.730226 -0.342223
v 0.039647 0.730226 -0.346162
v 0.032003 0.840060 -0.322797
v 0.031078 0.840060 -0.327459
v -0.015832 0.840060 -0.309610
v -0.016757 0.840060 -0.314272
v -0.014808 0.730226 -0.302931
v -0.017439 0.730226 -0.306870
v 0.011707 0.510560 -0.346830
v 0.007046 0.510560 -0.347754
v 0.030411 0.620393 -0.355399
v 0.026472 0.620393 -0.358031
v 0.012987 0.675310 -0.325388
v 0.009637 0.675310 -0.328738
v 0.012231 0.785143 -0.319283
v 0.010418 0.785143 -0.323660
v 0.007908 0.565476 -0.326169
v 0.003531 0.565476 -0.327982
v 0.013736 0.730226 -0.322577
v 0.007161 0.840060 -0.320865
v 0.008085 0.840060 -0.316204
v 0.000452 0.510560 -0.323837
v 0.005114 0.510560 -0.322912
v 0.006825 0.620393 -0.329488
v 0.010764 0.620393 -0.326856
v 0.011104 0.730226 -0.326516
v -0.034592 0.399937 -0.301327
v -0.032162 0.395727 -0.301327
v -0.034592 0.399937 -0.335035
v -0.032162 0.395727 -0.335035
v -0.406639 0.165674 -0.313321
v -0.406639 0.165674 -0.318182
v -0.423492 0.194865 -0.313321
v -0.423492 0.194865 -0.318182
v -0.217545 0.277488 -0.300264
v -0.215870 0.274586 -0.303614
v -0.242670 0.321004 -0.350513
v -0.240995 0.318103 -0.353863
v -0.125852 0.338337 -0.297735
v -0.123664 0.334547 -0.299548
v -0.339065 0.268299 -0.332478
v -0.338159 0.266729 -0.336855
v -0.310631 0.219049 -0.306088
v -0.309724 0.217479 -0.310465
v -0.139047 0.361192 -0.354604
v -0.136859 0.357401 -0.356417
v -0.034592 0.399937 -0.318181
v -0.032162 0.395727 -0.318181
v -0.415066 0.180269 -0.313321
v -0.415066 0.180269 -0.318182
v -0.171614 0.307765 -0.298312
v -0.169644 0.304354 -0.300944
v -0.080197 0.369092 -0.298995
v -0.077866 0.365055 -0.299919
v -0.292313 0.297155 -0.342223
v -0.290997 0.294876 -0.346162
v -0.382293 0.233339 -0.322797
v -0.381831 0.232538 -0.327459
v -0.358375 0.191913 -0.309610
v -0.357913 0.191112 -0.314272
v -0.263770 0.247717 -0.302931
v -0.262454 0.245438 -0.306869
v -0.086790 0.380513 -0.346830
v -0.084459 0.376476 -0.347754
v -0.191260 0.341793 -0.355399
v -0.189291 0.338382 -0.358031
v -0.230108 0.299246 -0.325388
v -0.228433 0.296345 -0.328738
v -0.324848 0.243674 -0.319283
v -0.323941 0.242104 -0.323660
v -0.132450 0.349764 -0.326169
v -0.130261 0.345974 -0.327982
v -0.278041 0.272436 -0.322577
v -0.369872 0.211825 -0.320865
v -0.370334 0.212626 -0.316204
v -0.081163 0.370765 -0.323837
v -0.083493 0.374803 -0.322912
v -0.179468 0.321368 -0.329488
v -0.181437 0.324779 -0.326856
v -0.276725 0.270157 -0.326516
v 0.032162 0.395727 -0.301327
v 0.034592 0.399937 -0.301327
v 0.032162 0.395727 -0.335035
v 0.034592 0.399937 -0.335035
v 0.421063 0.190657 -0.313321
v 0.421063 0.190657 -0.318182
v 0.404209 0.161466 -0.313321
v 0.404209 0.161466 -0.318182
v 0.229683 0.298510 -0.300264
v 0.231358 0.301411 -0.303614
v 0.204559 0.254994 -0.350513
v 0.206234 0.257895 -0.353863
v 0.131139 0.347494 -0.297735
v 0.133327 0.351284 -0.299548
v 0.298400 0.197865 -0.332478
v 0.299306 0.199435 -0.336855
v 0.326834 0.247115 -0.306088
v 0.327741 0.248685 -0.310465
v 0.117944 0.324639 -0.354604
v 0.120132 0.328430 -0.356417
v 0.032162 0.395727 -0.318181
v 0.034592 0.399937 -0.318181
v 0.412636 0.176062 -0.313321
v 0.412636 0.176062 -0.318182
v 0.180496 0.323149 -0.298312
v 0.182465 0.326560 -0.300944
v 0.081676 0.371655 -0.298995
v 0.084007 0.375692 -0.299919
v 0.250034 0.223926 -0.342223
v 0.251350 0.226205 -0.346162
v 0.350291 0.177909 -0.322797
v 0.350753 0.178709 -0.327459
v 0.374208 0.219335 -0.309610
v 0.374670 0.220136 -0.314272
v 0.278577 0.273364 -0.302931
v 0.279893 0.275643 -0.306869
v 0.075083 0.360235 -0.346830
v 0.077413 0.364272 -0.347754
v 0.160850 0.289121 -0.355399
v 0.162819 0.292532 -0.358031
v 0.217121 0.276752 -0.325388
v 0.218796 0.279653 -0.328738
v 0.312617 0.222490 -0.319283
v 0.313524 0.224060 -0.323660
v 0.124541 0.336067 -0.326169
v 0.126730 0.339857 -0.327982
v 0.264305 0.248645 -0.322577
v 0.362711 0.199422 -0.320865
v 0.362249 0.198622 -0.316204
v 0.080710 0.369982 -0.323837
v 0.078379 0.365945 -0.322912
v 0.172642 0.309546 -0.329488
v 0.170673 0.306135 -0.326856
v 0.265621 0.250924 -0.326516
v 0.000000 -0.000452 1.301400
v 0.000000 -0.020657 1.225997
v -0.040055 -0.096344 1.306236
v -0.036420 -0.108550 1.302376
v -0.040055 -0.108550 1.302376
v -0.036420 -0.106119 1.269755
v -0.036420 -0.115973 1.291945
v -0.040055 -0.115973 1.291945
v -0.036420 -0.114760 1.279201
v -0.040055 -0.114760 1.279201
v -0.040055 -0.018505 1.302311
v -0.021659 -0.003964 1.302341
v -0.022382 -0.000452 1.301400
v -0.021659 -0.024168 1.226938
v -0.022382 -0.020657 1.225997
v -0.040055 -0.036746 1.234234
v -0.036420 -0.037444 1.234421
v -0.032096 -0.028056 1.229130
v 0.036420 -0.096344 1.306236
v 0.040055 -0.108550 1.302376
v 0.036420 -0.108550 1.302376
v 0.040055 -0.106119 1.269755
v 0.036420 -0.106119 1.269755
v 0.022382 -0.000452 1.301400
v 0.021659 -0.003964 1.302341
v 0.040055 -0.036746 1.234234
v 0.034878 -0.025369 1.228410
v -0.121943 0.090418 0.965412
v -0.121944 0.090418 0.883686
v -0.121944 0.073471 0.909592
v -0.121944 0.103978 0.874502
v -0.121944 0.080012 0.953443
v -0.121944 0.080012 0.895654
v -0.121943 0.103979 0.974595
v -0.121944 0.073471 0.939506
v -0.121944 0.071240 0.924549
v -0.121943 0.136718 0.982338
v -0.121944 0.119771 0.868729
v -0.121943 0.119771 0.980368
v -0.121944 0.136717 0.866760
v -0.121943 0.209766 0.982338
v -0.121944 0.209766 0.866760
v -0.099002 0.209766 0.844587
v -0.099001 0.209766 1.004511
v -0.099002 0.120559 0.844587
v -0.099001 0.099864 1.001786
v -0.099002 0.099863 0.847311
v -0.099001 0.120559 1.004511
v -0.099002 0.040597 0.924549
v -0.099002 0.043322 0.945244
v -0.099002 0.080578 0.993798
v -0.099002 0.051310 0.884568
v -0.099002 0.051310 0.964530
v -0.099002 0.080578 0.855300
v -0.099002 0.043322 0.903853
v -0.099002 0.064017 0.868007
v -0.099002 0.064018 0.981090
v 0.099002 0.064018 0.981090
v 0.099002 0.064017 0.868007
v 0.099002 0.043322 0.903853
v 0.099002 0.080578 0.855300
v 0.099002 0.051310 0.964530
v 0.099002 0.051310 0.884568
v 0.099001 0.080578 0.993798
v 0.099002 0.043322 0.945244
v 0.099002 0.040597 0.924549
v 0.099001 0.120559 1.004511
v 0.099002 0.099863 0.847311
v 0.099001 0.099864 1.001786
v 0.099002 0.120559 0.844587
v 0.099001 0.209766 1.004511
v 0.099002 0.209766 0.844587
v 0.121944 0.209766 0.866760
v 0.121943 0.209766 0.982338
v 0.121944 0.136717 0.866760
v 0.121943 0.119771 0.980368
v 0.121944 0.119771 0.868729
v 0.121943 0.136718 0.982338
v 0.121944 0.071240 0.924549
v 0.121944 0.073471 0.939506
v 0.121943 0.103979 0.974595
v 0.121944 0.080012 0.895654
v 0.121944 0.080012 0.953443
v 0.121944 0.103978 0.874502
v 0.121944 0.073471 0.909592
v 0.121944 0.090418 0.883686
v 0.121943 0.090418 0.965412
v -0.000000 0.208872 2.130637
v 0.003327 0.207494 2.130637
v 0.004705 0.204167 2.130637
v 0.003327 0.200840 2.130637
v -0.000000 0.199462 2.130637
v -0.003327 0.200840 2.130637
v -0.004705 0.204167 2.130637
v -0.003327 0.207494 2.130637
v -0.000000 0.215529 1.665073
v 0.008034 0.212201 1.665073
v 0.011362 0.204167 1.665073
v 0.008034 0.196133 1.665073
v -0.000000 0.192805 1.665073
v -0.008034 0.196133 1.665073
v -0.011362 0.204167 1.665073
v -0.008034 0.212201 1.665073
v 0.008034 0.212202 2.124469
v -0.000000 0.215530 2.124469
v 0.011362 0.204167 2.124469
v 0.008034 0.196133 2.124469
v -0.000000 0.192805 2.124469
v -0.008034 0.196133 2.124469
v -0.011362 0.204167 2.124469
v -0.008034 0.212202 2.124469
v -0.000000 0.208872 2.228320
v 0.003327 0.207494 2.228320
v 0.004705 0.204167 2.228320
v 0.003327 0.200840 2.228320
v -0.000000 0.199462 2.228320
v -0.003327 0.200840 2.228320
v -0.004705 0.204167 2.228320
v -0.003327 0.207494 2.228320
v 0.529367 -0.103574 0.224321
v 0.529367 -0.111981 0.232728
v 0.529367 -0.111981 0.244616
v 0.529367 -0.103574 0.253023
v 0.529367 -0.091685 0.253023
v 0.529367 -0.083279 0.244617
v 0.529367 -0.083279 0.232728
v 0.529367 -0.091685 0.224321
v 0.532365 -0.071130 0.265172
v 0.532365 -0.060154 0.238672
v 0.532365 -0.071130 0.212173
v 0.532365 -0.097630 0.201196
v 0.532365 -0.124129 0.212173
v 0.532365 -0.135106 0.238672
v 0.532365 -0.124129 0.265171
v 0.532365 -0.097630 0.276148
v 0.529165 -0.110842 0.206775
v 0.529165 -0.129526 0.225460
v 0.529165 -0.129526 0.251884
v 0.529165 -0.110842 0.270569
v 0.529165 -0.084418 0.270569
v 0.529165 -0.065733 0.251884
v 0.529165 -0.065733 0.225460
v 0.529165 -0.084418 0.206775
v 0.536695 -0.112114 0.203705
v -0.505795 -0.091163 0.223060
v -0.505795 -0.082017 0.232205
v -0.505795 -0.082017 0.245139
v -0.505795 -0.091163 0.254284
v -0.505795 -0.104097 0.254284
v -0.505795 -0.113242 0.245139
v -0.505795 -0.113242 0.232205
v -0.505795 -0.104097 0.223060
v -0.501302 -0.083305 0.273255
v -0.501302 -0.063047 0.252997
v -0.501302 -0.063047 0.224347
v -0.501302 -0.083305 0.204089
v -0.501302 -0.111955 0.204089
v -0.501302 -0.132213 0.224347
v -0.501302 -0.132213 0.252997
v -0.501302 -0.111955 0.273255
v -0.505795 -0.109593 0.226709
v -0.505795 -0.114548 0.238672
v -0.505795 -0.109593 0.250635
v -0.505795 -0.097630 0.255590
v -0.505795 -0.085667 0.250635
v -0.505795 -0.080712 0.238672
v -0.505795 -0.085667 0.226709
v -0.505795 -0.097630 0.221754
v -0.495763 -0.103393 0.224759
v -0.495763 -0.111542 0.232909
v -0.495763 -0.111542 0.244435
v -0.495763 -0.103393 0.252585
v -0.495763 -0.091867 0.252585
v -0.495763 -0.083717 0.244435
v -0.495763 -0.083717 0.232909
v -0.495763 -0.091867 0.224759
v -0.506539 -0.097630 0.161302
v -0.496972 -0.097630 0.200780
v -0.494921 -0.097630 0.164794
v -0.496972 -0.070836 0.211879
v -0.506539 -0.042921 0.183963
v -0.494921 -0.045390 0.186432
v -0.496972 -0.059738 0.238672
v -0.506539 -0.020260 0.238672
v -0.494921 -0.023752 0.238672
v -0.496972 -0.070836 0.265466
v -0.506539 -0.042921 0.293381
v -0.494921 -0.045390 0.290912
v -0.496972 -0.097630 0.276564
v -0.506539 -0.097630 0.316042
v -0.494921 -0.097630 0.312550
v -0.496972 -0.124423 0.265466
v -0.506539 -0.152339 0.293381
v -0.494921 -0.149869 0.290912
v -0.496972 -0.135522 0.238672
v -0.506539 -0.175000 0.238672
v -0.494921 -0.171508 0.238672
v -0.496972 -0.124423 0.211879
v -0.506539 -0.152339 0.183963
v -0.494921 -0.149869 0.186433
v -0.491303 -0.097630 0.173236
v -0.491303 -0.051360 0.192402
v -0.491303 -0.032194 0.238672
v -0.491303 -0.051360 0.284942
v -0.491303 -0.097630 0.304108
v -0.491303 -0.143900 0.284942
v -0.491303 -0.163065 0.238672
v -0.491303 -0.143900 0.192402
v -0.491851 -0.060689 0.201732
v -0.491851 -0.097630 0.186430
v -0.491851 -0.045388 0.238672
v -0.491851 -0.060689 0.275612
v -0.491851 -0.097630 0.290914
v -0.491851 -0.134570 0.275612
v -0.491851 -0.149871 0.238672
v -0.491851 -0.134570 0.201732
v -0.496972 -0.097630 0.195670
v -0.496972 -0.067223 0.208265
v -0.496972 -0.054628 0.238672
v -0.496972 -0.067223 0.269079
v -0.496972 -0.097630 0.281674
v -0.496972 -0.128037 0.269079
v -0.496972 -0.140632 0.238672
v -0.496972 -0.128037 0.208265
v -0.504301 -0.097630 0.223120
v -0.504301 -0.086633 0.227675
v -0.504301 -0.082078 0.238672
v -0.504301 -0.086633 0.249669
v -0.504301 -0.097630 0.254224
v -0.504301 -0.108626 0.249669
v -0.504301 -0.113181 0.238672
v -0.504301 -0.108626 0.227675
v -0.504502 -0.097630 0.204108
v -0.504502 -0.073189 0.214231
v -0.504502 -0.063065 0.238672
v -0.504502 -0.073189 0.263113
v -0.504502 -0.097630 0.273237
v -0.504502 -0.122071 0.263113
v -0.504502 -0.132194 0.238672
v -0.504502 -0.122071 0.214231
v -0.495763 -0.097630 0.223596
v -0.495763 -0.086969 0.228012
v -0.495763 -0.082554 0.238672
v -0.495763 -0.086969 0.249333
v -0.495763 -0.097630 0.253748
v -0.495763 -0.108290 0.249333
v -0.495763 -0.112706 0.238672
v -0.495763 -0.108290 0.228012
v -0.506539 -0.068056 0.167274
v -0.494921 -0.069391 0.170496
v -0.491303 -0.072618 0.178287
v -0.506539 -0.026231 0.209098
v -0.494921 -0.029454 0.210433
v -0.491303 -0.037245 0.213660
v -0.506539 -0.026231 0.268246
v -0.494921 -0.029454 0.266911
v -0.491303 -0.037245 0.263684
v -0.506539 -0.068056 0.310070
v -0.494921 -0.069391 0.306848
v -0.491303 -0.072617 0.299057
v -0.506539 -0.127204 0.310070
v -0.494921 -0.125869 0.306848
v -0.491303 -0.122642 0.299057
v -0.506539 -0.169028 0.268246
v -0.494921 -0.165805 0.266911
v -0.491303 -0.158015 0.263684
v -0.506539 -0.169028 0.209098
v -0.494921 -0.165805 0.210433
v -0.491303 -0.158015 0.213660
v -0.506539 -0.127204 0.167274
v -0.494921 -0.125869 0.170496
v -0.491303 -0.122642 0.178287
v -0.491851 -0.077661 0.190463
v -0.491851 -0.049420 0.218703
v -0.491851 -0.049420 0.258641
v -0.491851 -0.077661 0.286881
v -0.491851 -0.117599 0.286881
v -0.491851 -0.145839 0.258641
v -0.491851 -0.145839 0.218703
v -0.491851 -0.117599 0.190463
v -0.496972 -0.081193 0.198989
v -0.496972 -0.057947 0.222235
v -0.496972 -0.057947 0.255109
v -0.496972 -0.081193 0.278355
v -0.496972 -0.114067 0.278355
v -0.496972 -0.137313 0.255109
v -0.496972 -0.137313 0.222235
v -0.496972 -0.114067 0.198989
v -0.496972 -0.083146 0.203705
v -0.496972 -0.062663 0.224188
v -0.496972 -0.062663 0.253156
v -0.496972 -0.083146 0.273639
v -0.496972 -0.112114 0.273639
v -0.496972 -0.132597 0.253156
v -0.496972 -0.132597 0.224188
v -0.496972 -0.112114 0.203705
v -0.504502 -0.084418 0.206775
v -0.504502 -0.065733 0.225460
v -0.504502 -0.065733 0.251884
v -0.504502 -0.084418 0.270569
v -0.504502 -0.110842 0.270569
v -0.504502 -0.129526 0.251884
v -0.504502 -0.129526 0.225460
v -0.504502 -0.110842 0.206775
v -0.501302 -0.097630 0.276148
v -0.501302 -0.124129 0.265171
v 0.536695 -0.132597 0.224188
v 0.536695 -0.132597 0.253156
v 0.536695 -0.112114 0.273639
v 0.536695 -0.083146 0.273639
v 0.536695 -0.062663 0.253156
v 0.536695 -0.062663 0.224188
v 0.536695 -0.083146 0.203705
v 0.536695 -0.114067 0.198989
v 0.536695 -0.137313 0.222235
v 0.536695 -0.137313 0.255109
v 0.536695 -0.114067 0.278355
v 0.536695 -0.081193 0.278355
v 0.536695 -0.057947 0.255109
v 0.536695 -0.057947 0.222235
v 0.536695 -0.081193 0.198989
v 0.541816 -0.117599 0.190463
v 0.541816 -0.145839 0.218703
v 0.541816 -0.145839 0.258641
v 0.541816 -0.117599 0.286881
v 0.541816 -0.077661 0.286881
v 0.541816 -0.049420 0.258641
v 0.541816 -0.049420 0.218703
v 0.541816 -0.077661 0.190463
v -0.501302 -0.135106 0.238672
v -0.501302 -0.124129 0.212173
v -0.501302 -0.097630 0.201196
v -0.501302 -0.071130 0.212173
v -0.501302 -0.060154 0.238672
v -0.501302 -0.071130 0.265172
v -0.504301 -0.091685 0.224321
v -0.504301 -0.083279 0.232728
v -0.504301 -0.083279 0.244617
v -0.504301 -0.091685 0.253023
v -0.504301 -0.103574 0.253023
v -0.504301 -0.111981 0.244616
v -0.504301 -0.111981 0.232728
v -0.504301 -0.103574 0.224321
v -0.527873 -0.091163 0.223060
v -0.527873 -0.082017 0.232205
v -0.527873 -0.082017 0.245139
v -0.527873 -0.091163 0.254284
v -0.527873 -0.104097 0.254284
v -0.527873 -0.113242 0.245139
v -0.527873 -0.113242 0.232205
v -0.527873 -0.104097 0.223060
v -0.532365 -0.083305 0.273255
v -0.532365 -0.063047 0.252997
v -0.532365 -0.063047 0.224347
v -0.532365 -0.083305 0.204089
v -0.532365 -0.111955 0.204089
v -0.532365 -0.132213 0.224347
v -0.532365 -0.132213 0.252997
v -0.532365 -0.111955 0.273255
v -0.527873 -0.109593 0.226709
v -0.527873 -0.114548 0.238672
v -0.527873 -0.109593 0.250635
v -0.527873 -0.097630 0.255590
v -0.527873 -0.085667 0.250635
v -0.527873 -0.080712 0.238672
v -0.527873 -0.085667 0.226709
v -0.527873 -0.097630 0.221754
v -0.537904 -0.103393 0.224759
v -0.537904 -0.111542 0.232909
v -0.537904 -0.111542 0.244435
v -0.537904 -0.103393 0.252585
v -0.537904 -0.091867 0.252585
v -0.537904 -0.083717 0.244435
v -0.537904 -0.083717 0.232909
v -0.537904 -0.091867 0.224759
v -0.527128 -0.097630 0.161302
v -0.536695 -0.097630 0.200780
v -0.538746 -0.097630 0.164794
v -0.536695 -0.070836 0.211879
v -0.527128 -0.042921 0.183963
v -0.538746 -0.045390 0.186432
v -0.536695 -0.059738 0.238672
v -0.527128 -0.020260 0.238672
v -0.538746 -0.023752 0.238672
v -0.536695 -0.070836 0.265466
v -0.527128 -0.042921 0.293381
v -0.538746 -0.045390 0.290912
v -0.536695 -0.097630 0.276564
v -0.527128 -0.097630 0.316042
v -0.538746 -0.097630 0.312550
v -0.536695 -0.124423 0.265466
v -0.527128 -0.152339 0.293381
v -0.538746 -0.149869 0.290912
v -0.536695 -0.135522 0.238672
v -0.527128 -0.175000 0.238672
v -0.538746 -0.171508 0.238672
v -0.536695 -0.124423 0.211879
v -0.527128 -0.152339 0.183963
v -0.538746 -0.149869 0.186433
v -0.542364 -0.097630 0.173236
v -0.542364 -0.051360 0.192402
v -0.542364 -0.032194 0.238672
v -0.542364 -0.051360 0.284942
v -0.542364 -0.097630 0.304108
v -0.542364 -0.143900 0.284942
v -0.542364 -0.163065 0.238672
v -0.542364 -0.143900 0.192402
v -0.541816 -0.060689 0.201732
v -0.541816 -0.097630 0.186430
v -0.541816 -0.045388 0.238672
v -0.541816 -0.060689 0.275612
v -0.541816 -0.097630 0.290914
v -0.541816 -0.134570 0.275612
v -0.541816 -0.149871 0.238672
v -0.541816 -0.134570 0.201732
v -0.536695 -0.097630 0.195670
v -0.536695 -0.067223 0.208265
v -0.536695 -0.054628 0.238672
v -0.536695 -0.067223 0.269079
v -0.536695 -0.097630 0.281674
v -0.536695 -0.128037 0.269079
v -0.536695 -0.140632 0.238672
v -0.536695 -0.128037 0.208265
v -0.529367 -0.097630 0.223120
v -0.529367 -0.086633 0.227675
v -0.529367 -0.082078 0.238672
v -0.529367 -0.086633 0.249669
v -0.529367 -0.097630 0.254224
v -0.529367 -0.108626 0.249669
v -0.529367 -0.113181 0.238672
v -0.529367 -0.108626 0.227675
v -0.529165 -0.097630 0.204108
v -0.529165 -0.073189 0.214231
v -0.529165 -0.063065 0.238672
v -0.529165 -0.073189 0.263113
v -0.529165 -0.097630 0.273237
v -0.529165 -0.122071 0.263113
v -0.529165 -0.132194 0.238672
v -0.529165 -0.122071 0.214231
v -0.537904 -0.097630 0.223596
v -0.537904 -0.086969 0.228012
v -0.537904 -0.082554 0.238672
v -0.537904 -0.086969 0.249333
v -0.537904 -0.097630 0.253748
v -0.537904 -0.108290 0.249333
v -0.537904 -0.112706 0.238672
v -0.537904 -0.108290 0.228012
v -0.527128 -0.068056 0.167274
v -0.538746 -0.069391 0.170496
v -0.542364 -0.072618 0.178287
v -0.527128 -0.026231 0.209098
v -0.538746 -0.029454 0.210433
v -0.542364 -0.037245 0.213660
v -0.527128 -0.026231 0.268246
v -0.538746 -0.029454 0.266911
v -0.542364 -0.037245 0.263684
v -0.527128 -0.068056 0.310070
v -0.538746 -0.069391 0.306848
v -0.542364 -0.072617 0.299057
v -0.527128 -0.127204 0.310070
v -0.538746 -0.125869 0.306848
v -0.542364 -0.122642 0.299057
v -0.527128 -0.169028 0.268246
v -0.538746 -0.165805 0.266911
v -0.542364 -0.158015 0.263684
v -0.527128 -0.169028 0.209098
v -0.538746 -0.165805 0.210433
v -0.542364 -0.158015 0.213660
v -0.527128 -0.127204 0.167274
v -0.538746 -0.125869 0.170496
v -0.542364 -0.122642 0.178287
v -0.541816 -0.077661 0.190463
v -0.541816 -0.049420 0.218703
v -0.541816 -0.049420 0.258641
v -0.541816 -0.077661 0.286881
v -0.541816 -0.117599 0.286881
v -0.541816 -0.145839 0.258641
v -0.541816 -0.145839 0.218703
v -0.541816 -0.117599 0.190463
v -0.536695 -0.081193 0.198989
v -0.536695 -0.057947 0.222235
v -0.536695 -0.057947 0.255109
v -0.536695 -0.081193 0.278355
v -0.536695 -0.114067 0.278355
v -0.536695 -0.137313 0.255109
v -0.536695 -0.137313 0.222235
v -0.536695 -0.114067 0.198989
v -0.536695 -0.083146 0.203705
v -0.536695 -0.062663 0.224188
v -0.536695 -0.062663 0.253156
v -0.536695 -0.083146 0.273639
v -0.536695 -0.112114 0.273639
v -0.536695 -0.132597 0.253156
v -0.536695 -0.132597 0.224188
v -0.536695 -0.112114 0.203705
v -0.529165 -0.084418 0.206775
v -0.529165 -0.065733 0.225460
v -0.529165 -0.065733 0.251884
v -0.529165 -0.084418 0.270569
v -0.529165 -0.110842 0.270569
v -0.529165 -0.129526 0.251884
v -0.529165 -0.129526 0.225460
v -0.529165 -0.110842 0.206775
v -0.532365 -0.097630 0.276148
v -0.532365 -0.124129 0.265171
v -0.532365 -0.135106 0.238672
v -0.532365 -0.124129 0.212173
v -0.532365 -0.097630 0.201196
v -0.532365 -0.071130 0.212173
v -0.532365 -0.060154 0.238672
v -0.532365 -0.071130 0.265172
v -0.529367 -0.091685 0.224321
v -0.529367 -0.083279 0.232728
v -0.529367 -0.083279 0.244617
v -0.529367 -0.091685 0.253023
v -0.529367 -0.103574 0.253023
v -0.529367 -0.111981 0.244616
v -0.529367 -0.111981 0.232728
v -0.529367 -0.103574 0.224321
v -0.012532 -0.103574 1.272677
v -0.012532 -0.111981 1.281084
v -0.012532 -0.111981 1.292973
v -0.012532 -0.103574 1.301379
v -0.012532 -0.091685 1.301379
v -0.012532 -0.083278 1.292973
v -0.012532 -0.083278 1.281084
v -0.012532 -0.091685 1.272677
v -0.015530 -0.071130 1.313528
v -0.015530 -0.060154 1.287028
v -0.015530 -0.071130 1.260529
v -0.015530 -0.097630 1.249552
v -0.015530 -0.124129 1.260529
v -0.015530 -0.135105 1.287028
v -0.015530 -0.124129 1.313527
v -0.015530 -0.097630 1.324504
v -0.012330 -0.110842 1.255131
v -0.012330 -0.129526 1.273816
v -0.012330 -0.129526 1.300240
v -0.012330 -0.110842 1.318925
v -0.012330 -0.084418 1.318925
v -0.012330 -0.065733 1.300240
v -0.012330 -0.065733 1.273816
v -0.012330 -0.084418 1.255131
v -0.019860 -0.112113 1.252061
v -0.019860 -0.132597 1.272544
v -0.019860 -0.132597 1.301512
v -0.019860 -0.112113 1.321995
v -0.019860 -0.083146 1.321995
v -0.019860 -0.062662 1.301512
v -0.019860 -0.062662 1.272544
v -0.019860 -0.083146 1.252061
v -0.019860 -0.114067 1.247345
v -0.019860 -0.137312 1.270591
v -0.019860 -0.137312 1.303465
v -0.019860 -0.114067 1.326711
v -0.019860 -0.081192 1.326711
v -0.019860 -0.057947 1.303465
v -0.019860 -0.057947 1.270591
v -0.019860 -0.081192 1.247345
v -0.024981 -0.117599 1.238819
v -0.024981 -0.145839 1.267059
v -0.024981 -0.145839 1.306997
v -0.024981 -0.117599 1.335238
v -0.024981 -0.077661 1.335238
v -0.024981 -0.049420 1.306997
v -0.024981 -0.049420 1.267059
v -0.024981 -0.077661 1.238819
v -0.025529 -0.122642 1.226643
v -0.021912 -0.125869 1.218852
v -0.010293 -0.127204 1.215630
v -0.025529 -0.158015 1.262016
v -0.021912 -0.165805 1.258789
v -0.010293 -0.169028 1.257454
v -0.025529 -0.158015 1.312040
v -0.021912 -0.165805 1.315267
v -0.010293 -0.169028 1.316602
v -0.025529 -0.122642 1.347413
v -0.021912 -0.125869 1.355204
v -0.010293 -0.127204 1.358426
v -0.025529 -0.072617 1.347413
v -0.021912 -0.069390 1.355204
v -0.010293 -0.068055 1.358426
v -0.025529 -0.037245 1.312040
v -0.021912 -0.029454 1.315267
v -0.010293 -0.026231 1.316602
v -0.025529 -0.037245 1.262016
v -0.021912 -0.029454 1.258789
v -0.010293 -0.026231 1.257454
v -0.025529 -0.072617 1.226643
v -0.021912 -0.069390 1.218852
v -0.010293 -0.068055 1.215630
v -0.021069 -0.108290 1.276368
v -0.021069 -0.112706 1.287028
v -0.021069 -0.108290 1.297689
v -0.021069 -0.097630 1.302104
v -0.021069 -0.086969 1.297689
v -0.021069 -0.082553 1.287028
v -0.021069 -0.086969 1.276368
v -0.021069 -0.097630 1.271952
v -0.012330 -0.122070 1.262587
v -0.012330 -0.132194 1.287028
v -0.012330 -0.122070 1.311469
v -0.012330 -0.097630 1.321593
v -0.012330 -0.073189 1.311469
v -0.012330 -0.063065 1.287028
v -0.012330 -0.073189 1.262587
v -0.012330 -0.097630 1.252464
v -0.012532 -0.108626 1.276031
v -0.012532 -0.113181 1.287028
v -0.012532 -0.108626 1.298025
v -0.012532 -0.097630 1.302580
v -0.012532 -0.086633 1.298025
v -0.012532 -0.082078 1.287028
v -0.012532 -0.086633 1.276031
v -0.012532 -0.097630 1.271477
v -0.019860 -0.128037 1.256621
v -0.019860 -0.140632 1.287028
v -0.019860 -0.128037 1.317435
v -0.019860 -0.097630 1.330030
v -0.019860 -0.067223 1.317435
v -0.019860 -0.054628 1.287028
v -0.019860 -0.067223 1.256621
v -0.019860 -0.097630 1.244026
v -0.024981 -0.134570 1.250088
v -0.024981 -0.149871 1.287028
v -0.024981 -0.134570 1.323969
v -0.024981 -0.097630 1.339270
v -0.024981 -0.060689 1.323969
v -0.024981 -0.045388 1.287028
v -0.024981 -0.097630 1.234787
v -0.024981 -0.060689 1.250088
v -0.025529 -0.143900 1.240758
v -0.025529 -0.163065 1.287028
v -0.025529 -0.143900 1.333298
v -0.025529 -0.097630 1.352464
v -0.025529 -0.051360 1.333298
v -0.025529 -0.032194 1.287028
v -0.025529 -0.051360 1.240758
v -0.025529 -0.097630 1.221592
v -0.021912 -0.149869 1.234789
v -0.010293 -0.152339 1.232319
v -0.019860 -0.124423 1.260235
v -0.021912 -0.171507 1.287028
v -0.010293 -0.175000 1.287028
v -0.019860 -0.135521 1.287028
v -0.021912 -0.149869 1.339268
v -0.010293 -0.152339 1.341737
v -0.019860 -0.124423 1.313822
v -0.021912 -0.097630 1.360906
v 0.542364 -0.122642 0.178287
v -0.010293 -0.097630 1.364398
v -0.019860 -0.097630 1.324920
v -0.021912 -0.045390 1.339268
v -0.010293 -0.042921 1.341737
v -0.019860 -0.070836 1.313822
v -0.021912 -0.023752 1.287028
v -0.010293 -0.020259 1.287028
v -0.019860 -0.059738 1.287028
v -0.021912 -0.045390 1.234789
v -0.010293 -0.042921 1.232319
v -0.019860 -0.070836 1.260235
v -0.021912 -0.097630 1.213150
v -0.019860 -0.097630 1.249136
v -0.010293 -0.097630 1.209658
v -0.021069 -0.091867 1.273116
v -0.021069 -0.083717 1.281265
v -0.021069 -0.083717 1.292791
v -0.021069 -0.091867 1.300941
v -0.021069 -0.103392 1.300941
v -0.021069 -0.111542 1.292791
v -0.021069 -0.111542 1.281265
v -0.021069 -0.103392 1.273116
v -0.011038 -0.097630 1.270110
v -0.011038 -0.085667 1.275065
v -0.011038 -0.080711 1.287028
v -0.011038 -0.085667 1.298991
v -0.011038 -0.097630 1.303946
v -0.011038 -0.109593 1.298991
v -0.011038 -0.114548 1.287028
v -0.011038 -0.109593 1.275065
v -0.015530 -0.111954 1.321611
v -0.015530 -0.132213 1.301353
v -0.015530 -0.132213 1.272703
v -0.015530 -0.111954 1.252445
v -0.015530 -0.083305 1.252445
v -0.015530 -0.063046 1.272703
v -0.015530 -0.063046 1.301353
v -0.015530 -0.083305 1.321611
v -0.011038 -0.104096 1.271416
v -0.011038 -0.113242 1.280561
v -0.011038 -0.113242 1.293495
v -0.011038 -0.104096 1.302640
v -0.011038 -0.091163 1.302640
v -0.011038 -0.082017 1.293495
v -0.011038 -0.082017 1.280561
v -0.011038 -0.091163 1.271416
v 0.012534 -0.103574 1.272677
v 0.012534 -0.111981 1.281084
v 0.012534 -0.111981 1.292973
v 0.012534 -0.103574 1.301379
v 0.012534 -0.091685 1.301379
v 0.012534 -0.083278 1.292973
v 0.012534 -0.083278 1.281084
v 0.012534 -0.091685 1.272677
v 0.015533 -0.071130 1.313528
v 0.015533 -0.060154 1.287028
v 0.015533 -0.071130 1.260529
v 0.015533 -0.097630 1.249552
v 0.015533 -0.124129 1.260529
v 0.015533 -0.135105 1.287028
v 0.015533 -0.124129 1.313527
v 0.015533 -0.097630 1.324504
v 0.012333 -0.110842 1.255131
v 0.012333 -0.129526 1.273816
v 0.012333 -0.129526 1.300240
v 0.012333 -0.110842 1.318925
v 0.012333 -0.084418 1.318925
v 0.012333 -0.065733 1.300240
v 0.012333 -0.065733 1.273816
v 0.012333 -0.084418 1.255131
v 0.019862 -0.112113 1.252061
v 0.019862 -0.132597 1.272544
v 0.019862 -0.132597 1.301512
v 0.019862 -0.112113 1.321995
v 0.019862 -0.083146 1.321995
v 0.019862 -0.062662 1.301512
v 0.019862 -0.062662 1.272544
v 0.019862 -0.083146 1.252061
v 0.019862 -0.114067 1.247345
v 0.019862 -0.137312 1.270591
v 0.019862 -0.137312 1.303465
v 0.019862 -0.114067 1.326711
v 0.019862 -0.081192 1.326711
v 0.019862 -0.057947 1.303465
v 0.019862 -0.057947 1.270591
v 0.019862 -0.081192 1.247345
v 0.024984 -0.117599 1.238819
v 0.024984 -0.145839 1.267059
v 0.024984 -0.145839 1.306997
v 0.024984 -0.117599 1.335238
v 0.024984 -0.077661 1.335238
v 0.024984 -0.049420 1.306997
v 0.024984 -0.049420 1.267059
v 0.024984 -0.077661 1.238819
v 0.025532 -0.122642 1.226643
v 0.021914 -0.125869 1.218852
v 0.010296 -0.127204 1.215630
v 0.025532 -0.158015 1.262016
v 0.021914 -0.165805 1.258789
v 0.010296 -0.169028 1.257454
v 0.025532 -0.158015 1.312040
v 0.021914 -0.165805 1.315267
v 0.010296 -0.169028 1.316602
v 0.025532 -0.122642 1.347413
v 0.021914 -0.125869 1.355204
v 0.010296 -0.127204 1.358426
v 0.025532 -0.072617 1.347413
v 0.021914 -0.069390 1.355204
v 0.010296 -0.068055 1.358426
v 0.025532 -0.037245 1.312040
v 0.021914 -0.029454 1.315267
v 0.010296 -0.026231 1.316602
v 0.025532 -0.037245 1.262016
v 0.021914 -0.029454 1.258789
v 0.010296 -0.026231 1.257454
v 0.025532 -0.072617 1.226643
v 0.021914 -0.069390 1.218852
v 0.010296 -0.068055 1.215630
v 0.021071 -0.108290 1.276368
v 0.021071 -0.112706 1.287028
v 0.021071 -0.108290 1.297689
v 0.021071 -0.097630 1.302104
v 0.021071 -0.086969 1.297689
v 0.021071 -0.082553 1.287028
v 0.021071 -0.086969 1.276368
v 0.021071 -0.097630 1.271952
v 0.012333 -0.122070 1.262587
v 0.012333 -0.132194 1.287028
v 0.012333 -0.122070 1.311469
v 0.012333 -0.097630 1.321593
v 0.012333 -0.073189 1.311469
v 0.012333 -0.063065 1.287028
v 0.012333 -0.073189 1.262587
v 0.012333 -0.097630 1.252464
v 0.012534 -0.108626 1.276031
v 0.012534 -0.113181 1.287028
v 0.012534 -0.108626 1.298025
v 0.012534 -0.097630 1.302580
v 0.012534 -0.086633 1.298025
v 0.012534 -0.082078 1.287028
v 0.012534 -0.086633 1.276031
v 0.012534 -0.097630 1.271477
v 0.019862 -0.128037 1.256621
v 0.019862 -0.140632 1.287028
v 0.019862 -0.128037 1.317435
v 0.019862 -0.097630 1.330030
v 0.019862 -0.067223 1.317435
v 0.019862 -0.054628 1.287028
v 0.019862 -0.067223 1.256621
v 0.019862 -0.097630 1.244026
v 0.024984 -0.134570 1.250088
v 0.024984 -0.149871 1.287028
v 0.024984 -0.134570 1.323969
v 0.024984 -0.097630 1.339270
v 0.024984 -0.060689 1.323969
v 0.024984 -0.045388 1.287028
v 0.024984 -0.097630 1.234787
v 0.024984 -0.060689 1.250088
v 0.025532 -0.143900 1.240758
v 0.025532 -0.163065 1.287028
v 0.538746 -0.125869 0.170496
v 0.527128 -0.127204 0.167274
v 0.542364 -0.158015 0.213660
v 0.538746 -0.165805 0.210433
v 0.527128 -0.169028 0.209098
v 0.542364 -0.158015 0.263684
v 0.538746 -0.165805 0.266911
v 0.527128 -0.169028 0.268246
v 0.542364 -0.122642 0.299057
v 0.538746 -0.125869 0.306848
v 0.527128 -0.127204 0.310070
v 0.542364 -0.072617 0.299057
v 0.538746 -0.069391 0.306848
v 0.527128 -0.068056 0.310070
v 0.542364 -0.037245 0.263684
v 0.538746 -0.029454 0.266911
v 0.527128 -0.026231 0.268246
v 0.542364 -0.037245 0.213660
v 0.538746 -0.029454 0.210433
v 0.527128 -0.026231 0.209098
v 0.542364 -0.072618 0.178287
v 0.538746 -0.069391 0.170496
v 0.527128 -0.068056 0.167274
v 0.537904 -0.108290 0.228012
v 0.537904 -0.112706 0.238672
v 0.537904 -0.108290 0.249333
v 0.537904 -0.097630 0.253748
v 0.537904 -0.086969 0.249333
v 0.537904 -0.082554 0.238672
v 0.537904 -0.086969 0.228012
v 0.537904 -0.097630 0.223596
v 0.529165 -0.122071 0.214231
v 0.529165 -0.132194 0.238672
v 0.529165 -0.122071 0.263113
v 0.529165 -0.097630 0.273237
v 0.529165 -0.073189 0.263113
v 0.529165 -0.063065 0.238672
v 0.529165 -0.073189 0.214231
v 0.529165 -0.097630 0.204108
v 0.529367 -0.108626 0.227675
v 0.529367 -0.113181 0.238672
v 0.529367 -0.108626 0.249669
v 0.529367 -0.097630 0.254224
v 0.529367 -0.086633 0.249669
v 0.529367 -0.082078 0.238672
v 0.529367 -0.086633 0.227675
v 0.529367 -0.097630 0.223120
v 0.536695 -0.128037 0.208265
v 0.536695 -0.140632 0.238672
v 0.536695 -0.128037 0.269079
v 0.536695 -0.097630 0.281674
v 0.536695 -0.067223 0.269079
v 0.536695 -0.054628 0.238672
v 0.536695 -0.067223 0.208265
v 0.536695 -0.097630 0.195670
v 0.541816 -0.134570 0.201732
v 0.541816 -0.149871 0.238672
v 0.541816 -0.134570 0.275612
v 0.541816 -0.097630 0.290914
v 0.541816 -0.060689 0.275612
v 0.541816 -0.045388 0.238672
v 0.541816 -0.097630 0.186430
v 0.541816 -0.060689 0.201732
v 0.542364 -0.143900 0.192402
v 0.542364 -0.163065 0.238672
v 0.542364 -0.143900 0.284942
v 0.542364 -0.097630 0.304108
v 0.542364 -0.051360 0.284942
v 0.542364 -0.032194 0.238672
v 0.542364 -0.051360 0.192402
v 0.542364 -0.097630 0.173236
v 0.538746 -0.149869 0.186433
v 0.527128 -0.152339 0.183963
v 0.536695 -0.124423 0.211879
v 0.538746 -0.171508 0.238672
v 0.527128 -0.175000 0.238672
v 0.536695 -0.135522 0.238672
v 0.538746 -0.149869 0.290912
v 0.527128 -0.152339 0.293381
v 0.536695 -0.124423 0.265466
v 0.538746 -0.097630 0.312550
v 0.527128 -0.097630 0.316042
v 0.536695 -0.097630 0.276564
v 0.538746 -0.045390 0.290912
v 0.527128 -0.042921 0.293381
v 0.536695 -0.070836 0.265466
v 0.538746 -0.023752 0.238672
v 0.527128 -0.020260 0.238672
v 0.536695 -0.059738 0.238672
v 0.538746 -0.045390 0.186432
v 0.527128 -0.042921 0.183963
v 0.536695 -0.070836 0.211879
v 0.538746 -0.097630 0.164794
v 0.536695 -0.097630 0.200780
v 0.527128 -0.097630 0.161302
v 0.537904 -0.091867 0.224759
v 0.537904 -0.083717 0.232909
v 0.537904 -0.083717 0.244435
v 0.537904 -0.091867 0.252585
v 0.537904 -0.103393 0.252585
v 0.537904 -0.111542 0.244435
v 0.537904 -0.111542 0.232909
v 0.537904 -0.103393 0.224759
v 0.527873 -0.097630 0.221754
v 0.527873 -0.085667 0.226709
v 0.527873 -0.080712 0.238672
v 0.527873 -0.085667 0.250635
v 0.527873 -0.097630 0.255590
v 0.527873 -0.109593 0.250635
v 0.527873 -0.114548 0.238672
v 0.527873 -0.109593 0.226709
v 0.532365 -0.111955 0.273255
v 0.532365 -0.132213 0.252997
v 0.532365 -0.132213 0.224347
v 0.532365 -0.111955 0.204089
v 0.532365 -0.083305 0.204089
v 0.532365 -0.063047 0.224347
v 0.532365 -0.063047 0.252997
v 0.532365 -0.083305 0.273255
v 0.527873 -0.104097 0.223060
v 0.527873 -0.113242 0.232205
v 0.527873 -0.113242 0.245139
v 0.527873 -0.104097 0.254284
v 0.527873 -0.091163 0.254284
v 0.527873 -0.082017 0.245139
v 0.527873 -0.082017 0.232205
v 0.527873 -0.091163 0.223060
v 0.025532 -0.143900 1.333298
v 0.025532 -0.097630 1.352464
v 0.025532 -0.051360 1.333298
v 0.025532 -0.032194 1.287028
v 0.025532 -0.051360 1.240758
v 0.025532 -0.097630 1.221592
v 0.021914 -0.149869 1.234789
v 0.010296 -0.152339 1.232319
v 0.019862 -0.124423 1.260235
v 0.021914 -0.171508 1.287028
v 0.010296 -0.175000 1.287028
v 0.019862 -0.135521 1.287028
v 0.021914 -0.149869 1.339268
v 0.010296 -0.152339 1.341737
v 0.019862 -0.124423 1.313822
v 0.021914 -0.097630 1.360906
v 0.010296 -0.097630 1.364398
v 0.019862 -0.097630 1.324920
v 0.021914 -0.045390 1.339268
v 0.010296 -0.042921 1.341737
v 0.019862 -0.070836 1.313822
v 0.021914 -0.023752 1.287028
v 0.010296 -0.020259 1.287028
v 0.019862 -0.059738 1.287028
v 0.021914 -0.045390 1.234789
v 0.010296 -0.042921 1.232319
v 0.019862 -0.070836 1.260235
v 0.021914 -0.097630 1.213150
v 0.019862 -0.097630 1.249136
v 0.010296 -0.097630 1.209658
v 0.021071 -0.091867 1.273116
v 0.021071 -0.083717 1.281265
v 0.021071 -0.083717 1.292791
v 0.021071 -0.091867 1.300941
v 0.021071 -0.103392 1.300941
v 0.021071 -0.111542 1.292791
v 0.021071 -0.111542 1.281265
v 0.021071 -0.103392 1.273116
v 0.011040 -0.097630 1.270110
v 0.011040 -0.085667 1.275065
v 0.011040 -0.080711 1.287028
v 0.011040 -0.085667 1.298991
v 0.011040 -0.097630 1.303946
v 0.011040 -0.109593 1.298991
v 0.011040 -0.114548 1.287028
v 0.011040 -0.109593 1.275065
v 0.015533 -0.111954 1.321611
v 0.015533 -0.132213 1.301353
v 0.015533 -0.132213 1.272703
v 0.015533 -0.111954 1.252445
v 0.015533 -0.083305 1.252445
v 0.015533 -0.063046 1.272703
v 0.015533 -0.063046 1.301353
v 0.015533 -0.083305 1.321611
v 0.011040 -0.104096 1.271416
v 0.011040 -0.113242 1.280561
v 0.011040 -0.113242 1.293495
v 0.011040 -0.104096 1.302640
v 0.011040 -0.091163 1.302640
v 0.011040 -0.082017 1.293495
v 0.011040 -0.082017 1.280561
v 0.011040 -0.091163 1.271416
v 0.504301 -0.103574 0.224321
v 0.504301 -0.111981 0.232728
v 0.504301 -0.111981 0.244616
v 0.504301 -0.103574 0.253023
v 0.504301 -0.091685 0.253023
v 0.504301 -0.083279 0.244617
v 0.504301 -0.083279 0.232728
v 0.504301 -0.091685 0.224321
v 0.501302 -0.071130 0.265172
v 0.501302 -0.060154 0.238672
v 0.501302 -0.071130 0.212173
v 0.501302 -0.097630 0.201196
v 0.501302 -0.124129 0.212173
v 0.501302 -0.135106 0.238672
v 0.501302 -0.124129 0.265171
v 0.501302 -0.097630 0.276148
v 0.504502 -0.110842 0.206775
v 0.504502 -0.129526 0.225460
v 0.504502 -0.129526 0.251884
v 0.504502 -0.110842 0.270569
v 0.504502 -0.084418 0.270569
v 0.504502 -0.065733 0.251884
v 0.504502 -0.065733 0.225460
v 0.504502 -0.084418 0.206775
v 0.496972 -0.112114 0.203705
v 0.496972 -0.132597 0.224188
v 0.496972 -0.132597 0.253156
v 0.496972 -0.112114 0.273639
v 0.496972 -0.083146 0.273639
v 0.496972 -0.062663 0.253156
v 0.496972 -0.062663 0.224188
v 0.496972 -0.083146 0.203705
v 0.496972 -0.114067 0.198989
v 0.496972 -0.137313 0.222235
v 0.496972 -0.137313 0.255109
v 0.496972 -0.114067 0.278355
v 0.496972 -0.081193 0.278355
v 0.496972 -0.057947 0.255109
v 0.496972 -0.057947 0.222235
v 0.496972 -0.081193 0.198989
v 0.491851 -0.117599 0.190463
v 0.491851 -0.145839 0.218703
v 0.491851 -0.145839 0.258641
v 0.491851 -0.117599 0.286881
v 0.491851 -0.077661 0.286881
v 0.491851 -0.049420 0.258641
v 0.491851 -0.049420 0.218703
v 0.491851 -0.077661 0.190463
v 0.491303 -0.122642 0.178287
v 0.494921 -0.125869 0.170496
v 0.506539 -0.127204 0.167274
v 0.491303 -0.158015 0.213660
v 0.494921 -0.165805 0.210433
v 0.506539 -0.169028 0.209098
v 0.491303 -0.158015 0.263684
v 0.494921 -0.165805 0.266911
v 0.506539 -0.169028 0.268246
v 0.491303 -0.122642 0.299057
v 0.494921 -0.125869 0.306848
v 0.506539 -0.127204 0.310070
v 0.491303 -0.072617 0.299057
v 0.494921 -0.069391 0.306848
v 0.506539 -0.068056 0.310070
v 0.491303 -0.037245 0.263684
v 0.494921 -0.029454 0.266911
v 0.506539 -0.026231 0.268246
v 0.491303 -0.037245 0.213660
v 0.494921 -0.029454 0.210433
v 0.506539 -0.026231 0.209098
v 0.491303 -0.072618 0.178287
v 0.494921 -0.069391 0.170496
v 0.506539 -0.068056 0.167274
v 0.495763 -0.108290 0.228012
v 0.495763 -0.112706 0.238672
v 0.495763 -0.108290 0.249333
v 0.495763 -0.097630 0.253748
v 0.495763 -0.086969 0.249333
v 0.495763 -0.082554 0.238672
v 0.495763 -0.086969 0.228012
v 0.495763 -0.097630 0.223596
v 0.504502 -0.122071 0.214231
v 0.504502 -0.132194 0.238672
v 0.504502 -0.122071 0.263113
v 0.504502 -0.097630 0.273237
v 0.504502 -0.073189 0.263113
v 0.504502 -0.063065 0.238672
v 0.504502 -0.073189 0.214231
v 0.504502 -0.097630 0.204108
v 0.504301 -0.108626 0.227675
v 0.504301 -0.113181 0.238672
v 0.504301 -0.108626 0.249669
v 0.504301 -0.097630 0.254224
v 0.504301 -0.086633 0.249669
v 0.504301 -0.082078 0.238672
v 0.504301 -0.086633 0.227675
v 0.504301 -0.097630 0.223120
v 0.496972 -0.128037 0.208265
v 0.496972 -0.140632 0.238672
v 0.496972 -0.128037 0.269079
v 0.496972 -0.097630 0.281674
v 0.496972 -0.067223 0.269079
v 0.496972 -0.054628 0.238672
v 0.496972 -0.067223 0.208265
v 0.496972 -0.097630 0.195670
v 0.491851 -0.134570 0.201732
v 0.491851 -0.149871 0.238672
v 0.491851 -0.134570 0.275612
v 0.491851 -0.097630 0.290914
v 0.491851 -0.060689 0.275612
v 0.491851 -0.045388 0.238672
v 0.491851 -0.097630 0.186430
v 0.491851 -0.060689 0.201732
v 0.491303 -0.143900 0.192402
v 0.491303 -0.163065 0.238672
v 0.491303 -0.143900 0.284942
v 0.491303 -0.097630 0.304108
v 0.491303 -0.051360 0.284942
v 0.491303 -0.032194 0.238672
v 0.491303 -0.051360 0.192402
v 0.491303 -0.097630 0.173236
v 0.494921 -0.149869 0.186433
v 0.506539 -0.152339 0.183963
v 0.496972 -0.124423 0.211879
v 0.494921 -0.171508 0.238672
v 0.506539 -0.175000 0.238672
v 0.496972 -0.135522 0.238672
v 0.494921 -0.149869 0.290912
v 0.506539 -0.152339 0.293381
v 0.496972 -0.124423 0.265466
v 0.494921 -0.097630 0.312550
v 0.506539 -0.097630 0.316042
v 0.496972 -0.097630 0.276564
v 0.494921 -0.045390 0.290912
v 0.506539 -0.042921 0.293381
v 0.496972 -0.070836 0.265466
v 0.494921 -0.023752 0.238672
v 0.506539 -0.020260 0.238672
v 0.496972 -0.059738 0.238672
v 0.494921 -0.045390 0.186432
v 0.506539 -0.042921 0.183963
v 0.496972 -0.070836 0.211879
v 0.494921 -0.097630 0.164794
v 0.496972 -0.097630 0.200780
v 0.506539 -0.097630 0.161302
v 0.495763 -0.091867 0.224759
v 0.495763 -0.083717 0.232909
v 0.495763 -0.083717 0.244435
v 0.495763 -0.091867 0.252585
v 0.495763 -0.103393 0.252585
v 0.495763 -0.111542 0.244435
v 0.495763 -0.111542 0.232909
v 0.495763 -0.103393 0.224759
v 0.505795 -0.097630 0.221754
v 0.505795 -0.085667 0.226709
v 0.505795 -0.080712 0.238672
v 0.505795 -0.085667 0.250635
v 0.505795 -0.097630 0.255590
v 0.505795 -0.109593 0.250635
v 0.505795 -0.114548 0.238672
v 0.505795 -0.109593 0.226709
v 0.501302 -0.111955 0.273255
v 0.501302 -0.132213 0.252997
v 0.501302 -0.132213 0.224347
v 0.501302 -0.111955 0.204089
v 0.501302 -0.083305 0.204089
v 0.501302 -0.063047 0.224347
v 0.501302 -0.063047 0.252997
v 0.501302 -0.083305 0.273255
v 0.505795 -0.104097 0.223060
v 0.505795 -0.113242 0.232205
v 0.505795 -0.113242 0.245139
v 0.505795 -0.104097 0.254284
v 0.505795 -0.091163 0.254284
v 0.505795 -0.082017 0.245139
v 0.505795 -0.082017 0.232205
v 0.505795 -0.091163 0.223060
v -0.073204 0.047355 0.851345
v -0.048803 0.037810 0.841800
v -0.024401 0.032579 0.836568
v 0.000000 0.030903 0.834892
v -0.082749 0.071756 0.841800
v -0.055166 0.065393 0.824599
v -0.027583 0.061906 0.815574
v 0.000000 0.060788 0.812728
v -0.087980 0.096158 0.836568
v -0.058654 0.092976 0.815574
v -0.029327 0.091232 0.804731
v 0.000000 0.090674 0.801328
v -0.089656 0.120559 0.834892
v -0.059771 0.120559 0.812728
v -0.029885 0.120559 0.801328
v 0.000000 0.120559 0.797756
v -0.087980 0.144960 0.836568
v -0.058654 0.148142 0.815574
v -0.029327 0.149886 0.804731
v 0.000000 0.150444 0.801328
v -0.082749 0.169362 0.841800
v -0.055166 0.175725 0.824599
v -0.027583 0.179213 0.815574
v 0.000000 0.180330 0.812728
v 0.000000 0.030903 1.014205
v -0.024401 0.032579 1.012529
v -0.048803 0.037810 1.007298
v -0.002839 0.063920 1.026722
v -0.019979 0.067329 1.026722
v -0.034509 0.077038 1.026722
v -0.044218 0.091569 1.026722
v -0.047628 0.108709 1.026722
v -0.044218 0.125849 1.026722
v -0.002839 0.153498 1.026722
v -0.019979 0.150089 1.026722
v -0.034509 0.140380 1.026722
v -0.073204 0.047355 0.997753
v -0.082749 0.037810 0.973351
v -0.087980 0.032579 0.948950
v -0.089656 0.030903 0.924549
v -0.087980 0.032579 0.900147
v -0.082749 0.037810 0.875746
v -0.082749 0.071756 1.007298
v -0.087980 0.096158 1.012529
v -0.089656 0.120559 1.014205
v -0.087980 0.144960 1.012529
v -0.082749 0.169362 1.007298
v -0.098672 0.064018 0.981090
v -0.098672 0.064017 0.868007
v -0.098672 0.177101 0.981090
v -0.098672 0.177101 0.868007
v -0.055166 0.020610 0.979715
v -0.027583 0.011585 0.983202
v 0.000000 0.008738 0.984319
v -0.058654 0.011585 0.952132
v -0.029327 0.000741 0.953875
v 0.000000 -0.002662 0.954434
v -0.059771 0.008738 0.924549
v -0.029885 -0.002662 0.924549
v 0.000000 -0.006234 0.924549
v -0.058654 0.011585 0.896966
v -0.029327 0.000741 0.895222
v 0.000000 -0.002662 0.894663
v -0.055166 0.020609 0.869383
v -0.027583 0.011585 0.865895
v 0.000000 0.008738 0.864778
v -0.073204 0.193763 0.851345
v -0.048803 0.203308 0.841800
v -0.024401 0.208539 0.836568
v 0.000000 0.210215 0.834892
v -0.082749 0.203308 0.875746
v -0.055166 0.220509 0.869383
v -0.027583 0.229533 0.865895
v 0.000000 0.232380 0.864778
v -0.087980 0.208539 0.900147
v -0.058654 0.229533 0.896966
v -0.029327 0.240377 0.895222
v 0.000000 0.243780 0.894663
v -0.089656 0.210215 0.924549
v -0.059771 0.232380 0.924549
v -0.029885 0.243780 0.924549
v 0.000000 0.247352 0.924549
v -0.087980 0.208539 0.948950
v -0.058654 0.229533 0.952132
v -0.029327 0.240377 0.953875
v 0.000000 0.243780 0.954434
v -0.082749 0.203308 0.973351
v -0.055166 0.220509 0.979715
v -0.027583 0.229533 0.983202
v 0.000000 0.232380 0.984319
v -0.073204 0.193763 0.997753
v -0.048803 0.203308 1.007298
v -0.024401 0.208539 1.012529
v 0.000000 0.210215 1.014205
v -0.098672 0.043322 0.903853
v -0.098672 0.080578 0.855300
v -0.098672 0.197796 0.945244
v -0.098672 0.051310 0.964530
v -0.098672 0.051310 0.884568
v -0.098672 0.200521 0.924548
v -0.098672 0.160540 0.855300
v -0.098672 0.080578 0.993798
v -0.098672 0.043322 0.945244
v -0.098672 0.160540 0.993798
v -0.098672 0.197796 0.903853
v -0.098672 0.040597 0.924549
v -0.098672 0.189808 0.884568
v -0.098672 0.189808 0.964529
v -0.098672 0.120559 1.004511
v -0.098672 0.099863 0.847311
v -0.098672 0.099864 1.001786
v -0.098672 0.141255 1.001786
v -0.098672 0.120559 0.844587
v -0.098672 0.141255 0.847311
v 0.073204 0.047355 0.851345
v 0.048803 0.037810 0.841800
v 0.024401 0.032579 0.836568
v 0.082749 0.071756 0.841800
v 0.055166 0.065393 0.824599
v 0.027583 0.061906 0.815574
v 0.087980 0.096158 0.836568
v 0.058654 0.092976 0.815574
v 0.029327 0.091232 0.804731
v 0.089656 0.120559 0.834892
v 0.059771 0.120559 0.812728
v 0.029885 0.120559 0.801328
v 0.087980 0.144960 0.836568
v 0.058654 0.148142 0.815574
v 0.029327 0.149886 0.804731
v 0.082749 0.169362 0.841800
v 0.055166 0.175725 0.824599
v 0.027583 0.179213 0.815574
v 0.024401 0.032579 1.012529
v 0.048803 0.037810 1.007298
v 0.014301 0.067329 1.026722
v 0.028832 0.077038 1.026722
v 0.038541 0.091569 1.026722
v 0.041950 0.108709 1.026722
v 0.038541 0.125849 1.026722
v 0.014301 0.150089 1.026722
v 0.028832 0.140380 1.026722
v 0.073204 0.047355 0.997753
v 0.082749 0.037810 0.973351
v 0.087980 0.032579 0.948950
v 0.089656 0.030903 0.924549
v 0.087980 0.032579 0.900147
v 0.082749 0.037810 0.875746
v 0.082749 0.071756 1.007298
v 0.087980 0.096158 1.012529
v 0.089656 0.120559 1.014205
v 0.087980 0.144960 1.012529
v 0.082749 0.169362 1.007298
v 0.098672 0.064017 0.868007
v 0.098672 0.177101 0.981090
v 0.055166 0.020610 0.979715
v 0.027583 0.011585 0.983202
v 0.058654 0.011585 0.952132
v 0.029327 0.000741 0.953875
v 0.059771 0.008738 0.924549
v 0.029885 -0.002662 0.924549
v 0.058654 0.011585 0.896966
v 0.029327 0.000741 0.895222
v 0.055166 0.020609 0.869383
v 0.027583 0.011585 0.865895
v 0.073204 0.193763 0.851345
v 0.048803 0.203308 0.841800
v 0.024401 0.208539 0.836568
v 0.082749 0.203308 0.875746
v 0.055166 0.220509 0.869383
v 0.027583 0.229533 0.865895
v 0.087980 0.208539 0.900147
v 0.058654 0.229533 0.896966
v 0.029327 0.240377 0.895222
v 0.089656 0.210215 0.924549
v 0.059771 0.232380 0.924549
v 0.029885 0.243780 0.924549
v 0.087980 0.208539 0.948950
v 0.058654 0.229533 0.952132
v 0.029327 0.240377 0.953875
v 0.082749 0.203308 0.973351
v 0.055166 0.220509 0.979715
v 0.027583 0.229533 0.983202
v 0.073204 0.193763 0.997753
v 0.048803 0.203308 1.007298
v 0.024401 0.208539 1.012529
v 0.098672 0.043322 0.903853
v 0.098672 0.080578 0.855300
v 0.098672 0.197796 0.945244
v 0.098672 0.051310 0.964530
v 0.098672 0.051310 0.884568
v 0.098672 0.200521 0.924548
v 0.098672 0.043322 0.945244
v 0.098672 0.040597 0.924549
v 0.098672 0.189808 0.964529
v 0.098672 0.120559 1.004511
v 0.098672 0.141255 1.001786
v 0.098672 0.120559 0.844587
v 0.098672 0.141255 0.847311
v 0.098672 0.064018 0.981090
v 0.098672 0.177101 0.868007
v 0.098672 0.160540 0.855300
v 0.098672 0.080578 0.993798
v 0.098672 0.160540 0.993798
v 0.098672 0.197796 0.903853
v 0.098672 0.189808 0.884568
v 0.098672 0.099863 0.847311
v 0.098672 0.099864 1.001786
v 0.098672 0.064018 0.981090
v 0.098672 0.064017 0.868007
v 0.098672 0.177101 0.981090
v 0.098672 0.177101 0.868007
v 0.098672 0.043322 0.903853
v 0.098672 0.080578 0.855300
v 0.098672 0.197796 0.945244
v 0.098672 0.051310 0.964530
v 0.098672 0.051310 0.884568
v 0.098672 0.200521 0.924548
v 0.098672 0.160540 0.855300
v 0.098672 0.080578 0.993798
v 0.098672 0.043322 0.945244
v 0.098672 0.160540 0.993797
v 0.098672 0.197796 0.903853
v 0.098672 0.040597 0.924549
v 0.098672 0.189808 0.884568
v 0.098672 0.189808 0.964529
v 0.098672 0.120559 1.004511
v 0.098672 0.099863 0.847311
v 0.098672 0.099864 1.001786
v 0.098672 0.141255 1.001786
v 0.098672 0.120559 0.844587
v 0.098672 0.141255 0.847311
vn -0.0000 0.6563 -0.7545
vn 0.3827 0.9239 -0.0000
vn -0.0000 1.0000 -0.0000
vn 0.9239 -0.3827 -0.0000
vn 0.4641 -0.4641 -0.7545
vn 0.7071 -0.7071 -0.0000
vn -0.6563 -0.0000 -0.7545
vn -0.9239 0.3827 -0.0000
vn -1.0000 -0.0000 -0.0000
vn 0.2518 0.6079 -0.7531
vn 0.7071 0.7071 -0.0000
vn -0.0000 -0.6563 -0.7545
vn -0.3827 -0.9239 -0.0000
vn -0.0000 -1.0000 -0.0000
vn -0.6079 0.2518 -0.7531
vn -0.7071 0.7071 -0.0000
vn 0.2518 -0.6079 -0.7531
vn -0.2518 -0.6079 -0.7531
vn -0.7071 -0.7071 -0.0000
vn 0.6079 0.2518 -0.7531
vn 0.4641 0.4641 -0.7545
vn 0.3827 -0.9239 -0.0000
vn -0.2518 0.6079 -0.7531
vn -0.4641 0.4641 -0.7545
vn 1.0000 -0.0000 -0.0000
vn 0.9239 0.3827 -0.0000
vn -0.6079 -0.2518 -0.7531
vn -0.4641 -0.4641 -0.7545
vn -0.3827 0.9239 -0.0000
vn -0.9239 -0.3827 -0.0000
vn 0.4148 0.8372 0.3564
vn 0.8372 0.4148 0.3564
vn 0.6746 0.6746 0.2999
vn -0.0000 0.9238 0.3828
vn 0.6029 0.6029 0.5226
vn -0.0000 0.7244 0.6894
vn 0.7244 -0.0000 0.6894
vn 0.9238 -0.0000 0.3828
vn -0.6029 0.6029 0.5226
vn -0.4148 0.8372 0.3564
vn -0.8372 0.4148 0.3564
vn -0.9238 -0.0000 0.3828
vn -0.7244 -0.0000 0.6894
vn -0.0000 -0.0000 1.0000
vn 0.6029 -0.6029 0.5226
vn 0.8372 -0.4148 0.3564
vn -0.0000 -0.7244 0.6894
vn -0.0000 -0.9238 0.3828
vn 0.4148 -0.8372 0.3564
vn 0.6746 -0.6746 0.2999
vn -0.6029 -0.6029 0.5226
vn -0.8372 -0.4148 0.3564
vn -0.4148 -0.8372 0.3564
vn -0.6746 0.6746 0.2999
vn -0.9055 0.3638 0.2187
vn -0.6924 0.6924 0.2026
vn -0.7415 0.3041 -0.5981
vn -0.8043 -0.0000 -0.5943
vn -0.9726 -0.0000 0.2324
vn -0.9055 -0.3638 0.2187
vn -0.7415 -0.3041 -0.5981
vn -0.6924 -0.6924 0.2026
vn -0.6746 -0.6746 0.2999
vn 0.6924 0.6924 0.2026
vn 0.7415 0.3041 -0.5981
vn 0.5660 0.5660 -0.5994
vn 0.9055 0.3638 0.2187
vn 0.9726 -0.0000 0.2324
vn 0.8043 -0.0000 -0.5943
vn 0.9055 -0.3638 0.2187
vn 0.7415 -0.3041 -0.5981
vn 0.6924 -0.6924 0.2026
vn 0.5660 -0.5660 -0.5994
vn 0.3041 0.7415 -0.5981
vn -0.0000 0.8043 -0.5943
vn 0.3638 0.9055 0.2187
vn -0.0000 0.9726 0.2324
vn -0.3638 0.9055 0.2187
vn -0.3041 0.7415 -0.5981
vn 0.3638 -0.9055 0.2187
vn -0.0000 -0.9726 0.2324
vn -0.0000 -0.8043 -0.5943
vn 0.3041 -0.7415 -0.5981
vn 0.6563 -0.0000 -0.7545
vn -0.5660 0.5660 -0.5994
vn -0.3041 -0.7415 -0.5981
vn -0.5660 -0.5660 -0.5994
vn -0.3638 -0.9055 0.2187
vn 0.6079 -0.2518 -0.7530
vn -0.0000 0.9659 -0.2588
vn -0.0000 0.2588 0.9659
vn -0.0000 -0.9659 0.2588
vn -0.0000 -0.2588 -0.9659
vn -0.0000 0.2589 0.9659
vn -0.0000 -0.9188 -0.3946
vn -0.6943 -0.6403 -0.3286
vn -0.7183 -0.6712 -0.1830
vn -0.0000 0.8012 0.5984
vn -0.3015 0.6326 0.7134
vn -0.6943 0.6047 0.3902
vn -0.6657 -0.7066 -0.2398
vn -0.6657 0.5610 0.4920
vn -0.7183 0.4941 0.4898
vn -0.6935 0.5507 0.4645
vn -0.6302 0.3882 -0.6724
vn 0.6302 0.7499 -0.2009
vn 0.6302 0.3882 -0.6724
vn -0.6302 0.7499 -0.2009
vn 0.6657 0.7066 0.2398
vn -0.6303 -0.2009 -0.7499
vn 0.6303 -0.2010 -0.7499
vn -0.6657 -0.5610 -0.4920
vn 0.6657 -0.5610 -0.4920
vn -0.6302 0.2009 0.7499
vn -0.6302 -0.3882 0.6724
vn 0.6657 0.5610 0.4920
vn 0.6302 0.2009 0.7499
vn 0.6302 -0.3882 0.6724
vn -0.6657 0.7066 0.2399
vn 0.3170 -0.7238 -0.6129
vn 0.3015 0.6326 0.7134
vn -0.3015 -0.9341 -0.1912
vn 0.6302 -0.7499 0.2010
vn 0.6657 -0.7066 -0.2399
vn -0.6935 -0.6776 -0.2446
vn -0.3170 -0.7238 -0.6128
vn 0.3170 0.8927 0.3204
vn -0.3170 0.8927 0.3204
vn -0.6302 -0.7499 0.2009
vn 0.3015 -0.9341 -0.1911
vn 0.6943 -0.6403 -0.3286
vn 0.6943 0.6047 0.3902
vn 0.6657 -0.7066 -0.2398
vn 0.7183 0.4941 0.4898
vn 0.6935 0.5507 0.4645
vn 0.7183 -0.6712 -0.1830
vn 0.6935 -0.6776 -0.2446
vn -0.6657 0.7066 0.2398
vn 0.6303 -0.2009 -0.7499
vn -0.6303 -0.2010 -0.7499
vn 0.6657 0.7066 0.2399
vn -0.6302 -0.7499 0.2010
vn -0.6657 -0.7066 -0.2399
vn 0.6302 -0.7499 0.2009
vn 0.7193 0.4954 -0.4869
vn -0.3170 0.3204 -0.8927
vn -0.0000 0.5984 -0.8012
vn 0.6303 0.7499 -0.2010
vn -0.6657 0.4920 -0.5610
vn -0.6303 0.7499 -0.2009
vn 0.6302 0.6724 0.3882
vn -0.6302 0.6724 0.3882
vn -0.3015 0.7134 -0.6326
vn 0.6657 0.4920 -0.5610
vn 0.3015 0.7134 -0.6326
vn 0.3015 -0.1911 0.9341
vn 0.6657 -0.2399 0.7066
vn 0.6302 -0.6724 -0.3882
vn 0.6657 0.2398 -0.7066
vn 0.6657 -0.4920 0.5610
vn -0.6302 -0.6724 -0.3882
vn -0.6657 0.2398 -0.7066
vn 0.6303 -0.7499 0.2009
vn -0.6303 -0.7499 0.2009
vn -0.6657 -0.4920 0.5610
vn 0.6935 0.4645 -0.5507
vn -0.3170 -0.6129 0.7238
vn 0.5366 0.8194 -0.2015
vn 0.6935 -0.2446 0.6776
vn 0.6302 0.2010 0.7499
vn 0.7193 -0.1740 0.6725
vn 0.5366 0.2352 0.8104
vn -0.0000 -0.3946 0.9188
vn -0.3015 -0.1911 0.9341
vn 0.3170 0.3204 -0.8927
vn -0.6657 -0.2399 0.7066
vn 0.3170 -0.6129 0.7238
vn -0.7193 0.4954 -0.4869
vn -0.6935 0.4645 -0.5507
vn -0.5366 0.8194 -0.2015
vn -0.6935 -0.2446 0.6776
vn -0.7193 -0.1740 0.6725
vn -0.5366 0.2352 0.8104
vn -0.9997 -0.0234 -0.0122
vn -0.7250 -0.6861 -0.0609
vn -0.6812 -0.7169 -0.1483
vn -0.0000 -0.9949 -0.1004
vn -0.0000 -0.9804 -0.1969
vn -0.0000 0.9801 0.1985
vn -0.6750 0.7362 0.0486
vn -0.7029 0.6976 0.1388
vn -0.7199 -0.5888 0.3676
vn -0.0000 -0.9595 0.2816
vn -0.7245 -0.6609 0.1957
vn 0.7199 -0.5888 0.3676
vn 0.7245 -0.6609 0.1957
vn 0.9994 0.0333 -0.0092
vn 0.6926 0.6170 -0.3737
vn 0.6884 0.6943 -0.2099
vn -0.0000 0.8570 -0.5153
vn -0.6884 0.6943 -0.2099
vn -0.0000 0.9568 -0.2907
vn -0.9996 0.0226 -0.0147
vn -0.9994 0.0333 -0.0092
vn 0.9996 0.0226 -0.0147
vn -0.6926 0.6170 -0.3737
vn 0.9996 0.0193 -0.0219
vn -0.0000 0.6990 -0.7151
vn -0.6901 0.5063 -0.5171
vn -0.7192 -0.4961 0.4864
vn -0.0000 -0.8462 0.5328
vn 0.7192 -0.4961 0.4864
vn 0.6901 0.5063 -0.5171
vn -0.9996 0.0193 -0.0219
vn -0.7535 -0.2141 0.6216
vn 0.7535 -0.2141 0.6216
vn 0.6724 0.2365 -0.7014
vn -0.9970 0.0245 -0.0735
vn -0.0000 -0.3299 0.9440
vn -0.0000 -0.7174 0.6967
vn 0.9970 0.0245 -0.0735
vn -0.6724 0.2365 -0.7014
vn 0.7037 0.0140 0.7104
vn 0.7044 0.0071 -0.7098
vn 0.0026 0.0167 -0.9999
vn -0.0000 0.3196 -0.9476
vn -1.0000 0.0026 0.0018
vn 1.0000 0.0026 0.0018
vn -0.7044 0.0071 -0.7098
vn -0.7037 0.0140 0.7104
vn -0.9984 0.0538 0.0153
vn 0.6750 0.7362 0.0486
vn 0.7029 0.6976 0.1388
vn 0.7250 -0.6861 -0.0609
vn 0.9997 -0.0234 -0.0122
vn 0.6812 -0.7169 -0.1483
vn -0.9994 -0.0336 -0.0011
vn -0.5404 -0.4786 0.6920
vn -0.7763 0.0648 0.6270
vn -0.0000 0.9997 -0.0257
vn -0.5505 0.6175 0.5618
vn 0.0001 0.8441 0.5362
vn 0.7203 0.6935 -0.0185
vn 0.9994 -0.0336 -0.0011
vn 0.7763 0.0648 0.6270
vn 0.6876 -0.7258 0.0182
vn -0.0000 -0.9996 0.0270
vn 0.0001 -0.6958 0.7183
vn -0.6876 -0.7258 0.0182
vn -0.7203 0.6935 -0.0185
vn 0.5504 0.6174 0.5620
vn 0.5403 -0.4785 0.6922
vn 0.9984 0.0538 0.0153
vn -0.0000 0.9988 0.0497
vn -0.0000 0.0229 0.9997
vn 0.5784 -0.5886 -0.5648
vn -0.0000 -0.7071 0.7071
vn 0.0816 -0.6806 -0.7281
vn -0.0000 0.7071 0.7071
vn 0.5784 0.5886 -0.5648
vn 0.0816 0.6806 -0.7281
vn 0.6045 0.5729 0.5536
vn 0.6045 -0.5729 0.5536
vn -0.5784 0.5886 -0.5648
vn -0.6045 -0.5729 0.5536
vn -0.6045 0.5729 0.5536
vn -0.0816 0.6806 -0.7281
vn -0.5784 -0.5886 -0.5648
vn -0.0816 -0.6806 -0.7281
vn -0.6964 0.7049 -0.1348
vn -0.9840 0.1781 0.0014
vn -0.7457 0.6662 -0.0069
vn -0.8832 0.3791 -0.2762
vn -0.9990 0.0424 -0.0145
vn -0.8234 -0.3891 0.4131
vn -0.7489 -0.3914 0.5347
vn -0.7253 0.0785 0.6839
vn 0.7489 -0.3914 0.5347
vn 0.7457 0.6662 -0.0069
vn 0.7253 0.0785 0.6840
vn 0.8203 -0.3939 0.4147
vn 0.9840 0.1781 0.0013
vn 0.9990 0.0424 -0.0145
vn 0.8832 0.3791 -0.2762
vn 0.6964 0.7049 -0.1348
vn -0.0000 0.9355 -0.3533
vn 0.9375 0.1202 -0.3266
vn -0.0000 0.5533 -0.8330
vn -0.9375 0.1201 -0.3266
vn -0.0000 0.9997 -0.0253
vn -0.0000 0.4715 0.8818
vn -0.9990 0.0423 -0.0145
vn -0.8226 -0.3906 0.4131
vn -0.7490 -0.3914 0.5347
vn -0.7253 0.0785 0.6840
vn 0.7457 0.6662 -0.0070
vn 0.9840 0.1781 0.0014
vn 0.9375 0.1201 -0.3266
vn -0.7457 0.6662 -0.0070
vn -0.0000 0.2409 -0.9706
vn 0.7490 -0.3914 0.5347
vn 0.8203 -0.3940 0.4147
vn 0.9990 0.0423 -0.0145
vn 0.7253 0.0785 0.6839
vn -0.9375 0.1202 -0.3266
vn -0.9840 0.1781 0.0013
vn -0.8227 -0.3906 0.4131
vn -0.5174 0.4764 -0.7108
vn -0.0320 -0.0393 -0.9987
vn -0.0058 -0.0391 -0.9992
vn -0.7221 0.6777 -0.1391
vn -0.5839 0.5124 -0.6296
vn -0.7263 0.6793 -0.1052
vn -0.6266 0.5141 -0.5857
vn -0.0909 -0.0314 -0.9954
vn -0.7088 0.6831 0.1761
vn -0.1939 0.3310 0.9235
vn -0.5996 0.4822 0.6388
vn -0.3633 0.7262 0.5836
vn 0.1660 0.1179 0.9790
vn 0.0745 0.0172 0.9971
vn -0.1595 -0.0130 0.9871
vn 0.4708 -0.5669 0.6760
vn 0.2319 -0.0300 0.9723
vn 0.5575 -0.4245 0.7134
vn 0.3974 -0.2550 0.8815
vn 0.6683 -0.6897 0.2786
vn 0.6899 -0.7136 0.1212
vn 0.0778 0.0673 -0.9947
vn 0.0677 -0.0091 -0.9977
vn 0.1032 -0.0145 -0.9946
vn -0.3287 0.6487 -0.6865
vn -0.1322 0.2654 -0.9550
vn -0.6933 0.6904 -0.2065
vn 0.1867 -0.4462 -0.8753
vn -0.0000 -0.9292 -0.3695
vn -0.0000 -0.4737 -0.8807
vn 0.2817 -0.3538 -0.8919
vn 0.4494 -0.8193 -0.3560
vn 0.5948 -0.6648 -0.4520
vn 0.6056 -0.7937 -0.0580
vn -0.0000 -0.9980 -0.0624
vn 0.1137 0.2266 -0.9673
vn -0.1632 0.8399 -0.5176
vn 0.1308 0.3997 -0.9073
vn -0.0000 0.9033 -0.4290
vn -0.0000 0.9909 -0.1344
vn -0.5358 0.8312 -0.1485
vn 0.2344 -0.1628 -0.9584
vn 0.4851 -0.4204 -0.7668
vn 0.5394 -0.5589 -0.6298
vn 0.6935 -0.7110 -0.1161
vn 0.7023 -0.7025 -0.1149
vn 0.5455 -0.5725 -0.6121
vn 0.5024 -0.5634 -0.6558
vn 0.6877 -0.7074 -0.1632
vn -0.7132 0.7005 0.0254
vn -0.7249 0.6888 0.0013
vn -0.7111 0.7031 -0.0005
vn -0.7275 0.6744 0.1259
vn -0.7249 0.6885 0.0230
vn -0.7124 0.7009 0.0340
vn -0.7161 0.6980 0.0082
vn 0.4621 -0.5884 0.6634
vn -0.1872 -0.0193 0.9821
vn 0.6911 -0.7117 0.1264
vn 0.6748 -0.7227 0.1493
vn 0.4412 -0.5933 0.6733
vn -0.2063 -0.0103 0.9784
vn -0.6467 0.5099 0.5673
vn -0.6489 0.5341 0.5420
vn -0.7118 0.6913 0.1239
vn -0.5367 0.8338 0.1291
vn -0.0000 0.9929 0.1187
vn -0.1564 0.9271 0.3407
vn -0.0000 0.9701 0.2425
vn 0.1956 0.5516 0.8109
vn 0.2032 0.3478 0.9153
vn 0.9989 0.0125 0.0460
vn 0.5158 0.5626 0.6460
vn 0.7716 -0.0040 0.6361
vn 0.5146 0.8541 0.0754
vn 0.6366 0.7711 0.0137
vn -0.2699 0.9604 0.0697
vn -0.0410 0.9991 -0.0116
vn 0.0273 0.7775 0.6283
vn -0.7788 0.0791 0.6223
vn -0.4410 -0.4848 0.7553
vn -0.6764 0.0476 0.7350
vn -0.4357 0.0539 0.8985
vn -0.4258 -0.6579 0.6212
vn 0.0792 -0.7066 0.7032
vn 0.1540 -0.9658 0.2087
vn 0.0319 -0.7338 0.6786
vn 0.5281 -0.5451 0.6512
vn 0.5154 -0.8428 0.1552
vn 0.7106 -0.7010 0.0598
vn 0.7651 -0.6413 0.0579
vn -0.5923 0.8055 0.0178
vn -0.6015 0.7988 -0.0014
vn -0.0000 0.9999 0.0133
vn 0.6312 -0.7756 0.0002
vn -0.0000 -0.9999 0.0102
vn -0.0000 -1.0000 0.0006
vn 0.7018 -0.7124 -0.0001
vn 0.6276 -0.7785 0.0085
vn 0.6052 -0.7955 0.0304
vn -0.0000 -0.9997 0.0245
vn 0.7052 -0.7090 -0.0007
vn 0.6924 -0.7206 -0.0357
vn 0.6886 -0.7251 -0.0022
vn 0.7059 -0.7080 -0.0192
vn 0.7028 -0.7112 -0.0135
vn 0.6380 -0.7700 -0.0085
vn 0.8234 -0.5665 0.0334
vn 0.6278 -0.7773 0.0403
vn 0.8373 -0.5467 -0.0097
vn 0.9933 0.1056 0.0465
vn 0.9959 0.0639 0.0636
vn 0.3740 -0.6272 0.6832
vn -0.2658 0.0147 0.9639
vn 0.6174 -0.7682 0.1692
vn -0.6356 0.7650 0.1041
vn -0.6445 0.5960 0.4789
vn -0.6230 0.6874 0.3734
vn 0.5403 0.8410 0.0290
vn -0.2595 0.9657 0.0109
vn -0.2328 0.9719 0.0343
vn 0.9952 0.0918 -0.0339
vn 0.5379 0.8430 -0.0034
vn 0.9974 0.0490 -0.0522
vn 0.5406 0.8412 -0.0103
vn -0.2922 0.9561 0.0243
vn -0.3085 -0.0326 -0.9507
vn -0.7423 0.5263 -0.4148
vn -0.6876 0.7254 -0.0321
vn -0.7392 0.6684 -0.0829
vn -0.8388 0.0228 -0.5440
vn 0.6247 -0.7509 -0.2142
vn 0.3533 -0.6070 -0.7118
vn -0.1836 -0.7945 -0.5788
vn 0.4908 -0.8458 -0.2092
vn 0.6382 -0.7699 -0.0044
vn 0.6888 -0.7243 0.0299
vn 0.6408 -0.7665 0.0426
vn 0.5231 0.8499 0.0635
vn -0.2401 0.9685 0.0663
vn 0.9936 0.1127 0.0059
vn -0.6499 0.7600 -0.0004
vn -0.7188 0.6950 -0.0141
vn -0.6357 0.7716 0.0222
vn 0.6485 -0.7589 -0.0592
vn 0.6375 -0.7678 -0.0637
vn 0.7647 -0.6391 -0.0824
vn 0.8244 -0.5636 -0.0512
vn 0.7019 -0.7122 0.0136
vn 0.7037 -0.7102 0.0205
vn -0.0000 -1.0000 -0.0079
vn 0.6297 -0.7768 -0.0087
vn -0.5946 0.8036 -0.0247
vn -0.7119 0.7017 -0.0272
vn -0.0000 0.9996 -0.0291
vn -0.0000 1.0000 -0.0023
vn -0.7255 0.6879 -0.0216
vn 0.5208 -0.7327 -0.4381
vn 0.7328 -0.4884 -0.4738
vn 0.6134 -0.6872 -0.3894
vn 0.6360 -0.5421 -0.5492
vn 0.8548 -0.0309 -0.5181
vn 0.9065 0.0212 -0.4216
vn 0.8015 -0.4422 -0.4026
vn 0.6931 -0.6340 -0.3432
vn 0.2477 -0.9279 -0.2787
vn 0.5795 -0.5895 -0.5628
vn 0.4689 -0.6190 -0.6301
vn 0.4802 -0.8229 -0.3036
vn 0.3649 -0.8891 -0.2764
vn 0.6867 -0.5472 -0.4785
vn 0.7298 0.2865 -0.6207
vn 0.6201 0.3620 -0.6960
vn 0.0637 -0.9757 -0.2098
vn 0.3970 -0.6299 -0.6675
vn 0.4725 -0.3437 -0.8115
vn 0.1748 -0.9522 -0.2507
vn 0.5491 0.4675 -0.6927
vn 0.3780 0.8587 -0.3460
vn 0.6107 -0.7432 -0.2732
vn 0.7094 -0.6693 -0.2207
vn 0.7824 -0.5067 -0.3621
vn 0.8424 -0.4773 -0.2502
vn 0.9172 0.2010 -0.3441
vn 0.8388 0.2375 -0.4899
vn 0.0334 -0.9390 -0.3424
vn 0.2410 -0.0514 -0.9692
vn 0.0187 -0.9156 -0.4015
vn 0.3588 -0.1320 -0.9240
vn 0.2313 0.9078 -0.3497
vn 0.1558 0.9254 -0.3455
vn -0.1051 -0.9667 0.2334
vn 0.0833 -0.9894 0.1190
vn -0.0196 -0.9996 0.0206
vn 0.3654 -0.9241 0.1116
vn 0.1258 -0.9918 0.0240
vn 0.1604 0.9851 -0.0616
vn 0.0947 0.9880 -0.1219
vn 0.0777 0.9955 -0.0545
vn 0.1920 0.9726 -0.1309
vn 0.1149 0.9535 -0.2785
vn -0.0000 0.9606 -0.2781
vn -0.0000 0.9930 -0.1182
vn -0.0000 0.9987 -0.0515
vn -0.5693 -0.7025 0.4270
vn 0.0129 -0.9057 0.4236
vn 0.0552 0.7868 0.6148
vn 0.0219 -0.8638 0.5033
vn 0.1991 0.2424 0.9495
vn 0.1549 0.2706 0.9501
vn -0.0480 -0.8497 0.5250
vn 0.0320 0.2865 0.9575
vn -0.0488 -0.8960 0.4414
vn 0.5017 -0.7413 0.4457
vn 0.0168 -0.9713 0.2371
vn 0.0212 0.2703 0.9625
vn -0.0363 -0.9259 -0.3761
vn 0.1637 -0.0110 -0.9864
vn 0.0718 0.0140 -0.9973
vn 0.0113 -0.9246 -0.3807
vn 0.1195 0.9321 -0.3420
vn 0.0952 0.9332 -0.3464
vn 0.1616 0.9868 -0.0101
vn 0.0771 0.9968 -0.0210
vn 0.0835 0.9965 -0.0082
vn 0.1558 0.9875 -0.0251
vn -0.0000 0.9998 -0.0197
vn -0.0000 1.0000 -0.0079
vn 0.1751 0.9845 -0.0027
vn 0.0898 0.9959 -0.0050
vn 0.0962 0.9954 -0.0029
vn 0.1679 0.9858 -0.0056
vn -0.0000 1.0000 -0.0052
vn -0.0000 1.0000 -0.0033
vn 0.1924 0.9813 0.0042
vn 0.1029 0.9947 -0.0003
vn 0.1099 0.9939 0.0027
vn 0.1833 0.9830 0.0006
vn -0.0000 1.0000 -0.0009
vn -0.0000 1.0000 0.0019
vn 0.2084 0.9780 0.0055
vn 0.1167 0.9932 0.0045
vn 0.1224 0.9925 0.0043
vn 0.2013 0.9795 0.0063
vn -0.0000 1.0000 0.0036
vn -0.0000 1.0000 0.0037
vn 0.2112 0.9774 0.0023
vn 0.1264 0.9920 0.0042
vn 0.1278 0.9918 0.0074
vn 0.2123 0.9772 0.0031
vn -0.0000 1.0000 0.0048
vn -0.0000 1.0000 0.0099
vn 0.1964 0.9803 0.0195
vn 0.1267 0.9918 0.0169
vn 0.1242 0.9917 0.0341
vn 0.2052 0.9787 0.0069
vn -0.0000 0.9998 0.0219
vn -0.0000 0.9992 0.0412
vn 0.3507 0.9011 -0.2549
vn 0.4303 0.8625 -0.2662
vn 0.5227 0.8219 -0.2264
vn 0.2941 0.9499 -0.1057
vn 0.2464 0.9648 -0.0920
vn 0.2189 0.9749 -0.0417
vn 0.2232 0.9747 -0.0112
vn 0.2676 0.9487 -0.1684
vn 0.9334 0.0478 -0.3555
vn 0.7438 0.6365 -0.2040
vn 0.9527 0.0451 -0.3006
vn 0.7626 0.5934 -0.2576
vn 0.5605 0.7962 -0.2276
vn 0.5255 0.8356 -0.1603
vn 0.5048 0.8549 -0.1199
vn -0.0306 -0.8980 -0.4389
vn 0.0620 0.0895 -0.9941
vn 0.0664 0.1230 -0.9902
vn -0.0381 -0.9033 -0.4274
vn 0.0869 0.9384 -0.3343
vn 0.0860 0.9450 -0.3157
vn 0.9471 -0.1655 -0.2751
vn 0.6234 -0.5861 -0.5176
vn 0.6153 -0.5549 -0.5599
vn 0.8612 -0.2426 -0.4467
vn 0.8452 -0.5345 0.0006
vn 0.7898 -0.6115 0.0466
vn 0.5119 -0.8581 0.0402
vn 0.3493 -0.8200 -0.4534
vn 0.9638 0.0483 -0.2621
vn 0.7135 0.6889 -0.1276
vn 0.9735 0.0578 -0.2213
vn 0.7269 0.6670 -0.1634
vn 0.4879 0.8686 -0.0869
vn 0.4720 0.8795 -0.0611
vn 0.9877 0.0729 -0.1381
vn 0.7067 0.7014 -0.0927
vn 0.7036 0.7074 -0.0674
vn 0.9824 0.0662 -0.1748
vn 0.4630 0.8854 -0.0409
vn 0.4594 0.8879 -0.0261
vn 0.9934 0.0846 -0.0769
vn 0.7029 0.7098 -0.0459
vn 0.7042 0.7096 -0.0251
vn 0.9912 0.0779 -0.1068
vn 0.4598 0.8879 -0.0134
vn 0.4638 0.8859 -0.0011
vn 0.9908 0.1138 -0.0732
vn 0.7041 0.7099 -0.0138
vn 0.6984 0.7153 -0.0219
vn 0.9935 0.0963 -0.0603
vn 0.4683 0.8835 0.0052
vn 0.4679 0.8838 -0.0000
vn 0.9625 0.1672 -0.2137
vn 0.6816 0.7297 -0.0534
vn 0.6506 0.7523 -0.1037
vn 0.9827 0.1372 -0.1244
vn 0.4572 0.8892 -0.0187
vn 0.4316 0.9008 -0.0480
vn 0.5981 0.7828 -0.1720
vn 0.3912 0.9169 -0.0791
vn 0.3473 0.9326 -0.0987
vn 0.2088 0.9780 0.0033
vn 0.2102 0.9776 0.0090
vn 0.2290 0.9727 -0.0380
vn 0.1998 0.9786 0.0485
vn 0.1890 0.9793 0.0728
vn 0.1974 0.9796 0.0374
vn 0.1749 0.9831 0.0550
vn 0.1201 0.9913 0.0530
vn 0.1163 0.9905 0.0731
vn 0.1851 0.9821 0.0354
vn -0.0000 0.9981 0.0615
vn -0.0000 0.9967 0.0815
vn 0.3245 0.7159 -0.6182
vn 0.2320 0.9337 -0.2727
vn 0.4281 0.0756 -0.9006
vn 0.1577 0.7603 -0.6301
vn 0.2190 0.1318 -0.9668
vn -0.0000 0.7761 -0.6306
vn 0.7712 0.5464 -0.3267
vn 0.4916 0.8379 -0.2373
vn 0.7255 0.5599 -0.4003
vn 0.6407 0.5838 -0.4986
vn 0.4213 0.8713 -0.2517
vn 0.2912 0.9552 -0.0531
vn 0.2588 0.9647 -0.0490
vn 0.2620 0.9648 -0.0221
vn 0.2331 0.9723 -0.0144
vn 0.1919 0.9785 0.0756
vn 0.1962 0.9800 0.0322
vn 0.1761 0.9795 0.0978
vn 0.1804 0.9750 0.1295
vn 0.1847 0.9774 0.1029
vn 0.3278 0.9437 -0.0440
vn 0.3568 0.9338 -0.0263
vn 0.3085 0.9511 -0.0134
vn 0.2882 0.9573 -0.0221
vn 0.3743 0.9273 -0.0074
vn 0.3802 0.9249 0.0052
vn 0.3218 0.9468 0.0067
vn 0.3198 0.9475 -0.0018
vn 0.3781 0.9257 0.0088
vn 0.3721 0.9282 0.0044
vn 0.3105 0.9505 0.0058
vn 0.3177 0.9482 0.0092
vn 0.3666 0.9304 -0.0042
vn 0.3641 0.9313 -0.0129
vn 0.2993 0.9541 -0.0067
vn 0.3038 0.9527 -0.0005
vn 0.3649 0.9308 -0.0228
vn 0.3701 0.9283 -0.0366
vn 0.2984 0.9542 -0.0231
vn 0.2973 0.9547 -0.0133
vn 0.3784 0.9238 -0.0582
vn 0.3829 0.9191 -0.0926
vn 0.3035 0.9494 -0.0809
vn 0.3012 0.9526 -0.0430
vn 0.3950 0.9073 -0.1444
vn 0.3257 0.9340 -0.1467
vn 0.8223 -0.4703 -0.3203
vn 0.6951 -0.6650 -0.2733
vn 0.8135 -0.5118 -0.2761
vn 0.6984 -0.6710 -0.2489
vn 0.7054 -0.6695 -0.2327
vn 0.8187 -0.5319 -0.2163
vn 0.7193 -0.6638 -0.2049
vn 0.8101 -0.5303 -0.2500
vn 0.7357 -0.6554 -0.1708
vn 0.8400 -0.5226 -0.1455
vn 0.7487 -0.6479 -0.1406
vn 0.8307 -0.5275 -0.1779
vn 0.7753 -0.6241 -0.0967
vn 0.8724 -0.4771 -0.1061
vn 0.7774 -0.6179 -0.1182
vn 0.7664 -0.6348 -0.0981
vn 0.8658 -0.4929 -0.0861
vn 0.8561 -0.5081 -0.0941
vn 0.7575 -0.6425 -0.1156
vn 0.8474 -0.5177 -0.1178
vn 0.8686 -0.4686 -0.1609
vn 0.7612 -0.6277 -0.1629
vn 0.7285 0.0036 -0.6850
vn 0.9684 0.2006 0.1484
vn 0.9894 0.0034 0.1453
vn 0.7350 0.0588 -0.6755
vn 0.8344 0.5302 0.1507
vn 0.9395 0.2596 0.2237
vn 0.9750 0.0040 0.2220
vn 0.4305 0.6303 0.6460
vn 0.5783 0.7758 0.2523
vn 0.8359 0.0994 0.5398
vn -0.0000 0.8207 0.5714
vn 0.3370 0.9174 0.2115
vn -0.0000 0.9868 0.1619
vn 0.3625 0.9225 0.1327
vn 0.6706 0.6961 0.2566
vn 0.1208 0.9859 0.1156
vn -0.0000 0.9859 0.1676
vn -0.0000 0.9927 0.1209
vn 0.1632 0.9744 0.1544
vn 0.3344 0.9052 -0.2623
vn 0.7574 -0.0474 -0.6512
vn 0.4955 0.6479 -0.5786
vn 0.6117 0.0032 -0.7911
vn 0.2138 0.9768 0.0135
vn 0.2338 0.9723 0.0013
vn 0.2510 0.9680 -0.0057
vn 0.2639 0.9645 -0.0043
vn 0.2698 0.9629 0.0014
vn 0.2687 0.9632 0.0065
vn 0.2629 0.9648 0.0081
vn 0.2547 0.9670 0.0055
vn 0.2466 0.9691 0.0008
vn 0.2401 0.9707 -0.0037
vn 0.2353 0.9719 -0.0081
vn 0.2327 0.9724 -0.0148
vn 0.2314 0.9723 -0.0325
vn 0.2375 0.9688 -0.0711
vn 0.2697 0.9525 -0.1412
vn 0.6987 -0.7145 0.0350
vn 0.6996 -0.7124 0.0551
vn 0.7175 -0.6929 0.0712
vn 0.6755 -0.7312 0.0957
vn 0.5053 -0.8590 0.0825
vn 0.5075 -0.8595 0.0611
vn 0.9662 -0.1893 -0.1749
vn 0.9417 -0.3299 0.0662
vn 0.6640 -0.7325 -0.1500
vn 0.9559 -0.0082 -0.2935
vn 0.9980 -0.0279 -0.0562
vn 0.9182 0.0508 -0.3928
vn -0.0000 0.2725 0.9622
vn 0.3801 -0.1371 0.9147
vn 0.4118 -0.6927 0.5921
vn 0.3000 0.4681 0.8312
vn -0.0000 0.6194 0.7851
vn -0.0000 -0.9936 -0.1131
vn 0.3001 -0.9505 -0.0808
vn -0.0000 -0.9959 -0.0903
vn -0.0000 -0.9912 -0.1325
vn 0.2933 -0.9496 -0.1101
vn 0.2956 -0.9464 -0.1302
vn 0.5177 -0.8492 -0.1043
vn 0.5226 -0.8503 -0.0634
vn 0.7435 -0.6526 -0.1459
vn 0.6845 -0.7109 -0.1615
vn 0.7233 -0.6803 -0.1183
vn 0.7371 -0.6653 -0.1188
vn 0.7645 -0.6331 -0.1214
vn 0.6478 -0.7595 -0.0597
vn 0.5199 -0.8451 -0.1246
vn 0.6585 -0.7455 -0.1030
vn 0.6635 -0.7386 -0.1191
vn 0.6849 -0.7226 -0.0937
vn 0.2944 -0.9450 -0.1425
vn 0.5176 -0.8456 -0.1306
vn -0.0000 -0.9890 -0.1480
vn -0.0000 -0.9867 -0.1625
vn 0.2844 -0.9462 -0.1541
vn 0.5071 -0.8511 -0.1362
vn 0.7661 -0.6342 -0.1044
vn 0.7376 -0.6661 -0.1105
vn 0.7318 -0.6727 -0.1094
vn 0.7594 -0.6424 -0.1029
vn 0.6619 -0.7401 -0.1187
vn 0.6548 -0.7462 -0.1199
vn 0.2658 -0.9488 -0.1707
vn 0.4885 -0.8595 -0.1507
vn -0.0000 -0.9836 -0.1802
vn -0.0000 -0.9788 -0.2048
vn 0.2441 -0.9496 -0.1968
vn 0.4650 -0.8671 -0.1787
vn 0.7516 -0.6492 -0.1171
vn 0.7239 -0.6791 -0.1215
vn 0.7118 -0.6867 -0.1475
vn 0.7414 -0.6558 -0.1421
vn 0.6436 -0.7539 -0.1323
vn 0.6270 -0.7624 -0.1599
vn 0.7251 -0.6664 -0.1737
vn 0.6922 -0.6986 -0.1812
vn 0.6667 -0.7133 -0.2161
vn 0.7038 -0.6793 -0.2079
vn 0.2258 -0.9472 -0.2277
vn 0.4406 -0.8720 -0.2132
vn -0.0000 -0.9724 -0.2333
vn -0.0000 -0.9647 -0.2634
vn 0.2108 -0.9425 -0.2593
vn 0.4157 -0.8753 -0.2472
vn 0.6041 -0.7727 -0.1951
vn 0.5762 -0.7842 -0.2303
vn 0.1938 -0.9337 -0.3012
vn 0.3851 -0.8769 -0.2877
vn -0.0000 -0.9522 -0.3056
vn -0.0000 -0.9312 -0.3646
vn 0.1699 -0.9183 -0.3575
vn 0.3422 -0.8763 -0.3392
vn 0.6810 -0.6929 -0.2370
vn 0.6360 -0.7303 -0.2492
vn 0.5918 -0.7590 -0.2716
vn 0.6562 -0.7115 -0.2512
vn 0.5413 -0.7971 -0.2676
vn 0.4851 -0.8181 -0.3088
vn 0.4167 -0.7721 -0.4798
vn 0.2949 -0.8645 -0.4071
vn 0.2964 -0.8045 -0.5147
vn 0.4147 -0.8292 -0.3747
vn 0.5189 -0.7849 -0.3385
vn 0.6104 -0.7356 -0.2937
vn 0.1145 -0.9324 0.3427
vn 0.3774 0.1491 0.9140
vn 0.2284 -0.9015 0.3677
vn 0.4288 0.2467 0.8691
vn 0.7374 -0.6208 0.2662
vn 0.0767 0.9968 -0.0224
vn 0.0849 0.9561 -0.2805
vn 0.0768 0.9967 -0.0259
vn 0.0179 0.1721 0.9849
vn 0.5506 0.0532 0.8331
vn 0.7303 0.6830 -0.0116
vn 0.6964 0.7004 -0.1563
vn 0.1107 0.9938 -0.0065
vn 0.0592 0.9977 -0.0325
vn 0.0587 0.9978 -0.0309
vn 0.0653 0.9974 -0.0296
vn 0.0739 0.9969 -0.0286
vn 0.2160 0.1962 0.9565
vn 0.1266 0.9899 0.0633
vn 0.2781 0.1558 0.9478
vn 0.1238 0.9918 0.0308
vn 0.1309 0.9837 0.1234
vn 0.1285 0.9872 0.0948
vn 0.3264 -0.9437 -0.0541
vn -0.0000 -0.9972 -0.0741
vn 0.5427 -0.8397 -0.0203
vn 0.5786 -0.8156 0.0023
vn 0.3622 -0.9314 -0.0368
vn -0.0000 -0.9986 -0.0525
vn 0.6340 -0.7733 -0.0111
vn 0.6147 -0.7869 -0.0551
vn 0.5294 -0.8481 -0.0216
vn 0.6204 -0.7840 0.0205
vn -0.0000 -0.9990 -0.0438
vn 0.4003 -0.9160 -0.0246
vn 0.6200 -0.7844 0.0160
vn 0.4342 -0.8999 -0.0394
vn -0.0000 -0.9987 -0.0509
vn 0.6114 -0.7905 0.0362
vn 0.4534 -0.8913 0.0037
vn 0.3998 -0.9163 0.0249
vn 0.6174 -0.7857 0.0398
vn 0.6635 -0.7482 -0.0001
vn 0.4397 -0.8880 -0.1348
vn 0.5752 -0.8028 -0.1570
vn 0.4488 -0.8901 -0.0795
vn 0.7007 -0.7120 -0.0462
vn 0.7390 -0.6695 -0.0752
vn -0.0000 -0.9982 -0.0599
vn 0.4484 -0.8915 -0.0641
vn -0.0000 -0.9980 -0.0632
vn 0.6586 -0.7520 0.0266
vn 0.3731 -0.9262 0.0547
vn 0.7290 -0.6836 0.0362
vn 0.2571 -0.9631 -0.0799
vn 0.3423 -0.9347 -0.0953
vn 0.0691 0.9819 0.1765
vn 0.1243 0.9810 0.1491
vn 0.3870 -0.8934 0.2282
vn 0.7975 -0.5853 -0.1463
vn 0.7779 -0.6275 0.0333
vn 0.1980 -0.9798 -0.0296
vn 0.1755 -0.8909 -0.4190
vn -0.0000 -0.9431 -0.3325
vn 0.4247 -0.8993 -0.1048
vn -0.0000 -0.9987 -0.0505
vn 0.1576 -0.8264 -0.5406
vn -0.0000 -0.8998 -0.4362
vn -0.0000 -0.8342 -0.5515
vn 0.1501 -0.8903 -0.4299
vn 0.5157 -0.5740 -0.6361
vn 0.3729 -0.5809 -0.7235
vn 0.1993 -0.5719 -0.7958
vn -0.0000 -0.5639 -0.8258
vn -0.1060 -0.9936 0.0383
vn -0.0561 -0.9971 -0.0523
vn -0.0456 -0.9955 -0.0833
vn -0.0585 -0.9983 0.0053
vn -0.6227 0.7806 0.0542
vn 0.1678 -0.9851 0.0374
vn 0.5204 -0.8425 0.1395
vn 0.2089 -0.9756 0.0681
vn 0.2716 -0.9498 0.1552
vn -0.0000 -0.9984 0.0559
vn -0.0000 -0.9997 0.0240
vn -0.0000 -0.8739 -0.4861
vn 0.1529 -0.9880 0.0211
vn -0.0000 -0.9999 0.0115
vn 0.0944 -0.8800 -0.4655
vn -0.0000 -0.8584 0.5129
vn 0.3222 -0.8960 0.3056
vn 0.3622 -0.8173 0.4481
vn -0.0000 -0.9880 0.1545
vn -0.0000 -0.9437 0.3307
vn 0.5729 -0.7805 0.2502
vn 0.6907 -0.6449 0.3272
vn -0.4019 0.8373 -0.3706
vn -0.1379 0.3788 -0.9151
vn -0.1571 0.9153 -0.3710
vn 0.0912 -0.9274 -0.3627
vn -0.4776 -0.7429 -0.4691
vn -0.0100 -0.9334 -0.3586
vn -0.0000 -0.9369 -0.3497
vn -0.0000 -0.9563 -0.2924
vn -0.4268 0.1433 -0.8929
vn -0.6303 0.0174 -0.7761
vn -0.4616 -0.4473 -0.7661
vn -0.0984 -0.8309 -0.5477
vn 0.1583 0.7705 -0.6174
vn 0.6691 0.6752 -0.3107
vn -0.0131 0.7985 -0.6018
vn -0.2237 -0.0512 -0.9733
vn -0.0000 -0.0277 -0.9996
vn 0.7368 0.6290 0.2479
vn 0.8262 0.5192 0.2188
vn 0.8053 0.5400 0.2448
vn 0.8301 0.5244 0.1895
vn 0.7428 -0.3523 -0.5693
vn 0.9680 -0.1980 0.1544
vn 0.8085 -0.5710 0.1425
vn 0.7306 -0.0543 -0.6807
vn 0.9399 -0.2566 0.2254
vn 0.8194 -0.5447 0.1783
vn 0.6157 -0.7847 0.0713
vn 0.7151 -0.6919 0.0997
vn 0.5200 -0.4906 -0.6992
vn 0.8810 0.3419 0.3272
vn 0.9398 0.0004 0.3418
vn 0.9186 0.2831 0.2759
vn 0.9570 0.0022 0.2901
vn 0.9348 0.3283 0.1354
vn 0.7571 0.3208 -0.5692
vn 0.4482 -0.8382 -0.3107
vn -0.7048 0.5932 -0.3890
vn -0.6261 0.1685 -0.7613
vn -0.8107 0.2842 -0.5118
vn -0.6533 -0.0001 -0.7571
vn -0.8447 0.0008 -0.5353
vn -0.8159 -0.2738 -0.5092
vn 0.9154 -0.2899 0.2794
vn 0.8810 -0.3394 0.3297
vn 0.8107 -0.5356 0.2363
vn 0.7106 -0.6835 0.1670
vn 0.0352 -0.9277 0.3716
vn -0.0407 -0.9990 -0.0165
vn -0.0261 -0.9975 -0.0651
vn -0.0049 -0.9990 0.0439
vn -0.0584 -0.9982 0.0132
vn 0.0589 -0.9975 0.0394
vn 0.3788 -0.9038 0.1990
vn -0.1942 -0.9807 0.0229
vn 0.7884 -0.4926 0.3684
vn -0.8405 -0.4177 0.3451
vn -0.0611 -0.9807 0.1856
vn -0.0667 -0.9567 0.2833
vn -0.0653 -0.9329 0.3541
vn -0.0613 -0.9858 0.1564
vn 0.6779 -0.7214 0.1417
vn 0.0183 0.2209 0.9751
vn -0.0608 -0.9773 0.2031
vn -0.0606 -0.9981 0.0076
vn -0.0576 -0.9982 0.0138
vn -0.0661 -0.9165 0.3946
vn 0.0202 0.2505 0.9679
vn -0.0571 -0.9983 0.0113
vn -0.0310 -0.9034 -0.4277
vn 0.6735 -0.7391 0.0060
vn 0.6746 -0.7333 0.0849
vn 0.0765 0.9967 -0.0276
vn 0.9448 0.0003 -0.3276
vn 0.0979 0.3550 -0.9297
vn 0.9056 0.2172 -0.3644
vn 0.0910 0.0004 -0.9958
vn 0.0920 -0.3467 -0.9335
vn 0.9033 -0.2157 -0.3707
vn -0.0337 -0.7818 -0.6226
vn -0.7287 -0.5555 -0.4005
vn -0.6273 -0.1650 -0.7611
vn -0.3457 -0.5129 -0.7858
vn 0.6517 -0.6849 -0.3259
vn 0.1042 -0.7667 -0.6335
vn 0.4019 0.8373 -0.3706
vn 0.1379 0.3788 -0.9151
vn 0.4268 0.1433 -0.8929
vn 0.1016 0.2572 0.9610
vn -0.0000 0.8957 0.4446
vn -0.0000 0.2335 0.9724
vn 0.2117 0.2287 0.9502
vn 0.3444 0.8382 0.4228
vn 0.6209 0.6399 0.4529
vn -0.0000 0.9955 0.0944
vn 0.2803 0.1264 0.9516
vn 0.2991 0.0003 0.9542
vn 0.8058 0.3357 0.4878
vn 0.8618 0.0002 0.5072
vn 0.8025 -0.3316 0.4960
vn 0.2739 -0.1204 0.9542
vn 0.6010 -0.5998 0.5282
vn 0.0706 -0.1387 0.9878
vn 0.1849 -0.1879 0.9646
vn -0.0000 -0.0977 0.9952
vn 0.3178 -0.6806 0.6602
vn -0.0000 -0.6710 0.7415
vn -0.9084 0.3763 0.1824
vn -0.6804 0.6804 0.2722
vn -0.6952 0.6952 0.1826
vn -0.9622 -0.0000 0.2722
vn -0.8890 0.3682 0.2721
vn -0.6933 -0.0000 0.7206
vn -0.6433 0.2651 0.7182
vn -0.4954 0.4954 0.7136
vn -0.3763 -0.9084 0.1824
vn -0.6804 -0.6804 0.2722
vn -0.6952 -0.6952 0.1826
vn -0.0000 -0.9622 0.2722
vn -0.3682 -0.8890 0.2721
vn -0.0000 -0.6933 0.7206
vn -0.2651 -0.6433 0.7182
vn -0.4954 -0.4954 0.7136
vn -0.3763 0.9084 0.1824
vn -0.0000 0.9622 0.2722
vn -0.0000 0.9832 0.1826
vn -0.3682 0.8890 0.2721
vn -0.2651 0.6433 0.7182
vn -0.0000 0.6933 0.7206
vn -0.9084 -0.3763 0.1824
vn -0.9832 -0.0000 0.1826
vn -0.8890 -0.3682 0.2721
vn -0.6433 -0.2651 0.7182
vn -0.0044 -0.0173 0.9998
vn -0.0000 -0.0169 0.9999
vn -0.0173 -0.0044 0.9998
vn -0.0197 -0.0197 0.9996
vn -0.0173 0.0044 0.9998
vn -0.0169 -0.0000 0.9999
vn -0.0044 0.0173 0.9998
vn -0.0197 0.0197 0.9996
vn -0.1961 -0.0797 0.9773
vn -0.1611 -0.1611 0.9737
vn -0.2043 -0.0000 0.9789
vn -0.1961 0.0797 0.9773
vn -0.0797 0.1961 0.9773
vn -0.1611 0.1611 0.9737
vn -0.0000 0.0169 0.9999
vn -0.0000 0.2043 0.9789
vn -0.0797 -0.1961 0.9773
vn -0.0000 -0.2043 0.9789
vn -0.0000 0.4238 -0.9058
vn -0.0944 -0.8800 -0.4655
vn 0.3987 -0.4633 0.7915
vn 0.4794 -0.8598 0.1758
vn 0.2450 -0.5827 0.7748
vn -0.0000 -0.9813 0.1926
vn -0.5208 -0.7327 -0.4381
vn -0.7328 -0.4884 -0.4738
vn -0.6360 -0.5421 -0.5492
vn -0.6134 -0.6872 -0.3894
vn -0.8015 -0.4422 -0.4026
vn -0.9065 0.0212 -0.4216
vn -0.8548 -0.0308 -0.5181
vn -0.7574 -0.0474 -0.6512
vn -0.2477 -0.9279 -0.2787
vn -0.5795 -0.5895 -0.5628
vn -0.3649 -0.8891 -0.2764
vn -0.6201 0.3620 -0.6960
vn -0.4689 -0.6190 -0.6301
vn -0.7298 0.2865 -0.6207
vn -0.6867 -0.5472 -0.4785
vn -0.4802 -0.8229 -0.3036
vn -0.0637 -0.9757 -0.2098
vn -0.3970 -0.6299 -0.6675
vn -0.1748 -0.9522 -0.2507
vn -0.4725 -0.3437 -0.8115
vn -0.5491 0.4675 -0.6927
vn -0.6107 -0.7432 -0.2732
vn -0.8388 0.2375 -0.4899
vn -0.7824 -0.5067 -0.3621
vn -0.9172 0.2010 -0.3441
vn -0.8424 -0.4773 -0.2502
vn -0.7094 -0.6693 -0.2207
vn -0.3588 -0.1320 -0.9240
vn -0.3780 0.8587 -0.3460
vn -0.0334 -0.9390 -0.3424
vn 0.1051 -0.9667 0.2334
vn -0.0833 -0.9894 0.1190
vn -0.0442 -0.9630 0.2657
vn 0.0196 -0.9996 0.0206
vn -0.1258 -0.9918 0.0240
vn -0.3654 -0.9241 0.1116
vn -0.3870 -0.8934 0.2282
vn -0.1145 -0.9324 0.3427
vn -0.1233 -0.9492 0.2893
vn -0.1604 0.9851 -0.0616
vn -0.0947 0.9880 -0.1219
vn -0.1920 0.9726 -0.1309
vn -0.0777 0.9955 -0.0545
vn -0.1149 0.9535 -0.2785
vn -0.2320 0.9337 -0.2727
vn -0.0129 -0.9057 0.4236
vn 0.1284 -0.8736 0.4693
vn -0.1991 0.2424 0.9495
vn -0.0219 -0.8638 0.5033
vn -0.1992 0.7213 0.6634
vn -0.1537 0.2706 0.9503
vn -0.1616 0.9868 -0.0101
vn -0.0771 0.9968 -0.0210
vn -0.1558 0.9875 -0.0251
vn -0.0835 0.9965 -0.0082
vn -0.1751 0.9845 -0.0027
vn -0.0898 0.9959 -0.0050
vn -0.1679 0.9858 -0.0056
vn -0.0962 0.9954 -0.0029
vn -0.1924 0.9813 0.0042
vn -0.1029 0.9947 -0.0003
vn -0.1833 0.9830 0.0006
vn -0.1099 0.9939 0.0027
vn -0.2084 0.9780 0.0055
vn -0.1167 0.9932 0.0045
vn -0.2013 0.9795 0.0063
vn -0.1224 0.9925 0.0043
vn -0.2112 0.9774 0.0023
vn -0.1264 0.9920 0.0042
vn -0.2123 0.9772 0.0031
vn -0.1278 0.9918 0.0074
vn -0.1964 0.9803 0.0195
vn -0.1267 0.9918 0.0169
vn -0.2052 0.9787 0.0069
vn -0.1242 0.9917 0.0341
vn -0.3507 0.9011 -0.2549
vn -0.2464 0.9648 -0.0920
vn -0.4303 0.8625 -0.2662
vn -0.2941 0.9499 -0.1057
vn -0.5227 0.8219 -0.2264
vn -0.2189 0.9749 -0.0417
vn -0.2676 0.9487 -0.1684
vn -0.2232 0.9747 -0.0112
vn -0.1974 0.9796 0.0374
vn -0.7438 0.6365 -0.2040
vn -0.9335 0.0478 -0.3555
vn -0.9527 0.0451 -0.3006
vn -0.5255 0.8356 -0.1603
vn -0.7626 0.5934 -0.2576
vn -0.5605 0.7962 -0.2276
vn -0.7712 0.5464 -0.3267
vn -0.6234 -0.5861 -0.5176
vn -0.9471 -0.1655 -0.2751
vn -0.6153 -0.5549 -0.5599
vn -0.3493 -0.8200 -0.4534
vn -0.8452 -0.5345 0.0006
vn -0.5119 -0.8581 0.0402
vn -0.7898 -0.6115 0.0466
vn -0.8612 -0.2426 -0.4467
vn -0.7135 0.6889 -0.1276
vn -0.9638 0.0483 -0.2621
vn -0.9735 0.0578 -0.2213
vn -0.4879 0.8686 -0.0869
vn -0.7269 0.6670 -0.1634
vn -0.5048 0.8549 -0.1199
vn -0.9877 0.0729 -0.1381
vn -0.7067 0.7014 -0.0927
vn -0.9824 0.0662 -0.1748
vn -0.7036 0.7074 -0.0674
vn -0.4630 0.8854 -0.0409
vn -0.4720 0.8795 -0.0611
vn -0.9934 0.0846 -0.0769
vn -0.7029 0.7098 -0.0459
vn -0.9912 0.0779 -0.1068
vn -0.7042 0.7096 -0.0251
vn -0.4598 0.8879 -0.0134
vn -0.4594 0.8879 -0.0261
vn -0.9908 0.1138 -0.0732
vn -0.7041 0.7099 -0.0138
vn -0.9935 0.0963 -0.0603
vn -0.6984 0.7153 -0.0219
vn -0.4683 0.8835 0.0052
vn -0.4638 0.8859 -0.0011
vn -0.9625 0.1672 -0.2137
vn -0.6816 0.7297 -0.0534
vn -0.9827 0.1372 -0.1244
vn -0.6506 0.7523 -0.1037
vn -0.4572 0.8892 -0.0187
vn -0.4679 0.8838 -0.0000
vn -0.3912 0.9169 -0.0791
vn -0.5981 0.7828 -0.1720
vn -0.4316 0.9008 -0.0480
vn -0.2088 0.9780 0.0033
vn -0.2102 0.9776 0.0090
vn -0.1998 0.9786 0.0485
vn -0.2290 0.9727 -0.0380
vn -0.1890 0.9793 0.0728
vn -0.1847 0.9774 0.1029
vn -0.1749 0.9831 0.0550
vn -0.1201 0.9913 0.0530
vn -0.1851 0.9821 0.0354
vn -0.1163 0.9905 0.0731
vn -0.3245 0.7159 -0.6182
vn -0.1577 0.7603 -0.6301
vn -0.2190 0.1318 -0.9668
vn -0.4281 0.0756 -0.9006
vn -0.4916 0.8379 -0.2373
vn -0.4213 0.8713 -0.2517
vn -0.7255 0.5599 -0.4003
vn -0.6407 0.5838 -0.4986
vn -0.2331 0.9723 -0.0144
vn -0.2588 0.9647 -0.0490
vn -0.2620 0.9648 -0.0221
vn -0.2912 0.9552 -0.0531
vn -0.3473 0.9326 -0.0987
vn -0.1919 0.9785 0.0756
vn -0.1761 0.9795 0.0978
vn -0.1962 0.9800 0.0322
vn -0.1804 0.9750 0.1295
vn -0.1632 0.9744 0.1544
vn -0.3278 0.9437 -0.0440
vn -0.2882 0.9573 -0.0221
vn -0.3085 0.9511 -0.0134
vn -0.3568 0.9338 -0.0263
vn -0.3743 0.9273 -0.0074
vn -0.3198 0.9475 -0.0018
vn -0.3218 0.9468 0.0067
vn -0.3802 0.9249 0.0052
vn -0.3781 0.9257 0.0088
vn -0.3177 0.9482 0.0092
vn -0.3105 0.9505 0.0058
vn -0.3721 0.9282 0.0044
vn -0.3666 0.9304 -0.0042
vn -0.3038 0.9527 -0.0005
vn -0.2993 0.9541 -0.0067
vn -0.3641 0.9313 -0.0129
vn -0.3649 0.9308 -0.0228
vn -0.2973 0.9547 -0.0133
vn -0.2984 0.9542 -0.0231
vn -0.3701 0.9283 -0.0366
vn -0.3784 0.9238 -0.0582
vn -0.3012 0.9526 -0.0430
vn -0.3035 0.9494 -0.0809
vn -0.3829 0.9191 -0.0926
vn -0.3950 0.9073 -0.1444
vn -0.3257 0.9340 -0.1467
vn -0.6931 -0.6340 -0.3432
vn -0.8224 -0.4703 -0.3203
vn -0.6951 -0.6650 -0.2733
vn -0.8135 -0.5118 -0.2761
vn -0.8187 -0.5319 -0.2163
vn -0.7054 -0.6695 -0.2327
vn -0.7193 -0.6638 -0.2049
vn -0.8101 -0.5303 -0.2500
vn -0.6984 -0.6710 -0.2489
vn -0.8400 -0.5226 -0.1455
vn -0.7357 -0.6554 -0.1708
vn -0.7487 -0.6479 -0.1406
vn -0.8307 -0.5275 -0.1779
vn -0.8724 -0.4771 -0.1061
vn -0.7753 -0.6241 -0.0967
vn -0.7774 -0.6179 -0.1182
vn -0.8658 -0.4929 -0.0861
vn -0.8561 -0.5081 -0.0941
vn -0.7664 -0.6348 -0.0981
vn -0.7575 -0.6425 -0.1156
vn -0.8474 -0.5177 -0.1178
vn -0.8686 -0.4686 -0.1609
vn -0.7612 -0.6277 -0.1629
vn -0.7285 0.0036 -0.6850
vn -0.9684 0.2006 0.1484
vn -0.7350 0.0588 -0.6755
vn -0.9750 0.0040 0.2220
vn -0.9894 0.0034 0.1453
vn -0.9395 0.2596 0.2237
vn -0.8344 0.5302 0.1507
vn -0.7571 0.3208 -0.5692
vn -0.5783 0.7758 0.2523
vn -0.4305 0.6303 0.6460
vn -0.8359 0.0994 0.5398
vn -0.6706 0.6961 0.2566
vn -0.3370 0.9174 0.2115
vn -0.3625 0.9225 0.1327
vn -0.1208 0.9859 0.1156
vn -0.1006 0.9796 0.1741
vn -0.3344 0.9052 -0.2623
vn -0.4955 0.6479 -0.5786
vn -0.6117 0.0032 -0.7911
vn -0.2138 0.9768 0.0135
vn -0.2338 0.9723 0.0013
vn -0.2510 0.9680 -0.0057
vn -0.2639 0.9645 -0.0043
vn -0.2698 0.9629 0.0014
vn -0.2687 0.9632 0.0065
vn -0.2629 0.9648 0.0081
vn -0.2547 0.9670 0.0055
vn -0.2466 0.9691 0.0008
vn -0.2401 0.9707 -0.0037
vn -0.2353 0.9719 -0.0081
vn -0.2327 0.9724 -0.0148
vn -0.2314 0.9723 -0.0325
vn -0.2375 0.9688 -0.0711
vn -0.2697 0.9525 -0.1412
vn -0.6987 -0.7145 0.0350
vn -0.5075 -0.8595 0.0611
vn -0.7175 -0.6929 0.0712
vn -0.5053 -0.8590 0.0825
vn -0.6755 -0.7312 0.0957
vn -0.6996 -0.7124 0.0551
vn -0.9348 0.3283 0.1354
vn -0.7374 -0.6208 0.2662
vn -0.4482 -0.8382 -0.3107
vn -0.9417 -0.3299 0.0662
vn -0.9980 -0.0279 -0.0562
vn -0.9182 0.0508 -0.3928
vn -0.9559 -0.0082 -0.2935
vn -0.9662 -0.1893 -0.1749
vn -0.3801 -0.1371 0.9147
vn -0.3000 0.4681 0.8312
vn -0.4118 -0.6927 0.5921
vn -0.3001 -0.9505 -0.0808
vn -0.5226 -0.8503 -0.0634
vn -0.2933 -0.9496 -0.1101
vn -0.5177 -0.8492 -0.1043
vn -0.2956 -0.9464 -0.1302
vn -0.7435 -0.6526 -0.1459
vn -0.6845 -0.7109 -0.1615
vn -0.7645 -0.6331 -0.1214
vn -0.7371 -0.6653 -0.1188
vn -0.7233 -0.6803 -0.1183
vn -0.6849 -0.7226 -0.0937
vn -0.6478 -0.7595 -0.0597
vn -0.6585 -0.7455 -0.1030
vn -0.6635 -0.7386 -0.1191
vn -0.5199 -0.8451 -0.1246
vn -0.2944 -0.9450 -0.1425
vn -0.5176 -0.8456 -0.1306
vn -0.2844 -0.9462 -0.1541
vn -0.7661 -0.6343 -0.1044
vn -0.7594 -0.6424 -0.1029
vn -0.7318 -0.6727 -0.1094
vn -0.7376 -0.6661 -0.1105
vn -0.6619 -0.7401 -0.1187
vn -0.6548 -0.7462 -0.1199
vn -0.5071 -0.8511 -0.1362
vn -0.2658 -0.9488 -0.1707
vn -0.4885 -0.8595 -0.1507
vn -0.2441 -0.9496 -0.1968
vn -0.7516 -0.6492 -0.1171
vn -0.7414 -0.6558 -0.1421
vn -0.7118 -0.6867 -0.1475
vn -0.7239 -0.6791 -0.1215
vn -0.6436 -0.7539 -0.1323
vn -0.6270 -0.7624 -0.1599
vn -0.4650 -0.8671 -0.1787
vn -0.7251 -0.6664 -0.1737
vn -0.7038 -0.6793 -0.2079
vn -0.6667 -0.7133 -0.2161
vn -0.6922 -0.6986 -0.1812
vn -0.2258 -0.9472 -0.2277
vn -0.4406 -0.8720 -0.2132
vn -0.2108 -0.9425 -0.2593
vn -0.6041 -0.7727 -0.1951
vn -0.5762 -0.7842 -0.2303
vn -0.4157 -0.8753 -0.2472
vn -0.1938 -0.9337 -0.3012
vn -0.3851 -0.8769 -0.2877
vn -0.1699 -0.9183 -0.3575
vn -0.6810 -0.6929 -0.2370
vn -0.6562 -0.7115 -0.2512
vn -0.5918 -0.7590 -0.2716
vn -0.6360 -0.7303 -0.2492
vn -0.5413 -0.7971 -0.2676
vn -0.4851 -0.8181 -0.3088
vn -0.3422 -0.8763 -0.3392
vn -0.2949 -0.8645 -0.4071
vn -0.4167 -0.7721 -0.4798
vn -0.2964 -0.8045 -0.5147
vn -0.4147 -0.8292 -0.3747
vn -0.5189 -0.7849 -0.3385
vn -0.6104 -0.7356 -0.2937
vn -0.2284 -0.9015 0.3677
vn -0.4288 0.2467 0.8691
vn -0.3774 0.1491 0.9140
vn -0.2781 0.1558 0.9478
vn -0.1107 0.9938 -0.0065
vn -0.2313 0.9078 -0.3497
vn -0.0709 0.9970 -0.0308
vn -0.1266 0.9899 0.0633
vn -0.2160 0.1962 0.9565
vn -0.1238 0.9918 0.0308
vn -0.1309 0.9837 0.1234
vn -0.1285 0.9872 0.0948
vn -0.3264 -0.9437 -0.0541
vn -0.5786 -0.8156 0.0023
vn -0.5427 -0.8397 -0.0203
vn -0.6340 -0.7733 -0.0111
vn -0.6204 -0.7840 0.0205
vn -0.5294 -0.8481 -0.0216
vn -0.6147 -0.7869 -0.0551
vn -0.3622 -0.9314 -0.0368
vn -0.4003 -0.9160 -0.0246
vn -0.4342 -0.8999 -0.0394
vn -0.6200 -0.7844 0.0160
vn -0.6114 -0.7905 0.0362
vn -0.6174 -0.7857 0.0398
vn -0.3998 -0.9163 0.0249
vn -0.4534 -0.8913 0.0037
vn -0.4397 -0.8880 -0.1348
vn -0.5752 -0.8028 -0.1570
vn -0.7007 -0.7120 -0.0462
vn -0.4488 -0.8901 -0.0795
vn -0.7390 -0.6695 -0.0752
vn -0.6635 -0.7482 -0.0000
vn -0.4484 -0.8915 -0.0641
vn -0.6586 -0.7520 0.0266
vn -0.7290 -0.6836 0.0362
vn -0.3731 -0.9262 0.0547
vn -0.2571 -0.9631 -0.0799
vn -0.3423 -0.9347 -0.0953
vn -0.0691 0.9819 0.1765
vn -0.1243 0.9810 0.1491
vn -0.6640 -0.7325 -0.1500
vn -0.7779 -0.6275 0.0333
vn -0.7975 -0.5853 -0.1463
vn -0.1980 -0.9798 -0.0296
vn -0.1755 -0.8909 -0.4190
vn -0.4247 -0.8993 -0.1048
vn -0.1576 -0.8264 -0.5406
vn -0.1500 -0.8903 -0.4299
vn -0.5157 -0.5740 -0.6361
vn -0.3729 -0.5809 -0.7235
vn -0.1993 -0.5719 -0.7958
vn 0.1060 -0.9936 0.0383
vn 0.0561 -0.9971 -0.0523
vn -0.1678 -0.9851 0.0374
vn -0.2089 -0.9756 0.0681
vn -0.2716 -0.9498 0.1552
vn -0.5204 -0.8425 0.1395
vn -0.1529 -0.9880 0.0211
vn -0.3222 -0.8960 0.3056
vn -0.3622 -0.8173 0.4481
vn -0.5729 -0.7805 0.2502
vn 0.1571 0.9153 -0.3710
vn 0.0100 -0.9334 -0.3586
vn 0.4776 -0.7429 -0.4691
vn -0.0912 -0.9274 -0.3627
vn 0.4616 -0.4473 -0.7661
vn 0.6303 0.0174 -0.7761
vn 0.9337 -0.0997 -0.3440
vn 0.2237 -0.0512 -0.9733
vn -0.0000 0.9380 -0.3466
vn -0.7368 0.6290 0.2479
vn -0.8053 0.5400 0.2448
vn -0.8262 0.5192 0.2188
vn -0.8301 0.5244 0.1895
vn -0.7428 -0.3523 -0.5693
vn -0.9680 -0.1980 0.1544
vn -0.7306 -0.0543 -0.6807
vn -0.8085 -0.5710 0.1425
vn -0.9399 -0.2566 0.2254
vn -0.6157 -0.7847 0.0713
vn -0.8194 -0.5447 0.1783
vn -0.7151 -0.6919 0.0997
vn -0.5200 -0.4906 -0.6992
vn -0.8810 0.3419 0.3272
vn -0.9186 0.2831 0.2759
vn -0.9570 0.0022 0.2901
vn -0.9398 0.0004 0.3418
vn -0.9154 -0.2899 0.2794
vn -0.8810 -0.3394 0.3297
vn -0.8107 -0.5356 0.2363
vn -0.6907 -0.6449 0.3272
vn -0.7106 -0.6835 0.1670
vn -0.0352 -0.9277 0.3716
vn 0.1842 -0.9829 -0.0029
vn 0.2347 -0.9279 0.2896
vn 0.5427 -0.6876 0.4824
vn 0.6273 -0.1650 -0.7611
vn 0.6533 -0.0001 -0.7571
vn 0.3457 -0.5129 -0.7858
vn -0.1042 -0.7667 -0.6335
vn -0.7020 -0.4513 -0.5509
vn -0.1016 0.2572 0.9610
vn -0.3444 0.8382 0.4228
vn -0.6209 0.6399 0.4529
vn -0.2117 0.2287 0.9502
vn -0.2803 0.1264 0.9516
vn -0.8058 0.3357 0.4878
vn -0.8618 0.0002 0.5072
vn -0.2991 0.0003 0.9542
vn -0.8025 -0.3316 0.4960
vn -0.2739 -0.1204 0.9542
vn -0.6010 -0.5998 0.5282
vn -0.1849 -0.1879 0.9646
vn -0.0706 -0.1387 0.9878
vn -0.3178 -0.6806 0.6602
vn 0.6804 0.6804 0.2722
vn 0.9084 0.3763 0.1824
vn 0.6952 0.6952 0.1826
vn 0.4954 0.4954 0.7136
vn 0.8890 0.3682 0.2721
vn 0.6933 -0.0000 0.7206
vn 0.9622 -0.0000 0.2722
vn 0.9832 -0.0000 0.1826
vn 0.6804 -0.6804 0.2722
vn 0.3763 -0.9084 0.1824
vn 0.6952 -0.6952 0.1826
vn 0.4954 -0.4954 0.7136
vn 0.3682 -0.8890 0.2721
vn -0.0000 -0.9832 0.1826
vn 0.3763 0.9084 0.1824
vn 0.3682 0.8890 0.2721
vn 0.9084 -0.3763 0.1824
vn 0.8890 -0.3682 0.2721
vn 0.0044 -0.0173 0.9998
vn 0.0197 -0.0197 0.9996
vn 0.0173 -0.0044 0.9998
vn 0.0173 0.0044 0.9998
vn 0.0169 -0.0000 0.9999
vn 0.0197 0.0197 0.9996
vn 0.0044 0.0173 0.9998
vn 0.1961 -0.0797 0.9773
vn 0.1611 -0.1611 0.9737
vn 0.6433 -0.2651 0.7182
vn 0.2043 -0.0000 0.9789
vn 0.1961 0.0797 0.9773
vn 0.6433 0.2651 0.7182
vn 0.1611 0.1611 0.9737
vn 0.0797 0.1961 0.9773
vn 0.2651 0.6433 0.7182
vn 0.0797 -0.1961 0.9773
vn 0.2651 -0.6433 0.7182
vn 0.0984 -0.8309 -0.5477
vn -0.0000 0.9765 0.2154
vn 0.1006 0.9796 0.1741
vn -0.6890 0.2854 -0.6663
vn -0.6079 0.2518 -0.7530
vn -0.7467 -0.0000 -0.6652
vn -0.6079 -0.2518 -0.7530
vn -0.6890 -0.2854 -0.6662
vn -0.2854 0.6889 -0.6663
vn -0.0000 0.7467 -0.6652
vn -0.5280 0.5280 -0.6652
vn -0.5281 -0.5280 -0.6651
vn -0.2518 -0.6079 -0.7530
vn -0.2854 -0.6889 -0.6663
vn -0.0000 0.4737 -0.8807
vn 0.6890 0.2854 -0.6663
vn 0.6079 0.2518 -0.7530
vn 0.6889 -0.2854 -0.6663
vn 0.2854 -0.6889 -0.6663
vn -0.0000 -0.7467 -0.6651
vn 0.2854 0.6889 -0.6663
vn 0.5281 -0.5280 -0.6651
vn -0.1660 0.1179 0.9790
vn -0.2450 -0.5827 0.7748
vn -0.4790 0.5661 0.6709
vn -0.6505 0.7518 0.1079
vn 0.9490 0.0001 -0.3153
vn 0.7228 0.4493 -0.5251
vn 0.9352 0.0992 -0.3399
vn 0.7020 -0.4513 -0.5509
vn -0.3081 0.5304 -0.7898
vn -0.9352 0.0992 -0.3399
vn -0.9490 0.0001 -0.3153
vn -0.7228 0.4493 -0.5251
vn 0.5848 0.1241 -0.8016
vn 0.6224 -0.7212 -0.3043
vn 0.0681 0.1463 -0.9869
vn 0.2792 0.6741 0.6839
vn 0.5152 0.5152 0.6850
vn -0.0000 0.7285 0.6850
vn 0.6741 0.2792 0.6839
vn 0.7286 -0.0000 0.6850
vn 0.6741 -0.2792 0.6839
vn 0.5152 -0.5152 0.6850
vn 0.2792 -0.6741 0.6839
vn -0.0000 -0.7286 0.6850
vn -0.2792 0.6741 0.6839
vn -0.5152 0.5152 0.6850
vn -0.6741 0.2792 0.6839
vn -0.7285 -0.0000 0.6850
vn -0.6741 -0.2792 0.6839
vn -0.5152 -0.5152 0.6850
vn -0.2792 -0.6741 0.6839
vn -0.5158 0.5627 0.6460
vn -0.7716 -0.0040 0.6361
vn -0.5281 -0.5451 0.6512
vn -0.0319 -0.7338 0.6786
vn -0.1583 0.7705 -0.6174
vn 0.3081 0.5304 -0.7898
vn 0.6261 0.1685 -0.7613
vn -0.9337 -0.0997 -0.3440
vn 0.1233 -0.9492 0.2893
vn 0.0442 -0.9630 0.2657
vn 0.0320 -0.0393 -0.9987
vn 0.5174 0.4764 -0.7108
vn 0.0058 -0.0391 -0.9992
vn 0.7221 0.6777 -0.1391
vn 0.6933 0.6904 -0.2065
vn 0.5839 0.5124 -0.6296
vn 0.7263 0.6793 -0.1052
vn 0.0909 -0.0314 -0.9954
vn 0.7088 0.6831 0.1761
vn 0.1939 0.3310 0.9235
vn 0.3633 0.7262 0.5836
vn -0.2032 0.3478 0.9153
vn -0.0745 0.0172 0.9971
vn 0.1595 -0.0130 0.9871
vn 0.5996 0.4822 0.6388
vn -0.4708 -0.5669 0.6760
vn -0.5575 -0.4245 0.7134
vn -0.2319 -0.0300 0.9723
vn -0.6683 -0.6897 0.2786
vn -0.3974 -0.2550 0.8815
vn -0.6899 -0.7136 0.1212
vn -0.0677 -0.0091 -0.9977
vn -0.0778 0.0673 -0.9947
vn -0.1032 -0.0145 -0.9945
vn 0.3287 0.6487 -0.6865
vn -0.1137 0.2266 -0.9673
vn 0.1322 0.2654 -0.9550
vn -0.1867 -0.4462 -0.8753
vn -0.4494 -0.8193 -0.3560
vn -0.2817 -0.3538 -0.8919
vn -0.6056 -0.7937 -0.0580
vn -0.5948 -0.6648 -0.4520
vn 0.1632 0.8399 -0.5176
vn -0.1308 0.3997 -0.9073
vn 0.5358 0.8312 -0.1485
vn -0.2344 -0.1628 -0.9584
vn -0.4851 -0.4204 -0.7668
vn -0.5394 -0.5589 -0.6298
vn -0.6935 -0.7110 -0.1161
vn -0.7023 -0.7025 -0.1149
vn -0.5455 -0.5725 -0.6121
vn -0.5024 -0.5634 -0.6558
vn -0.6877 -0.7074 -0.1632
vn 0.7249 0.6888 0.0013
vn 0.7132 0.7005 0.0254
vn 0.7111 0.7031 -0.0005
vn 0.7275 0.6744 0.1259
vn 0.7124 0.7009 0.0340
vn 0.7249 0.6885 0.0230
vn 0.7161 0.6980 0.0082
vn -0.4621 -0.5884 0.6634
vn -0.6911 -0.7117 0.1264
vn -0.6748 -0.7227 0.1493
vn 0.1872 -0.0193 0.9821
vn -0.4412 -0.5933 0.6733
vn 0.6467 0.5099 0.5673
vn 0.2063 -0.0103 0.9784
vn 0.7118 0.6913 0.1239
vn 0.5367 0.8338 0.1291
vn 0.1564 0.9271 0.3407
vn -0.1956 0.5516 0.8109
vn -0.9989 0.0125 0.0460
vn -0.5146 0.8541 0.0754
vn -0.9959 0.0639 0.0636
vn -0.6366 0.7711 0.0137
vn 0.2699 0.9604 0.0697
vn 0.0410 0.9991 -0.0116
vn 0.4410 -0.4848 0.7553
vn 0.7788 0.0791 0.6223
vn 0.6764 0.0476 0.7350
vn 0.4258 -0.6579 0.6212
vn 0.4357 0.0539 0.8985
vn -0.1540 -0.9658 0.2087
vn -0.0792 -0.7066 0.7032
vn -0.7106 -0.7010 0.0598
vn -0.5154 -0.8428 0.1552
vn -0.7651 -0.6413 0.0579
vn 0.5923 0.8055 0.0178
vn 0.6015 0.7988 -0.0014
vn -0.6312 -0.7756 0.0002
vn -0.6276 -0.7785 0.0085
vn -0.7018 -0.7124 -0.0001
vn -0.7019 -0.7122 0.0136
vn -0.6924 -0.7206 -0.0357
vn -0.7052 -0.7090 -0.0007
vn -0.6886 -0.7251 -0.0022
vn -0.7059 -0.7080 -0.0192
vn -0.7028 -0.7112 -0.0135
vn -0.6380 -0.7700 -0.0085
vn -0.8234 -0.5665 0.0334
vn -0.8373 -0.5467 -0.0097
vn -0.9933 0.1056 0.0465
vn -0.9936 0.1127 0.0059
vn -0.6278 -0.7773 0.0403
vn -0.3740 -0.6272 0.6832
vn -0.6174 -0.7682 0.1692
vn 0.2658 0.0147 0.9639
vn 0.6356 0.7650 0.1041
vn 0.6489 0.5341 0.5420
vn 0.6445 0.5960 0.4789
vn 0.6230 0.6874 0.3734
vn 0.2595 0.9657 0.0109
vn -0.5403 0.8410 0.0290
vn 0.2328 0.9719 0.0343
vn -0.9952 0.0918 -0.0339
vn -0.5379 0.8430 -0.0034
vn -0.9974 0.0490 -0.0522
vn -0.5406 0.8412 -0.0103
vn 0.3085 -0.0326 -0.9507
vn 0.6266 0.5141 -0.5857
vn 0.7423 0.5263 -0.4148
vn 0.7392 0.6684 -0.0829
vn 0.6876 0.7254 -0.0321
vn 0.8388 0.0228 -0.5440
vn -0.6247 -0.7509 -0.2142
vn -0.3533 -0.6070 -0.7118
vn 0.1836 -0.7945 -0.5788
vn -0.4908 -0.8458 -0.2092
vn -0.6888 -0.7243 0.0299
vn -0.6382 -0.7699 -0.0044
vn -0.6408 -0.7665 0.0426
vn -0.5231 0.8499 0.0635
vn 0.2401 0.9685 0.0663
vn 0.6499 0.7600 -0.0004
vn 0.7188 0.6950 -0.0141
vn 0.6357 0.7716 0.0222
vn -0.6485 -0.7589 -0.0592
vn -0.6375 -0.7678 -0.0637
vn -0.7647 -0.6391 -0.0824
vn -0.8244 -0.5636 -0.0512
vn -0.7037 -0.7102 0.0205
vn -0.6297 -0.7768 -0.0087
vn 0.5946 0.8036 -0.0247
vn 0.7119 0.7017 -0.0272
vn 0.7255 0.6879 -0.0216
vn -0.2410 -0.0514 -0.9692
vn -0.0187 -0.9156 -0.4015
vn 0.0480 -0.8497 0.5250
vn -0.5017 -0.7413 0.4457
vn 0.0488 -0.8960 0.4414
vn -0.0168 -0.9713 0.2371
vn -0.0212 0.2703 0.9625
vn -0.0320 0.2865 0.9575
vn 0.0363 -0.9259 -0.3761
vn -0.1637 -0.0110 -0.9864
vn -0.0113 -0.9246 -0.3807
vn -0.1558 0.9254 -0.3455
vn -0.0952 0.9332 -0.3464
vn -0.0718 0.0140 -0.9973
vn 0.0306 -0.8980 -0.4389
vn -0.0620 0.0895 -0.9941
vn 0.0381 -0.9033 -0.4274
vn -0.0869 0.9384 -0.3343
vn -0.0860 0.9450 -0.3157
vn -0.0664 0.1230 -0.9902
vn -0.0767 0.9968 -0.0224
vn -0.0768 0.9967 -0.0259
vn -0.0179 0.1721 0.9849
vn -0.0183 0.2209 0.9751
vn -0.5506 0.0532 0.8331
vn -0.0849 0.9561 -0.2805
vn -0.7303 0.6830 -0.0116
vn -0.0587 0.9978 -0.0309
vn -0.0653 0.9974 -0.0296
vn -0.1195 0.9321 -0.3420
vn -0.0739 0.9969 -0.0286
vn 0.0456 -0.9955 -0.0833
vn 0.0585 -0.9983 0.0053
vn 0.6227 0.7806 0.0542
vn 0.0407 -0.9990 -0.0165
vn 0.0049 -0.9990 0.0439
vn 0.0261 -0.9975 -0.0651
vn 0.0584 -0.9982 0.0132
vn -0.0589 -0.9975 0.0394
vn -0.3788 -0.9038 0.1990
vn -0.7884 -0.4926 0.3684
vn 0.0611 -0.9807 0.1856
vn 0.0667 -0.9567 0.2833
vn 0.0613 -0.9858 0.1564
vn -0.6779 -0.7214 0.1417
vn -0.6746 -0.7333 0.0849
vn 0.0653 -0.9329 0.3541
vn 0.0608 -0.9773 0.2031
vn 0.0606 -0.9981 0.0076
vn 0.0576 -0.9982 0.0138
vn 0.0661 -0.9165 0.3946
vn -0.0202 0.2505 0.9679
vn 0.0571 -0.9983 0.0113
vn -0.6735 -0.7391 0.0060
vn 0.0310 -0.9034 -0.4277
vn -0.0765 0.9967 -0.0276
vn -0.3987 -0.4633 0.7915
vn -0.4794 -0.8598 0.1758
vn -0.0000 -0.6249 0.7807
vn -0.6052 -0.7955 0.0304
vn 0.7467 -0.0000 -0.6652
vn 0.5280 0.5280 -0.6652
vn 0.2518 -0.6079 -0.7530
vn 0.4790 0.5660 0.6709
vn -0.0272 0.7775 0.6283
vn 0.6505 0.7518 0.1079
vn -0.6964 0.7004 -0.1563
vn -0.5848 0.1241 -0.8016
vn -0.6224 -0.7212 -0.3043
vn -0.0681 0.1463 -0.9869
vn 0.7048 0.5932 -0.3890
vn 0.0131 0.7985 -0.6018
vn 0.8107 0.2842 -0.5118
vn 0.8447 0.0008 -0.5353
vn 0.8159 -0.2738 -0.5092
vn -0.9448 0.0003 -0.3276
vn -0.0979 0.3550 -0.9297
vn -0.0910 0.0004 -0.9958
vn -0.9056 0.2172 -0.3644
vn -0.0920 -0.3467 -0.9335
vn 0.0337 -0.7818 -0.6226
vn -0.9033 -0.2157 -0.3707
vn 0.7287 -0.5555 -0.4005
vn -0.6517 -0.6849 -0.3259
vn -0.6691 0.6752 -0.3107
vn -0.0000 0.6249 0.7807
vn -0.0000 0.1539 -0.9881
vn -0.4703 -0.8634 0.1825
vn 0.2922 0.9561 0.0243
vn -0.6303 -0.0000 -0.7764
vn -0.6303 -0.5490 -0.5490
vn -0.6302 0.5490 0.5490
vn -0.6303 -0.7764 -0.0000
vn -0.6303 0.7764 -0.0000
vn -0.6303 0.5490 -0.5490
vn -0.0000 -0.0000 -1.0000
vn -0.6303 -0.5490 0.5490
vn -0.6303 -0.0000 0.7764
vn -0.0000 0.7071 -0.7071
vn -0.0000 -0.7071 -0.7071
vn 0.6303 0.5490 -0.5490
vn 0.6303 0.7764 -0.0000
vn 0.6302 0.5490 0.5490
vn 0.6303 -0.0000 0.7764
vn 0.6303 -0.5490 0.5490
vn 0.6303 -0.5490 -0.5490
vn 0.6303 -0.0000 -0.7764
vn 0.6303 -0.7764 -0.0000
vn 0.6746 0.0783 0.7340
vn 0.6065 0.2646 -0.7498
vn 0.6746 0.0783 -0.7340
vn -0.7264 -0.0843 -0.6821
vn -0.6813 -0.2973 0.6689
vn -0.7264 -0.0843 0.6821
vn -0.5548 -0.4774 -0.6814
vn -0.6813 -0.2972 -0.6689
vn 0.6065 0.2646 0.7498
vn 0.5142 0.4424 -0.7348
vn 0.6657 0.1456 0.7319
vn -0.5548 -0.4774 0.6814
vn -0.6657 0.1456 -0.7319
vn -0.4255 -0.4646 -0.7766
vn -0.4254 -0.4646 0.7766
vn 0.5358 0.5851 0.6087
vn 0.5358 0.5851 -0.6087
vn -0.6302 0.5490 -0.5490
vn 0.6657 0.1456 -0.7319
vn 0.6302 0.5490 -0.5490
vn -0.6303 0.5490 0.5490
vn -0.6657 0.1456 0.7319
vn 0.6303 0.5490 0.5490
vn 0.5142 0.4424 0.7348
vn -0.5142 0.4424 0.7348
vn 0.4254 -0.4646 0.7766
vn 0.5641 -0.4794 0.6723
vn -0.5037 0.4533 -0.7354
vn 0.4255 -0.4646 -0.7766
vn -0.5358 0.5851 -0.6087
vn -0.6746 0.0783 0.7340
vn 0.7264 -0.0843 0.6821
vn -0.6746 0.0783 -0.7340
vn -0.5358 0.5851 0.6087
vn 0.5548 -0.4774 -0.6814
vn 0.6813 -0.2972 -0.6689
vn -0.6065 0.2646 0.7498
vn 0.6813 -0.2973 0.6689
vn -0.6065 0.2646 -0.7498
vn 0.7264 -0.0843 -0.6821
vn -0.6695 0.4510 0.5902
vn -0.7594 -0.1898 -0.6223
vn -0.7594 0.1468 0.6339
vn 0.6695 0.4510 0.5902
vn 0.6695 0.0955 -0.7367
vn 0.6422 0.4512 -0.6197
vn -0.0845 0.8170 0.5704
vn -0.3070 0.2889 -0.9068
vn -0.0845 0.4224 -0.9025
vn 0.5895 -0.6425 -0.4897
vn 0.7594 0.1468 0.6339
vn 0.5895 -0.3116 0.7453
vn -0.6422 0.4512 -0.6197
vn -0.6695 0.0955 -0.7367
vn 0.1711 -0.8672 -0.4677
vn -0.0000 -0.5000 0.8660
vn -0.0000 -0.8660 -0.5000
vn -0.0000 0.8660 0.5000
vn -0.0000 0.5000 -0.8660
vn 0.1711 -0.5171 0.8387
vn -0.6096 0.4894 0.6237
vn -0.3070 0.7036 0.6409
vn 0.6421 0.7006 0.3111
vn 0.6363 0.7451 -0.1997
vn 0.6422 0.7006 0.3111
vn 0.3070 0.7036 0.6409
vn 0.6096 0.1120 -0.7848
vn 0.6096 0.4894 0.6236
vn -0.5895 -0.6425 -0.4897
vn -0.1711 -0.5171 0.8387
vn -0.5895 -0.3116 0.7453
vn 0.0846 0.8170 0.5704
vn -0.6421 0.7006 0.3111
vn 0.3071 0.2889 -0.9068
vn -0.1711 -0.8672 -0.4677
vn -0.6363 0.7451 -0.1997
vn 0.6695 0.4511 0.5902
vn -0.6422 0.7006 0.3111
vn 0.7594 -0.1898 -0.6223
vn -0.6096 0.1120 -0.7848
vn 0.0845 0.4224 -0.9025
vn 0.5774 -0.4082 0.7071
vn 0.7071 -0.1830 -0.6830
vn 0.7071 0.1830 0.6830
vn 0.6404 -0.4423 0.6279
vn -0.6785 -0.1085 0.7265
vn -0.6404 -0.4423 0.6279
vn 0.2475 -0.1394 0.9588
vn -0.2346 -0.9718 -0.0233
vn -0.2475 -0.1394 0.9588
vn 0.5774 -0.7071 -0.4083
vn 0.2346 -0.9718 -0.0233
vn -0.7071 0.1830 0.6830
vn 0.6785 -0.1085 0.7265
vn 0.6404 -0.6970 -0.3226
vn 0.6785 -0.4572 -0.5749
vn -0.6353 -0.7460 0.1999
vn -0.6785 -0.4572 -0.5749
vn -0.6404 -0.6969 -0.3226
vn 0.6353 -0.7460 0.1999
vn -0.7071 -0.1830 -0.6830
vn -0.5774 -0.4082 0.7071
vn -0.5774 -0.7071 -0.4083
vn 0.6404 -0.6969 -0.3226
vn -0.6404 -0.6970 -0.3226
vn -0.9938 -0.0865 -0.0703
vn -0.4307 -0.2576 0.8649
vn -0.5656 0.5042 0.6526
vn -0.6643 0.5613 0.4936
vn -0.7360 0.6362 0.2314
vn 0.5333 0.2187 0.8172
vn -0.9950 0.0410 -0.0905
vn -0.9808 -0.0505 -0.1884
vn 0.9997 0.0060 0.0258
vn 0.6309 -0.3238 0.7050
vn 0.6257 -0.6068 0.4902
vn 0.5957 0.7421 0.3073
vn -0.7001 -0.5705 0.4293
vn -0.6458 -0.3227 0.6920
vn 0.6381 0.1812 0.7483
vn -0.6383 0.1836 0.7476
vn 0.6316 0.5744 0.5206
vn 0.9938 -0.0865 -0.0703
vn 0.4307 -0.2576 0.8649
vn 0.9950 0.0410 -0.0905
vn 0.7001 -0.5706 0.4293
vn 0.5655 0.5042 0.6526
vn -0.5333 0.2187 0.8172
vn 0.7360 0.6362 0.2314
vn 0.6458 -0.3227 0.6920
vn -0.9997 0.0060 0.0258
vn -0.6316 0.5744 0.5206
vn -0.5957 0.7421 0.3073
vn 0.6643 0.5613 0.4936
vn -0.6381 0.1812 0.7483
vn 0.6383 0.1836 0.7476
vn -0.6309 -0.3238 0.7050
vn -0.6257 -0.6068 0.4902
vn 0.9808 -0.0505 -0.1884
vn 0.6660 -0.7290 0.1580
vn 0.6292 -0.5546 -0.5445
vn 0.6313 -0.5433 0.5534
vn -0.6292 -0.5546 -0.5445
vn -0.6660 -0.7290 0.1580
vn -0.6313 -0.5433 0.5534
vn 0.5799 0.5619 -0.5899
vn 0.6660 -0.1445 0.7318
vn 0.6655 -0.1466 -0.7319
vn -0.5800 0.5619 -0.5899
vn -0.6660 -0.1445 0.7318
vn -0.5748 0.5925 0.5644
vn -0.6655 -0.1466 -0.7319
vn 0.6655 -0.7345 -0.1331
vn -0.6655 -0.7345 -0.1331
vn 0.5748 0.5925 0.5644
vn -0.5799 0.5619 -0.5899
vn 0.5800 0.5619 -0.5899
vn -0.9865 -0.0731 -0.1467
vn -0.7240 0.6832 0.0948
vn -0.6710 0.6477 -0.3608
vn -0.9850 -0.0831 0.1513
vn -0.9957 -0.0914 0.0180
vn 0.0230 0.9681 0.2493
vn 0.0363 0.9918 0.1226
vn 0.0264 0.9985 -0.0478
vn -0.9867 -0.0714 -0.1463
vn -0.7222 0.6852 0.0940
vn -0.6689 0.6495 -0.3617
vn -0.9852 -0.0812 0.1512
vn -0.9958 -0.0896 0.0181
vn 0.0258 0.9684 0.2479
vn 0.0398 0.9918 0.1212
vn 0.0304 0.9983 -0.0488
vn 0.4273 0.8801 -0.2070
vn 0.6281 0.7494 -0.2093
vn -0.3261 0.3765 -0.8671
vn -0.6889 -0.6451 -0.3306
vn -0.8265 -0.4596 -0.3252
vn -0.8615 -0.4631 0.2081
vn -0.6588 0.6082 0.4428
vn -0.7200 -0.6700 0.1811
vn -0.4012 0.3074 0.8629
vn 0.6097 0.7301 0.3085
vn 0.4026 0.8543 0.3288
vn 0.5569 0.8242 0.1023
vn 0.4051 0.8537 0.3274
vn 0.6628 0.7427 0.0953
vn 0.4306 0.8784 -0.2074
vn -0.7997 -0.5993 -0.0354
vn -0.8276 -0.4582 -0.3241
vn -0.7118 -0.7009 -0.0447
vn -0.8626 -0.4611 0.2082
vn 0.5543 0.8258 0.1037
vn 0.6607 0.7444 0.0966
vn 0.6304 0.7475 -0.2094
vn -0.3250 0.3765 -0.8675
vn -0.6907 -0.6439 -0.3292
vn -0.6576 0.6100 0.4421
vn -0.7217 -0.6680 0.1814
vn -0.4004 0.3094 0.8625
vn 0.6118 0.7289 0.3072
vn -0.7984 -0.6011 -0.0361
vn -0.7100 -0.7027 -0.0455
vn 0.7984 -0.6011 -0.0361
vn 0.9850 -0.0831 0.1513
vn 0.8615 -0.4631 0.2081
vn 0.7100 -0.7027 -0.0455
vn 0.7200 -0.6700 0.1811
vn 0.8265 -0.4596 -0.3252
vn 0.6889 -0.6451 -0.3306
vn 0.9865 -0.0731 -0.1467
vn 0.6576 0.6100 0.4421
vn -0.4051 0.8537 0.3274
vn 0.4004 0.3094 0.8625
vn -0.6118 0.7289 0.3072
vn 0.2102 0.1159 0.9708
vn 0.7217 -0.6680 0.1814
vn 0.8626 -0.4611 0.2082
vn 0.6689 0.6495 -0.3617
vn 0.8276 -0.4582 -0.3241
vn 0.3250 0.3765 -0.8675
vn 0.6907 -0.6439 -0.3292
vn 0.0742 0.1480 -0.9862
vn -0.6304 0.7475 -0.2094
vn -0.4306 0.8784 -0.2074
vn -0.5543 0.8258 0.1037
vn -0.0264 0.9985 -0.0478
vn -0.4273 0.8801 -0.2070
vn -0.6607 0.7444 0.0966
vn -0.6281 0.7494 -0.2093
vn -0.4026 0.8543 0.3288
vn -0.6097 0.7301 0.3085
vn -0.0230 0.9681 0.2493
vn 0.7997 -0.5993 -0.0354
vn 0.9852 -0.0812 0.1512
vn 0.7118 -0.7009 -0.0447
vn 0.9867 -0.0714 -0.1463
vn -0.5569 0.8242 0.1023
vn -0.0304 0.9983 -0.0488
vn -0.6628 0.7427 0.0953
vn -0.0258 0.9684 0.2479
vn 0.6588 0.6082 0.4428
vn 0.4012 0.3074 0.8629
vn 0.2101 0.1147 0.9709
vn 0.6710 0.6477 -0.3608
vn 0.3261 0.3765 -0.8671
vn 0.0750 0.1485 -0.9861
vn 0.7222 0.6852 0.0940
vn -0.0398 0.9918 0.1212
vn 0.9958 -0.0896 0.0181
vn 0.7240 0.6832 0.0948
vn -0.0363 0.9918 0.1226
vn 0.9957 -0.0914 0.0180
vn -0.0750 0.1485 -0.9861
vn -0.2101 0.1147 0.9709
vn -0.0742 0.1480 -0.9862
vn -0.2102 0.1159 0.9708
vn 0.0118 0.9977 0.0665
vn -0.6977 0.7155 0.0340
vn -0.0434 0.9953 0.0864
vn -0.9997 -0.0241 -0.0063
vn -0.7430 0.6681 0.0386
vn -0.9942 0.0101 -0.1072
vn 0.6773 -0.7345 -0.0413
vn 0.0584 -0.9880 -0.1429
vn -0.0055 -0.9983 -0.0580
vn 0.9996 0.0053 -0.0260
vn 0.7055 -0.7049 -0.0735
vn 0.9994 -0.0346 -0.0023
vn 0.6651 0.7456 0.0427
vn 0.7559 0.6533 0.0422
vn -0.6806 -0.7313 -0.0451
vn -0.6550 -0.7340 -0.1792
vn 0.0415 0.9963 0.0758
vn -0.8150 0.5780 0.0413
vn 0.0282 0.9967 0.0759
vn -0.8609 0.5074 0.0369
vn -0.9982 -0.0592 -0.0003
vn 0.3544 -0.9350 0.0124
vn 0.9494 -0.3082 0.0599
vn -0.0540 -0.9983 -0.0232
vn -0.4331 -0.9014 0.0028
vn 0.9868 0.0846 0.1383
vn -0.9581 -0.2811 0.0542
vn -0.9802 0.1455 0.1344
vn -0.0349 -0.9982 -0.0493
vn 0.5635 -0.8255 -0.0307
vn 0.6084 -0.7928 -0.0368
vn -0.0460 -0.9979 -0.0454
vn 0.9895 -0.1442 0.0045
vn 0.9936 -0.1128 -0.0006
vn -0.5977 -0.8011 -0.0311
vn -0.9934 -0.1150 0.0053
vn -0.6341 -0.7724 -0.0375
vn -0.9966 -0.0827 -0.0009
vn 0.8440 0.5348 0.0412
vn 0.8959 0.4429 0.0347
vn 0.9966 -0.0822 0.0008
vn -0.9183 0.3887 0.0752
vn 0.0456 0.9810 0.1884
vn -0.0189 -0.9986 -0.0487
vn 0.6462 -0.7623 -0.0356
vn 0.9441 0.3226 0.0674
vn -0.6600 -0.7504 -0.0371
vn -0.0118 0.9977 0.0665
vn 0.6977 0.7155 0.0340
vn 0.7430 0.6681 0.0386
vn 0.9997 -0.0241 -0.0063
vn 0.9942 0.0101 -0.1072
vn 0.0434 0.9953 0.0864
vn -0.0584 -0.9880 -0.1429
vn -0.6773 -0.7345 -0.0413
vn 0.0055 -0.9983 -0.0580
vn -0.9996 0.0053 -0.0260
vn -0.9994 -0.0346 -0.0023
vn -0.7055 -0.7049 -0.0735
vn -0.6651 0.7456 0.0427
vn -0.7559 0.6533 0.0422
vn 0.6806 -0.7313 -0.0451
vn 0.6550 -0.7340 -0.1792
vn -0.0415 0.9963 0.0758
vn 0.8150 0.5780 0.0413
vn 0.8609 0.5074 0.0369
vn 0.9982 -0.0592 -0.0003
vn 0.9966 -0.0827 -0.0009
vn -0.0282 0.9967 0.0759
vn -0.3544 -0.9350 0.0124
vn -0.9494 -0.3082 0.0599
vn 0.0540 -0.9983 -0.0232
vn 0.4331 -0.9014 0.0028
vn 0.9581 -0.2811 0.0542
vn -0.9868 0.0846 0.1383
vn 0.9802 0.1455 0.1344
vn 0.0349 -0.9982 -0.0493
vn -0.5635 -0.8255 -0.0307
vn 0.0460 -0.9979 -0.0454
vn -0.6084 -0.7928 -0.0368
vn -0.9895 -0.1442 0.0045
vn 0.5977 -0.8011 -0.0311
vn 0.9934 -0.1150 0.0053
vn 0.6341 -0.7724 -0.0375
vn -0.8440 0.5348 0.0412
vn -0.9966 -0.0822 0.0008
vn -0.8959 0.4429 0.0347
vn 0.9183 0.3887 0.0752
vn -0.0456 0.9810 0.1884
vn 0.0189 -0.9986 -0.0487
vn -0.6462 -0.7623 -0.0356
vn -0.9936 -0.1128 -0.0006
vn -0.9441 0.3226 0.0674
vn 0.6600 -0.7504 -0.0371
vn 0.9254 0.0395 -0.3769
vn -0.1853 0.0084 -0.9826
vn -0.3724 -0.0065 -0.9280
vn 0.0262 -0.7068 0.7069
vn -0.5079 -0.6055 -0.6127
vn -0.0263 -0.7070 -0.7067
vn 0.6867 0.0328 -0.7262
vn -0.5338 -0.0208 -0.8453
vn -0.7316 -0.0232 -0.6813
vn 0.9785 0.0276 -0.2043
vn 0.0165 -0.0211 -0.9996
vn -0.3629 -0.1637 0.9173
vn -0.9863 0.0273 -0.1629
vn -0.9373 -0.0464 -0.3454
vn 0.8430 0.0467 -0.5358
vn -0.4975 -0.6567 0.5667
vn -0.8521 -0.0954 -0.5146
vn -0.1913 -0.1209 0.9741
vn -0.9940 0.1084 0.0172
vn 0.9280 0.0065 0.3724
vn 0.5358 -0.0467 -0.8430
vn 0.3769 -0.0395 -0.9254
vn -0.5023 -0.2112 0.8385
vn 0.9996 0.0211 -0.0165
vn 0.2043 -0.0276 -0.9785
vn 0.8443 -0.0062 0.5358
vn 0.5673 -0.6057 -0.5579
vn 0.3454 0.0464 0.9373
vn -0.8385 0.2112 0.5023
vn -0.9173 0.1637 0.3629
vn 0.9826 -0.0084 0.1853
vn -0.0172 -0.1084 0.9940
vn -0.9741 0.1209 0.1913
vn 0.5116 0.0700 0.8564
vn -0.7245 0.1785 0.6657
vn 0.1629 -0.0273 0.9863
vn -0.5687 0.0401 -0.8216
vn -0.4244 0.0281 -0.9051
vn -0.7169 0.0662 -0.6941
vn 0.5606 -0.5686 0.6020
vn 0.2668 -0.0301 0.9633
vn 0.4243 -0.0288 0.9051
vn -0.2669 0.0299 -0.9633
vn 0.9993 -0.0009 0.0372
vn 0.7862 0.0274 0.6174
vn 0.9633 -0.0299 0.2669
vn 0.9051 -0.0281 0.4244
vn -0.9051 0.0288 -0.4243
vn -0.9633 0.0301 -0.2668
vn -0.9993 -0.0015 -0.0370
vn 0.8216 -0.0401 0.5687
vn 0.6941 -0.0662 0.7169
vn -0.8302 0.0591 -0.5544
vn 0.5544 -0.0591 0.8302
vn -0.4969 0.7817 -0.3769
vn 0.0854 -0.1647 -0.9826
vn 0.1919 -0.3193 -0.9280
vn 0.5990 0.3761 0.7069
vn 0.7783 -0.1371 -0.6127
vn 0.6255 0.3308 -0.7067
vn -0.3717 0.5783 -0.7262
vn 0.2849 -0.4519 -0.8453
vn 0.3859 -0.6220 -0.6813
vn -0.5132 0.8336 -0.2043
vn 0.0100 0.0249 -0.9996
vn 0.3232 -0.2325 0.9173
vn 0.4695 -0.8678 -0.1629
vn 0.5088 -0.7885 -0.3454
vn -0.4620 0.7067 -0.5358
vn 0.8175 -0.1025 0.5667
vn 0.5086 -0.6902 -0.5146
vn 0.2003 -0.1052 0.9741
vn 0.4031 -0.9150 0.0172
vn -0.4697 0.8004 0.3724
vn -0.2275 0.4874 -0.8430
vn -0.1542 0.3462 -0.9254
vn 0.4341 -0.3294 0.8385
vn -0.5181 0.8552 -0.0165
vn -0.0782 0.1907 -0.9785
vn -0.4167 0.7343 0.5358
vn 0.2409 0.7942 -0.5579
vn -0.2129 0.2759 0.9373
vn 0.2363 -0.8318 0.5023
vn 0.3169 -0.8763 0.3629
vn -0.4840 0.8552 0.1853
vn 0.1025 0.0393 0.9940
vn 0.3824 -0.9040 0.1913
vn -0.3164 0.4080 0.8564
vn 0.2077 -0.7167 0.6657
vn -0.0578 0.1547 0.9863
vn 0.2497 -0.5126 -0.8216
vn 0.1878 -0.3816 -0.9051
vn 0.3011 -0.6539 -0.6941
vn 0.2121 0.7698 0.6020
vn -0.1074 0.2461 0.9633
vn -0.1872 0.3818 0.9051
vn 0.1075 -0.2461 -0.9633
vn -0.4989 0.8659 0.0372
vn -0.4168 0.6672 0.6174
vn -0.4557 0.8492 0.2669
vn -0.4282 0.7979 0.4244
vn 0.4276 -0.7982 -0.4243
vn 0.4556 -0.8493 -0.2668
vn 0.5009 -0.8647 -0.0370
vn -0.3761 0.7315 0.5687
vn -0.2897 0.6342 0.7169
vn 0.3639 -0.7485 -0.5544
vn -0.2260 0.5097 0.8302
vn -0.4285 -0.8212 -0.3769
vn 0.0999 0.1563 -0.9826
vn 0.1805 0.3258 -0.9280
vn -0.6252 0.3307 0.7069
vn -0.2704 0.7426 -0.6127
vn -0.5992 0.3763 -0.7067
vn -0.3149 -0.6111 -0.7262
vn 0.2489 0.4727 -0.8453
vn 0.3458 0.6452 -0.6813
vn -0.4653 -0.8612 -0.2043
vn -0.0265 -0.0038 -0.9996
vn 0.0397 0.3961 0.9173
vn 0.5168 0.8405 -0.1629
vn 0.4285 0.8349 -0.3454
vn -0.3810 -0.7534 -0.5358
vn -0.3200 0.7592 0.5667
vn 0.3435 0.7856 -0.5146
vn -0.0090 0.2261 0.9741
vn 0.5909 0.8066 0.0172
vn -0.4584 -0.8070 0.3724
vn -0.3084 -0.4407 -0.8430
vn -0.2227 -0.3067 -0.9254
vn 0.0682 0.5406 0.8385
vn -0.4815 -0.8763 -0.0165
vn -0.1261 -0.1631 -0.9785
vn -0.4276 -0.7281 0.5358
vn -0.8083 -0.1884 -0.5579
vn -0.1325 -0.3223 0.9373
vn 0.6022 0.6206 0.5023
vn 0.6004 0.7126 0.3629
vn -0.4986 -0.8468 0.1853
vn -0.0853 0.0691 0.9940
vn 0.5917 0.7831 0.1913
vn -0.1952 -0.4781 0.8564
vn 0.5168 0.5382 0.6657
vn -0.1051 -0.1274 0.9863
vn 0.3191 0.4725 -0.8216
vn 0.2365 0.3535 -0.9051
vn 0.4158 0.5877 -0.6941
vn -0.7727 -0.2012 0.6020
vn -0.1595 -0.2160 0.9633
vn -0.2371 -0.3531 0.9051
vn 0.1594 0.2162 -0.9633
vn -0.5004 -0.8650 0.0372
vn -0.3694 -0.6946 0.6174
vn -0.5076 -0.8192 0.2669
vn -0.4769 -0.7697 0.4244
vn 0.4775 0.7694 -0.4243
vn 0.5077 0.8192 -0.2668
vn 0.4984 0.8662 -0.0370
vn -0.4455 -0.6915 0.5687
vn -0.4044 -0.5680 0.7169
vn 0.4663 0.6894 -0.5544
vn -0.3284 -0.4506 0.8302
vn -0.2980 0.8286 0.4739
vn -0.2980 0.8286 -0.4739
vn -0.3664 0.0744 -0.9275
vn 0.9183 0.0164 0.3955
vn 0.9206 -0.0000 0.3905
vn 0.9206 -0.0000 -0.3905
vn 0.9232 0.0779 0.3765
vn 0.9160 0.0154 -0.4009
vn 0.9401 0.2849 0.1874
vn 0.9379 0.2272 0.2621
vn 0.9401 0.2849 -0.1874
vn 0.9405 0.3253 0.0983
vn 0.9405 0.3253 -0.0984
vn 0.9404 0.3402 -0.0000
vn 0.9329 0.1579 0.3238
vn 0.9379 0.2272 -0.2621
vn 0.9231 0.0779 -0.3765
vn 0.9329 0.1579 -0.3238
vn -0.3136 0.4864 0.8155
vn -0.2954 0.9234 -0.2449
vn -0.3317 0.2652 -0.9053
vn -0.3664 0.0744 0.9275
vn -0.3136 0.4864 -0.8155
vn -0.3906 -0.0000 -0.9206
vn -0.3317 0.2652 0.9053
vn -0.3906 -0.0000 0.9206
vn -0.3034 0.6790 0.6685
vn -0.3034 0.6790 -0.6685
vn -0.2954 0.9234 0.2449
vn -0.2944 0.9557 -0.0000
vn -0.9404 0.3402 -0.0000
vn 0.2954 0.9234 0.2449
vn 0.2944 0.9557 -0.0000
vn 0.3034 0.6790 -0.6685
vn -0.9401 0.2849 -0.1874
vn 0.2980 0.8286 -0.4739
vn -0.9405 0.3253 0.0983
vn 0.2980 0.8286 0.4739
vn -0.9401 0.2849 0.1874
vn 0.3034 0.6790 0.6685
vn -0.9191 0.0220 0.3933
vn 0.3906 -0.0000 0.9206
vn 0.3664 0.0744 0.9275
vn -0.9329 0.1579 0.3238
vn 0.3317 0.2652 0.9053
vn 0.3136 0.4864 0.8155
vn 0.3906 -0.0000 -0.9206
vn -0.9183 0.0164 -0.3955
vn 0.3664 0.0744 -0.9275
vn -0.9231 0.0779 -0.3765
vn 0.3317 0.2652 -0.9053
vn 0.3136 0.4864 -0.8155
vn -0.9379 0.2272 -0.2621
vn -0.9232 0.0779 0.3765
vn -0.9405 0.3253 -0.0984
vn 0.2954 0.9234 -0.2449
vn -0.9329 0.1579 -0.3238
vn -0.9379 0.2272 0.2621
vn -0.9206 -0.0000 -0.3905
vn -0.9206 -0.0000 0.3905
vn -0.6574 -0.6574 -0.3683
vn -0.9297 -0.0000 -0.3683
vn 0.9297 -0.0000 -0.3683
vn 0.6574 -0.6574 -0.3683
vn -0.0000 0.9297 -0.3683
vn 0.6574 0.6574 -0.3683
vn -0.6574 0.6574 -0.3683
vn -0.0000 -0.9297 -0.3683
vn -0.8974 -0.0000 -0.4411
vn -0.5490 -0.5490 -0.6303
vn -0.6346 -0.6346 -0.4412
vn -0.6346 0.6346 -0.4412
vn -0.0000 0.8974 -0.4412
vn 0.6346 0.6346 -0.4412
vn 0.8974 -0.0000 -0.4412
vn 0.6346 -0.6346 -0.4412
vn -0.0000 -0.8974 -0.4412
vn -0.5490 0.5490 -0.6302
vn -0.0000 0.7764 -0.6303
vn 0.5490 0.5490 -0.6303
vn 0.7764 -0.0000 -0.6303
vn -0.7764 -0.0000 -0.6303
vn -0.0000 -0.7764 -0.6303
vn 0.5490 -0.5490 -0.6302
vn -0.7831 0.2380 -0.5746
vn -0.3910 -0.0000 -0.9204
vn -0.3910 0.3522 -0.8503
vn -0.7831 -0.2380 -0.5746
vn -0.7844 -0.0000 -0.6202
vn -0.3910 -0.3522 -0.8503
vn -0.8805 -0.0000 -0.4740
vn -0.7831 -0.5746 0.2380
vn -0.3910 -0.6508 0.6508
vn -0.3910 -0.8503 0.3522
vn -0.8805 -0.3351 0.3351
vn -0.8809 -0.4372 0.1811
vn -0.6855 -0.0000 -0.7281
vn -0.4030 0.3502 -0.8455
vn -0.4038 -0.0000 -0.9148
vn -0.9603 -0.1068 -0.2578
vn -0.9603 -0.2578 -0.1068
vn -0.7844 -0.4386 -0.4385
vn -0.9601 -0.1977 -0.1977
vn -0.9603 -0.2578 0.1068
vn -0.7844 -0.6202 -0.0000
vn -0.9601 -0.2796 -0.0000
vn -0.8809 0.1811 -0.4372
vn -0.9783 -0.0792 -0.1912
vn -0.9700 0.1718 0.1718
vn -0.9698 0.0934 0.2254
vn -0.9700 -0.0000 0.2429
vn -0.7844 -0.4386 0.4386
vn -0.9603 -0.1068 0.2578
vn -0.7831 -0.2380 0.5746
vn -0.7844 -0.0000 0.6202
vn -0.9603 0.1068 0.2578
vn -0.7831 0.2380 0.5746
vn -0.7844 0.4386 0.4385
vn -0.9603 0.2578 0.1068
vn -0.7831 0.5746 0.2380
vn -0.7844 0.6202 -0.0000
vn -0.7844 0.4386 -0.4385
vn -0.9603 0.2578 -0.1068
vn -0.9601 0.1977 -0.1977
vn -0.9603 0.1068 -0.2578
vn -0.9698 0.0934 -0.2254
vn -0.9601 -0.0000 -0.2796
vn -0.7831 0.5746 -0.2380
vn -0.3910 0.6508 -0.6508
vn -0.3910 -0.8503 -0.3522
vn -0.8805 -0.4740 -0.0000
vn -0.8809 -0.4372 -0.1811
vn -0.3910 -0.9204 -0.0000
vn -0.8805 -0.3351 -0.3351
vn -0.8809 -0.1811 -0.4372
vn -0.7831 -0.5746 -0.2380
vn -0.3910 -0.6508 -0.6508
vn -0.9601 0.1977 0.1977
vn -0.6855 0.5148 -0.5148
vn -0.4038 0.6469 -0.6469
vn -0.9698 0.2254 0.0934
vn -0.9601 0.2796 -0.0000
vn -0.9601 -0.0000 0.2796
vn -0.9783 -0.1912 -0.0792
vn -0.9700 0.2429 -0.0000
vn -0.9783 -0.1912 0.0792
vn -0.9700 0.1718 -0.1718
vn -0.9698 0.2254 -0.0934
vn -0.9783 0.0792 0.1912
vn -0.9700 -0.1718 -0.1718
vn -0.9698 -0.0934 -0.2254
vn -0.8805 0.3351 -0.3351
vn -0.9783 -0.0792 0.1912
vn -0.9700 -0.0000 -0.2429
vn -0.9783 0.1912 0.0792
vn -0.9700 -0.2429 -0.0000
vn -0.9698 -0.2254 -0.0934
vn -0.9783 0.1912 -0.0792
vn -0.9700 -0.1718 0.1718
vn -0.9698 -0.2254 0.0934
vn -0.9783 0.0792 -0.1912
vn -0.9698 -0.0934 0.2254
vn -0.9601 -0.1977 0.1977
vn -0.6855 0.7281 -0.0000
vn -0.4030 0.8455 -0.3502
vn -0.6866 0.6717 -0.2782
vn -0.1428 0.3788 0.9144
vn 0.1429 0.6998 0.6998
vn -0.1429 0.6999 0.6998
vn -0.9475 -0.0000 0.3198
vn -0.9469 -0.1230 0.2970
vn -0.4038 -0.6469 0.6469
vn -0.9475 -0.2261 0.2261
vn -0.9475 -0.3198 -0.0000
vn -0.8809 0.4372 0.1811
vn -0.8805 0.4740 -0.0000
vn -0.4038 -0.0000 0.9148
vn -0.9469 -0.2970 0.1230
vn -0.4038 -0.9148 -0.0000
vn -0.9475 -0.0000 -0.3198
vn -0.8809 0.1811 0.4372
vn -0.9469 -0.1230 -0.2970
vn -0.9475 -0.2261 -0.2261
vn -0.8805 0.3351 0.3351
vn -0.9469 -0.2970 -0.1230
vn -0.4038 -0.6469 -0.6469
vn -0.8809 -0.1811 0.4372
vn -0.8805 -0.0000 0.4740
vn -0.9475 0.3198 -0.0000
vn -0.9469 0.2970 -0.1230
vn -0.8809 0.4372 -0.1811
vn -0.9469 0.1230 -0.2970
vn -0.9475 0.2261 -0.2261
vn -0.4038 0.9148 -0.0000
vn -0.9469 0.1230 0.2970
vn -0.9475 0.2261 0.2261
vn -0.9469 0.2970 0.1230
vn -0.4038 0.6469 0.6469
vn -0.4030 -0.3502 -0.8455
vn -0.6855 -0.5148 -0.5148
vn -0.6866 -0.2782 -0.6717
vn -0.4030 -0.8455 -0.3502
vn -0.6855 -0.7281 -0.0000
vn -0.6866 -0.6717 -0.2782
vn -0.4030 -0.8455 0.3502
vn -0.6855 -0.5148 0.5148
vn -0.6866 -0.6717 0.2782
vn -0.4030 -0.3502 0.8455
vn -0.6855 -0.0000 0.7281
vn -0.6866 -0.2782 0.6717
vn -0.4030 0.3502 0.8455
vn -0.6855 0.5148 0.5148
vn -0.6866 0.2782 0.6717
vn -0.4030 0.8455 0.3502
vn -0.6866 0.6717 0.2782
vn -0.3910 0.6508 0.6508
vn -0.3910 0.3522 0.8503
vn -0.3910 -0.0000 0.9204
vn -0.3910 0.9204 -0.0000
vn -0.3910 0.8503 0.3522
vn -0.3910 0.8503 -0.3522
vn -0.6411 0.2937 -0.7091
vn -0.9782 0.1468 -0.1468
vn -0.6407 0.5429 -0.5429
vn -0.1428 0.9144 -0.3788
vn -0.6411 0.7091 -0.2937
vn -0.1428 0.9144 0.3788
vn -0.6407 0.5429 0.5429
vn -0.6411 0.2937 0.7091
vn -0.9782 -0.2075 -0.0000
vn -0.6411 0.7091 0.2937
vn -0.9782 0.2075 -0.0000
vn -0.9782 0.1468 0.1468
vn -0.6407 0.7678 -0.0000
vn -0.6411 -0.2937 -0.7091
vn -0.9782 -0.0000 -0.2075
vn -0.6407 -0.0000 -0.7678
vn -0.9782 -0.1468 -0.1468
vn -0.6411 -0.7091 0.2937
vn -0.6407 -0.7678 -0.0000
vn -0.1428 0.3788 -0.9144
vn -0.1429 0.6998 -0.6998
vn -0.1428 -0.9144 0.3788
vn -0.1429 -0.9897 -0.0000
vn -0.6411 -0.2937 0.7091
vn -0.9782 -0.1468 0.1468
vn -0.6407 -0.5429 0.5429
vn -0.1428 -0.9144 -0.3788
vn -0.6411 -0.7091 -0.2937
vn -0.6407 -0.5429 -0.5429
vn -0.1429 -0.6998 -0.6998
vn -0.6407 -0.0000 0.7678
vn -0.1429 -0.0000 0.9897
vn -0.1428 -0.3788 -0.9144
vn -0.1429 -0.0000 -0.9897
vn -0.1428 -0.3788 0.9144
vn -0.1429 -0.6998 0.6998
vn -0.9782 -0.0000 0.2075
vn -0.1429 0.9897 -0.0000
vn -0.3910 -0.3522 0.8503
vn -0.7844 -0.4386 -0.4386
vn -0.6866 0.2782 -0.6717
vn -0.7844 0.4386 -0.4386
vn -0.7844 0.4386 0.4386
vn 0.1429 -0.6998 0.6998
vn 0.1429 -0.9897 -0.0000
vn 0.1428 -0.9144 0.3788
vn 0.1429 0.9897 -0.0000
vn 0.1428 0.9144 -0.3788
vn 0.1428 -0.9144 -0.3788
vn 0.1428 -0.3788 -0.9144
vn 0.1429 -0.6998 -0.6998
vn 0.1428 0.3788 -0.9144
vn 0.1429 -0.0000 -0.9897
vn 0.1428 0.9144 0.3788
vn 0.1429 0.6998 -0.6998
vn 0.1428 -0.3788 0.9144
vn 0.1428 0.3788 0.9144
vn 0.1429 -0.0000 0.9897
vn 0.9475 -0.0000 0.3198
vn 0.8809 0.1811 -0.4372
vn 0.9469 -0.1230 0.2970
vn 0.4038 -0.6469 0.6469
vn 0.9475 -0.2261 0.2261
vn 0.9475 -0.3198 -0.0000
vn 0.8809 0.4372 0.1811
vn 0.9469 -0.2970 -0.1230
vn 0.4038 -0.0000 0.9148
vn 0.4030 -0.3502 0.8455
vn 0.8805 0.3351 -0.3351
vn 0.4038 -0.9148 -0.0000
vn 0.9469 -0.2970 0.1230
vn 0.8809 0.1811 0.4372
vn 0.9475 -0.0000 -0.3198
vn 0.9469 -0.1230 -0.2970
vn 0.4030 -0.8455 0.3502
vn 0.9475 -0.2261 -0.2261
vn 0.4038 -0.6469 -0.6469
vn 0.8809 -0.1811 0.4372
vn 0.9469 0.1230 -0.2970
vn 0.4030 -0.8455 -0.3502
vn 0.4038 -0.0000 -0.9148
vn 0.8809 -0.4372 0.1811
vn 0.9475 0.3198 -0.0000
vn 0.9469 0.2970 -0.1230
vn 0.4030 -0.3502 -0.8455
vn 0.8809 0.4372 -0.1811
vn 0.8805 0.4740 -0.0000
vn 0.4038 0.6469 -0.6469
vn 0.9475 0.2261 -0.2261
vn 0.8809 -0.4372 -0.1811
vn 0.9469 0.2970 0.1230
vn 0.4030 0.3502 -0.8455
vn 0.4038 0.9148 -0.0000
vn 0.8809 -0.1811 -0.4372
vn 0.9469 0.1230 0.2970
vn 0.4030 0.8455 -0.3502
vn 0.9475 0.2261 0.2261
vn 0.4038 0.6469 0.6469
vn 0.4030 0.8455 0.3502
vn 0.4030 0.3502 0.8455
vn 0.6855 -0.5148 -0.5148
vn 0.6855 -0.0000 -0.7281
vn 0.6855 -0.7281 -0.0000
vn 0.6855 -0.5148 0.5148
vn 0.6855 -0.0000 0.7281
vn 0.6855 0.5148 0.5148
vn 0.6855 0.7281 -0.0000
vn 0.6855 0.5148 -0.5148
vn 0.7831 0.2380 0.5746
vn 0.3910 0.6508 0.6508
vn 0.7844 0.4386 0.4385
vn 0.3910 0.3522 0.8503
vn 0.8805 0.3351 0.3351
vn 0.8805 -0.0000 0.4740
vn 0.3910 -0.0000 0.9204
vn 0.7831 0.5746 0.2380
vn 0.3910 0.9204 -0.0000
vn 0.7844 0.6202 -0.0000
vn 0.3910 0.8503 0.3522
vn 0.7831 0.5746 -0.2380
vn 0.3910 0.6508 -0.6508
vn 0.7844 0.4386 -0.4385
vn 0.3910 0.8503 -0.3522
vn 0.6411 0.2937 -0.7091
vn 0.9782 0.1468 -0.1468
vn 0.9783 0.0792 -0.1912
vn 0.6407 0.5429 -0.5429
vn 0.6407 0.5429 0.5429
vn 0.6411 0.7091 0.2937
vn 0.9700 0.2429 -0.0000
vn 0.9783 -0.1912 0.0792
vn 0.9782 -0.2075 -0.0000
vn 0.6411 0.7091 -0.2937
vn 0.9782 0.2075 -0.0000
vn 0.6407 0.7678 -0.0000
vn 0.6411 0.2937 0.7091
vn 0.9782 0.1468 0.1468
vn 0.9782 -0.0000 -0.2075
vn 0.6411 -0.2937 -0.7091
vn 0.6407 -0.0000 -0.7678
vn 0.9782 -0.1468 -0.1468
vn 0.6407 -0.5429 -0.5429
vn 0.6411 -0.7091 0.2937
vn 0.6407 -0.7678 -0.0000
vn 0.9782 -0.1468 0.1468
vn 0.6411 -0.2937 0.7091
vn 0.6407 -0.5429 0.5429
vn 0.6407 -0.0000 0.7678
vn 0.6411 -0.7091 -0.2937
vn 0.9782 -0.0000 0.2075
vn 0.9783 -0.1912 -0.0792
vn 0.9783 0.0792 0.1912
vn 0.7831 -0.2380 0.5746
vn 0.3910 -0.6508 0.6508
vn 0.3910 -0.3522 0.8503
vn 0.8805 -0.3351 0.3351
vn 0.7844 -0.0000 0.6202
vn 0.9603 -0.1068 -0.2578
vn 0.7844 -0.4386 -0.4385
vn 0.9601 -0.1977 -0.1977
vn 0.9601 -0.1977 0.1977
vn 0.9698 -0.0934 0.2254
vn 0.9700 -0.1718 0.1718
vn 0.9601 -0.2796 -0.0000
vn 0.9698 -0.2254 0.0934
vn 0.9700 -0.2429 -0.0000
vn 0.9601 -0.0000 0.2796
vn 0.9700 -0.0000 0.2429
vn 0.9698 -0.2254 -0.0934
vn 0.9700 -0.1718 -0.1718
vn 0.9601 -0.0000 -0.2796
vn 0.9698 -0.0934 -0.2254
vn 0.9700 -0.0000 -0.2429
vn 0.9601 0.1977 -0.1977
vn 0.9698 0.0934 -0.2254
vn 0.9700 0.1718 -0.1718
vn 0.9601 0.2796 -0.0000
vn 0.9698 0.2254 -0.0934
vn 0.9783 -0.0792 0.1912
vn 0.9601 0.1977 0.1977
vn 0.9698 0.2254 0.0934
vn 0.9700 0.1718 0.1718
vn 0.9783 0.1912 -0.0792
vn 0.3910 -0.8503 -0.3522
vn 0.8805 -0.3351 -0.3351
vn 0.3910 -0.8503 0.3522
vn 0.8805 -0.4740 -0.0000
vn 0.9783 0.1912 0.0792
vn 0.7831 -0.2380 -0.5746
vn 0.3910 -0.6508 -0.6508
vn 0.7831 -0.5746 -0.2380
vn 0.3910 -0.9204 -0.0000
vn 0.7844 -0.6202 -0.0000
vn 0.3910 0.3522 -0.8503
vn 0.9698 0.0934 0.2254
vn 0.6866 0.2782 -0.6717
vn 0.3910 -0.3522 -0.8503
vn 0.7831 -0.5746 0.2380
vn 0.7831 0.2380 -0.5746
vn 0.9603 0.2578 -0.1068
vn 0.9603 0.1068 -0.2578
vn 0.7844 -0.0000 -0.6202
vn 0.9603 0.2578 0.1068
vn 0.9603 -0.2578 -0.1068
vn 0.9603 0.1068 0.2578
vn 0.9603 -0.1068 0.2578
vn 0.7844 -0.4386 0.4386
vn 0.9603 -0.2578 0.1068
vn 0.9783 -0.0792 -0.1912
vn 0.8805 -0.0000 -0.4740
vn 0.3910 -0.0000 -0.9204
vn 0.6866 -0.2782 0.6717
vn 0.6866 0.2782 0.6717
vn 0.6866 -0.6717 -0.2782
vn 0.6866 0.6717 0.2782
vn 0.6866 -0.6717 0.2782
vn 0.6866 -0.2782 -0.6717
vn 0.6866 0.6717 -0.2782
vn -0.1429 0.6998 0.6998
vn 0.7844 -0.4386 -0.4386
vn 0.7844 -0.4385 0.4386
vn 0.7844 0.4385 0.4386
vn 0.7844 0.4386 -0.4386
vn 0.1429 0.6999 0.6998
vn 0.7844 0.4386 0.4386
vn 0.3909 -0.0000 0.9204
vn 0.6411 -0.7090 0.2937
vn 0.6411 0.7090 0.2937
vn -0.1429 -0.6998 -0.6999
vn -0.1429 -0.6998 0.6999
vn -0.7844 -0.4385 0.4386
vn -0.7844 0.4385 0.4386
vn -0.3909 -0.0000 0.9204
vn -0.6411 -0.7090 0.2937
vn -0.6411 0.7090 0.2937
vn 0.5732 0.5794 0.5794
vn 0.4351 0.4351 0.7883
vn 0.6329 0.3912 0.6681
vn 0.3813 0.6537 0.6537
vn 0.2164 0.4672 0.8572
vn 0.1895 0.6943 0.6943
vn -0.0000 0.4775 0.8786
vn 0.4672 0.2164 0.8572
vn 0.6579 0.1950 0.7274
vn 0.2325 0.2325 0.9444
vn -0.0000 0.2377 0.9713
vn 0.4775 -0.0000 0.8786
vn 0.6655 -0.0000 0.7464
vn 0.2377 -0.0000 0.9713
vn 0.6579 -0.1950 0.7274
vn 0.4672 -0.2164 0.8572
vn 0.2325 -0.2325 0.9444
vn 0.6329 -0.3912 0.6681
vn 0.4351 -0.4351 0.7883
vn -0.0000 -0.2377 0.9713
vn 0.2164 -0.4672 0.8572
vn 0.5732 -0.5794 0.5794
vn 0.3813 -0.6537 0.6537
vn -0.0000 -0.4775 0.8786
vn 0.1895 -0.6943 0.6943
vn 0.1902 0.5933 -0.7822
vn 0.0046 0.2041 -0.9789
vn -0.0009 0.6063 -0.7953
vn 0.3621 0.5680 -0.7391
vn 0.0991 0.2061 -0.9735
vn 0.5428 0.3688 -0.7545
vn 0.1705 0.1760 -0.9695
vn -0.0844 0.1899 -0.9782
vn 0.1881 0.0992 -0.9771
vn -0.1311 -0.0582 -0.9897
vn 0.5382 0.1873 -0.8218
vn 0.1674 0.0095 -0.9858
vn -0.1490 0.0084 -0.9888
vn -0.0683 -0.1309 -0.9890
vn -0.1124 -0.1193 -0.9865
vn 0.5299 -0.0052 -0.8481
vn 0.1454 -0.0631 -0.9874
vn 0.0728 -0.1366 -0.9879
vn 0.5090 -0.1958 -0.8382
vn 0.1215 -0.1258 -0.9846
vn 0.0010 -0.1284 -0.9917
vn 0.1854 -0.5379 -0.8224
vn -0.0013 -0.5474 -0.8369
vn 0.3457 -0.5319 -0.7730
vn 0.5108 -0.3576 -0.7818
vn 0.9149 -0.2043 -0.3481
vn 0.9190 -0.1016 -0.3809
vn 0.9149 -0.2043 0.3481
vn 0.9190 -0.1016 0.3809
vn 0.9149 0.2043 0.3481
vn 0.9190 0.1016 0.3809
vn 0.9190 0.1016 -0.3809
vn 0.9201 -0.0000 0.3917
vn 0.9201 -0.0000 -0.3917
vn 0.9149 -0.3481 -0.2043
vn 0.6579 -0.7274 -0.1950
vn 0.6329 -0.6681 -0.3912
vn 0.9190 -0.3809 -0.1016
vn 0.6655 -0.7464 -0.0000
vn 0.9190 -0.3809 0.1016
vn 0.9201 -0.3917 -0.0000
vn 0.9149 -0.3481 0.2043
vn 0.6579 -0.7274 0.1950
vn 0.9089 -0.2949 0.2949
vn 0.6329 -0.6681 0.3912
vn 0.5633 0.5695 -0.5986
vn 0.4351 0.7883 -0.4351
vn 0.6329 0.6681 -0.3912
vn 0.2164 0.8572 -0.4672
vn -0.0000 0.8786 -0.4775
vn 0.4672 0.8572 -0.2164
vn 0.6579 0.7274 -0.1950
vn 0.2325 0.9444 -0.2325
vn -0.0000 0.9713 -0.2377
vn 0.4775 0.8786 -0.0000
vn 0.6655 0.7464 -0.0000
vn 0.2377 0.9713 -0.0000
vn 0.6579 0.7274 0.1950
vn 0.4672 0.8572 0.2164
vn 0.2325 0.9444 0.2325
vn 0.6329 0.6681 0.3912
vn 0.4351 0.7883 0.4351
vn -0.0000 0.9713 0.2377
vn 0.2164 0.8572 0.4672
vn -0.0000 0.8786 0.4775
vn 0.4351 -0.7883 0.4351
vn 0.2164 -0.8572 0.4672
vn -0.0000 -0.8786 0.4775
vn 0.4672 -0.8572 0.2164
vn 0.2325 -0.9444 0.2325
vn -0.0000 -0.9713 0.2377
vn 0.4775 -0.8786 -0.0000
vn 0.2377 -0.9713 -0.0000
vn 0.4672 -0.8572 -0.2164
vn 0.2325 -0.9444 -0.2325
vn 0.4351 -0.7883 -0.4351
vn -0.0000 -0.9713 -0.2377
vn 0.2164 -0.8572 -0.4672
vn 0.5633 -0.5695 -0.5986
vn -0.0000 -0.8786 -0.4775
vn 0.9149 0.2043 -0.3481
vn 0.9089 0.2948 0.2948
vn 0.9149 0.3481 0.2043
vn 0.9089 -0.2948 -0.2948
vn 0.9089 0.2949 -0.2949
vn 0.9190 0.3809 0.1016
vn 0.9201 0.3917 -0.0000
vn 0.9190 0.3809 -0.1016
vn 0.9149 0.3481 -0.2043
vn -0.5732 0.5794 0.5794
vn -0.4351 0.4351 0.7883
vn -0.3813 0.6537 0.6537
vn -0.2164 0.4672 0.8572
vn -0.1895 0.6943 0.6943
vn -0.6329 0.3912 0.6681
vn -0.4672 0.2164 0.8572
vn -0.2325 0.2325 0.9444
vn -0.6579 0.1950 0.7274
vn -0.4775 -0.0000 0.8786
vn -0.2377 -0.0000 0.9713
vn -0.6579 -0.1950 0.7274
vn -0.6655 -0.0000 0.7464
vn -0.4672 -0.2164 0.8572
vn -0.2325 -0.2325 0.9444
vn -0.6329 -0.3912 0.6681
vn -0.4351 -0.4351 0.7883
vn -0.2164 -0.4672 0.8572
vn -0.5732 -0.5794 0.5794
vn -0.3813 -0.6537 0.6537
vn -0.1895 -0.6943 0.6943
vn -0.1920 0.5868 -0.7866
vn -0.1571 0.1588 -0.9747
vn -0.3601 0.5591 -0.7468
vn -0.5323 0.3645 -0.7640
vn -0.5633 0.5695 -0.5986
vn -0.1699 0.0913 -0.9812
vn -0.5235 0.1867 -0.8313
vn -0.5166 -0.0043 -0.8562
vn -0.4990 -0.1941 -0.8446
vn -0.1875 -0.5315 -0.8260
vn -0.3429 -0.5262 -0.7782
vn -0.5048 -0.3550 -0.7869
vn -0.7154 -0.3536 -0.6027
vn -0.7287 -0.1765 -0.6617
vn -0.7154 -0.3536 0.6027
vn -0.7287 -0.1765 0.6617
vn -0.7154 0.3536 0.6027
vn -0.7287 0.1765 -0.6617
vn -0.7323 -0.0000 -0.6810
vn -0.7287 0.1765 0.6617
vn -0.7323 -0.0000 0.6810
vn -0.7154 -0.6027 -0.3536
vn -0.6579 -0.7274 -0.1950
vn -0.7287 -0.6617 -0.1765
vn -0.6655 -0.7464 -0.0000
vn -0.7323 -0.6810 -0.0000
vn -0.7287 -0.6617 0.1765
vn -0.6579 -0.7274 0.1950
vn -0.7154 -0.6027 0.3536
vn -0.6959 -0.5078 0.5078
vn -0.6329 -0.6681 0.3912
vn -0.4351 0.7883 -0.4351
vn -0.2164 0.8572 -0.4672
vn -0.6329 0.6681 -0.3912
vn -0.4672 0.8572 -0.2164
vn -0.2325 0.9444 -0.2325
vn -0.6579 0.7274 -0.1950
vn -0.4775 0.8786 -0.0000
vn -0.2377 0.9713 -0.0000
vn -0.6579 0.7274 0.1950
vn -0.6655 0.7464 -0.0000
vn -0.4672 0.8572 0.2164
vn -0.2325 0.9444 0.2325
vn -0.6329 0.6681 0.3912
vn -0.4351 0.7883 0.4351
vn -0.2164 0.8572 0.4672
vn -0.4351 -0.7883 0.4351
vn -0.2164 -0.8572 0.4672
vn -0.4672 -0.8572 0.2164
vn -0.2325 -0.9444 0.2325
vn -0.4775 -0.8786 -0.0000
vn -0.2377 -0.9713 -0.0000
vn -0.4672 -0.8572 -0.2164
vn -0.2325 -0.9444 -0.2325
vn -0.6329 -0.6681 -0.3912
vn -0.4351 -0.7883 -0.4351
vn -0.2164 -0.8572 -0.4672
vn -0.5633 -0.5695 -0.5986
vn -0.7154 0.3536 -0.6027
vn -0.6959 0.5078 0.5078
vn -0.6959 -0.5078 -0.5078
vn -0.6959 0.5078 -0.5078
vn -0.7154 0.6027 0.3536
vn -0.7287 0.6617 0.1765
vn -0.7287 0.6617 -0.1765
vn -0.7154 0.6027 -0.3536
vn -0.7323 0.6810 -0.0000
vt 0.774619 0.386088
vt 0.795822 0.379097
vt 0.795822 0.386088
vt 0.795822 0.351134
vt 0.774619 0.344143
vt 0.795822 0.344143
vt 0.774619 0.302198
vt 0.795822 0.295208
vt 0.795822 0.302198
vt 0.774619 0.379097
vt 0.795822 0.372106
vt 0.774619 0.330162
vt 0.795822 0.323171
vt 0.795822 0.330162
vt 0.774619 0.295208
vt 0.795822 0.288217
vt 0.774619 0.337152
vt 0.774619 0.323171
vt 0.795822 0.316180
vt 0.774619 0.365116
vt 0.774619 0.372106
vt 0.795822 0.337152
vt 0.774619 0.281226
vt 0.774619 0.288217
vt 0.795822 0.358125
vt 0.795822 0.365116
vt 0.774619 0.309189
vt 0.774619 0.316180
vt 0.795822 0.281226
vt 0.774619 0.274235
vt 0.795822 0.274235
vt 0.795822 0.309189
vt 0.831351 0.366416
vt 0.841067 0.356607
vt 0.841348 0.366603
vt 0.820383 0.366801
vt 0.826925 0.352315
vt 0.820308 0.350889
vt 0.825437 0.345711
vt 0.841348 0.345636
vt 0.813704 0.352377
vt 0.809412 0.366520
vt 0.799603 0.356803
vt 0.799218 0.345835
vt 0.815130 0.345760
vt 0.820283 0.345736
vt 0.826862 0.339094
vt 0.840964 0.334668
vt 0.820259 0.340582
vt 0.820184 0.324671
vt 0.831155 0.324952
vt 0.841150 0.324671
vt 0.813642 0.339157
vt 0.799499 0.334864
vt 0.809216 0.325055
vt 0.874983 0.311134
vt 0.863460 0.304941
vt 0.879296 0.305255
vt 0.863199 0.312825
vt 0.846403 0.305305
vt 0.846403 0.295970
vt 0.864231 0.296720
vt 0.881780 0.297459
vt 0.879960 0.289481
vt 0.864153 0.288464
vt 0.847187 0.286667
vt 0.864556 0.280585
vt 0.876156 0.283260
vt 0.864156 0.327770
vt 0.846787 0.333852
vt 0.848253 0.324671
vt 0.875756 0.330445
vt 0.863753 0.335648
vt 0.879560 0.336666
vt 0.863832 0.343905
vt 0.846003 0.343154
vt 0.863060 0.352125
vt 0.846003 0.352490
vt 0.878896 0.352440
vt 0.874583 0.358319
vt 0.862799 0.360010
vt 0.846692 0.361761
vt 0.845583 0.390145
vt 0.862380 0.397665
vt 0.846273 0.399416
vt 0.845583 0.380809
vt 0.862640 0.389780
vt 0.863412 0.381560
vt 0.878477 0.390095
vt 0.874164 0.395974
vt 0.863334 0.373303
vt 0.846368 0.371507
vt 0.863737 0.365425
vt 0.875337 0.368100
vt 0.879141 0.374321
vt 0.880961 0.382298
vt 0.837886 0.373874
vt 0.825883 0.379077
vt 0.826286 0.371198
vt 0.841690 0.380094
vt 0.825961 0.387333
vt 0.808133 0.386583
vt 0.808917 0.377280
vt 0.810383 0.368099
vt 0.811144 0.311955
vt 0.816494 0.320331
vt 0.807906 0.316832
vt 0.801348 0.310274
vt 0.824608 0.314593
vt 0.834314 0.316732
vt 0.825767 0.320331
vt 0.835995 0.306937
vt 0.844370 0.301587
vt 0.840871 0.310175
vt 0.838632 0.293472
vt 0.840772 0.283767
vt 0.844370 0.292314
vt 0.830976 0.282086
vt 0.825626 0.273711
vt 0.834214 0.277210
vt 0.817512 0.279448
vt 0.807806 0.277309
vt 0.816353 0.273711
vt 0.806125 0.287104
vt 0.797750 0.292454
vt 0.801249 0.283866
vt 0.774619 0.358125
vt 0.803488 0.300569
vt 0.797750 0.301728
vt 0.841026 0.395868
vt 0.843510 0.388072
vt 0.836713 0.401747
vt 0.825190 0.395554
vt 0.824929 0.403438
vt 0.808133 0.395918
vt 0.774619 0.351134
vt 0.799416 0.366801
vt 0.799218 0.324869
vt 0.847092 0.314577
vt 0.848653 0.277486
vt 0.881380 0.344643
vt 0.847834 0.362326
vt 0.817618 0.314593
vt 0.806200 0.307012
vt 0.831051 0.311881
vt 0.838632 0.300463
vt 0.835920 0.287029
vt 0.824502 0.279448
vt 0.811069 0.282161
vt 0.803488 0.293578
vt 0.808822 0.405190
vt 0.722709 0.284407
vt 0.718520 0.281986
vt 0.722709 0.281986
vt 0.722709 0.279566
vt 0.718520 0.277145
vt 0.722709 0.277145
vt 0.722709 0.286828
vt 0.718520 0.284407
vt 0.718520 0.279566
vt 0.716360 0.284407
vt 0.708367 0.281986
vt 0.716360 0.281986
vt 0.716360 0.279566
vt 0.708367 0.277145
vt 0.716360 0.277145
vt 0.716360 0.286828
vt 0.708367 0.284407
vt 0.708367 0.279566
vt 0.718520 0.286828
vt 0.708367 0.286828
vt 0.418862 0.066662
vt 0.419845 0.091463
vt 0.417298 0.066662
vt 0.413620 0.066977
vt 0.409640 0.091778
vt 0.407093 0.066977
vt 1.397837 0.098642
vt 1.401366 0.102811
vt 1.397837 0.102811
vt 0.412637 0.091778
vt 0.415184 0.066977
vt 1.396877 0.069671
vt 1.401366 0.073710
vt 1.397837 0.073710
vt 1.413090 0.101862
vt 1.415175 0.103426
vt 1.413090 0.103426
vt 1.415175 0.101862
vt 1.417261 0.103426
vt 1.411005 0.101862
vt 1.411005 0.103426
vt 1.408920 0.101862
vt 1.408823 0.057292
vt 1.410750 0.058090
vt 1.411548 0.060017
vt 1.398354 0.104058
vt 1.399601 0.104575
vt 1.408823 0.062742
vt 1.423291 0.064214
vt 1.422043 0.063697
vt 1.421526 0.062449
vt 1.422071 0.101862
vt 1.417261 0.101862
vt 1.404109 0.103426
vt 1.408920 0.103426
vt 0.411073 0.095947
vt 0.411073 0.091778
vt 0.432040 0.062877
vt 0.430607 0.066406
vt 0.430607 0.062877
vt 1.422043 0.061202
vt 1.423291 0.060685
vt 1.402326 0.069671
vt 1.396877 0.064861
vt 1.402326 0.064861
vt 0.432006 0.095672
vt 0.427897 0.088553
vt 0.432006 0.089145
vt 0.428425 0.082344
vt 0.432534 0.081372
vt 0.432534 0.082936
vt 0.428425 0.074253
vt 0.432534 0.073661
vt 0.427897 0.096264
vt 0.432006 0.097236
vt 0.427897 0.097828
vt 0.411073 0.098648
vt 0.412637 0.097297
vt 0.412637 0.098648
vt 0.411073 0.097297
vt 0.412637 0.095947
vt 0.419845 0.098333
vt 0.421409 0.096983
vt 0.421409 0.098333
vt 0.419845 0.096983
vt 0.421409 0.095632
vt 0.421409 0.091463
vt 0.419845 0.095632
vt 1.400849 0.104058
vt 1.404013 0.057292
vt 1.399601 0.062136
vt 1.401528 0.062934
vt 1.397675 0.062934
vt 0.419204 0.064852
vt 0.413755 0.057140
vt 0.419204 0.057140
vt 1.410750 0.061943
vt 1.427459 0.064214
vt 1.427459 0.060685
vt 0.425389 0.066662
vt 0.424406 0.091463
vt 0.422842 0.091463
vt 0.397837 0.098642
vt 0.401366 0.102811
vt 0.401366 0.098642
vt 0.408076 0.091778
vt 0.405529 0.066977
vt 0.396877 0.069671
vt 0.401366 0.073710
vt 0.402326 0.069671
vt 0.415175 0.103426
vt 0.413090 0.101862
vt 0.413090 0.103426
vt 0.417261 0.103426
vt 0.415175 0.101862
vt 0.411005 0.101862
vt 0.408920 0.101862
vt 0.411005 0.103426
vt 0.408823 0.057292
vt 0.411548 0.060017
vt 0.410750 0.058090
vt 0.398354 0.104058
vt 0.399601 0.104575
vt 0.397837 0.102811
vt 0.408823 0.062742
vt 0.423291 0.064214
vt 0.421526 0.062449
vt 0.422043 0.063697
vt 0.422071 0.101862
vt 0.417261 0.101862
vt 0.404109 0.103426
vt 0.408920 0.103426
vt 0.409640 0.095947
vt 0.422043 0.061202
vt 0.423291 0.060685
vt 0.396877 0.064861
vt 0.402326 0.064861
vt 0.428425 0.072689
vt 0.432534 0.072097
vt 0.397837 0.073710
vt 0.432006 0.087581
vt 0.408076 0.097297
vt 0.409640 0.098648
vt 0.408076 0.098648
vt 0.408076 0.095947
vt 0.409640 0.097297
vt 0.422842 0.096983
vt 0.424406 0.098333
vt 0.422842 0.098333
vt 0.422842 0.095632
vt 0.424406 0.096983
vt 0.424406 0.095632
vt 0.400849 0.104058
vt 0.404013 0.057292
vt 0.404013 0.062742
vt 0.399601 0.062136
vt 0.401528 0.062934
vt 0.397675 0.062934
vt 0.410750 0.061943
vt 0.427460 0.064214
vt 0.427460 0.060685
vt 1.401366 0.098642
vt 1.422071 0.103426
vt 1.404109 0.101862
vt 0.432040 0.066406
vt 0.428425 0.080780
vt 1.404013 0.062742
vt 0.413755 0.064852
vt 0.426953 0.066662
vt 0.422071 0.103426
vt 0.404109 0.101862
vt 0.427897 0.086989
vt 0.432241 0.043106
vt 0.428132 0.042134
vt 0.432241 0.041695
vt 0.410923 0.013478
vt 0.409541 0.014828
vt 0.409541 0.013478
vt 0.410923 0.012127
vt 0.409541 0.012127
vt 0.409541 0.018997
vt 0.410923 0.014828
vt 0.410923 0.018997
vt 0.406815 0.043798
vt 0.413649 0.043798
vt 0.437897 0.014143
vt 0.434368 0.014143
vt 0.437897 0.009974
vt 0.400576 0.047102
vt 0.397852 0.044377
vt 0.403301 0.044377
vt 0.434038 0.032021
vt 0.435602 0.034106
vt 0.434038 0.034106
vt 0.434038 0.029935
vt 0.435602 0.032021
vt 0.435602 0.036191
vt 0.435602 0.038277
vt 0.434038 0.036191
vt 0.434174 0.020521
vt 0.439623 0.015711
vt 0.439623 0.020521
vt 0.436899 0.023246
vt 0.434972 0.022448
vt 0.435602 0.025125
vt 0.435602 0.029935
vt 0.434038 0.043087
vt 0.434038 0.038277
vt 0.411915 0.018997
vt 0.415059 0.043798
vt 0.403301 0.039567
vt 0.434368 0.009974
vt 0.437380 0.008726
vt 0.398650 0.046304
vt 0.438825 0.022448
vt 0.402503 0.046304
vt 0.398812 0.010528
vt 0.402341 0.035528
vt 0.398812 0.035528
vt 0.397852 0.039567
vt 0.425064 0.010420
vt 0.424072 0.013949
vt 0.424072 0.010420
vt 0.434885 0.008726
vt 0.436132 0.008209
vt 0.425027 0.043798
vt 0.420919 0.018997
vt 0.422301 0.018997
vt 0.419927 0.018997
vt 0.418193 0.043798
vt 0.416782 0.043798
vt 0.428198 0.030982
vt 0.432307 0.030010
vt 0.432307 0.031574
vt 0.428132 0.034423
vt 0.422301 0.014828
vt 0.427045 0.018936
vt 0.432494 0.011225
vt 0.432494 0.018936
vt 0.422301 0.012127
vt 0.420919 0.013478
vt 0.420919 0.012127
vt 0.422301 0.013478
vt 0.420919 0.014828
vt 0.432241 0.033451
vt 0.432241 0.034861
vt 1.437897 0.014143
vt 1.437897 0.009974
vt 1.434368 0.014143
vt 1.400576 0.047102
vt 1.403301 0.044377
vt 1.397852 0.044377
vt 1.435602 0.034106
vt 1.434038 0.032021
vt 1.434038 0.034106
vt 1.435602 0.032021
vt 1.434038 0.029935
vt 1.435602 0.036191
vt 1.434038 0.036191
vt 1.435602 0.038277
vt 1.439623 0.015711
vt 1.434174 0.020521
vt 1.439623 0.020521
vt 1.434972 0.022448
vt 1.436898 0.023246
vt 1.435602 0.025125
vt 1.435602 0.029935
vt 1.434038 0.043087
vt 1.434038 0.038277
vt 0.408549 0.018997
vt 1.403301 0.039567
vt 1.437380 0.008726
vt 1.434368 0.009974
vt 1.398650 0.046304
vt 1.438825 0.022448
vt 1.402503 0.046304
vt 1.402341 0.035528
vt 1.398812 0.010528
vt 1.398812 0.035528
vt 1.397852 0.039567
vt 1.424072 0.013949
vt 1.425064 0.010420
vt 1.424072 0.010420
vt 1.436132 0.008209
vt 1.434885 0.008726
vt 0.423293 0.018997
vt 0.428198 0.021327
vt 0.432307 0.022299
vt 0.428198 0.022738
vt 0.428198 0.029571
vt 0.428132 0.043698
vt 0.434174 0.015711
vt 0.434038 0.025125
vt 0.435602 0.043087
vt 0.402341 0.010528
vt 0.425064 0.013949
vt 0.427045 0.011225
vt 0.428132 0.032859
vt 1.434174 0.015711
vt 1.434038 0.025125
vt 1.435602 0.043087
vt 0.405405 0.043798
vt 1.402341 0.010528
vt 1.425064 0.013949
vt 0.426437 0.043798
vt 0.432307 0.020735
vt 0.659679 0.364286
vt 0.662376 0.360278
vt 0.662376 0.364286
vt 0.665085 0.360278
vt 0.665085 0.364286
vt 0.654274 0.364286
vt 0.656983 0.360278
vt 0.656983 0.364286
vt 0.662376 0.353500
vt 0.665085 0.356896
vt 0.662376 0.356896
vt 0.667794 0.353500
vt 0.667794 0.356896
vt 0.670491 0.356896
vt 0.673187 0.353500
vt 0.673187 0.356896
vt 0.654274 0.353500
vt 0.656983 0.356896
vt 0.654274 0.356896
vt 0.659679 0.353500
vt 0.659679 0.356896
vt 0.670491 0.353500
vt 0.675896 0.353500
vt 0.675896 0.356896
vt 0.656983 0.353500
vt 0.670491 0.348961
vt 0.675896 0.348961
vt 0.656983 0.348961
vt 0.662376 0.348961
vt 0.665085 0.353500
vt 0.667794 0.348961
vt 0.673187 0.348961
vt 0.654274 0.348961
vt 0.659679 0.348961
vt 0.662376 0.345371
vt 0.667794 0.345371
vt 0.673187 0.345371
vt 0.659679 0.345371
vt 0.665085 0.345371
vt 0.665085 0.348961
vt 0.670491 0.345371
vt 0.656983 0.345371
vt 0.667794 0.340333
vt 0.673187 0.340333
vt 0.654274 0.340333
vt 0.654274 0.345371
vt 0.659679 0.340333
vt 0.670491 0.340333
vt 0.675896 0.340333
vt 0.675896 0.345371
vt 0.656983 0.340333
vt 0.662376 0.340333
vt 0.659679 0.360278
vt 0.673187 0.360278
vt 0.675896 0.364286
vt 0.673187 0.364286
vt 0.667794 0.360278
vt 0.670491 0.364286
vt 0.667794 0.364286
vt 0.659679 0.369311
vt 0.662376 0.374301
vt 0.659679 0.374301
vt 0.654274 0.369311
vt 0.656983 0.374301
vt 0.654274 0.374301
vt 0.673187 0.369311
vt 0.670491 0.369311
vt 0.670491 0.374301
vt 0.667794 0.369311
vt 0.665085 0.369311
vt 0.665085 0.374301
vt 0.662376 0.369311
vt 0.656983 0.369311
vt 0.675896 0.369311
vt 0.673187 0.374301
vt 0.667794 0.374301
vt 0.670491 0.360278
vt 0.675896 0.360278
vt 0.654274 0.360278
vt 0.868837 0.317957
vt 0.868860 0.320222
vt 0.867257 0.321823
vt 0.867203 0.316355
vt 0.864968 0.321823
vt 0.864914 0.316354
vt 0.863334 0.320220
vt 0.863311 0.317955
vt 0.665085 0.340333
vt 0.675896 0.374301
vt 0.176416 0.515697
vt 0.150831 0.561191
vt 0.150831 0.512830
vt 0.148677 0.570001
vt 0.174263 0.615494
vt 0.148677 0.618361
vt 0.739786 0.313937
vt 0.738291 0.343529
vt 0.738291 0.313937
vt 0.738291 0.370727
vt 0.739786 0.344981
vt 0.739786 0.370727
vt 0.735449 0.360866
vt 0.736944 0.315196
vt 0.736944 0.360866
vt 1.735449 0.360866
vt 1.736944 0.315196
vt 1.735449 0.315196
vt 1.738291 0.370727
vt 1.739786 0.344981
vt 1.738291 0.344981
vt 1.739786 0.313937
vt 1.738291 0.343529
vt 1.739786 0.343529
vt 1.148677 0.570001
vt 1.174263 0.615494
vt 1.178269 0.570001
vt 1.176416 0.515697
vt 1.150831 0.561191
vt 1.180422 0.561191
vt 0.180422 0.561191
vt 0.178269 0.570001
vt 0.739786 0.343529
vt 0.738291 0.344981
vt 0.735449 0.315196
vt 1.736944 0.360866
vt 1.739786 0.370727
vt 1.738291 0.313937
vt 1.148677 0.618361
vt 1.150831 0.512830
vt 0.141840 0.831371
vt 0.139478 0.823135
vt 0.142163 0.821442
vt 0.139878 0.834273
vt 0.135976 0.825168
vt 0.135976 0.810545
vt 0.139606 0.806913
vt 0.142363 0.804205
vt 0.140557 0.797363
vt 0.143114 0.782834
vt 0.143314 0.800072
vt 0.136927 0.793732
vt 0.140429 0.781142
vt 0.136927 0.779109
vt 0.140829 0.770004
vt 0.142791 0.772906
vt 0.144356 0.770854
vt 0.137538 0.768499
vt 0.141914 0.765489
vt 0.140963 0.838788
vt 0.136587 0.835778
vt 0.143405 0.833423
vt 0.144322 0.821181
vt 0.145273 0.783096
vt 0.145074 0.801046
vt 0.150500 0.781759
vt 0.152862 0.789995
vt 0.150177 0.791687
vt 0.152462 0.778857
vt 0.156364 0.787962
vt 0.156364 0.802585
vt 0.152734 0.806216
vt 0.149976 0.808925
vt 0.161483 0.805688
vt 0.164040 0.791159
vt 0.164240 0.808396
vt 0.157853 0.802057
vt 0.161355 0.789466
vt 0.157853 0.787434
vt 0.161755 0.778328
vt 0.163717 0.781230
vt 0.165282 0.779179
vt 0.158464 0.776824
vt 0.162841 0.773814
vt 0.151376 0.774342
vt 0.155753 0.777352
vt 0.148935 0.779707
vt 0.148017 0.791949
vt 0.166199 0.791420
vt 0.166000 0.809371
vt 0.168698 0.778673
vt 0.169347 0.774947
vt 0.172967 0.778673
vt 0.169281 0.787706
vt 0.170766 0.786392
vt 0.172251 0.787706
vt 0.172901 0.791432
vt 0.168631 0.791432
vt 0.172994 0.796472
vt 0.168539 0.796472
vt 0.170832 0.773632
vt 0.172317 0.774947
vt 0.173060 0.783713
vt 0.168605 0.783713
vt 1.148017 0.791949
vt 1.150500 0.781759
vt 1.148935 0.779707
vt 1.166199 0.791420
vt 1.163717 0.781230
vt 1.164040 0.791159
vt 1.164240 0.808396
vt 1.149976 0.808925
vt 1.148216 0.809899
vt 1.152462 0.778857
vt 1.151376 0.774342
vt 1.155753 0.777352
vt 1.154794 0.772839
vt 1.158464 0.776824
vt 1.162841 0.773814
vt 1.159423 0.772311
vt 1.161755 0.778328
vt 1.165282 0.779179
vt 1.161355 0.789466
vt 1.157853 0.787434
vt 1.157853 0.802057
vt 1.161483 0.805688
vt 1.150177 0.791687
vt 1.152734 0.806216
vt 1.152862 0.789995
vt 1.156364 0.802585
vt 1.156364 0.787962
vt 1.144322 0.821181
vt 1.141840 0.831371
vt 1.143405 0.833423
vt 1.145273 0.783096
vt 1.142791 0.772906
vt 1.143114 0.782834
vt 1.143314 0.800072
vt 1.142363 0.804205
vt 1.144123 0.803231
vt 1.139878 0.834273
vt 1.140963 0.838788
vt 1.136587 0.835778
vt 1.137546 0.840290
vt 1.137538 0.768499
vt 1.141914 0.765489
vt 1.138496 0.763986
vt 1.140829 0.770004
vt 1.144356 0.770854
vt 1.140429 0.781142
vt 1.136927 0.779109
vt 1.136927 0.793732
vt 1.140557 0.797363
vt 1.142163 0.821442
vt 1.139606 0.806913
vt 1.139478 0.823135
vt 1.135976 0.810545
vt 1.135976 0.825168
vt 1.168605 0.783713
vt 1.172967 0.778673
vt 1.168698 0.778673
vt 1.173060 0.783713
vt 1.172317 0.774947
vt 1.169347 0.774947
vt 1.170832 0.773632
vt 1.168631 0.791432
vt 1.172251 0.787706
vt 1.169281 0.787706
vt 1.172994 0.796472
vt 1.168539 0.796472
vt 1.172901 0.791432
vt 1.170766 0.786392
vt 0.138496 0.763986
vt 0.137546 0.840290
vt 0.144123 0.803231
vt 0.159423 0.772311
vt 0.154794 0.772839
vt 0.148216 0.809899
vt 1.166000 0.809371
vt 1.145074 0.801046
vt 0.871625 0.227716
vt 0.877017 0.148848
vt 0.873701 0.227603
vt 0.866046 0.148571
vt 0.874340 0.148250
vt 0.869434 0.066048
vt 0.878980 0.067053
vt 0.881948 0.068267
vt 0.780139 0.236385
vt 0.774747 0.262784
vt 0.772983 0.226923
vt 0.776568 0.264349
vt 0.773450 0.268715
vt 0.773189 0.263377
vt 0.770917 0.226844
vt 0.301169 0.874468
vt 0.269061 0.872899
vt 0.266451 0.870850
vt 0.307347 0.873591
vt 0.303027 0.875785
vt 0.308535 0.874279
vt 0.306625 0.876941
vt 0.280636 0.879714
vt 0.872529 0.269464
vt 0.873392 0.263823
vt 0.873537 0.269888
vt 0.870217 0.264893
vt 0.871874 0.263296
vt 0.865495 0.236982
vt 0.311588 0.966883
vt 0.312750 0.964464
vt 0.312750 0.966778
vt 0.310424 0.967100
vt 0.310873 0.964696
vt 0.307198 0.965554
vt 0.308385 0.958486
vt 0.312750 0.958040
vt 0.871470 0.269515
vt 0.868878 0.268027
vt 0.870632 0.270109
vt 0.868004 0.269883
vt 0.861084 0.267675
vt 0.862039 0.263377
vt 0.309346 0.967456
vt 0.308502 0.968112
vt 0.304118 0.966468
vt 0.302589 0.967569
vt 0.271485 0.968858
vt 0.282439 0.962565
vt 0.193560 0.967265
vt 0.269035 0.970684
vt 0.192166 0.975662
vt 0.191063 0.978272
vt 0.110115 0.983458
vt 0.110012 0.973429
vt 0.798903 0.226282
vt 0.819122 0.147005
vt 0.822539 0.225123
vt 0.772261 0.148103
vt 0.792270 0.147193
vt 0.784981 0.065856
vt 0.815702 0.065550
vt 0.188563 0.863514
vt 0.187439 0.860890
vt 0.190552 0.871830
vt 0.106392 0.863142
vt 0.105843 0.853449
vt 0.105566 0.850369
vt 0.763717 0.147598
vt 0.749434 0.067959
vt 0.752441 0.067089
vt 0.762212 0.066390
vt 0.785900 0.262849
vt 0.787096 0.267064
vt 0.778301 0.267460
vt 0.779258 0.269408
vt 0.775626 0.269846
vt 0.774729 0.268930
vt 0.343394 0.262245
vt 0.346261 0.264739
vt 0.343409 0.264742
vt 0.346889 0.250975
vt 0.346376 0.262329
vt 0.352453 0.253889
vt 0.349588 0.262969
vt 0.349246 0.264877
vt 0.360262 0.019594
vt 0.361622 0.016749
vt 0.361455 0.019589
vt 0.356988 0.018631
vt 0.360414 0.016415
vt 0.356894 0.015795
vt 0.361543 0.013454
vt 0.363018 0.014323
vt 0.337170 0.263249
vt 0.340554 0.264887
vt 0.337565 0.265138
vt 0.334192 0.254349
vt 0.340394 0.262477
vt 0.339729 0.251166
vt 0.802503 0.259918
vt 0.824109 0.259396
vt 0.803205 0.265868
vt 0.306118 0.922555
vt 0.312750 0.902018
vt 0.312750 0.922795
vt 0.270892 0.921267
vt 0.306352 0.901479
vt 0.308119 0.885386
vt 0.312750 0.886094
vt 0.191104 0.919512
vt 0.109320 0.949903
vt 0.108317 0.918186
vt 0.192255 0.946905
vt 0.272621 0.944306
vt 0.330138 0.189722
vt 0.338489 0.224459
vt 0.331808 0.225082
vt 0.337534 0.189207
vt 0.343205 0.224188
vt 0.343347 0.250644
vt 0.063876 0.847926
vt 0.063681 0.844651
vt 0.064127 0.858448
vt 0.050250 0.854465
vt 0.051793 0.845960
vt 0.051574 0.842858
vt 0.755984 0.023923
vt 0.743307 0.027417
vt 0.745903 0.025868
vt 0.740879 0.015640
vt 0.742515 0.013125
vt 0.750134 0.008617
vt 0.348819 0.188996
vt 0.356126 0.153724
vt 0.356153 0.189289
vt 0.343226 0.153674
vt 0.348840 0.153509
vt 0.343395 0.125990
vt 0.348409 0.125554
vt 0.355433 0.123268
vt 0.886060 0.027149
vt 0.883472 0.024466
vt 0.873232 0.021983
vt 0.887839 0.010753
vt 0.889463 0.014817
vt 0.068059 0.978854
vt 0.109750 0.986914
vt 0.068440 0.990068
vt 0.068161 0.994387
vt 0.056570 0.994708
vt 0.054231 0.985476
vt 0.066634 0.918409
vt 0.107267 0.886511
vt 0.053194 0.919373
vt 0.065322 0.884169
vt 0.051965 0.883843
vt 0.347960 0.224251
vt 0.354644 0.224615
vt 0.343118 0.189043
vt 0.847887 0.021118
vt 0.846537 0.065565
vt 0.814343 0.021305
vt 0.814414 0.005387
vt 0.849662 0.005085
vt 0.879773 0.005189
vt 0.067626 0.952724
vt 0.054224 0.955008
vt 0.338216 0.125718
vt 0.329990 0.154089
vt 0.330881 0.123470
vt 0.337559 0.153701
vt 0.271597 0.898096
vt 0.190568 0.892130
vt 0.312750 0.943215
vt 0.306542 0.943300
vt 0.845629 0.260224
vt 0.846247 0.226523
vt 0.845310 0.266159
vt 0.824311 0.265631
vt 0.846016 0.147427
vt 0.800824 0.422475
vt 0.808220 0.418967
vt 0.806235 0.426341
vt 0.802483 0.413179
vt 0.811346 0.414131
vt 0.816877 0.421255
vt 0.813192 0.425315
vt 0.810360 0.429109
vt 0.911957 0.778300
vt 0.912615 0.746306
vt 0.930284 0.764910
vt 0.883730 0.737010
vt 0.896643 0.758932
vt 0.898074 0.725147
vt 0.919476 0.735922
vt 0.936029 0.754075
vt 0.950408 0.817895
vt 0.950265 0.780796
vt 0.970592 0.794612
vt 0.929034 0.795956
vt 0.955555 0.769758
vt 0.983527 0.784126
vt 0.874072 0.712743
vt 0.867192 0.687331
vt 0.887290 0.701743
vt 0.879658 0.677210
vt 0.895883 0.693370
vt 0.906065 0.715564
vt 0.143112 0.003124
vt 0.158785 0.017409
vt 0.142965 0.016199
vt 0.978697 0.821867
vt 0.985729 0.805362
vt 0.999118 0.795942
vt 0.175060 0.009329
vt 0.174739 0.021231
vt 0.951964 0.910012
vt 0.891592 0.875895
vt 0.945155 0.862283
vt 0.843160 0.856166
vt 0.892081 0.840938
vt 0.486091 0.065661
vt 0.492895 0.043951
vt 0.492999 0.067496
vt 0.485964 0.043262
vt 0.492467 0.025273
vt 0.499946 0.025189
vt 0.499946 0.044354
vt 0.499946 0.068354
vt 0.963676 0.939732
vt 0.944089 0.943626
vt 0.970410 0.967441
vt 0.960033 0.949427
vt 0.948297 0.969059
vt 0.962604 0.967689
vt 0.004445 0.010239
vt 0.021959 0.022057
vt 0.004933 0.018977
vt 0.029311 0.044754
vt 0.030563 0.018204
vt 0.059568 0.034948
vt 0.005871 0.045302
vt 0.138466 0.062497
vt 0.156961 0.033002
vt 0.153965 0.065138
vt 0.140947 0.030793
vt 0.173934 0.035136
vt 0.170827 0.065102
vt 0.483412 0.115342
vt 0.492497 0.092622
vt 0.491692 0.118366
vt 0.485039 0.090044
vt 0.499946 0.093790
vt 0.499946 0.119735
vt 0.480853 0.166875
vt 0.490987 0.144412
vt 0.490423 0.170634
vt 0.481991 0.141011
vt 0.499946 0.145953
vt 0.499946 0.172338
vt 0.479182 0.219033
vt 0.489960 0.196994
vt 0.489598 0.223484
vt 0.479917 0.192887
vt 0.499946 0.198857
vt 0.499946 0.225503
vt 0.478140 0.271699
vt 0.489334 0.250102
vt 0.489095 0.276830
vt 0.478638 0.245311
vt 0.499946 0.252275
vt 0.499946 0.279158
vt 0.476425 0.324513
vt 0.488783 0.303613
vt 0.488262 0.330357
vt 0.477493 0.298139
vt 0.499946 0.306096
vt 0.499946 0.333008
vt 0.472080 0.376400
vt 0.487399 0.356956
vt 0.486112 0.383301
vt 0.474675 0.350673
vt 0.499946 0.359808
vt 0.499946 0.386434
vt 0.376941 0.355323
vt 0.374078 0.378161
vt 0.360653 0.372763
vt 0.390367 0.335640
vt 0.388837 0.359617
vt 0.401209 0.339120
vt 0.404319 0.367427
vt 0.391675 0.387133
vt 0.378905 0.407860
vt 0.348520 0.429561
vt 0.358540 0.397013
vt 0.324804 0.412487
vt 0.341977 0.388299
vt 0.453699 0.042856
vt 0.453841 0.057055
vt 0.448597 0.055428
vt 0.458015 0.034060
vt 0.458388 0.044570
vt 0.464647 0.038484
vt 0.463246 0.045904
vt 0.459999 0.059197
vt 0.131593 0.270561
vt 0.150109 0.132728
vt 0.143374 0.271865
vt 0.136711 0.130846
vt 0.167001 0.131584
vt 0.159284 0.271026
vt 0.482786 0.620198
vt 0.467954 0.610424
vt 0.473371 0.605676
vt 0.486491 0.632251
vt 0.468368 0.620605
vt 0.466815 0.637294
vt 0.457196 0.622140
vt 0.457901 0.614228
vt 0.442191 0.074265
vt 0.442032 0.098688
vt 0.435735 0.097045
vt 0.447977 0.075892
vt 0.455132 0.078653
vt 0.449995 0.101836
vt 0.425944 0.144815
vt 0.437091 0.122438
vt 0.433103 0.146468
vt 0.430317 0.120784
vt 0.445712 0.125923
vt 0.442264 0.150273
vt 0.419567 0.193331
vt 0.429852 0.170671
vt 0.427303 0.194993
vt 0.422384 0.169013
vt 0.439446 0.174791
vt 0.437232 0.199436
vt 0.415166 0.242222
vt 0.425349 0.219442
vt 0.423462 0.244003
vt 0.417352 0.217753
vt 0.435549 0.224213
vt 0.433944 0.249108
vt 0.407719 0.290616
vt 0.420950 0.268586
vt 0.416914 0.292928
vt 0.412256 0.266613
vt 0.431817 0.274039
vt 0.428397 0.298780
vt 0.400567 0.313860
vt 0.410523 0.316681
vt 0.422943 0.323009
vt 0.414977 0.346088
vt 0.428188 0.406588
vt 0.399522 0.418810
vt 0.409957 0.396832
vt 0.420087 0.429862
vt 0.394989 0.453418
vt 0.371828 0.441972
vt 0.464407 0.426106
vt 0.484371 0.409330
vt 0.482301 0.435041
vt 0.468576 0.401534
vt 0.499946 0.412868
vt 0.499946 0.439095
vt 0.484221 0.015347
vt 0.485203 0.025806
vt 0.482804 0.009328
vt 0.491934 0.013683
vt 0.491225 0.006759
vt 0.499946 0.013134
vt 0.462030 0.036167
vt 0.467923 0.034638
vt 0.466063 0.029020
vt 0.462766 0.026238
vt 0.471017 0.022880
vt 0.472497 0.030192
vt 0.429327 0.353698
vt 0.420480 0.375959
vt 0.443642 0.361291
vt 0.436586 0.384494
vt 0.440580 0.440864
vt 0.446349 0.416350
vt 0.460940 0.451461
vt 0.441099 0.476173
vt 0.418092 0.465047
vt 0.435922 0.329972
vt 0.440423 0.305253
vt 0.452458 0.311702
vt 0.448889 0.336903
vt 0.443230 0.280094
vt 0.444971 0.254781
vt 0.456035 0.260442
vt 0.454669 0.286133
vt 0.446295 0.229509
vt 0.447696 0.204353
vt 0.458194 0.209263
vt 0.457078 0.234795
vt 0.449549 0.179333
vt 0.451904 0.154446
vt 0.461566 0.158609
vt 0.459680 0.183867
vt 0.454776 0.129725
vt 0.458350 0.105248
vt 0.466720 0.108644
vt 0.463861 0.133512
vt 0.462585 0.081539
vt 0.466248 0.060800
vt 0.472600 0.062163
vt 0.470054 0.084376
vt 0.468044 0.045088
vt 0.473243 0.043582
vt 0.817732 0.433018
vt 0.812522 0.436332
vt 0.822140 0.429346
vt 0.828510 0.441142
vt 0.823493 0.444786
vt 0.817098 0.449052
vt 0.823646 0.467868
vt 0.839017 0.484812
vt 0.830598 0.490440
vt 0.831082 0.462816
vt 0.836730 0.459006
vt 0.845323 0.480771
vt 0.836743 0.513999
vt 0.852046 0.531315
vt 0.842066 0.537908
vt 0.846013 0.507868
vt 0.852912 0.503609
vt 0.859434 0.526855
vt 0.854646 0.611341
vt 0.869852 0.627799
vt 0.858258 0.636439
vt 0.850933 0.586548
vt 0.865944 0.603291
vt 0.861907 0.579027
vt 0.874216 0.598085
vt 0.878304 0.622140
vt 0.846773 0.562084
vt 0.857320 0.555041
vt 0.865088 0.550387
vt 0.869963 0.574143
vt 0.874170 0.652487
vt 0.862216 0.661809
vt 0.882791 0.646188
vt 0.888376 0.670014
vt 0.517896 0.651698
vt 0.518782 0.674617
vt 0.510098 0.670911
vt 0.527033 0.655151
vt 0.527389 0.678911
vt 0.510550 0.694721
vt 0.501805 0.690364
vt 0.529279 0.741174
vt 0.518051 0.733104
vt 0.528543 0.717451
vt 0.535659 0.759293
vt 0.522105 0.748684
vt 0.528674 0.763436
vt 0.514897 0.754523
vt 0.507315 0.739769
vt 0.480913 0.460382
vt 0.499946 0.480362
vt 0.499946 0.463746
vt 0.463765 0.484100
vt 0.478391 0.027275
vt 0.468396 0.019279
vt 0.477136 0.018340
vt 0.475109 0.013564
vt 0.452629 0.393020
vt 0.457905 0.368856
vt 0.461821 0.343801
vt 0.464473 0.318121
vt 0.466105 0.292148
vt 0.467105 0.266082
vt 0.467873 0.240064
vt 0.468703 0.214158
vt 0.469814 0.188387
vt 0.471227 0.162753
vt 0.472944 0.137276
vt 0.475084 0.112011
vt 0.477551 0.087213
vt 0.479251 0.063786
vt 0.479304 0.042983
vt 0.473110 0.663436
vt 0.468119 0.681662
vt 0.462439 0.664047
vt 0.460068 0.687274
vt 0.452461 0.664456
vt 0.455502 0.637840
vt 0.525564 0.629903
vt 0.506817 0.612877
vt 0.535150 0.631035
vt 0.510859 0.629620
vt 0.502977 0.623367
vt 0.496093 0.629806
vt 0.781303 0.984913
vt 0.764353 0.992098
vt 0.764879 0.986263
vt 0.800285 0.974715
vt 0.787506 0.990053
vt 0.812138 0.981120
vt 0.794936 0.997526
vt 0.763683 0.998692
vt 0.773942 0.681384
vt 0.788646 0.706995
vt 0.773859 0.707290
vt 0.773987 0.655894
vt 0.788409 0.680884
vt 0.787873 0.655317
vt 0.803224 0.679930
vt 0.803955 0.706325
vt 0.848366 0.670356
vt 0.852305 0.696391
vt 0.833505 0.676280
vt 0.830998 0.650249
vt 0.845061 0.644500
vt 0.819829 0.705373
vt 0.802108 0.654197
vt 0.818280 0.678932
vt 0.816525 0.652999
vt 0.836182 0.702590
vt 0.787320 0.630031
vt 0.800958 0.628786
vt 0.774004 0.630647
vt 0.774000 0.605659
vt 0.786775 0.605030
vt 0.799779 0.603697
vt 0.841974 0.618950
vt 0.828567 0.624519
vt 0.826027 0.599113
vt 0.838785 0.593726
vt 0.814753 0.627379
vt 0.812897 0.602086
vt 0.786194 0.580373
vt 0.798487 0.578987
vt 0.773981 0.580987
vt 0.773952 0.556635
vt 0.785520 0.556047
vt 0.797035 0.554620
vt 0.835226 0.568844
vt 0.823187 0.574053
vt 0.820011 0.549315
vt 0.831234 0.544268
vt 0.810827 0.577164
vt 0.808517 0.552578
vt 0.826751 0.519954
vt 0.816451 0.524830
vt 0.812334 0.500584
vt 0.821583 0.495938
vt 0.784693 0.531952
vt 0.795354 0.530469
vt 0.773917 0.532526
vt 0.773877 0.508583
vt 0.783685 0.508012
vt 0.793357 0.506467
vt 0.805914 0.528223
vt 0.802879 0.504050
vt 0.782546 0.484119
vt 0.791103 0.482609
vt 0.773834 0.484658
vt 0.773788 0.459999
vt 0.781588 0.459690
vt 0.789192 0.458759
vt 0.815749 0.472715
vt 0.807691 0.476882
vt 0.803561 0.455065
vt 0.810387 0.452463
vt 0.799456 0.480192
vt 0.796503 0.457182
vt 0.794713 0.419047
vt 0.788163 0.435445
vt 0.788045 0.416409
vt 0.794869 0.435957
vt 0.801158 0.436579
vt 0.807002 0.437144
vt 0.863377 0.952781
vt 0.861045 0.984494
vt 0.836038 0.967101
vt 0.828254 0.991449
vt 0.818523 0.952976
vt 0.300340 0.539635
vt 0.243726 0.304683
vt 0.289798 0.301020
vt 0.249762 0.546438
vt 0.186111 0.309091
vt 0.185591 0.004181
vt 0.236234 0.004592
vt 0.276715 0.004827
vt 0.320080 0.557150
vt 0.327810 0.482259
vt 0.333481 0.559393
vt 0.186445 0.800406
vt 0.260951 0.803561
vt 0.185591 0.807720
vt 0.316921 0.789151
vt 0.321151 0.800449
vt 0.308470 0.421489
vt 0.186761 0.791597
vt 0.259218 0.794108
vt 0.186846 0.765057
vt 0.257327 0.782730
vt 0.255484 0.754460
vt 0.313518 0.775598
vt 0.356394 0.564224
vt 0.375135 0.499585
vt 0.384785 0.571257
vt 0.349562 0.489844
vt 0.413792 0.579732
vt 0.427010 0.520834
vt 0.442589 0.588962
vt 0.401128 0.510006
vt 0.788306 0.733921
vt 0.773726 0.733782
vt 0.803921 0.733752
vt 0.803209 0.761876
vt 0.787505 0.761378
vt 0.773543 0.760691
vt 0.820859 0.732584
vt 0.838922 0.729158
vt 0.841329 0.755756
vt 0.821149 0.760357
vt 0.773316 0.787304
vt 0.786557 0.788494
vt 0.802086 0.789659
vt 0.785679 0.813009
vt 0.773093 0.811617
vt 0.820649 0.787924
vt 0.843163 0.781908
vt 0.844183 0.807053
vt 0.819377 0.813657
vt 0.800746 0.814726
vt 0.863377 0.747606
vt 0.857256 0.722359
vt 0.785025 0.850374
vt 0.799326 0.835348
vt 0.798373 0.853024
vt 0.772982 0.849562
vt 0.785091 0.833160
vt 0.772954 0.831974
vt 0.817537 0.836375
vt 0.844180 0.831197
vt 0.815746 0.857257
vt 0.878689 0.793596
vt 0.870683 0.771397
vt 0.471315 0.597594
vt 0.477723 0.530734
vt 0.499946 0.601534
vt 0.452752 0.530489
vt 0.807830 0.893226
vt 0.839469 0.884314
vt 0.819292 0.920631
vt 0.796930 0.868862
vt 0.813041 0.877254
vt 0.886513 0.815159
vt 0.785742 0.879622
vt 0.791493 0.880415
vt 0.774563 0.880163
vt 0.785366 0.866100
vt 0.773377 0.865736
vt 0.780960 0.414636
vt 0.773739 0.434792
vt 0.773698 0.413970
vt 0.781053 0.434993
vt 0.795965 0.408349
vt 0.788833 0.404764
vt 0.798263 0.402382
vt 0.805188 0.407734
vt 0.781304 0.402541
vt 0.773674 0.401734
vt 0.782234 0.395908
vt 0.790563 0.398362
vt 0.969960 0.883989
vt 0.972614 0.853102
vt 0.115714 0.013576
vt 0.112309 0.002241
vt 0.089258 0.010508
vt 0.082564 0.002527
vt 0.779270 0.006877
vt 0.780912 0.022333
vt 0.444352 0.638213
vt 0.450633 0.690033
vt 0.442493 0.665453
vt 0.441256 0.691936
vt 0.431854 0.666114
vt 0.431854 0.638404
vt 0.431854 0.615741
vt 0.445371 0.622756
vt 0.431854 0.622752
vt 0.445758 0.615679
vt 0.431854 0.715939
vt 0.442072 0.707902
vt 0.443946 0.716266
vt 0.431854 0.692847
vt 0.431854 0.708380
vt 0.452895 0.705485
vt 0.459186 0.715795
vt 0.394626 0.141004
vt 0.387717 0.124421
vt 0.400805 0.139734
vt 0.363724 0.145052
vt 0.389594 0.144205
vt 0.391795 0.150530
vt 0.363773 0.161197
vt 0.392358 0.161197
vt 0.377932 0.128596
vt 0.392644 0.143766
vt 0.369341 0.131228
vt 0.364785 0.134232
vt 0.343349 0.104333
vt 0.370248 0.092031
vt 0.373596 0.093992
vt 0.322349 0.127464
vt 0.319825 0.134021
vt 0.318893 0.125692
vt 0.323505 0.134190
vt 0.320156 0.142120
vt 0.315115 0.141990
vt 0.315834 0.131167
vt 0.316064 0.123731
vt 0.517242 0.720792
vt 0.524838 0.705868
vt 0.510982 0.720135
vt 0.518457 0.699857
vt 0.500332 0.643705
vt 0.501241 0.668044
vt 0.492195 0.665906
vt 0.509023 0.647857
vt 0.492472 0.687684
vt 0.482858 0.686580
vt 0.482476 0.664723
vt 0.473823 0.685915
vt 0.491726 0.637307
vt 0.496047 0.731205
vt 0.485246 0.724612
vt 0.502372 0.715291
vt 0.492676 0.709922
vt 0.540401 0.689644
vt 0.535656 0.683832
vt 0.536438 0.658247
vt 0.547393 0.659465
vt 0.373755 0.098102
vt 0.355375 0.116646
vt 0.378708 0.100588
vt 0.360911 0.123081
vt 0.383184 0.105557
vt 0.378644 0.055305
vt 0.360975 0.032595
vt 0.383184 0.050232
vt 0.482247 0.706203
vt 0.473557 0.719830
vt 0.471834 0.703355
vt 0.463712 0.698828
vt 0.892994 0.977784
vt 0.905888 0.944695
vt 0.923721 0.972387
vt 0.105204 0.054071
vt 0.111782 0.025539
vt 0.082668 0.018592
vt 0.074329 0.009134
vt 0.068157 0.014534
vt 0.053354 0.017884
vt 0.970229 0.899520
vt 0.037619 0.016542
vt 0.965680 0.932074
vt 0.064556 0.258453
vt 0.037044 0.500378
vt 0.035122 0.255722
vt 0.064900 0.501861
vt 0.039375 0.804060
vt 0.013087 0.804043
vt 0.010964 0.499941
vt 0.008922 0.254972
vt 0.063999 0.114176
vt 0.102570 0.122628
vt 0.099903 0.264393
vt 0.033492 0.112000
vt 0.007409 0.111539
vt 0.095774 0.505039
vt 0.122340 0.508296
vt 0.090688 0.803764
vt 0.065379 0.803985
vt 0.310317 0.745846
vt 0.253366 0.688127
vt 0.306633 0.679596
vt 0.186771 0.698567
vt 0.186530 0.554729
vt 0.379639 0.078907
vt 0.385554 0.085851
vt 0.379907 0.088386
vt 0.386683 0.079703
vt 0.391196 0.087257
vt 0.389293 0.093356
vt 0.384439 0.093352
vt 0.380308 0.095090
vt 0.392638 0.073231
vt 0.392638 0.080389
vt 0.386785 0.073303
vt 0.381789 0.069514
vt 0.387164 0.065499
vt 0.391981 0.066690
vt 0.373571 0.057946
vt 0.355392 0.039152
vt 0.373313 0.062152
vt 0.349213 0.045281
vt 0.369940 0.064104
vt 0.342988 0.051967
vt 0.394626 0.181389
vt 0.387717 0.197972
vt 0.377932 0.193797
vt 0.511176 0.757692
vt 0.518869 0.769305
vt 0.518206 0.769575
vt 0.502575 0.747466
vt 0.511789 0.757166
vt 0.503236 0.746502
vt 0.521909 0.767580
vt 0.492553 0.738832
vt 0.481453 0.731829
vt 0.493132 0.737732
vt 0.482033 0.730735
vt 0.470069 0.725561
vt 0.469523 0.726603
vt 0.457457 0.721898
vt 0.444551 0.720550
vt 0.457184 0.722878
vt 0.431854 0.719731
vt 0.444540 0.719741
vt 0.431854 0.718955
vt 0.300783 0.302804
vt 0.304445 0.317314
vt 0.300774 0.318008
vt 0.309898 0.290914
vt 0.304625 0.303599
vt 0.313116 0.293109
vt 0.308513 0.304404
vt 0.308281 0.316589
vt 0.346995 0.272538
vt 0.332485 0.276201
vt 0.331791 0.272530
vt 0.358885 0.281653
vt 0.346200 0.276380
vt 0.356690 0.284871
vt 0.345395 0.280269
vt 0.333210 0.280037
vt 0.306332 0.332160
vt 0.319158 0.339902
vt 0.317052 0.342990
vt 0.309619 0.330017
vt 0.312945 0.327847
vt 0.321353 0.336684
vt 0.317640 0.278088
vt 0.306810 0.288808
vt 0.319782 0.281374
vt 0.321952 0.284700
vt 0.345095 0.301873
vt 0.341720 0.289872
vt 0.350371 0.294137
vt 0.339022 0.310777
vt 0.336351 0.296649
vt 0.330117 0.304704
vt 0.328878 0.292300
vt 0.334734 0.288093
vt 0.318116 0.308079
vt 0.322382 0.299428
vt 0.324893 0.313448
vt 0.332949 0.319682
vt 0.320544 0.320921
vt 0.316338 0.315066
vt 0.324415 0.288101
vt 0.333963 0.284019
vt 0.316759 0.295594
vt 0.312579 0.305456
vt 0.316346 0.325384
vt 0.312263 0.315836
vt 0.327673 0.327418
vt 0.323838 0.333040
vt 0.344343 0.284334
vt 0.354205 0.288515
vt 0.328289 0.230339
vt 0.326519 0.242418
vt 0.326880 0.230339
vt 0.327845 0.243342
vt 0.323764 0.252558
vt 0.309871 0.230340
vt 0.311568 0.214063
vt 0.312400 0.230340
vt 0.309034 0.212751
vt 0.312244 0.203366
vt 0.309919 0.874576
vt 0.310605 0.878020
vt 0.311333 0.874742
vt 0.312750 0.878254
vt 0.746607 0.422581
vt 0.739197 0.419103
vt 0.744911 0.413292
vt 0.741212 0.426468
vt 0.734251 0.425470
vt 0.730550 0.421425
vt 0.736052 0.414280
vt 0.742184 0.407858
vt 0.636777 0.775750
vt 0.636474 0.744706
vt 0.651895 0.757136
vt 0.613759 0.752082
vt 0.619218 0.762578
vt 0.629854 0.734593
vt 0.650738 0.724145
vt 0.664719 0.735832
vt 0.599171 0.813161
vt 0.599827 0.777644
vt 0.620019 0.792513
vt 0.580212 0.790625
vt 0.594868 0.767001
vt 0.674335 0.712039
vt 0.642929 0.714767
vt 0.661343 0.701188
vt 0.652870 0.692963
vt 0.668842 0.676969
vt 0.681176 0.686968
vt 0.565639 0.800714
vt 0.567966 0.780460
vt 0.572157 0.816529
vt 0.595546 0.900074
vt 0.653607 0.870241
vt 0.650464 0.904923
vt 0.603249 0.855490
vt 0.654528 0.836800
vt 0.701346 0.853950
vt 0.702908 0.881564
vt 0.676195 0.943199
vt 0.700314 0.913128
vt 0.513802 0.065661
vt 0.506997 0.043951
vt 0.513929 0.043262
vt 0.506894 0.067496
vt 0.507426 0.025273
vt 0.514690 0.025806
vt 0.601854 0.931623
vt 0.583779 0.927428
vt 0.597191 0.955082
vt 0.586879 0.936534
vt 0.576729 0.952942
vt 0.583963 0.953398
vt 0.516481 0.115342
vt 0.507396 0.092622
vt 0.514854 0.090044
vt 0.508201 0.118366
vt 0.519040 0.166875
vt 0.508906 0.144412
vt 0.517901 0.141011
vt 0.509470 0.170634
vt 0.520711 0.219033
vt 0.509933 0.196994
vt 0.519976 0.192887
vt 0.510294 0.223484
vt 0.521753 0.271699
vt 0.510559 0.250102
vt 0.521255 0.245311
vt 0.510798 0.276830
vt 0.523468 0.324513
vt 0.511109 0.303613
vt 0.522400 0.298139
vt 0.511631 0.330357
vt 0.527813 0.376400
vt 0.512494 0.356956
vt 0.525218 0.350673
vt 0.513781 0.383301
vt 0.625815 0.378161
vt 0.622952 0.355323
vt 0.639240 0.372763
vt 0.608217 0.387133
vt 0.611056 0.359617
vt 0.595574 0.367427
vt 0.598684 0.339120
vt 0.609526 0.335640
vt 0.620988 0.407860
vt 0.641353 0.397013
vt 0.675089 0.412487
vt 0.651373 0.429561
vt 0.628065 0.441972
vt 0.546052 0.057055
vt 0.546194 0.042856
vt 0.551296 0.055428
vt 0.536647 0.045904
vt 0.541505 0.044570
vt 0.535246 0.038484
vt 0.537863 0.036167
vt 0.541878 0.034060
vt 0.395755 0.610424
vt 0.380923 0.620198
vt 0.390338 0.605676
vt 0.405808 0.614228
vt 0.395341 0.620605
vt 0.406513 0.622140
vt 0.396894 0.637294
vt 0.377217 0.632251
vt 0.557861 0.098688
vt 0.557702 0.074265
vt 0.564158 0.097045
vt 0.544761 0.078653
vt 0.551916 0.075892
vt 0.539894 0.059197
vt 0.573948 0.144815
vt 0.562802 0.122438
vt 0.569576 0.120784
vt 0.566790 0.146468
vt 0.554181 0.125923
vt 0.549897 0.101836
vt 0.580326 0.193331
vt 0.570040 0.170671
vt 0.577509 0.169013
vt 0.572590 0.194993
vt 0.560447 0.174791
vt 0.557629 0.150273
vt 0.584727 0.242222
vt 0.574544 0.219442
vt 0.582540 0.217753
vt 0.576430 0.244003
vt 0.564343 0.224213
vt 0.562661 0.199436
vt 0.592174 0.290616
vt 0.578943 0.268586
vt 0.587637 0.266613
vt 0.582979 0.292928
vt 0.568076 0.274038
vt 0.565949 0.249108
vt 0.599326 0.313860
vt 0.576950 0.323009
vt 0.589370 0.316681
vt 0.571496 0.298780
vt 0.571705 0.406588
vt 0.600371 0.418810
vt 0.579806 0.429862
vt 0.589936 0.396832
vt 0.604904 0.453417
vt 0.581801 0.465047
vt 0.535486 0.426106
vt 0.515521 0.409330
vt 0.531317 0.401534
vt 0.517592 0.435041
vt 0.515672 0.015347
vt 0.507959 0.013683
vt 0.508668 0.006759
vt 0.517089 0.009328
vt 0.531970 0.034638
vt 0.527395 0.030192
vt 0.533830 0.029020
vt 0.528876 0.022880
vt 0.537127 0.026238
vt 0.563307 0.384494
vt 0.579413 0.375958
vt 0.556251 0.361291
vt 0.570566 0.353698
vt 0.584916 0.346088
vt 0.559313 0.440864
vt 0.538953 0.451461
vt 0.553544 0.416350
vt 0.558794 0.476173
vt 0.536127 0.484100
vt 0.563971 0.329972
vt 0.551004 0.336903
vt 0.547435 0.311702
vt 0.559470 0.305253
vt 0.556663 0.280094
vt 0.545224 0.286133
vt 0.543858 0.260442
vt 0.554922 0.254781
vt 0.553598 0.229509
vt 0.542814 0.234795
vt 0.541699 0.209263
vt 0.552197 0.204353
vt 0.550343 0.179333
vt 0.540213 0.183867
vt 0.538327 0.158609
vt 0.547989 0.154446
vt 0.545116 0.129725
vt 0.536031 0.133512
vt 0.533172 0.108644
vt 0.541542 0.105248
vt 0.537308 0.081539
vt 0.529839 0.084376
vt 0.527292 0.062163
vt 0.533645 0.060800
vt 0.531849 0.045088
vt 0.526650 0.043582
vt 0.737098 0.429253
vt 0.729741 0.433190
vt 0.734964 0.436484
vt 0.724028 0.444980
vt 0.718998 0.441357
vt 0.725320 0.429536
vt 0.708665 0.485058
vt 0.723966 0.468058
vt 0.717103 0.490651
vt 0.702346 0.481044
vt 0.716511 0.463037
vt 0.710850 0.459250
vt 0.730439 0.449220
vt 0.695826 0.531584
vt 0.711051 0.514222
vt 0.705821 0.538133
vt 0.688427 0.527158
vt 0.701763 0.508131
vt 0.694851 0.503902
vt 0.678427 0.627901
vt 0.693516 0.611463
vt 0.689985 0.636463
vt 0.669993 0.622303
vt 0.682230 0.603478
vt 0.673964 0.598322
vt 0.686165 0.579265
vt 0.697140 0.586729
vt 0.701209 0.562297
vt 0.678107 0.574423
vt 0.690651 0.555303
vt 0.682875 0.550687
vt 0.674215 0.652453
vt 0.686098 0.661679
vt 0.660196 0.669877
vt 0.665634 0.646232
vt 0.345813 0.651697
vt 0.344927 0.674616
vt 0.336676 0.655151
vt 0.361903 0.690364
vt 0.353611 0.670911
vt 0.353159 0.694721
vt 0.336320 0.678911
vt 0.327271 0.658247
vt 0.345658 0.733104
vt 0.334430 0.741174
vt 0.335166 0.717451
vt 0.356393 0.739769
vt 0.341604 0.748684
vt 0.348811 0.754522
vt 0.335034 0.763436
vt 0.328050 0.759293
vt 0.518980 0.460382
vt 0.514855 0.485618
vt 0.521502 0.027275
vt 0.522756 0.018340
vt 0.524783 0.013564
vt 0.531497 0.019279
vt 0.547264 0.393020
vt 0.541988 0.368856
vt 0.538072 0.343801
vt 0.535420 0.318121
vt 0.533788 0.292148
vt 0.532788 0.266082
vt 0.532020 0.240064
vt 0.531190 0.214158
vt 0.530079 0.188387
vt 0.528666 0.162753
vt 0.526949 0.137276
vt 0.524809 0.112011
vt 0.522342 0.087213
vt 0.520642 0.063786
vt 0.520588 0.042983
vt 0.390599 0.663436
vt 0.408207 0.637840
vt 0.401270 0.664047
vt 0.411248 0.664456
vt 0.403641 0.687274
vt 0.395590 0.681662
vt 0.328053 0.683832
vt 0.323308 0.689644
vt 0.316316 0.659465
vt 0.356892 0.612876
vt 0.360732 0.623367
vt 0.367616 0.629806
vt 0.352850 0.629620
vt 0.338145 0.629903
vt 0.749587 0.982069
vt 0.743062 0.985536
vt 0.734862 0.990989
vt 0.721812 0.973026
vt 0.734288 0.968627
vt 0.759089 0.706880
vt 0.743831 0.706098
vt 0.759489 0.680816
vt 0.744714 0.679801
vt 0.760112 0.655287
vt 0.699844 0.670157
vt 0.695886 0.695961
vt 0.703126 0.644460
vt 0.717121 0.650175
vt 0.714592 0.676065
vt 0.711830 0.702175
vt 0.728046 0.705039
vt 0.729722 0.678748
vt 0.731532 0.652925
vt 0.745905 0.654141
vt 0.760694 0.630027
vt 0.747074 0.628782
vt 0.761228 0.605043
vt 0.706161 0.619013
vt 0.709282 0.593853
vt 0.722023 0.599196
vt 0.719532 0.624542
vt 0.733308 0.627382
vt 0.735133 0.602139
vt 0.748235 0.603727
vt 0.761770 0.580398
vt 0.749481 0.579040
vt 0.762384 0.556079
vt 0.712760 0.569007
vt 0.716666 0.544448
vt 0.727895 0.549452
vt 0.724797 0.574173
vt 0.737149 0.577247
vt 0.739389 0.552677
vt 0.750870 0.554684
vt 0.721059 0.520136
vt 0.726136 0.496112
vt 0.735399 0.500723
vt 0.731370 0.524972
vt 0.763140 0.531986
vt 0.752477 0.530538
vt 0.764067 0.508047
vt 0.741913 0.528328
vt 0.744863 0.504153
vt 0.754392 0.506535
vt 0.765120 0.484152
vt 0.756559 0.482673
vt 0.765987 0.459720
vt 0.731880 0.472874
vt 0.737163 0.452604
vt 0.743998 0.455179
vt 0.739952 0.477009
vt 0.748198 0.480288
vt 0.751063 0.457269
vt 0.758379 0.458818
vt 0.759318 0.435502
vt 0.752704 0.419129
vt 0.759362 0.416466
vt 0.752615 0.436040
vt 0.746328 0.436685
vt 0.740487 0.437274
vt 0.712494 0.919234
vt 0.718056 0.945313
vt 0.700797 0.957819
vt 0.705733 0.980503
vt 0.676803 0.972189
vt 0.647961 0.964838
vt 0.672083 0.482259
vt 0.679813 0.557150
vt 0.666412 0.559392
vt 0.691423 0.421489
vt 0.686128 0.481698
vt 0.624758 0.499585
vt 0.643499 0.564223
vt 0.615108 0.571257
vt 0.650331 0.489844
vt 0.572883 0.520833
vt 0.586101 0.579732
vt 0.557304 0.588962
vt 0.598765 0.510006
vt 0.759166 0.733755
vt 0.743927 0.761426
vt 0.743605 0.733411
vt 0.726781 0.732063
vt 0.726119 0.759634
vt 0.706210 0.754767
vt 0.708915 0.728481
vt 0.759585 0.761168
vt 0.760060 0.788263
vt 0.760469 0.812811
vt 0.744536 0.789142
vt 0.726095 0.787031
vt 0.726725 0.812708
vt 0.702308 0.805416
vt 0.703932 0.780586
vt 0.684589 0.746434
vt 0.690858 0.721607
vt 0.746265 0.835099
vt 0.760720 0.850633
vt 0.746794 0.853360
vt 0.745327 0.814252
vt 0.760732 0.833088
vt 0.727845 0.835585
vt 0.728696 0.856900
vt 0.701510 0.829282
vt 0.668816 0.791272
vt 0.677068 0.769707
vt 0.522170 0.530734
vt 0.528578 0.597594
vt 0.547141 0.530489
vt 0.717263 0.915998
vt 0.729734 0.877702
vt 0.747809 0.870654
vt 0.733048 0.894932
vt 0.754187 0.885195
vt 0.660673 0.812067
vt 0.761904 0.882592
vt 0.760763 0.867206
vt 0.766439 0.414664
vt 0.766427 0.435022
vt 0.751410 0.408437
vt 0.758527 0.404824
vt 0.749088 0.402480
vt 0.756772 0.398429
vt 0.766047 0.402571
vt 0.765091 0.395942
vt 0.579388 0.875304
vt 0.577485 0.846236
vt 0.419357 0.638213
vt 0.421216 0.665453
vt 0.422452 0.691936
vt 0.413076 0.690033
vt 0.418338 0.622756
vt 0.417951 0.615679
vt 0.421637 0.707902
vt 0.419763 0.716266
vt 0.410814 0.705484
vt 0.400805 0.182659
vt 0.398364 0.203541
vt 0.391795 0.171863
vt 0.389594 0.178188
vt 0.363724 0.177341
vt 0.369341 0.191165
vt 0.392644 0.178627
vt 0.338111 0.065066
vt 0.372712 0.069402
vt 0.321586 0.156871
vt 0.319405 0.150192
vt 0.323089 0.150214
vt 0.318042 0.158462
vt 0.315272 0.152835
vt 0.323675 0.142212
vt 0.346467 0.720792
vt 0.352726 0.720134
vt 0.338871 0.705868
vt 0.345251 0.699857
vt 0.363377 0.643705
vt 0.362468 0.668044
vt 0.354686 0.647857
vt 0.371513 0.665905
vt 0.371236 0.687684
vt 0.381233 0.664723
vt 0.380851 0.686580
vt 0.389885 0.685914
vt 0.371983 0.637307
vt 0.367662 0.731205
vt 0.361337 0.715291
vt 0.371033 0.709921
vt 0.378463 0.724612
vt 0.381462 0.706203
vt 0.390152 0.719830
vt 0.391874 0.703355
vt 0.404522 0.715795
vt 0.399996 0.698828
vt 0.637294 0.933890
vt 0.619852 0.958886
vt 0.328559 0.631035
vt 0.578752 0.889805
vt 0.582860 0.904640
vt 0.582132 0.920243
vt 0.384521 0.249087
vt 0.386839 0.240490
vt 0.385685 0.249123
vt 0.385716 0.239995
vt 0.389498 0.232248
vt 0.388474 0.231180
vt 0.397143 0.227653
vt 0.397434 0.226021
vt 0.403093 0.227947
vt 0.344839 0.769304
vt 0.352532 0.757692
vt 0.345503 0.769574
vt 0.341799 0.767580
vt 0.351920 0.757166
vt 0.360472 0.746502
vt 0.361134 0.747465
vt 0.371156 0.738832
vt 0.370577 0.737732
vt 0.381675 0.730735
vt 0.382255 0.731828
vt 0.393639 0.725561
vt 0.394185 0.726602
vt 0.406252 0.721898
vt 0.406524 0.722878
vt 0.419158 0.720550
vt 0.419168 0.719741
vt 0.345558 0.345354
vt 0.360404 0.343467
vt 0.346252 0.349025
vt 0.344833 0.341518
vt 0.358261 0.340180
vt 0.364928 0.328446
vt 0.368146 0.330641
vt 0.371234 0.332747
vt 0.373598 0.304241
vt 0.371711 0.289395
vt 0.377270 0.303547
vt 0.369763 0.304966
vt 0.368425 0.291538
vt 0.360991 0.278565
vt 0.331048 0.349016
vt 0.331844 0.345175
vt 0.377261 0.318751
vt 0.373419 0.317956
vt 0.357500 0.300634
vt 0.361706 0.306489
vt 0.353151 0.308106
vt 0.359927 0.313476
vt 0.347927 0.316851
vt 0.349165 0.329255
vt 0.355662 0.322126
vt 0.343310 0.333461
vt 0.341693 0.324906
vt 0.336323 0.331683
vt 0.365465 0.316098
vt 0.365780 0.305719
vt 0.369531 0.317150
vt 0.361285 0.325961
vt 0.353628 0.333453
vt 0.356092 0.336854
vt 0.344080 0.337536
vt 0.333701 0.337220
vt 0.332649 0.341286
vt 0.361698 0.296171
vt 0.365099 0.293707
vt 0.324495 0.254290
vt 0.317527 0.258566
vt 0.316886 0.260860
vt 0.312237 0.257335
vt 0.499946 0.511491
vt 0.485038 0.485618
vt 0.305649 0.092945
vt 0.295059 0.093727
vt 0.295059 0.092945
vt 0.305649 0.093727
vt 0.295059 0.094510
vt 0.305649 0.094510
vt 0.295059 0.095292
vt 0.305649 0.091379
vt 0.295059 0.090597
vt 0.305649 0.090597
vt 0.295059 0.091379
vt 0.305649 0.092162
vt 0.295059 0.092162
vt 0.305649 0.095292
vt 0.295059 0.096075
vt 0.305649 0.096075
vt 0.295059 0.096858
vt 0.311539 0.109396
vt 0.312746 0.109282
vt 0.311975 0.110053
vt 0.310966 0.110464
vt 0.312396 0.108122
vt 0.313169 0.108278
vt 0.310032 0.109692
vt 0.310814 0.109692
vt 0.308871 0.110041
vt 0.309876 0.110464
vt 0.308757 0.108835
vt 0.309310 0.109388
vt 0.307689 0.108261
vt 0.308100 0.109271
vt 0.308462 0.107327
vt 0.308462 0.108110
vt 0.305649 0.100771
vt 0.295059 0.101554
vt 0.295059 0.100771
vt 0.302046 0.111482
vt 0.302895 0.110204
vt 0.305677 0.110749
vt 0.303616 0.109900
vt 0.304399 0.109900
vt 0.302350 0.112986
vt 0.303628 0.113835
vt 0.302342 0.110757
vt 0.310417 0.099529
vt 0.313213 0.095371
vt 0.316834 0.100825
vt 0.363058 0.025369
vt 0.362810 0.022079
vt 0.364677 0.024357
vt 0.357723 0.021276
vt 0.361561 0.022431
vt 0.338088 0.078000
vt 0.373395 0.078192
vt 0.372902 0.086840
vt 0.359932 0.262239
vt 0.364579 0.269335
vt 0.363359 0.271020
vt 0.358833 0.248238
vt 0.361619 0.261205
vt 0.398364 0.118852
vt 0.407905 0.136249
vt 0.360596 0.235294
vt 0.360627 0.248255
vt 0.358833 0.234228
vt 0.362917 0.227163
vt 0.376512 0.231465
vt 0.380293 0.239211
vt 0.379170 0.239706
vt 0.381489 0.248303
vt 0.380325 0.248339
vt 0.379885 0.256932
vt 0.381037 0.257368
vt 0.377866 0.265075
vt 0.323756 0.208106
vt 0.327846 0.217333
vt 0.326518 0.218257
vt 0.316875 0.199795
vt 0.310203 0.201172
vt 0.324488 0.206370
vt 0.317519 0.202086
vt 0.407177 0.249021
vt 0.404391 0.261989
vt 0.405383 0.249039
vt 0.406078 0.263023
vt 0.401431 0.270118
vt 0.327870 0.021735
vt 0.322428 0.048572
vt 0.323577 0.011009
vt 0.327870 0.062216
vt 0.321420 0.086944
vt 0.317982 0.061099
vt 0.317128 0.035737
vt 0.318801 0.015549
vt 0.117458 0.803201
vt 0.110890 0.803454
vt 0.131792 0.508906
vt 0.145679 0.508826
vt 0.128948 0.804060
vt 0.330681 0.350797
vt 0.406649 0.723390
vt 0.419222 0.721061
vt 0.431854 0.720249
vt 0.361396 0.344990
vt 0.382508 0.732304
vt 0.394367 0.727092
vt 0.379041 0.319119
vt 0.361523 0.747850
vt 0.371472 0.739259
vt 0.373235 0.288403
vt 0.346041 0.769770
vt 0.352980 0.758006
vt 0.304809 0.333152
vt 0.299003 0.318343
vt 0.444487 0.721061
vt 0.457060 0.723390
vt 0.299003 0.302436
vt 0.305316 0.287789
vt 0.469342 0.727092
vt 0.481200 0.732304
vt 0.316647 0.276565
vt 0.331456 0.270758
vt 0.492236 0.739259
vt 0.502186 0.747850
vt 0.347363 0.270758
vt 0.362010 0.277071
vt 0.510729 0.758006
vt 0.517667 0.769771
vt 0.316948 0.114762
vt 0.318707 0.112516
vt 0.321560 0.112516
vt 0.323811 0.114476
vt 1.319354 0.119702
vt 1.322207 0.119702
vt 1.323966 0.117457
vt 1.323811 0.114476
vt 0.395633 0.272030
vt 0.395442 0.270424
vt 0.387059 0.266896
vt 0.388144 0.265859
vt 0.338374 0.090954
vt 0.339576 0.099572
vt 0.384973 0.258152
vt 0.386125 0.257716
vt 0.368576 0.225237
vt 0.368867 0.226870
vt 0.377536 0.230397
vt 0.378951 0.266112
vt 0.370568 0.269640
vt 0.370376 0.271246
vt 0.407177 0.235012
vt 0.404429 0.226233
vt 0.405414 0.236078
vt 0.309034 0.247941
vt 0.311573 0.246626
vt 0.824669 0.924535
vt 0.838617 0.918555
vt 0.893111 0.912947
vt 1.877017 0.148848
vt 1.871625 0.227716
vt 1.873701 0.227603
vt 1.866046 0.148571
vt 1.865495 0.236982
vt 1.874340 0.148250
vt 1.869434 0.066048
vt 1.881948 0.068267
vt 1.780139 0.236385
vt 1.774747 0.262784
vt 1.776568 0.264349
vt 1.773450 0.268715
vt 1.774729 0.268930
vt 1.773189 0.263377
vt 1.770917 0.226844
vt 1.772983 0.226923
vt 0.356439 0.872899
vt 0.324331 0.874468
vt 0.359049 0.870850
vt 0.322473 0.875785
vt 0.318153 0.873591
vt 0.318875 0.876941
vt 0.316965 0.874279
vt 0.344864 0.879714
vt 1.873392 0.263823
vt 1.872529 0.269464
vt 1.873537 0.269888
vt 1.870217 0.264893
vt 1.871470 0.269515
vt 1.871874 0.263296
vt 0.313912 0.966883
vt 0.314627 0.964696
vt 0.315076 0.967100
vt 0.317115 0.958486
vt 0.318302 0.965554
vt 1.868878 0.268027
vt 1.870632 0.270109
vt 1.868004 0.269883
vt 1.870036 0.270959
vt 1.861084 0.267675
vt 1.862039 0.263377
vt 0.316154 0.967456
vt 0.321382 0.966468
vt 0.316997 0.968112
vt 0.354015 0.968858
vt 0.322911 0.967569
vt 0.343061 0.962565
vt 0.431940 0.967265
vt 0.433334 0.975662
vt 0.356465 0.970684
vt 0.515385 0.983458
vt 0.434437 0.978272
vt 0.515488 0.973429
vt 1.819122 0.147005
vt 1.798903 0.226282
vt 1.822539 0.225123
vt 1.772261 0.148103
vt 1.784981 0.065856
vt 1.792270 0.147193
vt 1.815702 0.065550
vt 0.436937 0.863514
vt 0.434948 0.871830
vt 0.519108 0.863142
vt 0.438061 0.860890
vt 0.519657 0.853450
vt 1.763717 0.147598
vt 1.749434 0.067959
vt 1.761017 0.148181
vt 1.762212 0.066390
vt 1.785900 0.262849
vt 1.778301 0.267460
vt 1.787096 0.267064
vt 1.775626 0.269846
vt 1.779258 0.269408
vt 1.346261 0.264739
vt 1.343394 0.262245
vt 1.343410 0.264742
vt 1.346889 0.250975
vt 1.343347 0.250644
vt 1.346376 0.262329
vt 1.352453 0.253889
vt 1.349588 0.262969
vt 1.361622 0.016749
vt 1.360262 0.019594
vt 1.361455 0.019589
vt 1.360414 0.016415
vt 1.356988 0.018631
vt 1.361543 0.013454
vt 1.356894 0.015795
vt 1.363018 0.014323
vt 1.340554 0.264887
vt 1.337170 0.263249
vt 1.337565 0.265138
vt 1.340394 0.262477
vt 1.334192 0.254349
vt 1.339729 0.251166
vt 1.802503 0.259918
vt 1.824109 0.259396
vt 1.803205 0.265868
vt 1.824311 0.265631
vt 0.319382 0.922555
vt 0.319148 0.901479
vt 0.354608 0.921267
vt 0.353903 0.898096
vt 0.516180 0.949904
vt 0.434396 0.919512
vt 0.517183 0.918186
vt 0.433244 0.946905
vt 0.352879 0.944306
vt 1.330138 0.189722
vt 1.338489 0.224459
vt 1.337534 0.189207
vt 1.343205 0.224188
vt 1.343118 0.189043
vt 1.331808 0.225082
vt 0.519934 0.850369
vt 0.561624 0.847926
vt 0.561373 0.858448
vt 0.575250 0.854466
vt 0.561819 0.844651
vt 0.573707 0.845960
vt 1.755984 0.023923
vt 1.752441 0.067089
vt 1.743307 0.027417
vt 1.745903 0.025868
vt 1.740879 0.015640
vt 1.742515 0.013125
vt 1.356126 0.153724
vt 1.348819 0.188996
vt 1.356153 0.189289
vt 1.343226 0.153674
vt 1.348840 0.153509
vt 1.343395 0.125990
vt 1.348409 0.125554
vt 1.886060 0.027149
vt 1.878980 0.067053
vt 1.883472 0.024466
vt 1.887839 0.010753
vt 1.873232 0.021983
vt 1.889463 0.014817
vt 0.557441 0.978854
vt 0.557060 0.990068
vt 0.515750 0.986914
vt 0.568930 0.994708
vt 0.557339 0.994387
vt 0.571269 0.985476
vt 0.518233 0.886511
vt 0.558866 0.918409
vt 0.560178 0.884169
vt 0.572306 0.919373
vt 0.573535 0.883843
vt 1.347960 0.224251
vt 1.354644 0.224615
vt 1.847887 0.021118
vt 1.846537 0.065565
vt 1.814343 0.021305
vt 1.814414 0.005387
vt 1.849662 0.005085
vt 0.557874 0.952724
vt 0.571276 0.955008
vt 1.329990 0.154089
vt 1.338216 0.125718
vt 1.330881 0.123470
vt 1.337559 0.153701
vt 0.434932 0.892130
vt 0.318958 0.943300
vt 1.845629 0.260224
vt 1.845310 0.266159
vt 1.846247 0.226523
vt 1.846016 0.147427
vt 1.158785 0.017409
vt 1.143112 0.003124
vt 1.142965 0.016199
vt 1.175060 0.009329
vt 1.160433 0.004379
vt 1.004445 0.010239
vt 1.021959 0.022057
vt 1.030563 0.018204
vt 1.029311 0.044754
vt 1.059568 0.034948
vt 1.005871 0.045302
vt 1.004933 0.018977
vt 1.138466 0.062497
vt 1.156960 0.033002
vt 1.140947 0.030793
vt 1.174739 0.021231
vt 1.170827 0.065102
vt 1.153965 0.065138
vt 1.131593 0.270561
vt 1.150109 0.132728
vt 1.136711 0.130846
vt 1.167001 0.131584
vt 1.159284 0.271026
vt 1.143373 0.271865
vt 1.300340 0.539635
vt 1.243726 0.304683
vt 1.249762 0.546438
vt 1.186111 0.309091
vt 1.186530 0.554729
vt 1.185591 0.004181
vt 1.289798 0.301020
vt 1.236234 0.004592
vt 1.260951 0.803561
vt 1.186445 0.800406
vt 1.185591 0.807720
vt 1.316921 0.789151
vt 1.259218 0.794108
vt 1.186761 0.791597
vt 1.257327 0.782730
vt 1.186846 0.765057
vt 1.313518 0.775598
vt 1.255484 0.754460
vt 1.115714 0.013576
vt 1.112309 0.002241
vt 1.089258 0.010508
vt 1.082564 0.002527
vt 1.779270 0.006877
vt 1.750134 0.008617
vt 1.780912 0.022333
vt 1.105204 0.054071
vt 1.082668 0.018592
vt 1.111782 0.025539
vt 1.074329 0.009134
vt 1.068157 0.014534
vt 1.053354 0.017884
vt 1.067937 0.003609
vt 1.037619 0.016542
vt 1.064556 0.258453
vt 1.037044 0.500378
vt 1.064900 0.501861
vt 1.039375 0.804060
vt 1.065379 0.803985
vt 1.013087 0.804043
vt 1.035122 0.255722
vt 1.010964 0.499941
vt 1.063999 0.114176
vt 1.102570 0.122628
vt 1.099903 0.264393
vt 1.033492 0.112000
vt 1.008922 0.254972
vt 1.007409 0.111539
vt 1.095774 0.505039
vt 1.090688 0.803764
vt 1.122340 0.508296
vt 1.310317 0.745846
vt 1.253366 0.688127
vt 1.186771 0.698567
vt 1.306633 0.679596
vt 0.315581 0.874576
vt 0.314895 0.878020
vt 0.314167 0.874742
vt 0.312750 0.874815
vt 0.317381 0.885386
vt 0.295059 0.099988
vt 0.305649 0.099988
vt 0.295059 0.099206
vt 0.305649 0.099206
vt 0.295059 0.098423
vt 0.295059 0.102336
vt 0.305649 0.101554
vt 0.305649 0.102336
vt 0.305649 0.097640
vt 0.295059 0.097640
vt 0.305649 0.098423
vt 0.313169 0.107188
vt 0.312101 0.106614
vt 0.312758 0.106178
vt 0.308112 0.106167
vt 0.308765 0.106606
vt 0.311987 0.105407
vt 0.311548 0.106061
vt 0.310826 0.105757
vt 0.309892 0.104985
vt 0.310044 0.105757
vt 0.309319 0.106053
vt 0.305649 0.103119
vt 0.302904 0.113539
vt 0.305132 0.113531
vt 0.304411 0.113835
vt 0.305981 0.112253
vt 0.305981 0.111470
vt 0.302046 0.112265
vt 0.305124 0.110195
vt 0.305686 0.112978
vt 0.319354 0.119702
vt 0.317103 0.117743
vt 0.323966 0.117457
vt 0.322207 0.119702
vt 1.362810 0.022079
vt 1.363058 0.025369
vt 1.364677 0.024357
vt 1.357723 0.021276
vt 1.354507 0.029601
vt 1.361561 0.022431
vt 1.327870 0.021735
vt 1.322428 0.048572
vt 1.327870 0.062216
vt 1.321420 0.086944
vt 1.326359 0.112838
vt 1.317982 0.061099
vt 1.323577 0.011009
vt 1.317127 0.035737
vt 1.117458 0.803201
vt 1.110890 0.803454
vt 1.145679 0.508826
vt 1.131792 0.508906
vt 1.128948 0.804060
vt 1.317103 0.117743
vt 1.321560 0.112516
vt 1.316948 0.114762
vt 1.318707 0.112516
vt 1.343349 0.104333
vt 1.373755 0.098102
vt 1.373596 0.093992
vt 1.355375 0.116646
vt 1.378708 0.100588
vt 1.360911 0.123081
vt 1.383184 0.105557
vt 1.360975 0.032595
vt 1.378644 0.055305
vt 1.383184 0.050232
vt 1.379639 0.078907
vt 1.385554 0.085851
vt 1.386683 0.079703
vt 1.391196 0.087257
vt 1.392638 0.080389
vt 1.389292 0.093356
vt 1.379907 0.088386
vt 1.384439 0.093352
vt 1.392638 0.073231
vt 1.386785 0.073303
vt 1.387164 0.065499
vt 1.381788 0.069514
vt 1.391981 0.066690
vt 1.355392 0.039152
vt 1.373571 0.057946
vt 1.349213 0.045281
vt 1.373313 0.062152
vt 1.342988 0.051967
vt 1.369940 0.064104
vt 1.338111 0.065066
vt 1.372712 0.069402
vt 1.338089 0.078000
vt 1.373395 0.078192
vt 1.372902 0.086840
vt 1.338374 0.090954
vt 1.370248 0.092031
vt 1.339576 0.099572
vt 0.313192 0.102324
vt 0.311917 0.101788
vt 0.314575 0.102324
vt 0.310939 0.100810
vt 0.310417 0.098146
vt 0.310954 0.096871
vt 0.311932 0.095893
vt 0.314596 0.095371
vt 0.315871 0.095908
vt 0.316849 0.096886
vt 0.317371 0.098167
vt 0.317371 0.099550
vt 0.315856 0.101803
vt 0.772174 0.269156
vt 0.870036 0.270959
vt 0.761017 0.148181
vt 0.776305 0.270959
vt 0.354507 0.007665
vt 0.056492 0.999287
vt 0.160433 0.004379
vt 0.499946 0.005941
vt 0.313765 0.481698
vt 0.773661 0.395131
vt 0.349317 0.110797
vt 0.965401 0.915295
vt 0.067937 0.003609
vt 0.383523 0.062849
vt 0.339136 0.056618
vt 0.552954 0.791579
vt 0.657915 0.388299
vt 0.407905 0.186144
vt 0.364785 0.188161
vt 0.315115 0.160273
vt 0.310201 0.259535
vt 0.305649 0.096858
vt 0.312093 0.108843
vt 0.307689 0.107171
vt 0.354507 0.029601
vt 0.361581 0.225450
vt 0.402651 0.271803
vt 0.326359 0.112838
vt 0.346587 0.350797
vt 0.316034 0.344483
vt 0.372728 0.333765
vt 0.379041 0.303212
vt 1.772174 0.269156
vt 1.776305 0.270959
vt 1.349246 0.264877
vt 1.354507 0.007665
vt 0.573926 0.842859
vt 1.355433 0.123268
vt 1.879773 0.005189
vt 0.569008 0.999287
vt 1.173934 0.035136
vt 1.276715 0.004827
vt 1.321151 0.800449
vt 0.312396 0.107339
vt 0.310982 0.104985
vt 0.308883 0.105396
vt 0.295059 0.103119
vt 1.318800 0.015549
vt 1.349317 0.110797
vt 1.380308 0.095090
vt 1.383523 0.062849
vt 1.339136 0.056618
vt 0.045965 0.904763
vt 0.045965 0.909686
vt 0.034080 0.904763
vt 0.042484 0.913167
vt 0.037561 0.901282
vt 0.042484 0.901282
vt 0.017263 0.919524
vt 0.029570 0.924447
vt 0.017263 0.924447
vt 0.017263 0.889987
vt 0.029570 0.894910
vt 0.017263 0.894910
vt 0.017263 0.899833
vt 0.029570 0.904756
vt 0.017263 0.904756
vt 0.017263 0.909679
vt 0.029570 0.914602
vt 0.017263 0.914602
vt 0.029570 0.919524
vt 0.017263 0.885065
vt 0.029570 0.889987
vt 0.029570 0.899833
vt 0.029570 0.909679
vt 0.042484 0.885065
vt 0.045965 0.888546
vt 0.045965 0.893468
vt 0.042484 0.896949
vt 0.037561 0.896949
vt 0.034080 0.888546
vt 0.037561 0.885065
vt 0.001861 0.924447
vt 0.014168 0.919524
vt 0.014168 0.924447
vt 0.001861 0.894910
vt 0.014168 0.889987
vt 0.014168 0.894910
vt 0.001861 0.904756
vt 0.014168 0.899833
vt 0.014168 0.904756
vt 0.001861 0.914602
vt 0.014168 0.909679
vt 0.014168 0.914602
vt 0.001861 0.919524
vt 0.001861 0.889987
vt 0.014168 0.885065
vt 0.001861 0.899833
vt 0.001861 0.909679
vt 0.034080 0.893468
vt 0.037561 0.913167
vt 0.034080 0.909686
vt 1.045965 0.904763
vt 1.034080 0.904763
vt 1.045965 0.909686
vt 1.042484 0.913167
vt 1.042484 0.901282
vt 1.037561 0.901282
vt 1.029570 0.924447
vt 1.017263 0.919524
vt 1.017263 0.924447
vt 1.029570 0.894910
vt 1.017263 0.889987
vt 1.017263 0.894910
vt 1.029570 0.904756
vt 1.017263 0.899833
vt 1.017263 0.904756
vt 1.029570 0.914602
vt 1.017263 0.909679
vt 1.017263 0.914602
vt 1.029570 0.919524
vt 1.029570 0.889987
vt 1.017263 0.885065
vt 1.029570 0.899833
vt 1.029570 0.909679
vt 1.042484 0.885065
vt 1.045965 0.893468
vt 1.045965 0.888546
vt 1.037561 0.896949
vt 1.042484 0.896949
vt 1.034080 0.888546
vt 1.037561 0.885065
vt 1.014168 0.919524
vt 1.001861 0.924447
vt 1.014168 0.924447
vt 1.014168 0.889987
vt 1.001861 0.894910
vt 1.014168 0.894910
vt 1.014168 0.899833
vt 1.001861 0.904756
vt 1.014168 0.904756
vt 1.014168 0.909679
vt 1.001861 0.914602
vt 1.014168 0.914602
vt 1.001861 0.919524
vt 1.014168 0.885065
vt 1.001861 0.889987
vt 1.001861 0.899833
vt 1.001861 0.909679
vt 1.034080 0.893468
vt 1.037561 0.913167
vt 1.034080 0.909686
vt 0.029570 0.885065
vt 0.001861 0.885065
vt 1.029570 0.885065
vt 1.001861 0.885065
vt 1.611322 0.161948
vt 1.616043 0.172782
vt 1.611322 0.172782
vt 1.612976 0.212351
vt 1.617697 0.223186
vt 1.612976 0.223186
vt 1.616582 0.206145
vt 1.611475 0.207499
vt 1.612418 0.203921
vt 1.620279 0.210328
vt 1.615639 0.209722
vt 1.616043 0.161948
vt 1.620723 0.172782
vt 1.603702 0.161948
vt 1.611475 0.177135
vt 1.616583 0.178489
vt 1.612418 0.180713
vt 1.620279 0.174306
vt 1.615639 0.174912
vt 1.617697 0.212351
vt 1.622377 0.223186
vt 1.603702 0.212351
vt 1.746263 0.212351
vt 1.746263 0.223186
vt 1.744609 0.161948
vt 1.744609 0.172782
vt 1.604511 0.201373
vt 1.601398 0.198635
vt 1.606697 0.198889
vt 1.598285 0.195896
vt 1.603584 0.196150
vt 1.606697 0.185745
vt 1.601398 0.185999
vt 1.604511 0.183261
vt 1.600471 0.191222
vt 1.603584 0.188484
vt 1.621222 0.206751
vt 1.743445 0.196989
vt 1.621222 0.177883
vt 1.743445 0.187645
vt 1.744389 0.191222
vt 1.598285 0.167365
vt 1.599872 0.163535
vt 1.603702 0.172782
vt 1.603702 0.223186
vt 1.599872 0.221599
vt 1.598285 0.217769
vt 0.621223 0.177883
vt 0.743445 0.187645
vt 0.620279 0.174306
vt 0.599872 0.163535
vt 0.603702 0.172782
vt 0.603702 0.161948
vt 0.621222 0.206751
vt 0.743445 0.196989
vt 0.744389 0.193412
vt 0.604511 0.183261
vt 0.612418 0.180713
vt 0.611474 0.177135
vt 0.600471 0.191222
vt 0.601398 0.185999
vt 0.598285 0.188738
vt 0.606697 0.185745
vt 0.603584 0.188484
vt 0.598285 0.195896
vt 0.603583 0.196150
vt 0.600470 0.193412
vt 0.601398 0.198635
vt 0.606696 0.198889
vt 0.604511 0.201373
vt 0.612418 0.203921
vt 0.620723 0.172782
vt 0.744609 0.161948
vt 0.620723 0.161948
vt 0.598285 0.217769
vt 0.603702 0.212351
vt 0.599872 0.213938
vt 0.622377 0.223186
vt 0.746263 0.212351
vt 0.622377 0.212351
vt 0.598285 0.167365
vt 0.599872 0.171195
vt 0.612976 0.223186
vt 0.603702 0.223186
vt 0.617697 0.212351
vt 0.616583 0.178489
vt 0.615639 0.174912
vt 0.611322 0.172782
vt 0.616043 0.161948
vt 0.616583 0.206145
vt 0.620279 0.210328
vt 0.611474 0.207499
vt 0.615639 0.209722
vt 0.612976 0.212351
vt 0.617697 0.223186
vt 0.599872 0.221599
vt 0.611322 0.161948
vt 0.616043 0.172782
vt 1.620723 0.161948
vt 1.622377 0.212351
vt 1.599872 0.171195
vt 1.599872 0.213938
vt 1.600471 0.193412
vt 1.598285 0.188738
vt 1.744389 0.193412
vt 0.744389 0.191222
vt 0.744609 0.172782
vt 0.746263 0.223186
vt 0.451684 0.745885
vt 0.468773 0.769946
vt 0.446520 0.769946
vt 0.451684 0.825222
vt 0.463609 0.825222
vt 0.461434 0.828629
vt 0.497096 0.790528
vt 0.472799 0.794095
vt 0.472448 0.790528
vt 0.469620 0.796891
vt 0.446520 0.801162
vt 0.445674 0.796891
vt 0.480984 0.824901
vt 0.478810 0.821494
vt 0.490734 0.821494
vt 0.469970 0.792620
vt 0.445323 0.785554
vt 0.469970 0.785554
vt 0.497096 0.783690
vt 0.472448 0.783690
vt 0.445323 0.792620
vt 0.495898 0.797662
vt 0.496745 0.794095
vt 0.488559 0.742478
vt 0.478810 0.745885
vt 0.480984 0.742478
vt 0.457647 0.830040
vt 0.453859 0.828629
vt 0.496745 0.773284
vt 0.473646 0.769717
vt 0.495898 0.769717
vt 0.469620 0.774216
vt 0.445323 0.778487
vt 0.445674 0.774216
vt 0.497096 0.776851
vt 0.453859 0.742478
vt 0.461434 0.742478
vt 0.463609 0.745885
vt 0.472799 0.773284
vt 0.469970 0.778487
vt 0.457647 0.741067
vt 0.490734 0.745885
vt 0.484772 0.741067
vt 0.488560 0.824901
vt 0.484772 0.826313
vt 0.468773 0.801162
vt 0.473646 0.797662
vt 0.472448 0.776851
vt 0.180005 0.844115
vt 0.182348 0.814384
vt 0.182348 0.844115
vt 0.194219 0.821440
vt 0.196127 0.818239
vt 0.196127 0.821440
vt 0.170438 0.814384
vt 0.166385 0.824900
vt 0.166385 0.814384
vt 0.157812 0.844115
vt 0.157812 0.814384
vt 0.164478 0.824900
vt 0.193121 0.835583
vt 0.190778 0.828917
vt 0.190778 0.827010
vt 0.190778 0.822957
vt 0.193121 0.814384
vt 0.194219 0.818239
vt 0.196127 0.814384
vt 0.190770 0.854044
vt 0.188029 0.855697
vt 0.188029 0.847292
vt 0.196127 0.824166
vt 0.196127 0.830094
vt 0.194219 0.826893
vt 0.196127 0.826893
vt 0.194219 0.824166
vt 0.192329 0.838927
vt 0.196037 0.837871
vt 0.192329 0.847332
vt 0.194219 0.833949
vt 0.194219 0.830094
vt 0.185841 0.844115
vt 0.183498 0.814384
vt 0.185841 0.814384
vt 0.190778 0.814384
vt 0.190778 0.821050
vt 0.189613 0.835583
vt 0.187270 0.814384
vt 0.189613 0.814384
vt 0.190778 0.835583
vt 0.170438 0.824900
vt 0.172345 0.824900
vt 0.179011 0.844115
vt 0.172345 0.814384
vt 0.179011 0.814384
vt 0.164478 0.814384
vt 0.184321 0.856753
vt 0.184321 0.846236
vt 0.190770 0.848945
vt 0.191737 0.851494
vt 0.196037 0.848387
vt 0.189588 0.845678
vt 0.189588 0.840580
vt 0.188621 0.843129
vt 1.189588 0.840580
vt 1.192329 0.847332
vt 1.192329 0.838927
vt 1.189588 0.845678
vt 1.188621 0.843129
vt 1.196037 0.837871
vt 1.196037 0.848387
vt 1.190770 0.848945
vt 1.190770 0.854044
vt 1.191737 0.851494
vt 1.188029 0.847292
vt 1.184321 0.846236
vt 1.188029 0.855697
vt 1.184321 0.856753
vt 1.194219 0.833949
vt 1.196127 0.830094
vt 1.194219 0.830094
vt 1.194219 0.826893
vt 1.196127 0.824166
vt 1.194219 0.824166
vt 1.196127 0.826893
vt 1.194219 0.821440
vt 1.196127 0.821440
vt 1.196127 0.814384
vt 1.194219 0.818239
vt 1.196127 0.818239
vt 0.180005 0.814384
vt 0.194219 0.814384
vt 0.196127 0.833949
vt 0.183498 0.844115
vt 0.187270 0.835583
vt 1.196127 0.833949
vt 1.194219 0.814384
vt 0.417235 0.856525
vt 0.412085 0.834769
vt 0.417235 0.834769
vt 0.406936 0.856525
vt 0.401787 0.834769
vt 0.406936 0.834769
vt 0.422384 0.834769
vt 0.412085 0.856525
vt 0.412085 0.771910
vt 0.406936 0.820813
vt 0.406936 0.771910
vt 1.460254 0.842979
vt 1.458825 0.844462
vt 1.460197 0.845604
vt 0.422384 0.820813
vt 0.417235 0.771910
vt 0.422384 0.771910
vt 0.417235 0.827791
vt 0.422384 0.827791
vt 0.401787 0.771910
vt 0.401787 0.827791
vt 0.406936 0.827791
vt 0.412085 0.820813
vt 0.412085 0.827791
vt 1.476033 0.844768
vt 1.476033 0.851746
vt 1.452519 0.843169
vt 1.450654 0.841829
vt 1.449724 0.843265
vt 1.454257 0.854268
vt 1.447279 0.854268
vt 1.455314 0.843073
vt 1.460311 0.840354
vt 1.467342 0.833855
vt 1.465701 0.832427
vt 1.465661 0.833807
vt 1.469022 0.833925
vt 1.467411 0.832476
vt 1.463864 0.832374
vt 1.462092 0.833749
vt 1.463877 0.833756
vt 1.454015 0.841772
vt 1.452258 0.841234
vt 0.401787 0.820813
vt 1.458859 0.841200
vt 1.458257 0.842770
vt 1.449362 0.832233
vt 1.462026 0.832349
vt 0.417235 0.820813
vt 1.480391 0.832735
vt 1.484898 0.835225
vt 0.432683 0.834769
vt 0.427533 0.856525
vt 0.427533 0.834769
vt 0.442981 0.834769
vt 0.437832 0.856525
vt 0.437832 0.834769
vt 0.422384 0.856525
vt 0.432683 0.856525
vt 0.437832 0.771910
vt 0.432683 0.820813
vt 0.432683 0.771910
vt 0.469022 0.833925
vt 0.480391 0.832735
vt 0.484898 0.835225
vt 0.427533 0.771910
vt 0.427533 0.827791
vt 0.442981 0.771910
vt 0.437832 0.820813
vt 0.442981 0.827791
vt 0.437832 0.827791
vt 0.427533 0.820813
vt 0.449362 0.832233
vt 0.462092 0.833749
vt 0.445171 0.835225
vt 0.460254 0.842979
vt 0.458859 0.841200
vt 0.460311 0.840354
vt 0.452519 0.843169
vt 0.454015 0.841772
vt 0.455314 0.843073
vt 0.463877 0.833756
vt 0.465701 0.832427
vt 0.465661 0.833807
vt 0.463864 0.832374
vt 0.467411 0.832476
vt 0.469121 0.832543
vt 0.467342 0.833855
vt 0.476033 0.844768
vt 0.476033 0.837790
vt 0.454257 0.854268
vt 0.461235 0.854268
vt 0.449725 0.843265
vt 0.447279 0.854268
vt 0.442981 0.820813
vt 0.450654 0.841829
vt 0.460198 0.845604
vt 0.476033 0.851746
vt 0.458825 0.844462
vt 0.401787 0.856525
vt 1.461235 0.854268
vt 1.476033 0.837790
vt 1.469121 0.832543
vt 1.445171 0.835225
vt 0.442981 0.856525
vt 0.432683 0.827791
vt 0.462026 0.832349
vt 0.458257 0.842770
vt 0.452258 0.841234
vt 1.738887 0.269823
vt 1.608173 0.264798
vt 1.741535 0.268827
vt 1.608173 0.231184
vt 1.738887 0.226160
vt 1.741535 0.227156
vt 1.607831 0.249700
vt 1.742736 0.266266
vt 1.607224 0.262172
vt 1.607831 0.246283
vt 1.742736 0.229717
vt 1.743542 0.246283
vt 1.607224 0.233811
vt 1.229833 0.990718
vt 1.232625 0.989898
vt 1.232625 0.990718
vt 1.227040 0.990718
vt 1.229833 0.989898
vt 1.214554 0.989898
vt 1.214554 0.990718
vt 1.366512 0.990719
vt 1.383097 0.989899
vt 1.383097 0.990719
vt 1.363683 0.990719
vt 1.366512 0.989899
vt 1.360854 0.990719
vt 1.363683 0.989899
vt 1.360854 0.989899
vt 1.346686 0.986491
vt 1.210974 0.987311
vt 1.210974 0.986491
vt 0.346685 0.986491
vt 0.210974 0.987311
vt 0.346685 0.987311
vt 0.232625 0.990718
vt 0.360854 0.989899
vt 0.232625 0.989898
vt 0.360854 0.990719
vt 0.363683 0.989899
vt 0.363683 0.990719
vt 0.366512 0.989899
vt 0.366512 0.990719
vt 0.383097 0.989899
vt 0.214553 0.989898
vt 0.227040 0.990718
vt 0.227040 0.989898
vt 0.229833 0.989898
vt 0.229833 0.990718
vt 0.607224 0.233811
vt 0.741535 0.227156
vt 0.608173 0.231184
vt 0.741535 0.268827
vt 0.607224 0.262172
vt 0.608173 0.264798
vt 0.607831 0.246283
vt 0.742736 0.229717
vt 0.607831 0.249700
vt 0.742736 0.266266
vt 0.743542 0.249700
vt 0.738887 0.226160
vt 0.610717 0.230032
vt 0.738887 0.269823
vt 0.610717 0.265951
vt 1.610717 0.265951
vt 1.610717 0.230032
vt 1.743542 0.249700
vt 1.227040 0.989898
vt 1.346686 0.987311
vt 0.210974 0.986491
vt 0.383097 0.990719
vt 0.214553 0.990718
vt 0.743542 0.246283
vt 0.252235 0.848125
vt 0.255566 0.834778
vt 0.254760 0.851723
vt 0.251360 0.820910
vt 0.252222 0.834608
vt 0.201769 0.834329
vt 0.206612 0.820924
vt 0.205097 0.834732
vt 0.204460 0.848163
vt 0.201769 0.851281
vt 0.272440 0.848123
vt 0.275763 0.834774
vt 0.274957 0.851716
vt 0.271563 0.820908
vt 0.272427 0.834607
vt 0.219866 0.834323
vt 0.224702 0.820917
vt 0.223186 0.834721
vt 0.222550 0.848154
vt 0.219866 0.851273
vt 0.207815 0.852134
vt 0.214355 0.853706
vt 0.205907 0.859367
vt 0.250255 0.859658
vt 0.242049 0.853048
vt 0.248692 0.851840
vt 0.248456 0.816757
vt 0.253159 0.817658
vt 0.243791 0.815312
vt 0.249458 0.809545
vt 0.209075 0.809315
vt 0.214480 0.815778
vt 0.209726 0.816969
vt 0.205000 0.817284
vt 0.227491 0.834851
vt 0.227814 0.816962
vt 0.233377 0.834891
vt 0.225906 0.852125
vt 0.268132 0.834355
vt 0.268899 0.851839
vt 0.262256 0.834082
vt 0.268657 0.816756
vt 0.209403 0.834863
vt 0.215290 0.834904
vt 0.232448 0.853693
vt 0.224003 0.859358
vt 0.270453 0.859649
vt 0.262256 0.853045
vt 0.273359 0.817655
vt 0.263992 0.815312
vt 0.269659 0.809543
vt 0.227168 0.809314
vt 0.232567 0.815772
vt 0.223093 0.817282
vt 0.247925 0.834355
vt 0.242049 0.834081
vt 1.247925 0.834355
vt 1.251360 0.820910
vt 1.248456 0.816757
vt 1.242049 0.834081
vt 1.243791 0.815312
vt 1.248692 0.851840
vt 1.242049 0.853048
vt 1.252235 0.848125
vt 1.223093 0.817282
vt 1.227814 0.816962
vt 1.227168 0.809314
vt 1.232567 0.815772
vt 1.231660 0.807739
vt 1.263991 0.815312
vt 1.269659 0.809543
vt 1.265270 0.807739
vt 1.268657 0.816756
vt 1.273359 0.817655
vt 1.274957 0.851716
vt 1.268899 0.851839
vt 1.270452 0.859649
vt 1.262256 0.853045
vt 1.263166 0.861447
vt 1.232448 0.853693
vt 1.224003 0.859358
vt 1.231156 0.861530
vt 1.225906 0.852125
vt 1.219866 0.851273
vt 1.209403 0.834863
vt 1.204460 0.848163
vt 1.207815 0.852134
vt 1.215290 0.834904
vt 1.214355 0.853706
vt 1.209726 0.816969
vt 1.214479 0.815778
vt 1.206612 0.820924
vt 1.268132 0.834355
vt 1.271563 0.820908
vt 1.262256 0.834082
vt 1.272440 0.848123
vt 1.227491 0.834851
vt 1.222550 0.848154
vt 1.233377 0.834891
vt 1.224702 0.820917
vt 1.205000 0.817284
vt 1.209075 0.809315
vt 1.213568 0.807739
vt 1.249458 0.809545
vt 1.245069 0.807739
vt 1.253159 0.817658
vt 1.254759 0.851723
vt 1.250255 0.859658
vt 1.242969 0.861461
vt 1.205907 0.859367
vt 1.213059 0.861545
vt 1.201769 0.851281
vt 1.219866 0.834323
vt 1.223186 0.834721
vt 1.275763 0.834774
vt 1.272427 0.834607
vt 1.201769 0.834329
vt 1.205097 0.834732
vt 1.255566 0.834778
vt 1.252222 0.834608
vt 0.213059 0.861545
vt 0.242969 0.861461
vt 0.245069 0.807739
vt 0.213568 0.807739
vt 0.231156 0.861530
vt 0.263166 0.861447
vt 0.265270 0.807739
vt 0.231661 0.807739
vt 0.945484 0.384208
vt 0.949329 0.433243
vt 0.944701 0.433291
vt 0.954857 0.384600
vt 0.950037 0.384345
vt 0.953758 0.433854
vt 0.949841 0.444613
vt 0.943049 0.450301
vt 0.967501 0.384835
vt 0.963124 0.435567
vt 0.963270 0.384927
vt 0.972525 0.435365
vt 0.968018 0.435707
vt 0.969531 0.455640
vt 0.962310 0.454384
vt 0.971695 0.384646
vt 0.977009 0.434822
vt 0.976523 0.384450
vt 0.981654 0.433984
vt 0.985635 0.451743
vt 0.979136 0.454449
vt 0.974442 0.455349
vt 0.959019 0.384830
vt 0.958289 0.434577
vt 0.957334 0.446494
vt 0.953637 0.444900
vt 0.940921 0.163447
vt 0.948771 0.277379
vt 0.943511 0.277523
vt 0.947135 0.162042
vt 0.955069 0.277158
vt 0.970213 0.029558
vt 0.975962 0.025497
vt 0.974114 0.043858
vt 0.965652 0.023738
vt 0.972101 0.009751
vt 0.960535 0.009423
vt 0.966747 0.003033
vt 0.960483 0.028883
vt 0.955201 0.024649
vt 0.983098 0.058033
vt 0.985033 0.047921
vt 0.999397 0.069940
vt 0.980519 0.042659
vt 0.955895 0.040591
vt 0.949867 0.039157
vt 0.944778 0.044312
vt 0.946412 0.054765
vt 0.929254 0.066981
vt 0.964285 0.156009
vt 0.969608 0.074704
vt 0.968497 0.156951
vt 0.965216 0.071499
vt 0.973935 0.082337
vt 0.972947 0.159308
vt 0.960404 0.074426
vt 0.955485 0.081650
vt 0.959785 0.156942
vt 0.955105 0.159275
vt 0.987034 0.163615
vt 0.978532 0.277485
vt 0.980880 0.162155
vt 0.981076 0.384371
vt 0.983747 0.277672
vt 0.972232 0.277213
vt 0.946317 0.090220
vt 0.938905 0.094998
vt 0.963786 0.276975
vt 0.967941 0.277035
vt 0.982589 0.091335
vt 0.989728 0.096121
vt 0.959464 0.277012
vt 0.889452 0.107995
vt 0.893297 0.058959
vt 0.894005 0.107858
vt 0.898825 0.107602
vt 0.893809 0.047589
vt 0.897726 0.058349
vt 0.888669 0.058912
vt 0.907092 0.056635
vt 0.911468 0.107368
vt 0.907238 0.107276
vt 0.916493 0.056838
vt 0.915662 0.107557
vt 0.913498 0.036563
vt 0.911986 0.056496
vt 0.906278 0.037819
vt 0.920976 0.057380
vt 0.920491 0.107753
vt 0.925622 0.058219
vt 0.925044 0.107832
vt 0.929603 0.040460
vt 0.923104 0.037754
vt 0.902987 0.107373
vt 0.902257 0.057626
vt 0.901302 0.045708
vt 0.897605 0.047302
vt 0.884889 0.328755
vt 0.892739 0.214823
vt 0.891102 0.330160
vt 0.899037 0.215045
vt 0.899073 0.332928
vt 0.887479 0.214679
vt 0.919930 0.466705
vt 0.914181 0.462645
vt 0.918081 0.448345
vt 0.916069 0.482452
vt 0.909620 0.468464
vt 0.904503 0.482780
vt 0.904451 0.463320
vt 0.899168 0.467553
vt 0.899863 0.451612
vt 0.929001 0.444282
vt 0.927066 0.434170
vt 0.943365 0.422263
vt 0.924486 0.449544
vt 0.893835 0.453046
vt 0.890380 0.437438
vt 0.888746 0.447891
vt 0.873222 0.425222
vt 0.908253 0.336194
vt 0.913576 0.417499
vt 0.909184 0.420704
vt 0.912465 0.335252
vt 0.917903 0.409866
vt 0.904372 0.417777
vt 0.899453 0.410552
vt 0.903752 0.335260
vt 0.931002 0.328588
vt 0.922499 0.214718
vt 0.927715 0.214530
vt 0.916200 0.214990
vt 0.924848 0.330048
vt 0.890285 0.401983
vt 0.882872 0.397205
vt 0.907753 0.215227
vt 0.911908 0.215168
vt 0.916915 0.332894
vt 0.926557 0.400868
vt 0.933696 0.396082
vt 0.903432 0.215190
vt 0.887017 0.041902
vt 0.918409 0.036854
vt 0.910715 0.489169
vt 0.168448 0.396719
vt 0.166931 0.413756
vt 0.166931 0.396719
vt 0.165889 0.367558
vt 0.164357 0.372867
vt 0.164357 0.367558
vt 0.168448 0.362410
vt 0.166931 0.379608
vt 0.166931 0.362410
vt 0.168448 0.413756
vt 0.166931 0.430785
vt 0.169698 0.468079
vt 0.171186 0.450489
vt 0.171186 0.468079
vt 0.168448 0.379608
vt 0.169698 0.503502
vt 0.171186 0.485746
vt 0.171186 0.503502
vt 0.169698 0.450489
vt 0.171186 0.432907
vt 0.168448 0.464852
vt 0.166931 0.481963
vt 0.166931 0.464852
vt 0.169698 0.485746
vt 0.168448 0.430785
vt 0.166931 0.447814
vt 0.168448 0.481963
vt 0.166931 0.499161
vt 0.169698 0.397734
vt 0.171186 0.380068
vt 0.171186 0.397734
vt 0.168448 0.447814
vt 0.169698 0.432907
vt 0.171186 0.415325
vt 0.169698 0.380068
vt 0.171186 0.362311
vt 0.169698 0.415325
vt 0.685352 0.384828
vt 0.694224 0.367406
vt 0.695228 0.384782
vt 0.683301 0.367400
vt 0.693878 0.349988
vt 0.705079 0.350117
vt 0.705155 0.367439
vt 0.705110 0.384755
vt 0.900667 0.661803
vt 0.906216 0.679237
vt 0.900929 0.679093
vt 0.900414 0.644527
vt 0.908465 0.662038
vt 0.910254 0.644778
vt 0.916253 0.662263
vt 0.911488 0.679472
vt 0.699087 0.419433
vt 0.704753 0.402077
vt 0.704393 0.419407
vt 0.693793 0.419550
vt 0.696926 0.402134
vt 0.689110 0.402183
vt 0.906482 0.540685
vt 0.900816 0.558040
vt 0.901176 0.540710
vt 0.911775 0.540567
vt 0.908643 0.557983
vt 0.916459 0.557935
vt 0.910340 0.575335
vt 0.900459 0.575362
vt 0.689316 0.297854
vt 0.695315 0.315339
vt 0.685471 0.315076
vt 0.694081 0.280645
vt 0.697103 0.298079
vt 0.699353 0.280881
vt 0.704901 0.298314
vt 0.705155 0.315590
vt 0.900490 0.610000
vt 0.911345 0.592711
vt 0.911691 0.610129
vt 0.900414 0.592678
vt 0.920216 0.575290
vt 0.922268 0.592718
vt 0.922920 0.610231
vt 0.705092 0.332839
vt 0.683341 0.332411
vt 0.694227 0.332615
vt 0.922228 0.627706
vt 0.920098 0.645042
vt 0.911341 0.627502
vt 0.900477 0.627278
vt 0.165889 0.362249
vt 0.164357 0.362249
vt 0.165889 0.372867
vt 0.168448 0.499161
vt 0.169698 0.362311
vt 0.682649 0.349886
vt 0.704640 0.281024
vt 1.168448 0.396719
vt 1.166931 0.413756
vt 1.166931 0.396719
vt 1.165889 0.367558
vt 1.164358 0.372867
vt 1.164358 0.367558
vt 1.168448 0.362410
vt 1.166931 0.379608
vt 1.166931 0.362410
vt 1.168448 0.413756
vt 1.166931 0.430785
vt 1.169698 0.468079
vt 1.171186 0.450489
vt 1.171186 0.468079
vt 1.168448 0.379608
vt 1.169698 0.503502
vt 1.171186 0.485746
vt 1.171186 0.503502
vt 1.169698 0.450489
vt 1.171186 0.432907
vt 1.168448 0.464852
vt 1.166931 0.481963
vt 1.166931 0.464852
vt 1.169698 0.485746
vt 1.168448 0.430785
vt 1.166931 0.447814
vt 1.168448 0.481963
vt 1.166931 0.499161
vt 1.169698 0.397734
vt 1.171186 0.380068
vt 1.171186 0.397734
vt 1.168448 0.447814
vt 1.169698 0.432907
vt 1.171186 0.415325
vt 1.169698 0.380068
vt 1.171186 0.362311
vt 1.169698 0.415325
vt 1.685352 0.384828
vt 1.694224 0.367406
vt 1.695228 0.384782
vt 1.683301 0.367400
vt 1.693878 0.349988
vt 1.705079 0.350117
vt 1.705155 0.367439
vt 1.705110 0.384755
vt 1.900667 0.661803
vt 1.906216 0.679237
vt 1.900929 0.679093
vt 1.900414 0.644527
vt 1.908465 0.662038
vt 1.910254 0.644778
vt 1.916253 0.662263
vt 1.911488 0.679472
vt 1.699087 0.419433
vt 1.704753 0.402077
vt 1.704393 0.419407
vt 1.693793 0.419550
vt 1.696926 0.402134
vt 1.689110 0.402183
vt 1.906482 0.540685
vt 1.900815 0.558040
vt 1.901176 0.540710
vt 1.911775 0.540567
vt 1.908643 0.557983
vt 1.916459 0.557935
vt 1.910340 0.575335
vt 1.900459 0.575362
vt 1.689316 0.297854
vt 1.695315 0.315339
vt 1.685470 0.315076
vt 1.694081 0.280645
vt 1.697103 0.298079
vt 1.699353 0.280881
vt 1.704901 0.298314
vt 1.705155 0.315590
vt 1.900490 0.610000
vt 1.911345 0.592711
vt 1.911691 0.610129
vt 1.900414 0.592678
vt 1.920216 0.575290
vt 1.922268 0.592718
vt 1.922920 0.610231
vt 1.705092 0.332839
vt 1.683341 0.332411
vt 1.694227 0.332615
vt 1.922228 0.627706
vt 1.920098 0.645042
vt 1.911341 0.627502
vt 1.900477 0.627278
vt 1.165889 0.362249
vt 1.164358 0.362249
vt 1.165889 0.372867
vt 1.168448 0.499161
vt 1.169698 0.362311
vt 1.682649 0.349886
vt 1.704640 0.281024
vt 0.310355 0.045905
vt 0.311418 0.049970
vt 0.310270 0.049946
vt 0.311333 0.054011
vt 0.310186 0.053987
vt 0.285903 0.008904
vt 0.284671 0.004887
vt 0.285818 0.004863
vt 0.285987 0.012945
vt 0.284755 0.008928
vt 0.308238 0.081738
vt 0.310822 0.078613
vt 0.309114 0.082618
vt 0.287935 0.040696
vt 0.285351 0.037572
vt 0.286495 0.037325
vt 0.305153 0.084254
vt 0.304925 0.083106
vt 0.291020 0.043213
vt 0.287059 0.041577
vt 0.298086 0.084254
vt 0.298086 0.083106
vt 0.291248 0.042065
vt 0.298086 0.043213
vt 0.284840 0.012969
vt 0.309678 0.078366
vt 0.284671 0.045928
vt 0.285903 0.049946
vt 0.284755 0.049970
vt 0.285987 0.053987
vt 0.284840 0.054011
vt 0.311418 0.008928
vt 0.310355 0.004863
vt 0.311502 0.004887
vt 0.311333 0.012969
vt 0.310270 0.008904
vt 0.285351 0.078613
vt 0.287935 0.081738
vt 0.287059 0.082618
vt 0.310822 0.037572
vt 0.308238 0.040696
vt 0.309678 0.037325
vt 0.291020 0.084254
vt 0.291248 0.083106
vt 0.305153 0.043213
vt 0.309114 0.041577
vt 0.304925 0.042065
vt 0.310186 0.012945
vt 0.286495 0.078366
vt 0.311502 0.045928
vt 0.298086 0.042065
vt 0.285818 0.045905
vt 0.508232 0.790741
vt 0.533479 0.790741
vt 0.546102 0.812606
vt 0.964236 0.713160
vt 0.964236 0.736224
vt 0.927744 0.736224
vt 0.963615 0.707809
vt 0.927744 0.713160
vt 0.955113 0.695256
vt 0.958892 0.698541
vt 0.936867 0.695256
vt 0.950713 0.693190
vt 0.941268 0.693190
vt 0.945990 0.692486
vt 0.961792 0.702823
vt 0.933088 0.698541
vt 0.928366 0.707809
vt 0.930188 0.702823
vt 0.611574 0.070021
vt 0.618196 0.079951
vt 0.607953 0.073714
vt 0.627912 0.049947
vt 0.616515 0.056502
vt 0.615950 0.051760
vt 0.612904 0.029124
vt 0.607953 0.039290
vt 0.603591 0.036264
vt 0.625877 0.043678
vt 0.614280 0.047195
vt 0.603591 0.076740
vt 0.606951 0.086707
vt 0.598700 0.078997
vt 0.618196 0.033052
vt 0.611574 0.042982
vt 0.606951 0.026296
vt 0.598700 0.034006
vt 0.580496 0.016626
vt 0.577038 0.026088
vt 0.612904 0.083880
vt 0.580496 0.096377
vt 0.577038 0.086916
vt 0.614280 0.065808
vt 0.622588 0.075037
vt 0.615950 0.061243
vt 0.625877 0.069325
vt 0.622588 0.037967
vt 0.627912 0.063056
vt 0.546102 0.840772
vt 0.495608 0.840772
vt 0.495608 0.812606
vt 0.496468 0.806071
vt 0.498991 0.799982
vt 0.503003 0.794753
vt 0.514321 0.788219
vt 0.520855 0.787359
vt 0.527390 0.788219
vt 0.538708 0.794753
vt 0.542720 0.799982
vt 0.545242 0.806071
vt 1.616514 0.056502
vt 1.627912 0.063056
vt 1.628601 0.056502
vt 1.622588 0.037967
vt 1.614280 0.047195
vt 1.625877 0.043678
vt 1.615950 0.061243
vt 1.625877 0.069325
vt 1.614280 0.065808
vt 1.622588 0.075037
vt 1.598700 0.078997
vt 1.580496 0.096377
vt 1.606951 0.086707
vt 1.607953 0.073714
vt 1.612904 0.083880
vt 1.618196 0.079951
vt 1.580496 0.016626
vt 1.598700 0.034006
vt 1.606951 0.026296
vt 1.603591 0.036264
vt 1.612904 0.029124
vt 1.618196 0.033052
vt 1.611574 0.042982
vt 1.603591 0.076740
vt 1.615950 0.051760
vt 1.627912 0.049947
vt 1.607953 0.039290
vt 1.611574 0.070021
vt 1.546102 0.812606
vt 1.508232 0.790741
vt 1.495608 0.812606
vt 1.533479 0.790741
vt 1.520855 0.787359
vt 1.545242 0.806071
vt 1.542720 0.799982
vt 1.538708 0.794753
vt 1.527390 0.788219
vt 1.514321 0.788219
vt 1.503003 0.794753
vt 1.498991 0.799982
vt 1.496468 0.806071
vt 1.495608 0.840772
vt 1.546102 0.840772
vt 1.927744 0.736224
vt 1.964236 0.713160
vt 1.927744 0.713160
vt 1.577038 0.086916
vt 1.577038 0.026088
vt 0.628601 0.056502
vt 1.963615 0.707809
vt 1.928366 0.707809
vt 1.930188 0.702823
vt 1.961792 0.702823
vt 1.933088 0.698541
vt 1.936867 0.695256
vt 1.950713 0.693190
vt 1.941268 0.693190
vt 1.958892 0.698541
vt 1.945990 0.692486
vt 1.955113 0.695256
vt 1.964236 0.736224
vt 0.161789 0.770540
vt 0.164535 0.625492
vt 0.164535 0.770540
vt 0.153551 0.770540
vt 0.156297 0.625492
vt 0.156297 0.770540
vt 0.148060 0.770540
vt 0.150806 0.625492
vt 0.150806 0.770540
vt 0.167280 0.625492
vt 0.167280 0.770540
vt 0.159043 0.770540
vt 0.161789 0.625492
vt 0.159043 0.625492
vt 0.153551 0.625492
vt 0.170026 0.625492
vt 0.170026 0.770540
vt 0.304525 0.410330
vt 0.305662 0.379488
vt 0.305662 0.410330
vt 0.177456 0.633688
vt 0.180020 0.631650
vt 0.179993 0.634790
vt 0.177718 0.636947
vt 0.176686 0.634362
vt 0.175670 0.634385
vt 0.174638 0.636947
vt 0.172444 0.634810
vt 0.174961 0.633652
vt 0.175002 0.632642
vt 0.172378 0.631647
vt 0.174668 0.629366
vt 0.175754 0.631974
vt 0.176760 0.631933
vt 0.177845 0.629371
vt 0.177460 0.632671
vt 0.172581 0.640931
vt 0.171777 0.640127
vt 0.171777 0.638991
vt 0.307936 0.410330
vt 0.309073 0.379488
vt 0.309073 0.410330
vt 0.310210 0.410330
vt 0.311347 0.379488
vt 0.311347 0.410330
vt 0.303388 0.410330
vt 0.304525 0.379488
vt 0.306799 0.379488
vt 0.306799 0.410330
vt 0.307936 0.379488
vt 0.310210 0.379488
vt 0.302251 0.410330
vt 0.303388 0.379488
vt 0.172581 0.638187
vt 0.173718 0.638187
vt 0.174522 0.638991
vt 0.174522 0.640127
vt 0.173718 0.640931
vt 0.148060 0.625492
vt 0.302251 0.379488
vt 1.832332 0.289415
vt 1.832841 0.294580
vt 1.831023 0.290278
vt 1.834287 0.299565
vt 1.834285 0.294302
vt 1.832751 0.299250
vt 1.831470 0.294844
vt 1.818336 0.310081
vt 1.814323 0.306787
vt 1.818652 0.308545
vt 1.815107 0.305630
vt 1.818932 0.307183
vt 1.623554 0.290124
vt 1.621716 0.287636
vt 1.624003 0.287652
vt 1.644451 0.341118
vt 1.640445 0.344456
vt 1.640136 0.342876
vt 1.630283 0.342404
vt 1.635476 0.342876
vt 1.635157 0.344456
vt 1.624549 0.333767
vt 1.627887 0.337773
vt 1.626544 0.338665
vt 1.829862 0.291044
vt 1.606336 0.282266
vt 1.614264 0.279952
vt 1.609764 0.284518
vt 1.607361 0.290448
vt 1.626128 0.328798
vt 1.626128 0.333458
vt 1.626601 0.323606
vt 1.627936 0.324504
vt 1.631231 0.321209
vt 1.635237 0.317871
vt 1.635546 0.319451
vt 1.640206 0.319451
vt 1.645399 0.319923
vt 1.644501 0.321259
vt 1.647795 0.324554
vt 1.649554 0.333529
vt 1.651133 0.328560
vt 1.651133 0.333848
vt 1.649081 0.338721
vt 1.647745 0.337823
vt 1.639592 0.289907
vt 1.636521 0.295756
vt 1.636378 0.290617
vt 1.649554 0.328869
vt 1.827786 0.286911
vt 1.828610 0.285694
vt 1.827627 0.306818
vt 1.823060 0.307265
vt 1.826862 0.305657
vt 1.823323 0.308637
vt 1.823601 0.310081
vt 1.829838 0.302796
vt 1.831389 0.298971
vt 1.828491 0.308127
vt 1.830995 0.303579
vt 1.832212 0.304404
vt 1.616102 0.282659
vt 1.612512 0.286328
vt 1.621122 0.290658
vt 1.619663 0.288620
vt 1.620166 0.277458
vt 1.625965 0.280555
vt 1.620850 0.280687
vt 1.610574 0.291060
vt 1.619328 0.273446
vt 1.626544 0.277360
vt 1.634645 0.276256
vt 1.637026 0.284075
vt 1.632451 0.279677
vt 1.640932 0.304549
vt 1.632954 0.307022
vt 1.637423 0.302330
vt 1.827002 0.288068
vt 1.643589 0.289009
vt 1.639751 0.296321
vt 1.627873 0.313691
vt 1.620497 0.309709
vt 1.626992 0.309608
vt 1.612213 0.310742
vt 1.609904 0.302760
vt 1.614496 0.307277
vt 1.603385 0.297672
vt 1.607411 0.296844
vt 1.634366 0.285934
vt 1.630690 0.282424
vt 1.631061 0.304312
vt 1.634614 0.300541
vt 1.621104 0.306462
vt 1.626287 0.306337
vt 1.612616 0.300919
vt 1.616318 0.304493
vt 1.610641 0.296175
vt 1.619846 0.292807
vt 1.618065 0.290244
vt 1.620270 0.291595
vt 0.618214 0.605924
vt 0.624712 0.596542
vt 0.618214 0.596542
vt 1.826159 0.295867
vt 1.624411 0.299982
vt 1.626303 0.298266
vt 1.626752 0.298905
vt 1.820074 0.291743
vt 1.815250 0.288041
vt 1.819052 0.286434
vt 1.621987 0.299205
vt 1.621844 0.299969
vt 1.823970 0.292545
vt 1.825390 0.293992
vt 1.628568 0.297065
vt 1.628694 0.294491
vt 1.629469 0.294629
vt 1.815952 0.297830
vt 1.810723 0.294725
vt 1.815971 0.295803
vt 1.816752 0.293932
vt 1.812275 0.290901
vt 1.629469 0.292025
vt 1.627754 0.290094
vt 1.628404 0.289648
vt 1.812247 0.302653
vt 1.810641 0.298851
vt 1.818199 0.292515
vt 1.626572 0.287796
vt 1.624143 0.286879
vt 1.822038 0.301955
vt 1.820011 0.301933
vt 1.823178 0.286517
vt 1.822099 0.291765
vt 1.621548 0.286885
vt 1.619209 0.287984
vt 1.818140 0.301154
vt 1.816722 0.299705
vt 1.617413 0.289841
vt 1.617331 0.292402
vt 1.616559 0.292275
vt 1.826140 0.297893
vt 1.825360 0.299765
vt 1.616587 0.294856
vt 1.618290 0.296769
vt 1.617645 0.297209
vt 1.823912 0.301182
vt 1.619447 0.299049
vt 1.626151 0.288444
vt 1.625667 0.291523
vt 1.624707 0.290640
vt 1.628713 0.292187
vt 1.626189 0.294049
vt 1.626115 0.292737
vt 1.627918 0.296653
vt 1.624857 0.296218
vt 1.625686 0.295262
vt 1.624249 0.299236
vt 1.622450 0.296753
vt 1.623692 0.296726
vt 1.619867 0.298411
vt 1.620379 0.295352
vt 1.621303 0.296259
vt 1.617336 0.294692
vt 1.619926 0.294131
vt 1.807826 0.294129
vt 1.811118 0.290117
vt 1.809361 0.294445
vt 1.809269 0.299115
vt 1.813623 0.285571
vt 1.818788 0.285062
vt 1.814485 0.286880
vt 1.823774 0.283619
vt 1.823458 0.285154
vt 1.600543 0.298254
vt 1.606430 0.305109
vt 1.603926 0.306794
vt 0.618214 0.718511
vt 0.614385 0.709129
vt 0.614385 0.718511
vt 0.618214 0.587159
vt 0.614385 0.596542
vt 0.614385 0.605924
vt 1.627296 0.273289
vt 1.610594 0.313190
vt 1.628497 0.316586
vt 1.619709 0.313873
vt 1.643417 0.306113
vt 1.635389 0.310492
vt 0.614385 0.577777
vt 0.614385 0.587159
vt 1.637148 0.312995
vt 1.603911 0.280673
vt 1.603255 0.289667
vt 1.600302 0.289105
vt 1.611921 0.276494
vt 1.636192 0.273842
vt 1.627840 0.270366
vt 0.618214 0.699746
vt 0.618214 0.709129
vt 0.618214 0.643453
vt 0.614385 0.652835
vt 0.618214 0.652835
vt 1.646411 0.288367
vt 1.640413 0.281696
vt 1.642844 0.279982
vt 1.619137 0.316877
vt 0.618214 0.662217
vt 0.614385 0.662217
vt 0.614385 0.671600
vt 0.618214 0.671600
vt 0.614385 0.615306
vt 0.618214 0.615306
vt 0.618214 0.680982
vt 0.614385 0.690364
vt 0.618214 0.690364
vt 0.614385 0.680982
vt 1.618742 0.270616
vt 0.614385 0.699746
vt 0.618214 0.624688
vt 0.614385 0.634071
vt 0.618214 0.634071
vt 0.614385 0.643453
vt 0.614385 0.624688
vt 1.643883 0.297031
vt 1.610236 0.274005
vt 0.614385 0.727893
vt 0.618214 0.727893
vt 1.646858 0.297534
vt 1.809776 0.304281
vt 1.811086 0.303418
vt 1.831023 0.290278
vt 1.622271 0.290171
vt 1.649138 0.323662
vt 1.640525 0.317871
vt 1.630340 0.319867
vt 1.624549 0.328480
vt 1.631181 0.341068
vt 1.645342 0.342460
vt 0.624712 0.634071
vt 0.624712 0.652835
vt 0.624712 0.643453
vt 0.624712 0.727893
vt 0.624712 0.718511
vt 0.624712 0.662217
vt 0.624712 0.680982
vt 0.624712 0.671600
vt 0.624712 0.699746
vt 0.624712 0.690364
vt 0.624712 0.587159
vt 0.624712 0.709129
vt 0.624712 0.624688
vt 0.624712 0.605924
vt 0.624712 0.615306
vt 0.618214 0.577777
vt 0.624712 0.577777
vt 0.826159 0.295867
vt 0.829862 0.291044
vt 0.825390 0.293992
vt 0.626303 0.298266
vt 0.624411 0.299982
vt 0.626752 0.298905
vt 0.820074 0.291743
vt 0.815250 0.288041
vt 0.818199 0.292515
vt 0.621987 0.299205
vt 0.624249 0.299236
vt 0.823970 0.292545
vt 0.827002 0.288068
vt 0.628694 0.294491
vt 0.628568 0.297065
vt 0.629469 0.294629
vt 0.810723 0.294725
vt 0.815952 0.297830
vt 0.815971 0.295803
vt 0.627918 0.296653
vt 0.816752 0.293932
vt 0.627754 0.290094
vt 0.629469 0.292025
vt 0.628404 0.289648
vt 0.812247 0.302653
vt 0.816722 0.299705
vt 0.628713 0.292187
vt 0.624003 0.287652
vt 0.626572 0.287796
vt 0.624143 0.286879
vt 0.818932 0.307183
vt 0.822038 0.301955
vt 0.820011 0.301933
vt 0.626151 0.288444
vt 0.823178 0.286517
vt 0.819052 0.286434
vt 0.619663 0.288620
vt 0.621548 0.286885
vt 0.619209 0.287984
vt 0.826862 0.305657
vt 0.823912 0.301182
vt 0.621716 0.287636
vt 0.818140 0.301154
vt 0.617331 0.292402
vt 0.617413 0.289841
vt 0.616559 0.292275
vt 0.831389 0.298971
vt 0.826140 0.297893
vt 0.618065 0.290244
vt 0.825360 0.299765
vt 0.618290 0.296769
vt 0.616587 0.294856
vt 0.617645 0.297209
vt 0.617336 0.294692
vt 0.619447 0.299049
vt 0.621844 0.299969
vt 0.619867 0.298411
vt 0.822099 0.291765
vt 0.625667 0.291523
vt 0.623554 0.290124
vt 0.626189 0.294049
vt 0.624857 0.296218
vt 0.622450 0.296753
vt 0.620379 0.295352
vt 0.619846 0.292807
vt 0.621122 0.290658
vt 0.807826 0.294129
vt 0.811118 0.290117
vt 0.809901 0.289293
vt 0.809361 0.294445
vt 0.812275 0.290901
vt 0.810641 0.298851
vt 0.809269 0.299115
vt 0.813623 0.285571
vt 0.818788 0.285062
vt 0.818511 0.283619
vt 0.814485 0.286880
vt 0.823774 0.283619
vt 0.827786 0.286911
vt 0.828610 0.285694
vt 0.823458 0.285154
vt 0.600543 0.298254
vt 0.606430 0.305109
vt 0.603385 0.297672
vt 0.628541 0.709129
vt 0.628541 0.596542
vt 0.628541 0.587159
vt 0.626544 0.277360
vt 0.634645 0.276256
vt 0.627296 0.273289
vt 0.610594 0.313190
vt 0.603926 0.306794
vt 0.628497 0.316586
vt 0.619709 0.313873
vt 0.619137 0.316877
vt 0.643417 0.306113
vt 0.635389 0.310492
vt 0.637148 0.312995
vt 0.628541 0.577777
vt 0.603255 0.289667
vt 0.603911 0.280673
vt 0.600302 0.289105
vt 0.611921 0.276494
vt 0.610236 0.274005
vt 0.636192 0.273842
vt 0.628541 0.699746
vt 0.628541 0.652835
vt 0.640413 0.281696
vt 0.646411 0.288367
vt 0.642844 0.279982
vt 0.628541 0.671600
vt 0.628541 0.615306
vt 0.628541 0.690364
vt 0.628541 0.680982
vt 0.618742 0.270616
vt 0.627840 0.270366
vt 0.628541 0.634071
vt 0.628541 0.624688
vt 0.643883 0.297031
vt 0.646858 0.297534
vt 0.619328 0.273446
vt 0.628541 0.727893
vt 0.640932 0.304549
vt 0.809776 0.304281
vt 0.814323 0.306787
vt 0.811086 0.303418
vt 0.815107 0.305630
vt 0.807825 0.299392
vt 0.640445 0.344456
vt 0.635476 0.342876
vt 0.635157 0.344456
vt 0.612616 0.300919
vt 0.607411 0.296844
vt 0.609904 0.302760
vt 0.621104 0.306462
vt 0.614496 0.307277
vt 0.620497 0.309709
vt 0.610574 0.291060
vt 0.607361 0.290448
vt 0.631061 0.304312
vt 0.626992 0.309608
vt 0.632954 0.307022
vt 0.636521 0.295756
vt 0.637423 0.302330
vt 0.639751 0.296321
vt 0.634366 0.285934
vt 0.639592 0.289907
vt 0.637026 0.284075
vt 0.625965 0.280555
vt 0.632451 0.279677
vt 0.643589 0.289009
vt 0.616102 0.282659
vt 0.620166 0.277458
vt 0.614264 0.279952
vt 0.612213 0.310742
vt 0.827627 0.306818
vt 0.829838 0.302796
vt 0.818652 0.308545
vt 0.823060 0.307265
vt 0.627873 0.313691
vt 0.834287 0.299565
vt 0.830995 0.303579
vt 0.832212 0.304404
vt 0.828491 0.308127
vt 0.823323 0.308637
vt 0.823601 0.310081
vt 0.831023 0.290278
vt 0.609764 0.284518
vt 0.622271 0.290171
vt 0.832751 0.299250
vt 0.818336 0.310081
vt 0.832332 0.289415
vt 0.647795 0.324554
vt 0.651133 0.328560
vt 0.649138 0.323662
vt 0.649081 0.338721
vt 0.644451 0.341118
vt 0.645342 0.342460
vt 0.649554 0.333529
vt 0.651133 0.333848
vt 0.649554 0.328869
vt 0.645399 0.319923
vt 0.627887 0.337773
vt 0.630283 0.342404
vt 0.631181 0.341068
vt 0.640206 0.319451
vt 0.640525 0.317871
vt 0.635237 0.317871
vt 0.631231 0.321209
vt 0.630340 0.319867
vt 0.626601 0.323606
vt 0.626128 0.328798
vt 0.624549 0.328480
vt 0.624549 0.333767
vt 0.606336 0.282266
vt 0.831470 0.294844
vt 0.832841 0.294580
vt 0.626128 0.333458
vt 0.813498 0.308004
vt 0.834285 0.294302
vt 1.764393 0.390423
vt 1.762684 0.391142
vt 1.760830 0.391142
vt 1.765684 0.383833
vt 1.766403 0.387395
vt 1.757802 0.389132
vt 1.762656 0.381822
vt 1.764373 0.382522
vt 1.757083 0.387423
vt 1.757083 0.385569
vt 1.759113 0.390443
vt 1.757782 0.383852
vt 1.759093 0.382542
vt 1.760802 0.381822
vt 1.766403 0.385541
vt 1.765703 0.389112
vt 1.809901 0.289293
vt 1.807825 0.299392
vt 1.818511 0.283619
vt 1.813498 0.308004
vt 0.764393 0.390423
vt 0.760830 0.391142
vt 0.762684 0.391142
vt 0.765684 0.383833
vt 0.757802 0.389132
vt 0.766403 0.387395
vt 0.762656 0.381822
vt 0.764373 0.382522
vt 0.757083 0.385569
vt 0.757083 0.387423
vt 0.759113 0.390443
vt 0.759093 0.382542
vt 0.757782 0.383852
vt 0.760802 0.381822
vt 0.766403 0.385541
vt 0.765703 0.389112
vt 0.624707 0.290640
vt 0.626115 0.292737
vt 0.625686 0.295262
vt 0.623692 0.296726
vt 0.621303 0.296259
vt 0.619926 0.294131
vt 0.620270 0.291595
vt 0.628541 0.718511
vt 0.628541 0.605924
vt 0.628541 0.643453
vt 0.628541 0.662217
vt 0.640136 0.342876
vt 0.610641 0.296175
vt 0.616318 0.304493
vt 0.626287 0.306337
vt 1.628541 0.727893
vt 1.624712 0.718511
vt 1.628541 0.718511
vt 1.624712 0.624688
vt 1.628541 0.615306
vt 1.628541 0.624688
vt 1.624712 0.643453
vt 1.628541 0.634071
vt 1.628541 0.643453
vt 1.624712 0.634071
vt 1.624712 0.699746
vt 1.628541 0.690364
vt 1.628541 0.699746
vt 1.624712 0.680982
vt 1.628541 0.671600
vt 1.628541 0.680982
vt 1.624712 0.690364
vt 1.624712 0.605924
vt 1.628541 0.605924
vt 1.624712 0.662217
vt 1.628541 0.662217
vt 1.628541 0.652835
vt 1.628541 0.709129
vt 1.624712 0.709129
vt 1.624712 0.587159
vt 1.628541 0.577777
vt 1.628541 0.587159
vt 1.628541 0.596542
vt 1.624712 0.596542
vt 1.814485 0.286880
vt 1.816752 0.293932
vt 1.618214 0.577777
vt 1.618214 0.587159
vt 1.618214 0.662217
vt 1.624712 0.671600
vt 1.618214 0.671600
vt 0.634614 0.300541
vt 0.636378 0.290617
vt 0.630690 0.282424
vt 0.620850 0.280687
vt 0.612512 0.286328
vt 0.647745 0.337823
vt 0.644501 0.321259
vt 0.626544 0.338665
vt 0.635546 0.319451
vt 0.627936 0.324504
vt 1.618214 0.624688
vt 1.624712 0.615306
vt 1.618214 0.615306
vt 1.618214 0.699746
vt 1.618214 0.709129
vt 1.618214 0.634071
vt 1.618214 0.718511
vt 1.618214 0.596542
vt 1.618214 0.690364
vt 1.618214 0.680982
vt 1.618214 0.652835
vt 1.624712 0.727893
vt 1.618214 0.727893
vt 1.618214 0.643453
vt 1.624712 0.652835
vt 1.614385 0.727893
vt 1.614385 0.718511
vt 1.614385 0.615306
vt 1.614385 0.634071
vt 1.614385 0.624688
vt 1.614385 0.690364
vt 1.614385 0.671600
vt 1.614385 0.680982
vt 1.618214 0.605924
vt 1.614385 0.605924
vt 1.614385 0.662217
vt 1.614385 0.652835
vt 1.614385 0.643453
vt 1.614385 0.709129
vt 1.614385 0.699746
vt 1.614385 0.577777
vt 1.614385 0.596542
vt 1.614385 0.587159
vt 1.624712 0.577777
vt 0.979640 0.560404
vt 0.973342 0.551459
vt 0.983523 0.552270
vt 0.971447 0.560427
vt 0.965438 0.551183
vt 0.964661 0.560476
vt 0.958319 0.551192
vt 0.974450 0.543259
vt 0.985857 0.543970
vt 0.965873 0.543021
vt 0.958210 0.543043
vt 0.974912 0.535302
vt 0.986700 0.535571
vt 0.966053 0.535213
vt 0.958105 0.535248
vt 0.986300 0.527100
vt 0.974707 0.527240
vt 0.965901 0.527294
vt 0.984490 0.518518
vt 0.973899 0.518681
vt 0.957998 0.527353
vt 0.965508 0.518736
vt 0.981228 0.509679
vt 0.972386 0.508871
vt 0.957881 0.518796
vt 0.964804 0.508507
vt 0.965117 0.609768
vt 0.959942 0.618627
vt 0.959041 0.609830
vt 0.971796 0.609829
vt 0.964519 0.619386
vt 0.983937 0.617818
vt 0.968606 0.621918
vt 0.584231 0.112771
vt 0.600567 0.123686
vt 0.573316 0.129107
vt 0.971749 0.625986
vt 0.986270 0.625975
vt 0.973083 0.631051
vt 0.573316 0.123686
vt 0.579223 0.137948
vt 0.575390 0.134115
vt 0.987176 0.634208
vt 0.972254 0.636243
vt 0.600567 0.129107
vt 0.589652 0.140022
vt 0.598493 0.134115
vt 0.986734 0.642414
vt 0.969393 0.640655
vt 0.960111 0.644497
vt 0.966111 0.660478
vt 0.959386 0.660627
vt 0.965080 0.643492
vt 0.973371 0.659912
vt 0.985016 0.650599
vt 0.992954 0.649623
vt 0.992245 0.641804
vt 0.992821 0.519570
vt 0.992008 0.527755
vt 0.991865 0.551925
vt 0.991585 0.543663
vt 0.991923 0.626266
vt 0.991488 0.535699
vt 0.991827 0.634099
vt 0.995002 0.665368
vt 0.991273 0.674375
vt 0.986977 0.666638
vt 0.996763 0.672980
vt 0.995119 0.682338
vt 0.996732 0.494893
vt 0.994859 0.485075
vt 0.999496 0.487281
vt 0.994977 0.502938
vt 0.990937 0.493501
vt 0.993901 0.511252
vt 0.986524 0.501667
vt 0.979933 0.609876
vt 0.973654 0.601000
vt 0.983718 0.601717
vt 0.965899 0.600742
vt 0.958942 0.600744
vt 0.974653 0.592948
vt 0.985900 0.593450
vt 0.966289 0.592800
vt 0.958852 0.592839
vt 0.974958 0.585187
vt 0.986522 0.585117
vt 0.966397 0.585258
vt 0.958762 0.585341
vt 0.985806 0.576782
vt 0.974533 0.577418
vt 0.966139 0.577701
vt 0.983524 0.568518
vt 0.973410 0.569337
vt 0.958667 0.577823
vt 0.965594 0.569697
vt 0.958565 0.569839
vt 0.975542 0.498952
vt 0.966260 0.497692
vt 0.957591 0.497437
vt 0.978459 0.489449
vt 0.967686 0.487419
vt 0.957447 0.486909
vt 0.981534 0.479589
vt 0.969341 0.476505
vt 0.957291 0.475456
vt 0.982523 0.687756
vt 0.970941 0.690891
vt 0.979449 0.678402
vt 0.959442 0.692075
vt 0.969199 0.680502
vt 0.976539 0.669366
vt 0.959426 0.681142
vt 0.967692 0.670724
vt 0.981832 0.658977
vt 0.959408 0.671108
vt 0.992173 0.618100
vt 0.992175 0.560408
vt 0.991850 0.568891
vt 0.993932 0.657510
vt 0.992402 0.609684
vt 0.991509 0.577149
vt 0.991279 0.585093
vt 0.991587 0.593028
vt 0.992002 0.601259
vt 0.937259 0.560967
vt 0.943311 0.551861
vt 0.945445 0.560771
vt 0.951203 0.551373
vt 0.952227 0.560640
vt 0.958443 0.560549
vt 0.933161 0.552946
vt 0.941984 0.543696
vt 0.950549 0.543227
vt 0.930605 0.544716
vt 0.941306 0.535757
vt 0.950158 0.535428
vt 0.929702 0.527869
vt 0.929533 0.536346
vt 0.941293 0.527693
vt 0.950095 0.527509
vt 0.931277 0.519243
vt 0.941867 0.519117
vt 0.950256 0.518943
vt 0.934296 0.510319
vt 0.943113 0.509270
vt 0.950682 0.508699
vt 0.955381 0.619620
vt 0.952961 0.609920
vt 0.951251 0.622289
vt 0.946313 0.610091
vt 0.934386 0.618305
vt 0.938209 0.610313
vt 0.575390 0.118678
vt 0.579223 0.114845
vt 0.594660 0.137948
vt 0.948173 0.626286
vt 0.584231 0.140022
vt 0.946963 0.631269
vt 0.932185 0.626410
vt 0.589652 0.112771
vt 0.594660 0.114845
vt 0.947905 0.636379
vt 0.931390 0.634552
vt 0.598493 0.118678
vt 0.950840 0.640726
vt 0.931918 0.642662
vt 0.952658 0.660510
vt 0.955143 0.643537
vt 0.945395 0.659969
vt 0.933705 0.650766
vt 0.925815 0.649859
vt 0.926458 0.642109
vt 0.922979 0.520521
vt 0.924015 0.528679
vt 0.924818 0.552828
vt 0.926608 0.626777
vt 0.926796 0.634497
vt 0.924872 0.544566
vt 0.924752 0.536605
vt 0.923853 0.665526
vt 0.927598 0.674492
vt 0.922120 0.673118
vt 0.923785 0.682447
vt 0.919413 0.680303
vt 0.920000 0.486097
vt 0.918396 0.495962
vt 0.915425 0.488429
vt 0.924150 0.494412
vt 0.920370 0.503956
vt 0.921672 0.512237
vt 0.928785 0.502455
vt 0.944265 0.601333
vt 0.951992 0.600902
vt 0.934261 0.602282
vt 0.943078 0.593327
vt 0.951420 0.592978
vt 0.931884 0.594106
vt 0.942581 0.585590
vt 0.951130 0.585447
vt 0.931540 0.577485
vt 0.931047 0.585818
vt 0.942808 0.577823
vt 0.951197 0.577891
vt 0.933598 0.569175
vt 0.943719 0.569725
vt 0.951536 0.569879
vt 0.939687 0.499441
vt 0.948931 0.497929
vt 0.957741 0.508499
vt 0.936512 0.490022
vt 0.947226 0.487698
vt 0.933169 0.480249
vt 0.945273 0.476833
vt 0.936367 0.687818
vt 0.939408 0.678470
vt 0.947944 0.690920
vt 0.949654 0.680533
vt 0.931852 0.666761
vt 0.942278 0.669435
vt 0.951123 0.670756
vt 0.936940 0.659094
vt 0.926232 0.618726
vt 0.924740 0.561310
vt 0.924889 0.657701
vt 0.925832 0.610399
vt 0.925296 0.569772
vt 0.925860 0.578004
vt 0.926212 0.593835
vt 0.926017 0.602031
vt 0.576923 0.031781
vt 0.603074 0.065863
vt 0.560483 0.071470
vt 0.604750 0.053134
vt 0.604750 0.059609
vt 0.603074 0.046880
vt 0.599837 0.041273
vt 0.589651 0.033457
vt 0.595259 0.036694
vt 0.583397 0.031781
vt 0.565061 0.036694
vt 0.570669 0.033457
vt 0.560483 0.041273
vt 0.557246 0.046880
vt 0.555570 0.059609
vt 0.555570 0.053134
vt 0.557246 0.065863
vt 0.583397 0.080961
vt 0.565061 0.076048
vt 0.570669 0.079286
vt 0.576923 0.080961
vt 0.595259 0.076048
vt 0.589651 0.079286
vt 0.599837 0.071470
vt 1.576923 0.031781
vt 1.557246 0.046880
vt 1.560483 0.071470
vt 1.603074 0.065863
vt 1.599837 0.041273
vt 1.595259 0.076048
vt 1.583397 0.080961
vt 1.555570 0.059609
vt 1.589651 0.033457
vt 1.599837 0.071470
vt 1.589651 0.079286
vt 1.570669 0.079286
vt 1.576923 0.080961
vt 1.565061 0.076048
vt 1.557246 0.065863
vt 1.555570 0.053134
vt 1.560483 0.041273
vt 1.565061 0.036694
vt 1.570669 0.033457
vt 1.583397 0.031781
vt 1.595259 0.036694
vt 1.603074 0.046880
vt 1.604750 0.053134
vt 1.604750 0.059609
vt 0.999496 0.680176
vt 0.926305 0.585922
s 1
f 13/1/1 38/2/2 5/3/3
f 40/4/4 16/5/5 8/6/6
f 11/7/7 36/8/8 3/9/9
f 46/10/10 6/11/11 38/2/2
f 9/12/12 34/13/13 1/14/14
f 44/15/15 4/16/16 36/8/8
f 49/17/17 8/6/6 16/5/5
f 42/18/18 2/19/19 34/13/13
f 47/20/20 6/11/11 14/21/21
f 49/17/17 1/14/14 41/22/22
f 45/23/23 4/16/16 12/24/24
f 47/20/20 7/25/25 39/26/26
f 43/27/27 2/19/19 10/28/28
f 37/29/29 13/30/1 5/31/3
f 43/27/27 3/9/9 35/32/30
f 50/33/31 51/34/32 17/35/33
f 18/36/34 78/37/35 50/33/31
f 52/38/36 62/39/37 78/37/35
f 78/37/35 19/40/38 51/34/32
f 18/36/34 79/41/39 52/38/36
f 53/42/40 54/43/41 79/41/39
f 79/41/39 23/44/42 63/45/43
f 52/38/36 63/45/43 20/46/44
f 19/40/38 80/47/45 57/48/46
f 62/39/37 58/49/47 80/47/45
f 80/47/45 29/50/48 67/51/49
f 57/48/46 67/51/49 28/52/50
f 63/45/43 58/49/47 20/46/44
f 23/44/42 81/53/51 63/45/43
f 59/54/52 68/55/53 81/53/51
f 81/53/51 29/50/48 58/49/47
f 21/56/54 82/57/55 54/58/41
f 70/59/56 55/60/57 82/57/55
f 82/57/55 24/61/58 74/62/59
f 54/58/41 74/62/59 23/63/42
f 74/62/59 59/64/52 23/63/42
f 24/61/58 83/65/60 74/62/59
f 61/66/61 72/67/62 83/65/60
f 83/65/60 30/68/63 59/64/52
f 73/69/64 56/70/65 25/71/66
f 17/72/33 84/73/67 73/69/64
f 51/74/32 76/75/68 84/73/67
f 84/73/67 26/76/69 56/70/65
f 26/76/69 85/77/70 60/78/71
f 76/75/68 57/79/46 85/77/70
f 85/77/70 28/80/50 77/81/72
f 60/78/71 77/81/72 31/82/73
f 65/83/74 73/84/64 25/85/66
f 27/86/75 86/87/76 65/83/74
f 75/88/77 50/89/31 86/87/76
f 86/87/76 17/90/33 73/84/64
f 27/86/75 87/91/78 75/88/77
f 69/92/79 70/93/56 87/91/78
f 87/91/78 21/94/54 53/95/40
f 75/88/77 53/95/40 18/96/34
f 28/97/50 88/98/80 77/99/72
f 67/100/49 71/101/81 88/98/80
f 88/98/80 32/102/82 64/103/83
f 77/99/72 64/103/83 31/104/73
f 16/105/5 60/106/71 31/107/73
f 64/108/83 16/105/5 31/107/73
f 15/109/84 56/110/65 26/111/69
f 60/106/71 15/109/84 26/111/69
f 14/112/21 65/113/74 25/114/66
f 56/110/65 14/112/21 25/114/66
f 13/115/1 69/116/79 27/117/75
f 65/113/74 13/115/1 27/117/75
f 12/118/24 55/119/57 22/120/85
f 69/116/79 12/118/24 22/120/85
f 11/121/7 61/122/61 24/123/58
f 55/119/57 11/121/7 24/123/58
f 10/124/28 66/125/86 33/126/87
f 61/122/61 10/124/28 33/126/87
f 15/127/84 40/4/4 7/25/25
f 66/125/86 9/128/12 32/129/82
f 68/130/53 71/101/81 29/131/48
f 30/132/63 89/133/88 68/130/53
f 72/134/62 66/135/86 89/133/88
f 89/133/88 32/102/82 71/101/81
f 9/128/12 64/108/83 32/129/82
f 13/1/1 46/10/10 38/2/2
f 40/4/4 48/136/89 16/5/5
f 11/7/7 44/15/15 36/8/8
f 46/10/10 14/21/21 6/11/11
f 9/12/12 42/18/18 34/13/13
f 44/15/15 12/24/24 4/16/16
f 49/17/17 41/22/22 8/6/6
f 42/18/18 10/28/28 2/19/19
f 47/20/20 39/26/26 6/11/11
f 49/17/17 9/12/12 1/14/14
f 45/23/23 37/29/29 4/16/16
f 47/20/20 15/127/84 7/25/25
f 43/27/27 35/32/30 2/19/19
f 37/29/29 45/23/23 13/30/1
f 43/27/27 11/7/7 3/9/9
f 50/33/31 78/37/35 51/34/32
f 18/36/34 52/38/36 78/37/35
f 52/38/36 20/46/44 62/39/37
f 78/37/35 62/39/37 19/40/38
f 18/36/34 53/42/40 79/41/39
f 53/42/40 21/137/54 54/43/41
f 79/41/39 54/43/41 23/44/42
f 52/38/36 79/41/39 63/45/43
f 19/40/38 62/39/37 80/47/45
f 62/39/37 20/46/44 58/49/47
f 80/47/45 58/49/47 29/50/48
f 57/48/46 80/47/45 67/51/49
f 63/45/43 81/53/51 58/49/47
f 23/44/42 59/54/52 81/53/51
f 59/54/52 30/138/63 68/55/53
f 81/53/51 68/55/53 29/50/48
f 21/56/54 70/59/56 82/57/55
f 70/59/56 22/139/85 55/60/57
f 82/57/55 55/60/57 24/61/58
f 54/58/41 82/57/55 74/62/59
f 74/62/59 83/65/60 59/64/52
f 24/61/58 61/66/61 83/65/60
f 61/66/61 33/140/87 72/67/62
f 83/65/60 72/67/62 30/68/63
f 73/69/64 84/73/67 56/70/65
f 17/72/33 51/74/32 84/73/67
f 51/74/32 19/141/38 76/75/68
f 84/73/67 76/75/68 26/76/69
f 26/76/69 76/75/68 85/77/70
f 76/75/68 19/141/38 57/79/46
f 85/77/70 57/79/46 28/80/50
f 60/78/71 85/77/70 77/81/72
f 65/83/74 86/87/76 73/84/64
f 27/86/75 75/88/77 86/87/76
f 75/88/77 18/96/34 50/89/31
f 86/87/76 50/89/31 17/90/33
f 27/86/75 69/92/79 87/91/78
f 69/92/79 22/142/85 70/93/56
f 87/91/78 70/93/56 21/94/54
f 75/88/77 87/91/78 53/95/40
f 28/97/50 67/100/49 88/98/80
f 67/100/49 29/131/48 71/101/81
f 88/98/80 71/101/81 32/102/82
f 77/99/72 88/98/80 64/103/83
f 16/105/5 48/143/89 60/106/71
f 64/108/83 49/144/17 16/105/5
f 15/109/84 47/145/20 56/110/65
f 60/106/71 48/143/89 15/109/84
f 14/112/21 46/146/10 65/113/74
f 56/110/65 47/145/20 14/112/21
f 13/115/1 45/147/23 69/116/79
f 65/113/74 46/146/10 13/115/1
f 12/118/24 44/148/15 55/119/57
f 69/116/79 45/147/23 12/118/24
f 11/121/7 43/149/27 61/122/61
f 55/119/57 44/148/15 11/121/7
f 10/124/28 42/150/18 66/125/86
f 61/122/61 43/149/27 10/124/28
f 15/127/84 48/136/89 40/4/4
f 66/125/86 42/150/18 9/128/12
f 68/130/53 89/133/88 71/101/81
f 30/132/63 72/134/62 89/133/88
f 72/134/62 33/151/87 66/135/86
f 89/133/88 66/135/86 32/102/82
f 9/128/12 49/144/17 64/108/83
f 93/152/90 94/153/91 90/154/91
f 91/155/92 96/156/93 92/157/93
f 92/158/93 97/159/90 93/152/90
f 90/154/91 95/160/92 91/155/92
f 101/161/90 102/162/91 98/163/94
f 99/164/92 104/165/93 100/166/93
f 100/167/93 105/168/90 101/161/90
f 98/163/94 103/169/92 99/164/92
f 93/152/90 97/159/90 94/153/91
f 91/155/92 95/160/92 96/156/93
f 92/158/93 96/170/93 97/159/90
f 90/154/91 94/153/91 95/160/92
f 101/161/90 105/168/90 102/162/91
f 99/164/92 103/169/92 104/165/93
f 100/167/93 104/171/93 105/168/90
f 98/163/94 102/162/91 103/169/92
f 125/172/95 106/173/96 124/174/97
f 127/175/98 141/176/99 159/177/98
f 107/178/100 128/179/101 131/180/102
f 107/181/100 127/175/98 126/182/103
f 121/183/104 124/184/97 126/185/103
f 110/186/105 119/187/106 116/188/107
f 114/189/108 118/190/109 119/187/106
f 116/188/107 112/191/110 110/186/105
f 117/192/111 111/193/112 112/191/110
f 115/194/113 117/195/111 116/196/107
f 132/197/114 131/180/102 129/198/115
f 116/196/107 118/199/109 115/194/113
f 136/200/116 137/201/117 133/202/118
f 121/203/104 118/190/109 113/204/119
f 122/205/120 111/193/112 115/206/113
f 107/181/100 136/207/116 109/208/121
f 109/209/121 140/210/122 141/211/99
f 135/212/123 134/213/124 133/202/118
f 120/214/125 113/215/119 111/216/112
f 125/217/95 154/218/126 157/219/95
f 126/220/103 123/221/127 121/222/104
f 124/184/97 107/178/100 126/185/103
f 123/221/127 159/223/98 155/224/128
f 122/225/120 124/226/97 120/227/125
f 133/228/118 132/229/114 129/230/115
f 137/231/117 131/232/102 132/229/114
f 129/233/115 135/234/123 133/235/118
f 130/236/129 134/237/124 135/234/123
f 108/238/130 128/239/101 106/173/96
f 128/179/101 130/240/129 129/198/115
f 118/199/109 122/241/120 115/194/113
f 110/242/105 112/243/110 111/216/112
f 113/215/119 114/244/108 110/242/105
f 131/180/102 128/179/101 129/198/115
f 122/245/120 155/246/128 154/247/126
f 134/213/124 136/200/116 133/202/118
f 116/196/107 119/248/106 118/199/109
f 110/242/105 111/216/112 113/215/119
f 109/249/121 134/213/124 108/250/130
f 157/251/95 138/252/131 140/253/122
f 139/254/132 160/255/133 138/256/131
f 159/177/98 139/257/132 158/258/134
f 153/259/135 156/260/136 152/261/137
f 151/262/108 142/263/107 148/264/105
f 150/265/138 146/266/106 151/262/108
f 144/267/139 148/264/105 142/263/107
f 143/268/113 149/269/140 144/267/139
f 147/270/112 148/271/105 149/272/140
f 164/273/117 161/274/118 163/275/116
f 148/271/105 147/270/112 150/276/138
f 168/277/102 165/278/115 169/279/114
f 150/265/138 153/280/135 145/281/141
f 143/268/113 154/282/126 147/283/112
f 168/284/102 139/257/132 141/176/99
f 167/285/142 165/278/115 166/286/143
f 145/287/141 152/261/137 143/288/113
f 155/224/128 158/289/134 153/290/135
f 139/254/132 156/260/136 158/291/134
f 154/218/126 156/292/136 157/219/95
f 164/293/117 165/294/115 161/295/118
f 163/296/116 169/297/114 164/293/117
f 167/298/142 161/299/118 165/300/115
f 166/301/143 162/302/144 167/298/142
f 160/303/133 140/253/122 138/252/131
f 160/255/133 161/274/118 162/304/144
f 150/276/138 154/305/126 155/306/128
f 142/307/107 143/288/113 144/308/139
f 145/287/141 142/307/107 146/309/106
f 163/275/116 161/274/118 160/255/133
f 166/286/143 165/278/115 168/277/102
f 148/271/105 150/276/138 151/310/108
f 142/307/107 145/287/141 143/288/113
f 166/286/143 141/311/99 140/312/122
f 108/238/130 157/251/95 140/253/122
f 125/172/95 108/238/130 106/173/96
f 127/175/98 109/208/121 141/176/99
f 107/178/100 106/313/96 128/179/101
f 107/181/100 109/208/121 127/175/98
f 121/183/104 120/214/125 124/184/97
f 110/186/105 114/189/108 119/187/106
f 114/189/108 113/204/119 118/190/109
f 116/188/107 117/192/111 112/191/110
f 117/192/111 115/206/113 111/193/112
f 121/203/104 123/314/127 118/190/109
f 122/205/120 120/315/125 111/193/112
f 107/181/100 131/232/102 136/207/116
f 109/209/121 108/316/130 140/210/122
f 120/214/125 121/183/104 113/215/119
f 125/217/95 122/225/120 154/218/126
f 126/220/103 127/317/98 123/221/127
f 124/184/97 106/313/96 107/178/100
f 123/221/127 127/317/98 159/223/98
f 122/225/120 125/217/95 124/226/97
f 133/228/118 137/231/117 132/229/114
f 137/231/117 136/207/116 131/232/102
f 129/233/115 130/236/129 135/234/123
f 130/236/129 128/239/101 134/237/124
f 108/238/130 134/237/124 128/239/101
f 118/199/109 123/318/127 122/241/120
f 122/245/120 123/319/127 155/246/128
f 109/249/121 136/200/116 134/213/124
f 157/251/95 156/320/136 138/252/131
f 139/254/132 163/275/116 160/255/133
f 159/177/98 141/176/99 139/257/132
f 153/259/135 158/291/134 156/260/136
f 151/262/108 146/266/106 142/263/107
f 150/265/138 145/281/141 146/266/106
f 144/267/139 149/269/140 148/264/105
f 143/268/113 147/283/112 149/269/140
f 150/265/138 155/321/128 153/280/135
f 143/268/113 152/322/137 154/282/126
f 168/284/102 163/296/116 139/257/132
f 145/287/141 153/259/135 152/261/137
f 155/224/128 159/223/98 158/289/134
f 139/254/132 138/256/131 156/260/136
f 154/218/126 152/323/137 156/292/136
f 164/293/117 169/297/114 165/294/115
f 163/296/116 168/284/102 169/297/114
f 167/298/142 162/302/144 161/299/118
f 166/301/143 160/303/133 162/302/144
f 160/303/133 166/301/143 140/253/122
f 150/276/138 147/270/112 154/305/126
f 166/286/143 168/277/102 141/311/99
f 108/238/130 125/172/95 157/251/95
f 189/324/145 187/325/146 195/326/147
f 173/327/148 199/328/149 200/329/150
f 192/330/151 200/329/150 219/331/152
f 221/332/153 172/333/154 194/334/155
f 222/335/147 194/334/155 195/336/147
f 193/337/156 194/338/155 190/339/157
f 174/340/158 177/341/159 175/342/160
f 183/343/140 174/344/158 180/345/161
f 182/346/162 178/347/139 183/343/140
f 176/348/163 180/345/161 174/344/158
f 175/349/160 181/350/164 176/348/163
f 179/351/165 187/352/146 182/353/162
f 179/351/165 180/354/161 181/355/164
f 182/346/162 185/356/166 177/357/159
f 175/349/160 186/358/167 179/359/165
f 195/336/147 171/360/168 189/361/145
f 180/354/161 179/351/165 182/353/162
f 177/341/159 184/362/169 175/342/160
f 190/339/157 172/363/154 191/364/170
f 177/341/159 174/340/158 178/365/139
f 180/354/161 182/353/162 183/366/140
f 174/340/158 175/342/160 176/367/163
f 171/368/168 188/369/171 189/370/145
f 189/370/145 184/362/169 185/371/166
f 194/372/155 170/373/172 171/374/168
f 191/364/170 173/375/148 192/376/151
f 194/338/155 172/363/154 190/339/157
f 173/375/148 191/364/170 172/363/154
f 223/377/173 193/378/156 220/379/174
f 170/380/172 196/381/173 188/382/171
f 188/383/171 186/384/167 184/385/169
f 214/386/175 195/326/147 187/325/146
f 193/378/156 217/387/176 220/379/174
f 214/388/175 186/389/167 213/390/177
f 219/391/152 191/392/170 192/393/151
f 218/394/114 190/395/157 191/392/170
f 214/386/175 216/396/178 222/397/147
f 220/398/174 217/399/176 221/400/153
f 201/401/161 202/402/165 204/403/162
f 201/404/161 210/405/111 207/406/158
f 205/407/110 209/408/159 210/405/111
f 207/406/158 203/409/164 201/404/161
f 208/410/163 202/411/165 203/409/164
f 214/412/175 206/413/160 209/414/159
f 206/413/160 208/415/163 207/416/158
f 212/417/179 209/408/159 204/418/162
f 213/419/177 202/411/165 206/420/160
f 222/335/147 198/421/180 221/332/153
f 207/416/158 209/414/159 206/413/160
f 211/422/181 204/403/162 202/402/165
f 217/399/176 218/423/114 199/424/149
f 204/403/162 205/425/110 201/401/161
f 207/416/158 210/426/111 209/414/159
f 201/401/161 203/427/164 202/402/165
f 215/428/182 198/429/180 216/430/178
f 211/422/181 216/430/178 212/431/179
f 197/432/183 221/433/153 198/434/180
f 218/423/114 219/435/152 200/436/150
f 221/400/153 217/399/176 199/424/149
f 200/436/150 199/424/149 218/423/114
f 197/437/183 223/377/173 220/379/174
f 215/438/182 213/439/177 223/440/173
f 213/439/177 196/441/173 223/440/173
f 189/324/145 185/442/166 187/325/146
f 173/327/148 172/333/154 199/328/149
f 192/330/151 173/327/148 200/329/150
f 221/332/153 199/328/149 172/333/154
f 222/335/147 221/332/153 194/334/155
f 183/343/140 178/347/139 174/344/158
f 182/346/162 177/357/159 178/347/139
f 176/348/163 181/350/164 180/345/161
f 175/349/160 179/359/165 181/350/164
f 179/351/165 186/443/167 187/352/146
f 182/346/162 187/444/146 185/356/166
f 175/349/160 184/445/169 186/358/167
f 195/336/147 194/334/155 171/360/168
f 177/341/159 185/371/166 184/362/169
f 171/368/168 170/446/172 188/369/171
f 189/370/145 188/369/171 184/362/169
f 194/372/155 193/447/156 170/373/172
f 223/377/173 196/381/173 193/378/156
f 170/380/172 193/378/156 196/381/173
f 188/383/171 196/441/173 186/384/167
f 214/386/175 222/397/147 195/326/147
f 193/378/156 190/395/157 217/387/176
f 214/388/175 187/448/146 186/389/167
f 219/391/152 218/394/114 191/392/170
f 218/394/114 217/387/176 190/395/157
f 214/386/175 212/449/179 216/396/178
f 201/404/161 205/407/110 210/405/111
f 205/407/110 204/418/162 209/408/159
f 207/406/158 208/410/163 203/409/164
f 208/410/163 206/420/160 202/411/165
f 214/412/175 213/450/177 206/413/160
f 212/417/179 214/451/175 209/408/159
f 213/419/177 211/452/181 202/411/165
f 222/335/147 216/453/178 198/421/180
f 211/422/181 212/431/179 204/403/162
f 215/428/182 197/454/183 198/429/180
f 211/422/181 215/428/182 216/430/178
f 197/432/183 220/455/174 221/433/153
f 197/437/183 215/456/182 223/377/173
f 215/438/182 211/457/181 213/439/177
f 213/439/177 186/384/167 196/441/173
f 277/458/184 225/459/185 285/460/186
f 285/460/186 224/461/187 283/462/188
f 271/463/189 227/464/190 279/465/191
f 233/466/192 288/467/193 289/468/194
f 288/467/193 239/469/195 290/470/196
f 292/471/197 237/472/198 291/473/199
f 236/474/200 293/475/201 294/476/202
f 234/477/203 289/468/194 295/478/204
f 290/470/196 238/479/205 292/471/197
f 291/473/199 236/480/200 294/481/202
f 235/482/206 295/478/204 293/475/201
f 239/469/195 246/483/207 238/479/205
f 237/472/198 244/484/208 236/480/200
f 243/485/209 234/477/203 235/482/206
f 241/486/210 232/487/211 233/466/192
f 232/487/211 247/488/212 239/469/195
f 238/479/205 245/489/213 237/472/198
f 244/490/208 235/482/206 236/474/200
f 242/491/214 233/466/192 234/477/203
f 242/491/214 249/492/215 241/486/210
f 255/493/216 246/483/207 247/488/212
f 253/494/217 244/484/208 245/489/213
f 243/485/209 250/495/218 242/491/214
f 241/486/210 248/496/219 240/497/220
f 248/496/219 247/488/212 240/497/220
f 254/498/221 245/489/213 246/483/207
f 244/490/208 251/499/222 243/485/209
f 248/496/219 263/500/223 255/493/216
f 254/498/221 261/501/224 253/494/217
f 260/502/225 251/499/222 252/503/226
f 258/504/227 249/492/215 250/495/218
f 255/493/216 262/505/228 254/498/221
f 253/494/217 260/506/225 252/507/226
f 259/508/229 250/495/218 251/499/222
f 257/509/230 248/496/219 249/492/215
f 279/465/191 226/510/231 277/458/184
f 229/511/232 271/512/189 273/513/233
f 231/514/234 265/515/235 267/516/236
f 224/461/187 267/516/236 283/462/188
f 285/460/186 278/517/237 277/458/184
f 278/517/237 286/518/238 276/519/239
f 279/465/191 272/520/240 271/463/189
f 272/520/240 280/521/241 270/522/242
f 265/515/235 275/523/243 266/524/244
f 275/523/243 264/525/245 266/524/244
f 283/462/188 269/526/246 284/527/247
f 269/526/246 282/528/248 284/527/247
f 283/462/188 287/529/249 285/460/186
f 287/529/249 282/528/248 286/518/238
f 277/458/184 281/530/250 279/465/191
f 281/530/250 276/519/239 280/521/241
f 273/513/233 272/531/240 275/523/243
f 272/531/240 274/532/251 275/523/243
f 267/516/236 266/524/244 269/526/246
f 266/524/244 268/533/252 269/526/246
f 230/534/253 273/513/233 265/515/235
f 227/464/190 295/478/204 226/510/231
f 291/473/199 228/535/254 229/511/232
f 290/470/196 230/534/253 231/514/234
f 226/510/231 289/468/194 225/459/185
f 228/536/254 293/475/201 227/464/190
f 292/471/197 229/511/232 230/534/253
f 288/467/193 231/514/234 224/461/187
f 225/459/185 288/467/193 224/461/187
f 280/537/241 276/538/239 286/539/238
f 270/540/242 280/537/241 286/539/238
f 286/539/238 282/541/248 270/540/242
f 274/542/251 270/540/242 282/541/248
f 268/543/252 264/544/245 274/542/251
f 282/541/248 268/543/252 274/542/251
f 277/458/184 226/510/231 225/459/185
f 285/460/186 225/459/185 224/461/187
f 271/463/189 228/536/254 227/464/190
f 233/466/192 232/487/211 288/467/193
f 288/467/193 232/487/211 239/469/195
f 292/471/197 238/479/205 237/472/198
f 236/474/200 235/482/206 293/475/201
f 234/477/203 233/466/192 289/468/194
f 290/470/196 239/469/195 238/479/205
f 291/473/199 237/472/198 236/480/200
f 235/482/206 234/477/203 295/478/204
f 239/469/195 247/488/212 246/483/207
f 237/472/198 245/489/213 244/484/208
f 243/485/209 242/491/214 234/477/203
f 241/486/210 240/497/220 232/487/211
f 232/487/211 240/497/220 247/488/212
f 238/479/205 246/483/207 245/489/213
f 244/490/208 243/485/209 235/482/206
f 242/491/214 241/486/210 233/466/192
f 242/491/214 250/495/218 249/492/215
f 255/493/216 254/498/221 246/483/207
f 253/494/217 252/507/226 244/484/208
f 243/485/209 251/499/222 250/495/218
f 241/486/210 249/492/215 248/496/219
f 248/496/219 255/493/216 247/488/212
f 254/498/221 253/494/217 245/489/213
f 244/490/208 252/503/226 251/499/222
f 248/496/219 256/545/255 263/500/223
f 254/498/221 262/505/228 261/501/224
f 260/502/225 259/508/229 251/499/222
f 258/504/227 257/509/230 249/492/215
f 255/493/216 263/500/223 262/505/228
f 253/494/217 261/501/224 260/506/225
f 259/508/229 258/504/227 250/495/218
f 257/509/230 256/545/255 248/496/219
f 279/465/191 227/464/190 226/510/231
f 229/511/232 228/535/254 271/512/189
f 231/514/234 230/534/253 265/515/235
f 224/461/187 231/514/234 267/516/236
f 285/460/186 287/529/249 278/517/237
f 278/517/237 287/529/249 286/518/238
f 279/465/191 281/530/250 272/520/240
f 272/520/240 281/530/250 280/521/241
f 265/515/235 273/513/233 275/523/243
f 275/523/243 274/532/251 264/525/245
f 283/462/188 267/516/236 269/526/246
f 269/526/246 268/533/252 282/528/248
f 283/462/188 284/527/247 287/529/249
f 287/529/249 284/527/247 282/528/248
f 277/458/184 278/517/237 281/530/250
f 281/530/250 278/517/237 276/519/239
f 273/513/233 271/512/189 272/531/240
f 272/531/240 270/546/242 274/532/251
f 267/516/236 265/515/235 266/524/244
f 266/524/244 264/525/245 268/533/252
f 230/534/253 229/511/232 273/513/233
f 227/464/190 293/475/201 295/478/204
f 291/473/199 294/481/202 228/535/254
f 290/470/196 292/471/197 230/534/253
f 226/510/231 295/478/204 289/468/194
f 228/536/254 294/476/202 293/475/201
f 292/471/197 291/473/199 229/511/232
f 288/467/193 290/470/196 231/514/234
f 225/459/185 289/468/194 288/467/193
f 297/547/256 298/548/257 296/549/258
f 302/550/259 301/551/260 300/552/261
f 303/553/262 298/554/257 299/555/263
f 300/556/261 297/557/256 296/558/258
f 301/559/260 299/560/263 297/561/256
f 306/562/264 308/563/265 304/564/266
f 307/565/267 310/566/268 306/567/264
f 304/568/266 309/569/257 305/570/259
f 305/571/259 306/572/264 304/573/266
f 310/574/268 309/575/257 308/576/265
f 297/547/256 299/577/263 298/548/257
f 302/550/259 303/578/262 301/551/260
f 303/553/262 302/579/259 298/554/257
f 300/556/261 301/580/260 297/557/256
f 301/559/260 303/581/262 299/560/263
f 306/562/264 310/582/268 308/563/265
f 307/565/267 311/583/269 310/566/268
f 304/568/266 308/584/265 309/569/257
f 305/571/259 307/585/267 306/572/264
f 310/574/268 311/586/269 309/575/257
f 312/587/270 350/588/271 328/589/272
f 329/590/273 330/591/274 350/588/271
f 350/588/271 315/592/275 331/593/276
f 328/589/272 331/593/276 314/594/277
f 333/595/278 334/596/279 318/597/280
f 319/598/281 351/599/282 333/595/278
f 335/600/283 336/601/284 351/599/282
f 351/599/282 316/602/285 334/596/279
f 336/601/284 337/603/286 316/602/285
f 317/604/287 352/605/288 336/601/284
f 352/606/288 313/607/289 329/590/273
f 337/608/286 329/590/273 312/587/270
f 314/594/277 353/609/290 328/589/272
f 318/597/280 353/610/290 332/611/291
f 353/610/290 316/602/285 337/603/286
f 353/609/290 312/587/270 328/589/272
f 320/612/270 354/613/271 339/614/272
f 340/615/273 341/616/292 354/613/271
f 354/613/271 323/617/293 342/618/294
f 339/614/272 342/618/294 322/619/295
f 344/620/278 345/621/296 326/622/280
f 327/623/281 355/624/297 344/620/278
f 346/625/283 347/626/284 355/624/297
f 355/624/297 324/627/285 345/621/296
f 347/626/284 348/628/286 324/627/285
f 325/629/298 356/630/288 347/626/284
f 356/631/288 321/632/289 340/615/273
f 348/633/286 340/615/273 320/612/270
f 322/619/295 357/634/290 339/614/272
f 326/622/280 357/635/290 343/636/291
f 357/635/290 324/627/285 348/628/286
f 357/634/290 320/612/270 339/614/272
f 333/637/278 318/638/280 331/639/276
f 326/640/280 343/641/291 322/642/295
f 322/642/295 342/643/294 344/644/278
f 342/643/294 323/645/293 344/644/278
f 323/645/293 327/646/281 344/644/278
f 344/644/278 326/640/280 322/642/295
f 332/647/291 314/648/277 318/638/280
f 314/648/277 331/639/276 318/638/280
f 331/639/276 315/649/275 319/650/281
f 319/650/281 333/637/278 331/639/276
f 358/651/290 395/652/285 367/653/286
f 358/654/290 391/655/270 370/656/299
f 389/657/295 358/654/290 370/656/299
f 393/658/280 358/651/290 372/659/291
f 367/653/286 375/660/284 359/661/288
f 359/661/288 394/662/298 366/663/300
f 390/664/289 359/665/288 366/666/300
f 368/667/273 367/668/286 359/665/288
f 360/669/271 391/655/270 368/667/273
f 369/670/274 368/667/273 390/664/289
f 388/671/275 360/669/271 369/670/274
f 371/672/276 370/656/299 360/669/271
f 376/673/279 373/674/301 361/675/297
f 361/675/297 392/676/302 374/677/303
f 375/660/284 374/677/303 394/662/298
f 395/652/285 361/675/297 375/660/284
f 362/678/290 403/679/285 378/680/286
f 362/681/290 399/682/270 381/683/272
f 397/684/295 362/681/290 381/683/272
f 401/685/304 362/678/290 383/686/291
f 378/680/286 386/687/284 363/688/288
f 363/688/288 402/689/298 377/690/300
f 398/691/305 363/692/288 377/693/300
f 379/694/273 378/695/286 363/692/288
f 364/696/306 399/682/270 379/694/273
f 380/697/274 379/694/273 398/691/305
f 396/698/307 364/696/306 380/697/274
f 382/699/276 381/683/272 364/696/306
f 387/700/279 384/701/278 365/702/297
f 365/702/297 400/703/281 385/704/283
f 386/687/284 385/704/283 402/689/298
f 403/679/285 365/702/297 386/687/284
f 396/705/307 384/706/278 382/707/276
f 384/706/278 396/705/307 400/708/281
f 401/709/304 397/710/295 384/706/278
f 383/711/291 397/710/295 401/709/304
f 371/712/276 393/713/280 389/714/295
f 392/715/302 371/712/276 388/716/275
f 373/717/301 371/712/276 392/715/302
f 393/713/280 371/712/276 373/717/301
f 389/714/295 393/713/280 372/718/291
f 382/707/276 384/706/278 397/710/295
f 312/587/270 329/590/273 350/588/271
f 329/590/273 313/607/289 330/591/274
f 350/588/271 330/591/274 315/592/275
f 328/589/272 350/588/271 331/593/276
f 333/595/278 351/599/282 334/596/279
f 319/598/281 335/600/283 351/599/282
f 335/600/283 317/604/287 336/601/284
f 351/599/282 336/601/284 316/602/285
f 336/601/284 352/605/288 337/603/286
f 317/604/287 338/719/300 352/605/288
f 352/606/288 338/720/300 313/607/289
f 337/608/286 352/606/288 329/590/273
f 314/594/277 332/721/291 353/609/290
f 318/597/280 334/596/279 353/610/290
f 353/610/290 334/596/279 316/602/285
f 353/609/290 337/608/286 312/587/270
f 320/612/270 340/615/273 354/613/271
f 340/615/273 321/632/289 341/616/292
f 354/613/271 341/616/292 323/617/293
f 339/614/272 354/613/271 342/618/294
f 344/620/278 355/624/297 345/621/296
f 327/623/281 346/625/283 355/624/297
f 346/625/283 325/629/298 347/626/284
f 355/624/297 347/626/284 324/627/285
f 347/626/284 356/630/288 348/628/286
f 325/629/298 349/722/300 356/630/288
f 356/631/288 349/723/300 321/632/289
f 348/633/286 356/631/288 340/615/273
f 322/619/295 343/724/291 357/634/290
f 326/622/280 345/621/296 357/635/290
f 357/635/290 345/621/296 324/627/285
f 357/634/290 348/633/286 320/612/270
f 358/651/290 376/673/279 395/652/285
f 358/654/290 367/668/286 391/655/270
f 389/657/295 372/725/291 358/654/290
f 393/658/280 376/673/279 358/651/290
f 367/653/286 395/652/285 375/660/284
f 359/661/288 375/660/284 394/662/298
f 390/664/289 368/667/273 359/665/288
f 368/667/273 391/655/270 367/668/286
f 360/669/271 370/656/299 391/655/270
f 369/670/274 360/669/271 368/667/273
f 388/671/275 371/672/276 360/669/271
f 371/672/276 389/657/295 370/656/299
f 376/673/279 393/658/280 373/674/301
f 361/675/297 373/674/301 392/676/302
f 375/660/284 361/675/297 374/677/303
f 395/652/285 376/673/279 361/675/297
f 362/678/290 387/700/279 403/679/285
f 362/681/290 378/695/286 399/682/270
f 397/684/295 383/726/291 362/681/290
f 401/685/304 387/700/279 362/678/290
f 378/680/286 403/679/285 386/687/284
f 363/688/288 386/687/284 402/689/298
f 398/691/305 379/694/273 363/692/288
f 379/694/273 399/682/270 378/695/286
f 364/696/306 381/683/272 399/682/270
f 380/697/274 364/696/306 379/694/273
f 396/698/307 382/699/276 364/696/306
f 382/699/276 397/684/295 381/683/272
f 387/700/279 401/685/304 384/701/278
f 365/702/297 384/701/278 400/703/281
f 386/687/284 365/702/297 385/704/283
f 403/679/285 387/700/279 365/702/297
f 759/727/308 765/728/309 414/729/310
f 759/727/308 749/730/311 1392/731/312
f 1392/731/312 421/732/313 763/733/314
f 1392/731/312 419/734/315 765/728/309
f 410/735/316 1393/736/317 746/737/318
f 1346/738/319 753/739/320 1393/736/317
f 753/739/320 1343/740/321 1393/736/317
f 1393/736/317 411/741/322 746/737/318
f 1343/742/321 747/743/323 411/744/322
f 727/745/324 1394/746/325 1343/742/321
f 754/747/326 1342/748/327 1394/746/325
f 1394/746/325 412/749/328 747/743/323
f 742/750/329 756/751/330 612/752/331
f 742/750/329 751/753/332 1395/754/333
f 1395/754/333 417/755/334 759/727/308
f 1395/754/333 414/729/310 756/751/330
f 744/756/335 758/757/336 614/758/337
f 613/759/338 1396/760/339 744/756/335
f 750/761/340 760/762/341 1396/760/339
f 1396/760/339 418/763/342 758/757/336
f 610/764/343 1397/765/344 751/753/332
f 741/766/345 757/767/346 1397/765/344
f 1397/765/344 416/768/347 761/769/348
f 751/753/332 761/769/348 417/755/334
f 743/770/349 750/761/340 613/759/338
f 612/771/331 1398/772/350 743/770/349
f 756/773/330 762/774/351 1398/772/350
f 1398/772/350 415/775/352 750/761/340
f 762/774/351 766/776/353 415/775/352
f 414/777/310 1399/778/354 762/774/351
f 765/779/309 764/780/355 1399/778/354
f 1399/778/354 420/781/356 766/776/353
f 798/782/357 809/783/358 439/784/359
f 798/782/357 769/785/360 1400/786/361
f 769/785/360 800/787/362 1400/786/361
f 1400/786/361 441/788/363 809/783/358
f 411/744/322 1401/789/364 772/790/365
f 747/743/323 768/791/366 1401/789/364
f 1401/789/364 425/792/367 771/793/368
f 772/790/365 771/793/368 427/794/369
f 746/737/318 769/785/360 410/735/316
f 411/741/322 1402/795/370 746/737/318
f 1402/795/370 427/796/369 770/797/371
f 1402/795/370 426/798/372 769/785/360
f 745/799/373 1346/738/319 410/735/316
f 409/800/374 1403/801/375 745/799/373
f 1344/802/376 752/803/377 1403/801/375
f 1403/801/375 725/804/378 1346/738/319
f 1348/805/379 775/806/380 431/807/381
f 1348/805/379 779/808/382 1404/809/383
f 1404/809/383 434/810/384 1347/811/385
f 775/806/380 1347/811/385 430/812/386
f 1350/813/387 773/814/388 429/815/389
f 433/816/390 1405/817/391 1350/813/387
f 777/818/392 1349/819/393 1405/817/391
f 1405/817/391 428/820/394 773/814/388
f 1349/821/393 776/822/395 428/823/394
f 432/824/396 1406/825/397 1349/821/393
f 780/826/398 1348/805/379 1406/825/397
f 1406/825/397 431/807/381 776/822/395
f 439/784/359 1407/827/399 798/782/357
f 808/828/400 787/829/401 1407/827/399
f 1407/827/399 409/800/374 745/799/373
f 1407/827/399 410/735/316 798/782/357
f 807/830/402 788/831/403 437/832/404
f 438/833/405 1408/834/406 807/830/402
f 1408/834/406 412/749/328 748/835/407
f 1408/834/406 408/836/408 788/831/403
f 806/837/409 791/838/410 440/839/411
f 438/833/405 1409/840/412 806/837/409
f 789/841/413 766/776/353 1409/840/412
f 791/838/410 766/776/353 420/781/356
f 443/842/414 1410/843/415 802/844/416
f 805/845/417 793/846/418 1410/843/415
f 1410/843/415 435/847/419 780/826/398
f 802/844/416 780/826/398 432/824/396
f 427/794/369 1411/848/420 783/849/421
f 771/793/368 781/850/422 1411/848/420
f 1411/848/420 432/851/396 777/852/392
f 783/849/421 777/852/392 433/853/390
f 770/797/371 784/854/423 426/798/372
f 770/797/371 783/855/421 1412/856/424
f 1412/856/424 433/857/390 778/858/425
f 784/854/423 778/858/425 434/859/384
f 843/860/426 803/861/427 444/862/428
f 843/860/426 801/863/429 1413/864/430
f 1413/864/430 424/865/431 767/866/432
f 803/861/427 767/866/432 423/867/433
f 763/733/314 786/868/434 419/734/315
f 421/732/313 1414/869/435 763/733/314
f 785/870/436 2332/871/437 1414/869/435
f 1414/869/435 2320/872/438 786/868/434
f 764/780/355 782/873/439 420/781/356
f 419/874/315 1415/875/440 764/780/355
f 786/876/434 2333/877/441 1415/875/440
f 1415/875/440 422/878/442 782/873/439
f 804/879/443 799/880/444 440/839/411
f 443/881/414 1416/882/445 804/879/443
f 802/883/416 781/850/422 1416/882/445
f 1416/882/445 425/792/367 799/880/444
f 444/862/428 1417/884/446 843/860/426
f 844/885/447 779/808/382 1417/884/446
f 1417/884/446 435/847/419 793/846/418
f 1417/884/446 442/886/448 843/860/426
f 421/732/313 1418/887/449 785/870/436
f 792/888/450 845/889/451 1418/887/449
f 1418/887/449 444/890/428 803/891/427
f 785/870/436 803/891/427 423/892/433
f 420/781/356 1419/893/452 791/838/410
f 782/873/439 794/894/453 1419/893/452
f 1419/893/452 443/881/414 804/879/443
f 791/838/410 804/879/443 440/839/411
f 2334/895/454 794/896/453 422/897/442
f 424/865/431 1420/898/455 2334/895/454
f 1420/898/455 442/886/448 805/845/417
f 794/896/453 805/845/417 443/842/414
f 768/791/366 799/880/444 425/792/367
f 768/791/366 797/899/456 1421/900/457
f 797/899/456 806/837/409 1421/900/457
f 1421/900/457 440/839/411 799/880/444
f 760/762/341 796/901/458 418/763/342
f 415/775/352 1422/902/459 760/762/341
f 789/841/413 807/830/402 1422/902/459
f 1422/902/459 437/832/404 796/901/458
f 417/755/334 1423/903/460 790/904/461
f 761/769/348 795/905/462 1423/903/460
f 1423/903/460 436/906/463 808/828/400
f 790/904/461 808/828/400 439/784/359
f 790/904/461 749/730/311 417/755/334
f 439/784/359 1424/907/464 790/904/461
f 809/783/358 792/888/450 1424/907/464
f 1424/907/464 421/732/313 749/730/311
f 514/908/465 1425/909/466 927/910/467
f 926/911/468 914/912/469 1425/909/466
f 1425/909/466 457/913/470 928/914/471
f 927/910/467 928/914/471 515/915/472
f 459/916/473 1426/917/474 825/918/475
f 461/919/476 1426/917/474 829/920/477
f 827/921/478 816/922/479 1426/917/474
f 1426/917/474 453/923/480 825/918/475
f 460/924/481 1427/925/482 826/926/483
f 830/927/484 825/918/475 1427/925/482
f 825/918/475 817/928/485 1427/925/482
f 826/926/483 817/928/485 454/929/486
f 831/930/487 827/921/478 461/919/476
f 462/931/488 1428/932/489 831/930/487
f 828/933/490 815/934/491 1428/932/489
f 1428/932/489 452/935/492 827/921/478
f 832/936/493 851/937/494 475/938/495
f 832/939/493 826/926/483 1429/940/496
f 1429/940/496 454/929/486 811/941/497
f 851/937/494 811/942/497 474/943/498
f 572/944/499 1430/945/500 1057/946/501
f 1430/945/500 551/947/502 1014/948/503
f 1057/946/501 1014/948/503 460/924/481
f 532/949/504 1431/950/505 953/951/506
f 965/952/507 903/953/508 1431/950/505
f 1431/950/505 472/954/509 842/955/510
f 953/951/506 842/955/510 476/956/511
f 879/957/512 868/958/513 572/944/499
f 573/959/514 1432/960/515 879/957/512
f 492/961/516 1432/960/515 877/962/517
f 573/963/514 1433/964/518 878/965/519
f 846/966/520 2339/967/521 570/968/522
f 463/969/523 1433/964/518 846/966/520
f 446/970/524 1434/971/525 810/972/526
f 475/938/495 1434/971/525 850/973/527
f 1434/971/525 474/943/498 849/974/528
f 1434/971/525 445/975/529 810/972/526
f 533/976/530 1435/977/531 954/978/532
f 964/979/533 953/951/506 1435/977/531
f 1435/977/531 476/956/511 852/980/534
f 954/978/532 852/980/534 477/981/535
f 531/982/536 1436/983/537 952/984/538
f 963/985/539 954/978/532 1436/983/537
f 1436/983/537 477/981/535 853/986/540
f 952/984/538 853/986/540 478/987/541
f 530/988/542 1437/989/543 951/990/544
f 962/991/545 952/984/538 1437/989/543
f 1437/989/543 478/987/541 854/992/546
f 951/990/544 854/992/546 479/993/547
f 529/994/548 1438/995/549 950/996/550
f 961/997/551 951/990/544 1438/995/549
f 1438/995/549 479/993/547 855/998/552
f 950/996/550 855/998/552 480/999/553
f 528/1000/554 1439/1001/555 949/1002/556
f 960/1003/557 950/996/550 1439/1001/555
f 1439/1001/555 480/999/553 856/1004/558
f 949/1002/556 856/1004/558 481/1005/559
f 525/1006/560 1440/1007/561 946/1008/562
f 959/1009/563 949/1002/556 1440/1007/561
f 1440/1007/561 481/1005/559 857/1010/564
f 946/1008/562 857/1010/564 482/1011/565
f 816/1012/479 866/1013/566 453/1014/480
f 452/1015/492 1441/1016/567 816/1012/479
f 865/1017/568 900/1018/569 1441/1016/567
f 1441/1016/567 500/1019/570 866/1013/566
f 899/1020/571 866/1013/566 500/1019/570
f 899/1020/571 867/1021/572 1442/1022/573
f 1442/1022/573 454/1023/486 817/1024/485
f 1442/1022/573 453/1014/480 866/1013/566
f 820/1025/574 890/1026/575 456/1027/576
f 457/1028/470 1443/1029/577 820/1025/574
f 1443/1029/577 502/1030/578 881/1031/579
f 890/1026/575 881/1031/579 493/1032/580
f 574/1033/581 1444/1034/582 1066/1035/583
f 1060/1036/584 810/972/526 1444/1034/582
f 810/972/526 1063/1037/585 1444/1034/582
f 1444/1034/582 575/1038/586 1066/1035/583
f 966/1039/587 875/1040/588 560/1041/589
f 579/1042/590 1445/1043/591 966/1039/587
f 880/1044/592 1034/1045/593 1445/1043/591
f 1445/1043/591 559/1046/594 875/1040/588
f 819/1047/595 889/1048/596 455/1049/597
f 456/1027/576 1446/1050/598 819/1047/595
f 1446/1050/598 493/1032/580 882/1051/599
f 889/1048/596 882/1051/599 494/1052/600
f 448/1053/601 1447/1054/602 888/1055/603
f 818/1056/604 889/1048/596 1447/1054/602
f 1447/1054/602 494/1052/600 894/1057/605
f 888/1055/603 894/1057/605 495/1058/606
f 449/1059/607 1448/1060/608 887/1061/609
f 812/1062/610 888/1055/603 1448/1060/608
f 1448/1060/608 495/1058/606 895/1063/611
f 887/1061/609 895/1063/611 496/1064/612
f 450/1065/613 1449/1066/614 886/1067/615
f 813/1068/616 887/1061/609 1449/1066/614
f 1449/1066/614 496/1064/612 896/1069/617
f 886/1067/615 896/1069/617 497/1070/618
f 451/1071/619 1450/1072/620 885/1073/621
f 814/1074/622 886/1067/615 1450/1072/620
f 1450/1072/620 497/1070/618 897/1075/623
f 885/1073/621 897/1075/623 498/1076/624
f 815/1077/491 865/1017/568 452/1015/492
f 451/1071/619 1451/1078/625 815/1077/491
f 1451/1078/625 498/1076/624 898/1079/626
f 865/1017/568 898/1079/626 501/1080/627
f 504/1081/628 1452/1082/629 841/1083/630
f 918/1084/631 860/1085/632 1452/1082/629
f 1452/1082/629 499/1086/633 899/1020/571
f 1452/1082/629 500/1019/570 841/1083/630
f 526/1087/634 1453/1088/635 947/1089/636
f 958/1090/637 946/1008/562 1453/1088/635
f 1453/1088/635 482/1011/565 858/1091/638
f 947/1089/636 858/1091/638 483/1092/639
f 957/1093/640 903/953/508 524/1094/641
f 523/1095/642 1454/1096/643 957/1093/640
f 891/1097/644 839/1098/645 1454/1096/643
f 1454/1096/643 472/954/509 903/953/508
f 904/1099/646 915/1100/647 502/1030/578
f 457/1028/470 1455/1101/648 904/1099/646
f 914/1102/469 916/1103/649 1455/1101/648
f 1455/1101/648 513/1104/650 915/1100/647
f 900/1018/569 841/1083/630 500/1019/570
f 900/1018/569 840/1105/651 1456/1106/652
f 1456/1106/652 503/1107/653 917/1108/654
f 841/1083/630 917/1108/654 504/1081/628
f 526/1087/634 1457/1109/655 906/1110/656
f 956/1111/657 907/1112/658 1457/1109/655
f 1457/1109/655 505/1113/659 918/1084/631
f 906/1110/656 918/1084/631 504/1081/628
f 501/1080/627 1458/1114/660 840/1105/651
f 898/1079/626 861/1115/661 1458/1114/660
f 1458/1114/660 506/1116/662 919/1117/663
f 840/1105/651 919/1117/663 503/1107/653
f 498/1076/624 1459/1118/664 861/1115/661
f 897/1075/623 862/1119/665 1459/1118/664
f 1459/1118/664 507/1120/666 920/1121/667
f 861/1115/661 920/1121/667 506/1116/662
f 497/1070/618 1460/1122/668 862/1119/665
f 896/1069/617 863/1123/669 1460/1122/668
f 1460/1122/668 508/1124/670 921/1125/671
f 862/1119/665 921/1125/671 507/1120/666
f 496/1064/612 1461/1126/672 863/1123/669
f 895/1063/611 864/1127/673 1461/1126/672
f 1461/1126/672 509/1128/674 922/1129/675
f 863/1123/669 922/1129/675 508/1124/670
f 495/1058/606 1462/1130/676 864/1127/673
f 894/1057/605 884/1131/677 1462/1130/676
f 1462/1130/676 511/1132/678 923/1133/679
f 864/1127/673 923/1133/679 509/1128/674
f 494/1052/600 1463/1134/680 884/1131/677
f 882/1051/599 883/1135/681 1463/1134/680
f 1463/1134/680 510/1136/682 924/1137/683
f 884/1131/677 924/1137/683 511/1132/678
f 881/1031/579 883/1135/681 493/1032/580
f 502/1030/578 1464/1138/684 881/1031/579
f 915/1100/647 925/1139/685 1464/1138/684
f 1464/1138/684 510/1136/682 883/1135/681
f 515/915/472 1465/1140/686 934/1141/687
f 928/914/471 820/1142/574 1465/1140/686
f 1465/1140/686 456/1143/576 930/1144/688
f 934/1141/687 930/1144/688 517/1145/689
f 935/1146/690 929/1147/691 516/1148/692
f 517/1145/689 1466/1149/693 935/1146/690
f 930/1144/688 819/1150/595 1466/1149/693
f 1466/1149/693 455/1151/597 929/1147/691
f 936/1152/694 932/1153/695 519/1154/696
f 516/1148/692 1467/1155/697 936/1152/694
f 929/1147/691 818/1156/604 1467/1155/697
f 1467/1155/697 448/1157/601 932/1153/695
f 937/1158/698 931/1159/699 518/1160/700
f 520/1161/701 1468/1162/702 937/1158/698
f 933/1163/703 813/1164/616 1468/1162/702
f 1468/1162/702 450/1165/613 931/1159/699
f 938/1166/704 933/1163/703 520/1161/701
f 519/1154/696 1469/1167/705 938/1166/704
f 932/1153/695 812/1168/610 1469/1167/705
f 1469/1167/705 449/1169/607 933/1163/703
f 518/1160/700 1470/1170/706 939/1171/707
f 931/1159/699 814/1172/622 1470/1170/706
f 1470/1170/706 451/1173/619 828/933/490
f 939/1171/707 828/933/490 462/931/488
f 582/1174/708 1471/1175/709 1047/1176/710
f 1052/1177/711 1042/1178/712 1471/1175/709
f 1042/1178/712 1050/1179/713 1471/1175/709
f 1471/1175/709 569/1180/714 1047/1176/710
f 943/1181/715 902/1182/716 521/1183/717
f 489/1184/718 1472/1185/719 943/1181/715
f 872/1186/720 869/1187/721 1472/1185/719
f 1472/1185/719 589/1188/722 902/1182/716
f 483/1092/639 1473/1189/723 947/1089/636
f 484/1190/724 1473/1189/723 859/1191/725
f 1473/1189/723 527/1192/726 956/1111/657
f 947/1089/636 956/1111/657 526/1087/634
f 916/1103/649 945/1193/727 513/1104/650
f 512/1194/728 1474/1195/729 916/1103/649
f 944/1196/730 957/1093/640 1474/1195/729
f 1474/1195/729 524/1094/641 945/1193/727
f 504/1081/628 1475/1197/731 906/1110/656
f 917/1108/654 905/1198/732 1475/1197/731
f 1475/1197/731 525/1006/560 958/1090/637
f 906/1110/656 958/1090/637 526/1087/634
f 503/1107/653 1476/1199/733 905/1198/732
f 919/1117/663 908/1200/734 1476/1199/733
f 1476/1199/733 528/1000/554 959/1009/563
f 905/1198/732 959/1009/563 525/1006/560
f 506/1116/662 1477/1201/735 908/1200/734
f 920/1121/667 909/1202/736 1477/1201/735
f 1477/1201/735 529/994/548 960/1003/557
f 908/1200/734 960/1003/557 528/1000/554
f 507/1120/666 1478/1203/737 909/1202/736
f 921/1125/671 910/1204/738 1478/1203/737
f 1478/1203/737 530/988/542 961/997/551
f 909/1202/736 961/997/551 529/994/548
f 508/1124/670 1479/1205/739 910/1204/738
f 922/1129/675 911/1206/740 1479/1205/739
f 1479/1205/739 531/982/536 962/991/545
f 910/1204/738 962/991/545 530/988/542
f 509/1128/674 1480/1207/741 911/1206/740
f 923/1133/679 913/1208/742 1480/1207/741
f 1480/1207/741 533/976/530 963/985/539
f 911/1206/740 963/985/539 531/982/536
f 511/1132/678 1481/1209/743 913/1208/742
f 924/1137/683 912/1210/744 1481/1209/743
f 1481/1209/743 532/949/504 964/979/533
f 913/1208/742 964/979/533 533/976/530
f 510/1136/682 1482/1211/745 912/1210/744
f 513/1104/650 1482/1211/745 925/1139/685
f 945/1193/727 965/952/507 1482/1211/745
f 912/1210/744 965/952/507 532/949/504
f 940/1212/746 880/1044/592 579/1042/590
f 522/1213/747 1483/1214/748 940/1212/746
f 824/1215/749 1032/1216/750 1483/1214/748
f 1483/1214/748 556/1217/751 880/1044/592
f 873/1218/752 1377/1219/753 578/1220/754
f 737/1221/755 1484/1222/756 873/1218/752
f 1378/1223/757 966/1039/587 1484/1222/756
f 1377/1219/753 966/1039/587 560/1041/589
f 943/1224/715 893/1225/758 489/1226/718
f 521/1227/717 1485/1228/759 943/1224/715
f 967/1229/760 901/1230/761 1485/1228/759
f 1485/1228/759 473/1231/762 893/1225/758
f 835/1232/763 970/1233/764 467/1234/765
f 465/1235/766 1486/1236/767 835/1232/763
f 975/1237/768 972/1238/769 1486/1236/767
f 1486/1236/767 535/1239/770 970/1233/764
f 462/931/488 1487/1240/771 939/1171/707
f 969/1241/772 973/1242/773 1487/1240/771
f 1487/1240/771 536/1243/774 974/1244/775
f 939/1171/707 974/1244/775 518/1160/700
f 972/1238/769 968/1245/776 535/1239/770
f 537/1246/777 1488/1247/778 972/1238/769
f 971/1248/779 973/1242/773 1488/1247/778
f 1488/1247/778 534/1249/780 968/1245/776
f 537/1246/777 1489/1250/781 978/1251/782
f 975/1237/768 833/1252/783 1489/1250/781
f 1489/1250/781 468/1253/784 980/1254/785
f 978/1251/782 980/1254/785 539/1255/786
f 518/1160/700 1490/1256/787 937/1158/698
f 974/1244/775 979/1257/788 1490/1256/787
f 1490/1256/787 538/1258/789 977/1259/790
f 937/1158/698 977/1259/790 520/1161/701
f 536/1243/774 1491/1260/791 979/1257/788
f 971/1248/779 978/1251/782 1491/1260/791
f 1491/1260/791 539/1255/786 976/1261/792
f 979/1257/788 976/1261/792 538/1258/789
f 539/1255/786 1492/1262/793 982/1263/794
f 980/1254/785 836/1264/795 1492/1262/793
f 1492/1262/793 464/1265/796 985/1266/797
f 982/1263/794 985/1266/797 541/1267/798
f 520/1161/701 1493/1268/799 938/1166/704
f 977/1259/790 983/1269/800 1493/1268/799
f 1493/1268/799 540/1270/801 986/1271/802
f 938/1166/704 986/1271/802 519/1154/696
f 538/1258/789 1494/1272/803 983/1269/800
f 976/1261/792 982/1263/794 1494/1272/803
f 1494/1272/803 541/1267/798 981/1273/804
f 983/1269/800 981/1273/804 540/1270/801
f 519/1154/696 1495/1274/805 936/1152/694
f 986/1271/802 987/1275/806 1495/1274/805
f 1495/1274/805 542/1276/807 991/1277/808
f 936/1152/694 991/1277/808 516/1148/692
f 541/1267/798 1496/1278/809 989/1279/810
f 985/1266/797 821/1280/811 1496/1278/809
f 1496/1278/809 469/1281/812 990/1282/813
f 989/1279/810 990/1282/813 543/1283/814
f 540/1270/801 1497/1284/815 987/1275/806
f 981/1273/804 989/1279/810 1497/1284/815
f 1497/1284/815 543/1283/814 984/1285/816
f 987/1275/806 984/1285/816 542/1276/807
f 543/1283/814 1498/1286/817 992/1287/818
f 990/1282/813 837/1288/819 1498/1286/817
f 1498/1286/817 470/1289/820 995/1290/821
f 992/1287/818 995/1290/821 545/1291/822
f 516/1148/692 1499/1292/823 935/1146/690
f 991/1277/808 993/1293/824 1499/1292/823
f 1499/1292/823 544/1294/825 994/1295/826
f 935/1146/690 994/1295/826 517/1145/689
f 542/1276/807 1500/1296/827 993/1293/824
f 984/1285/816 992/1287/818 1500/1296/827
f 1500/1296/827 545/1291/822 988/1297/828
f 993/1293/824 988/1297/828 544/1294/825
f 1015/1298/829 996/1299/830 553/1300/831
f 514/908/465 1501/1301/832 1015/1298/829
f 997/1302/833 988/1297/828 1501/1301/832
f 996/1299/830 988/1297/828 545/1291/822
f 517/1145/689 1502/1303/834 934/1141/687
f 544/1294/825 1502/1303/834 994/1295/826
f 997/1302/833 927/910/467 1502/1303/834
f 1502/1303/834 515/915/472 934/1141/687
f 998/1304/835 876/1305/836 1503/1306/837
f 1503/1306/837 490/1307/838 967/1229/760
f 941/1308/839 967/1229/760 521/1227/717
f 575/1309/586 1504/1310/840 1357/1311/841
f 1067/1312/842 1360/1313/843 1504/1310/840
f 1504/1310/840 405/1314/844 1021/1315/845
f 1357/1311/841 1021/1315/845 404/1316/846
f 877/1317/517 1023/1318/847 492/1319/516
f 573/1320/514 1505/1321/848 877/1322/517
f 1505/1321/848 474/1323/498 811/1324/497
f 1023/1318/847 811/1325/497 454/1023/486
f 878/1326/519 1022/1327/849 573/1320/514
f 463/1328/523 1506/1329/850 878/1326/519
f 1020/1330/851 849/1331/528 1506/1329/850
f 1022/1327/849 849/1331/528 474/1323/498
f 1058/1332/852 1024/1333/853 491/1334/854
f 492/1319/516 1507/1335/855 1058/1332/852
f 1023/1318/847 867/1021/572 1507/1335/855
f 1507/1335/855 499/1086/633 1024/1333/853
f 876/1336/836 1025/1337/856 490/1338/838
f 491/1334/854 1508/1339/857 876/1336/836
f 1024/1333/853 860/1085/632 1508/1339/857
f 1508/1339/857 505/1113/659 1025/1337/856
f 467/1234/765 1509/1340/858 823/1341/859
f 970/1233/764 1002/1342/860 1509/1340/858
f 1509/1340/858 548/1343/861 1003/1344/862
f 1509/1340/858 458/1345/863 823/1341/859
f 535/1239/770 1510/1346/864 1002/1342/860
f 968/1245/776 999/1347/865 1510/1346/864
f 1510/1346/864 547/1348/866 1005/1349/867
f 1002/1342/860 1005/1349/867 548/1343/861
f 1003/1344/862 834/1350/868 458/1345/863
f 548/1343/861 1511/1351/869 1003/1344/862
f 1004/1352/870 1007/1353/871 1511/1351/869
f 1511/1351/869 466/1354/872 834/1350/868
f 548/1343/861 1512/1355/873 1004/1352/870
f 1005/1349/867 1001/1356/874 1512/1355/873
f 1512/1355/873 546/1357/875 1008/1358/876
f 1004/1352/870 1008/1358/876 549/1359/877
f 999/1347/865 1006/1360/878 547/1348/866
f 534/1249/780 1513/1361/879 999/1347/865
f 969/1241/772 831/930/487 1513/1361/879
f 1513/1361/879 461/919/476 1006/1360/878
f 1013/1362/880 1011/1363/881 552/1364/882
f 550/1365/883 1514/1366/884 1013/1362/880
f 1010/1367/885 1007/1353/871 1514/1366/884
f 1514/1366/884 549/1359/877 1011/1363/881
f 551/947/502 1515/1368/886 1000/1369/887
f 552/1364/882 1515/1368/886 1012/1370/888
f 1515/1368/886 549/1359/877 1008/1358/876
f 1000/1369/887 1008/1358/876 546/1357/875
f 1001/1356/874 1009/1371/889 546/1357/875
f 547/1348/866 1516/1372/890 1001/1356/874
f 1006/1360/878 829/920/477 1516/1372/890
f 1009/1371/889 829/920/477 459/916/473
f 901/1373/761 1026/1374/891 473/1375/762
f 490/1338/838 1517/1376/892 901/1373/761
f 1025/1337/856 907/1112/658 1517/1376/892
f 1517/1376/892 527/1192/726 1026/1374/891
f 1377/1377/753 1027/1378/893 578/1379/754
f 1377/1377/753 1018/1380/894 1518/1381/895
f 1018/1380/894 1012/1370/888 1518/1381/895
f 1027/1378/893 1012/1370/888 551/947/502
f 1000/1369/887 1014/948/503 551/947/502
f 546/1357/875 1519/1382/896 1000/1369/887
f 1519/1382/896 459/916/473 830/927/484
f 1014/948/503 830/927/484 460/924/481
f 892/1383/897 1018/1380/894 560/1384/589
f 561/1385/898 1520/1386/899 892/1383/897
f 1017/1387/900 1013/1362/880 1520/1386/899
f 1520/1386/899 552/1364/882 1018/1380/894
f 1016/1388/901 838/1389/902 554/1390/903
f 553/1300/831 1521/1391/904 1016/1388/901
f 996/1299/830 995/1290/821 1521/1391/904
f 1521/1391/904 470/1289/820 838/1389/902
f 553/1300/831 1522/1392/905 1015/1298/829
f 955/1393/906 944/1394/730 1522/1392/905
f 1522/1392/905 512/1395/728 926/911/468
f 1015/1298/829 926/911/468 514/908/465
f 1016/1388/901 955/1393/906 553/1300/831
f 554/1390/903 1523/1396/907 1016/1388/901
f 822/1397/908 891/1398/644 1523/1396/907
f 1523/1396/907 523/1399/642 955/1393/906
f 1057/946/501 848/1400/909 572/944/499
f 460/924/481 1524/1401/910 1057/946/501
f 832/936/493 1054/1402/911 1524/1403/910
f 1524/1403/910 571/1404/912 848/1405/909
f 844/1406/447 784/854/423 434/859/384
f 444/890/428 1525/1407/913 844/1406/447
f 845/889/451 800/787/362 1525/1407/913
f 1525/1407/913 426/798/372 784/854/423
f 1032/1216/750 1029/1408/914 556/1217/751
f 558/1409/915 1526/1410/916 1032/1216/750
f 1033/1411/917 1030/1412/918 1526/1410/916
f 1526/1410/916 555/1413/919 1029/1408/914
f 562/1414/920 1527/1415/921 1028/1416/922
f 1031/1417/923 1034/1045/593 1527/1415/921
f 1527/1415/921 556/1217/751 1029/1408/914
f 1028/1416/922 1029/1408/914 555/1413/919
f 593/1418/924 1528/1419/925 874/1420/926
f 557/1421/927 1528/1419/925 1035/1422/928
f 1033/1411/917 1036/1423/929 1528/1419/925
f 874/1420/926 1036/1423/929 592/1424/930
f 566/1425/931 1694/1426/932 1039/1427/933
f 1562/1428/934 564/1429/935 1038/1430/936
f 1352/1431/937 1038/1430/936 563/1432/938
f 1351/1433/939 1037/1434/940 1695/1435/941
f 1695/1435/941 564/1429/935 1355/1436/942
f 1710/1437/943 586/1438/944 1071/1439/945
f 566/1440/931 1529/1441/946 1037/1442/940
f 1039/1443/933 1040/1444/947 1529/1441/946
f 1529/1441/946 563/1445/938 1038/1446/936
f 1037/1442/940 1038/1446/936 564/1447/935
f 521/1183/717 1530/1448/948 1049/1449/949
f 1045/1450/950 902/1182/716 589/1188/722
f 1049/1449/949 1045/1450/950 568/1451/951
f 580/1452/952 1531/1453/953 1041/1454/954
f 1051/1455/955 1047/1176/710 1531/1453/953
f 1531/1453/953 569/1180/714 1046/1456/956
f 1041/1454/954 1046/1456/956 567/1457/957
f 522/1213/747 1532/1458/958 1048/1459/959
f 940/1212/746 942/1460/960 1532/1458/958
f 1532/1458/958 580/1452/952 1041/1454/954
f 1532/1458/958 567/1457/957 1048/1459/959
f 870/1461/961 1045/1450/950 589/1188/722
f 591/1462/962 1533/1463/963 870/1461/961
f 1053/1464/964 1050/1179/713 1533/1463/963
f 1533/1463/963 568/1451/951 1045/1450/950
f 941/1465/839 1049/1449/949 1534/1466/965
f 1534/1466/965 568/1451/951 1042/1178/712
f 1534/1466/965 581/1467/966 1043/1468/967
f 587/1469/968 1710/1437/943 1071/1439/945
f 1693/1470/969 587/1469/968 1073/1471/970
f 1384/1472/971 1073/1471/970 584/1473/972
f 1074/1474/973 1384/1475/971 584/1476/972
f 591/1462/962 1535/1477/974 1053/1464/964
f 871/1478/975 1044/1479/976 1535/1477/974
f 1535/1477/974 567/1457/957 1046/1456/956
f 1053/1464/964 1046/1456/956 569/1180/714
f 1048/1459/959 824/1215/749 522/1213/747
f 1048/1459/959 1044/1479/976 1536/1480/977
f 1536/1480/977 592/1424/930 1036/1423/929
f 1536/1480/977 558/1409/915 824/1215/749
f 491/1481/854 1537/1482/978 1058/1483/852
f 1537/1482/978 572/944/499 868/958/513
f 1058/1483/852 868/958/513 492/961/516
f 850/973/527 1054/1402/911 475/938/495
f 850/973/527 1055/1484/979 1538/1485/980
f 1055/1484/979 847/1486/981 1538/1485/980
f 1538/1485/980 571/1404/912 1054/1402/911
f 2342/1487/982 847/1486/981 2364/1488/983
f 2364/1488/983 570/968/522 1059/1489/984
f 2365/1490/985 572/944/499 848/1400/909
f 2342/1487/982 848/1405/909 571/1404/912
f 570/968/522 1539/1491/986 1059/1489/984
f 572/944/499 2366/1492/987 879/957/512
f 576/1493/988 1540/1494/989 1065/1495/990
f 1359/1496/991 740/1497/992 1540/1494/989
f 1540/1494/989 405/1498/844 1360/1499/843
f 1065/1495/990 1360/1499/843 577/1500/993
f 1055/1484/979 1061/1501/994 570/968/522
f 446/970/524 1541/1502/995 1055/1484/979
f 1060/1036/584 1064/1503/996 1541/1502/995
f 1541/1502/995 576/1493/988 1061/1501/994
f 1061/1501/994 846/966/520 570/968/522
f 1061/1501/994 1065/1495/990 1542/1504/997
f 1542/1504/997 577/1500/993 1062/1505/998
f 846/966/520 1062/1505/998 463/969/523
f 1064/1503/996 1359/1496/991 576/1493/988
f 574/1033/581 1543/1506/999 1064/1503/996
f 1358/1507/1000 1019/1508/1001 1543/1506/999
f 1543/1506/999 407/1509/1002 1359/1496/991
f 445/1510/529 1544/1511/1003 1063/1512/585
f 1020/1330/851 1062/1513/998 1544/1511/1003
f 1544/1511/1003 577/1514/993 1067/1312/842
f 1063/1512/585 1067/1312/842 575/1309/586
f 583/1515/1004 1545/1516/1005 1070/1517/1006
f 1068/1518/1007 1073/1519/970 1545/1516/1005
f 1545/1516/1005 587/1520/968 1071/1521/945
f 1070/1517/1006 1071/1521/945 586/1522/944
f 1068/1518/1007 1074/1523/973 584/1524/972
f 583/1515/1004 1546/1525/1008 1068/1518/1007
f 1069/1526/1009 1072/1527/1010 1546/1525/1008
f 1546/1525/1008 588/1528/1011 1074/1523/973
f 588/1529/1011 1692/1530/1012 1074/1474/973
f 1072/1531/1010 1383/1532/1013 588/1529/1011
f 585/1533/1014 1709/1534/1015 1072/1531/1010
f 700/1535/1016 1561/1536/1017 1354/1537/1018
f 1376/1538/1019 1361/1539/1020 729/1540/1021
f 730/1541/1022 1547/1542/1023 1376/1538/1019
f 1080/1543/1024 869/1187/721 1547/1542/1023
f 1547/1542/1023 590/1544/1025 1361/1539/1020
f 1375/1545/1026 1080/1543/1024 730/1541/1022
f 731/1546/1027 1548/1547/1028 1375/1545/1026
f 1081/1548/1029 870/1461/961 1548/1547/1028
f 1548/1547/1028 589/1188/722 1080/1543/1024
f 731/1546/1027 1549/1549/1030 1081/1548/1029
f 1374/1550/1031 1082/1551/1032 1549/1549/1030
f 1549/1549/1030 592/1424/930 871/1478/975
f 1081/1548/1029 871/1478/975 591/1462/962
f 1373/1552/1033 1082/1551/1032 732/1553/1034
f 733/1554/1035 1550/1555/1036 1373/1552/1033
f 1083/1556/1037 874/1420/926 1550/1555/1036
f 1550/1555/1036 592/1424/930 1082/1551/1032
f 1077/1557/1038 1090/1558/1039 488/1559/1040
f 1077/1557/1038 1089/1560/1041 1551/1561/1042
f 1551/1561/1042 602/1562/1043 1086/1563/1044
f 1551/1561/1042 603/1564/1045 1090/1558/1039
f 1075/1565/1046 1091/1566/1047 486/1567/1048
f 1075/1565/1046 1088/1568/1049 1552/1569/1050
f 1552/1569/1050 601/1570/1051 1084/1571/1052
f 1552/1569/1050 600/1572/1053 1091/1566/1047
f 1078/1573/1054 1092/1574/1055 471/1575/1056
f 1078/1573/1054 1090/1558/1039 1553/1576/1057
f 1553/1576/1057 603/1564/1045 1087/1577/1058
f 1553/1576/1057 604/1578/1059 1092/1574/1055
f 1076/1579/1060 1089/1560/1041 487/1580/1061
f 1076/1579/1060 1091/1566/1047 1554/1581/1062
f 1554/1581/1062 600/1572/1053 1085/1582/1063
f 1554/1581/1062 602/1562/1043 1089/1560/1041
f 1093/1583/44 1096/1584/1064 596/1585/1065
f 594/1586/44 1555/1587/44 1093/1583/44
f 1094/1588/44 1097/1589/1066 1555/1587/44
f 1555/1587/44 595/1590/1067 1096/1584/1064
f 1094/1588/44 1098/1591/1068 597/1592/1069
f 594/1586/44 1556/1593/44 1094/1588/44
f 1095/1594/44 1099/1595/1070 1556/1593/44
f 1556/1593/44 598/1596/1071 1098/1591/1068
f 595/1590/1067 1557/1597/1072 1101/1598/1073
f 597/1592/1069 1557/1597/1072 1097/1589/1066
f 1102/1599/1074 1085/1582/1063 1557/1597/1072
f 1557/1597/1072 600/1572/1053 1101/1598/1073
f 597/1592/1069 1558/1600/1075 1102/1599/1074
f 598/1596/1071 1558/1600/1075 1098/1591/1068
f 1558/1600/1075 603/1564/1045 1086/1563/1044
f 1102/1599/1074 1086/1563/1044 602/1562/1043
f 598/1596/1071 1559/1601/1076 1103/1602/1077
f 599/1603/1078 1559/1601/1076 1099/1595/1070
f 1104/1604/1079 1087/1577/1058 1559/1601/1076
f 1559/1601/1076 603/1564/1045 1103/1602/1077
f 596/1585/1065 1560/1605/1080 1100/1606/1081
f 595/1590/1067 1560/1605/1080 1096/1584/1064
f 1560/1605/1080 600/1572/1053 1084/1571/1052
f 1100/1606/1081 1084/1571/1052 601/1570/1051
f 562/1607/920 1561/1608/1017 1353/1609/1082
f 1296/1610/1083 1354/1611/1018 1561/1608/1017
f 561/1612/898 1562/1613/934 1352/1614/937
f 892/1615/897 1355/1616/942 1562/1613/934
f 728/1617/1084 1563/1618/1085 1342/748/327
f 755/1619/1086 1345/1620/1087 1563/1618/1085
f 1563/1618/1085 408/836/408 748/835/407
f 1342/748/327 748/835/407 412/749/328
f 656/1621/1088 1564/1622/1089 1198/1623/1090
f 1199/1624/1091 1200/1625/1092 1564/1622/1089
f 1564/1622/1089 624/1626/1093 1186/1627/1094
f 1198/1623/1090 1186/1627/1094 654/1628/1095
f 625/1629/1096 1565/1630/1097 1128/1631/1098
f 620/1632/1099 1565/1630/1097 1124/1633/1100
f 1118/1634/1101 1126/1635/1102 1565/1630/1097
f 1565/1630/1097 627/1636/1103 1128/1631/1098
f 626/1637/1104 1566/1638/1105 1129/1639/1106
f 1125/1640/1107 1119/1641/1108 1566/1638/1105
f 1119/1641/1108 1124/1633/1100 1566/1638/1105
f 1129/1639/1106 1124/1633/1100 625/1629/1096
f 1126/1635/1102 1130/1642/1109 627/1636/1103
f 619/1643/1110 1567/1644/1111 1126/1635/1102
f 1117/1645/1112 1127/1646/1113 1567/1644/1111
f 1567/1644/1111 628/1647/1114 1130/1642/1109
f 1568/1648/1115 621/1649/1116 1125/1640/1107
f 1131/1650/1117 1125/1640/1107 626/1637/1104
f 704/1651/1118 1569/1652/1119 1317/1653/1120
f 1318/1654/1121 1285/1655/1122 1569/1652/1119
f 1569/1652/1119 692/1656/1123 1294/1657/1124
f 1270/1658/1125 1317/1653/1120 1714/1659/1126
f 674/1660/1127 1570/1661/1128 1237/1662/1129
f 1225/1663/1130 842/955/510 1570/1661/1128
f 1570/1661/1128 472/954/509 1175/1664/1131
f 1237/1662/1129 1175/1664/1131 666/1665/1132
f 1143/1666/1133 1152/1667/1134 704/1651/1118
f 634/1668/1135 1571/1669/1136 1143/1666/1133
f 705/1670/1137 1571/1669/1136 1151/1671/1138
f 675/1672/1139 1572/1673/1140 1236/1674/1141
f 1226/1675/1142 852/980/534 1572/1673/1140
f 1572/1673/1140 476/956/511 1225/1663/1130
f 1236/1674/1141 1225/1663/1130 674/1660/1127
f 673/1676/1143 1573/1677/1144 1235/1678/1145
f 1224/1679/1146 853/986/540 1573/1677/1144
f 1573/1677/1144 477/981/535 1226/1675/1142
f 1235/1678/1145 1226/1675/1142 675/1672/1139
f 672/1680/1147 1574/1681/1148 1234/1682/1149
f 1223/1683/1150 854/992/546 1574/1681/1148
f 1574/1681/1148 478/987/541 1224/1679/1146
f 1234/1682/1149 1224/1679/1146 673/1676/1143
f 671/1684/1151 1575/1685/1152 1233/1686/1153
f 1222/1687/1154 855/998/552 1575/1685/1152
f 1575/1685/1152 479/993/547 1223/1683/1150
f 1233/1686/1153 1223/1683/1150 672/1680/1147
f 670/1688/1155 1576/1689/1156 1232/1690/1157
f 1221/1691/1158 856/1004/558 1576/1689/1156
f 1576/1689/1156 480/999/553 1222/1687/1154
f 1232/1690/1157 1222/1687/1154 671/1684/1151
f 667/1692/1159 1577/1693/1160 1231/1694/1161
f 1218/1695/1162 857/1010/564 1577/1693/1160
f 1577/1693/1160 481/1005/559 1221/1691/1158
f 1231/1694/1161 1221/1691/1158 670/1688/1155
f 1141/1696/1163 1118/1697/1101 620/1698/1099
f 642/1699/1164 1578/1700/1165 1141/1696/1163
f 1172/1701/1166 1140/1702/1167 1578/1700/1165
f 1578/1700/1165 619/1703/1110 1118/1697/1101
f 1141/1696/1163 1171/1704/1168 642/1699/1164
f 620/1698/1099 1579/1705/1169 1141/1696/1163
f 1579/1705/1169 621/1706/1116 1142/1707/1170
f 1171/1704/1168 1142/1707/1170 641/1708/1171
f 1163/1709/1172 1122/1710/1173 623/1711/1174
f 1163/1709/1172 1154/1712/1175 1580/1713/1176
f 1580/1713/1176 644/1714/1177 1176/1715/1178
f 1580/1713/1176 624/1716/1093 1122/1710/1173
f 1149/1717/1179 1238/1718/1180 698/1719/1181
f 697/1720/1182 1581/1721/1183 1149/1717/1179
f 1299/1722/1184 1153/1723/1185 1581/1721/1183
f 1581/1721/1183 707/1724/1186 1238/1718/1180
f 1162/1725/1187 1121/1726/1188 622/1727/1189
f 1162/1725/1187 1155/1728/1190 1582/1729/1191
f 1582/1729/1191 635/1730/1192 1163/1709/1172
f 1582/1729/1191 623/1711/1174 1121/1726/1188
f 615/1731/1193 1583/1732/1194 1120/1733/1195
f 1161/1734/1196 1166/1735/1197 1583/1732/1194
f 1583/1732/1194 636/1736/1198 1162/1725/1187
f 1120/1733/1195 1162/1725/1187 622/1727/1189
f 616/1737/1199 1584/1738/1200 1114/1739/1201
f 1160/1740/1202 1167/1741/1203 1584/1738/1200
f 1584/1738/1200 637/1742/1204 1161/1734/1196
f 1114/1739/1201 1161/1734/1196 615/1731/1193
f 617/1743/1205 1585/1744/1206 1115/1745/1207
f 1159/1746/1208 1168/1747/1209 1585/1744/1206
f 1585/1744/1206 638/1748/1210 1160/1740/1202
f 1115/1745/1207 1160/1740/1202 616/1737/1199
f 618/1749/1211 1586/1750/1212 1116/1751/1213
f 1158/1752/1214 1169/1753/1215 1586/1750/1212
f 1586/1750/1212 639/1754/1216 1159/1746/1208
f 1116/1751/1213 1159/1746/1208 617/1743/1205
f 1140/1702/1167 1117/1755/1112 619/1703/1110
f 1140/1702/1167 1170/1756/1217 1587/1757/1218
f 1587/1757/1218 640/1758/1219 1158/1752/1214
f 1587/1757/1218 618/1749/1211 1117/1755/1112
f 646/1759/1220 1588/1760/1221 1190/1761/1222
f 642/1699/1164 1588/1760/1221 1133/1762/1223
f 1588/1760/1221 641/1708/1171 1135/1763/1224
f 1190/1761/1222 1135/1763/1224 647/1764/1225
f 668/1765/1226 1589/1766/1227 1230/1767/1228
f 1219/1768/1229 858/1091/638 1589/1766/1227
f 1589/1766/1227 482/1011/565 1218/1695/1162
f 1230/1767/1228 1218/1695/1162 667/1692/1159
f 1175/1664/1131 1229/1769/1230 666/1665/1132
f 472/954/509 1590/1770/1231 1175/1664/1131
f 839/1098/645 1164/1771/1232 1590/1770/1231
f 1590/1770/1231 665/1772/1233 1229/1769/1230
f 1187/1773/1234 1176/1715/1178 644/1714/1177
f 655/1774/1235 1591/1775/1236 1187/1773/1234
f 1188/1776/1237 1186/1777/1094 1591/1775/1236
f 1591/1775/1236 624/1716/1093 1176/1715/1178
f 1133/1762/1223 1172/1701/1166 642/1699/1164
f 1133/1762/1223 1189/1778/1238 1592/1779/1239
f 1592/1779/1239 645/1780/1240 1132/1781/1241
f 1172/1701/1166 1132/1781/1241 643/1782/1242
f 668/1765/1226 1593/1783/1243 1228/1784/1244
f 1178/1785/1245 1190/1761/1222 1593/1783/1243
f 1593/1783/1243 647/1764/1225 1179/1786/1246
f 1228/1784/1244 1179/1786/1246 669/1787/1247
f 643/1782/1242 1594/1788/1248 1170/1756/1217
f 1132/1781/1241 1191/1789/1249 1594/1788/1248
f 1594/1788/1248 648/1790/1250 1136/1791/1251
f 1170/1756/1217 1136/1791/1251 640/1758/1219
f 640/1758/1219 1595/1792/1252 1169/1753/1215
f 1136/1791/1251 1192/1793/1253 1595/1792/1252
f 1595/1792/1252 649/1794/1254 1137/1795/1255
f 1169/1753/1215 1137/1795/1255 639/1754/1216
f 639/1754/1216 1596/1796/1256 1168/1747/1209
f 1137/1795/1255 1193/1797/1257 1596/1796/1256
f 1596/1796/1256 650/1798/1258 1138/1799/1259
f 1168/1747/1209 1138/1799/1259 638/1748/1210
f 638/1748/1210 1597/1800/1260 1167/1741/1203
f 1138/1799/1259 1194/1801/1261 1597/1800/1260
f 1597/1800/1260 651/1802/1262 1139/1803/1263
f 1167/1741/1203 1139/1803/1263 637/1742/1204
f 637/1742/1204 1598/1804/1264 1166/1735/1197
f 1139/1803/1263 1195/1805/1265 1598/1804/1264
f 1598/1804/1264 653/1806/1266 1157/1807/1267
f 1166/1735/1197 1157/1807/1267 636/1736/1198
f 636/1736/1198 1599/1808/1268 1155/1728/1190
f 1157/1807/1267 1196/1809/1269 1599/1808/1268
f 1599/1808/1268 652/1810/1270 1156/1811/1271
f 1155/1728/1190 1156/1811/1271 635/1730/1192
f 1156/1811/1271 1154/1712/1175 635/1730/1192
f 652/1810/1270 1600/1812/1272 1156/1811/1271
f 1197/1813/1273 1187/1773/1234 1600/1812/1272
f 1600/1812/1272 644/1714/1177 1154/1712/1175
f 657/1814/1274 1601/1815/1275 1200/1625/1092
f 1206/1816/1276 1202/1817/1277 1601/1815/1275
f 1601/1815/1275 623/1818/1174 1122/1819/1173
f 1200/1625/1092 1122/1819/1173 624/1626/1093
f 1201/1820/1278 1207/1821/1279 658/1822/1280
f 622/1823/1189 1602/1824/1281 1201/1820/1278
f 1121/1825/1188 1202/1817/1277 1602/1824/1281
f 1602/1824/1281 659/1826/1282 1207/1821/1279
f 1204/1827/1283 1208/1828/1284 661/1829/1285
f 615/1830/1193 1603/1831/1286 1204/1827/1283
f 1120/1832/1195 1201/1820/1278 1603/1831/1286
f 1603/1831/1286 658/1822/1280 1208/1828/1284
f 1203/1833/1287 1209/1834/1288 660/1835/1289
f 617/1836/1205 1604/1837/1290 1203/1833/1287
f 1115/1838/1207 1205/1839/1291 1604/1837/1290
f 1604/1837/1290 662/1840/1292 1209/1834/1288
f 1205/1839/1291 1210/1841/1293 662/1840/1292
f 616/1842/1199 1605/1843/1294 1205/1839/1291
f 1114/1844/1201 1204/1827/1283 1605/1843/1294
f 1605/1843/1294 661/1829/1285 1210/1841/1293
f 660/1835/1289 1606/1845/1295 1203/1833/1287
f 1211/1846/1296 1127/1646/1113 1606/1845/1295
f 1606/1845/1295 618/1847/1211 1116/1848/1213
f 1203/1833/1287 1116/1848/1213 617/1836/1205
f 710/1849/1297 1607/1850/1298 1315/1851/1299
f 703/1852/1300 1607/1850/1298 1310/1853/1301
f 1313/1854/1302 1305/1855/1303 1607/1850/1298
f 1315/1851/1299 1305/1855/1303 709/1856/1304
f 1174/1857/1305 1215/1858/1306 663/1859/1307
f 711/1860/1308 1608/1861/1309 1174/1857/1305
f 1144/1862/1310 872/1863/720 1608/1861/1309
f 1608/1861/1309 489/1864/718 1215/1858/1306
f 483/1092/639 1609/1865/1311 859/1191/725
f 1219/1768/1229 1228/1784/1244 1609/1865/1311
f 1609/1865/1311 669/1787/1247 1220/1866/1312
f 1609/1865/1311 484/1190/724 859/1191/725
f 1217/1867/1313 1188/1776/1237 655/1774/1235
f 666/1665/1132 1610/1868/1314 1217/1867/1313
f 1229/1769/1230 1216/1869/1315 1610/1868/1314
f 1610/1868/1314 654/1870/1095 1188/1776/1237
f 646/1759/1220 1611/1871/1316 1189/1778/1238
f 1178/1785/1245 1230/1767/1228 1611/1871/1316
f 1611/1871/1316 667/1692/1159 1177/1872/1317
f 1189/1778/1238 1177/1872/1317 645/1780/1240
f 645/1780/1240 1612/1873/1318 1191/1789/1249
f 1177/1872/1317 1231/1694/1161 1612/1873/1318
f 1612/1873/1318 670/1688/1155 1180/1874/1319
f 1191/1789/1249 1180/1874/1319 648/1790/1250
f 648/1790/1250 1613/1875/1320 1192/1793/1253
f 1180/1874/1319 1232/1690/1157 1613/1875/1320
f 1613/1875/1320 671/1684/1151 1181/1876/1321
f 1192/1793/1253 1181/1876/1321 649/1794/1254
f 649/1794/1254 1614/1877/1322 1193/1797/1257
f 1181/1876/1321 1233/1686/1153 1614/1877/1322
f 1614/1877/1322 672/1680/1147 1182/1878/1323
f 1193/1797/1257 1182/1878/1323 650/1798/1258
f 650/1798/1258 1615/1879/1324 1194/1801/1261
f 1182/1878/1323 1234/1682/1149 1615/1879/1324
f 1615/1879/1324 673/1676/1143 1183/1880/1325
f 1194/1801/1261 1183/1880/1325 651/1802/1262
f 651/1802/1262 1616/1881/1326 1195/1805/1265
f 1183/1880/1325 1235/1678/1145 1616/1881/1326
f 1616/1881/1326 675/1672/1139 1185/1882/1327
f 1195/1805/1265 1185/1882/1327 653/1806/1266
f 653/1806/1266 1617/1883/1328 1196/1809/1269
f 1185/1882/1327 1236/1674/1141 1617/1883/1328
f 1617/1883/1328 674/1660/1127 1184/1884/1329
f 1196/1809/1269 1184/1884/1329 652/1810/1270
f 652/1810/1270 1618/1885/1330 1197/1813/1273
f 1184/1884/1329 1237/1662/1129 1618/1885/1330
f 1237/1662/1129 1217/1867/1313 1618/1885/1330
f 1618/1885/1330 655/1774/1235 1197/1813/1273
f 1153/1723/1185 1212/1886/1331 707/1724/1186
f 695/1887/1332 1619/1888/1333 1153/1723/1185
f 1297/1889/1334 1123/1890/1335 1619/1888/1333
f 1619/1888/1333 664/1891/1336 1212/1886/1331
f 1667/1892/1337 1213/1893/1338 1306/1894/1339
f 1288/1895/1340 1238/1718/1180 1620/1896/1341
f 1238/1718/1180 1379/1897/1342 1620/1896/1341
f 1620/1896/1341 738/1898/1343 1147/1899/1344
f 893/1225/758 1215/1900/1306 489/1226/718
f 473/1231/762 1621/1901/1345 893/1225/758
f 1173/1902/1346 1239/1903/1347 1621/1901/1345
f 1621/1901/1345 663/1904/1307 1215/1900/1306
f 1242/1905/1348 835/1232/763 467/1234/765
f 677/1906/1349 1622/1907/1350 1242/1905/1348
f 1244/1908/1351 1247/1909/1352 1622/1907/1350
f 1622/1907/1350 465/1235/766 835/1232/763
f 628/1647/1114 1623/1910/1353 1241/1911/1354
f 1211/1846/1296 1246/1912/1355 1623/1910/1353
f 1623/1910/1353 678/1913/1356 1245/1914/1357
f 1241/1911/1354 1245/1914/1357 676/1915/1358
f 1240/1916/1359 1244/1908/1351 677/1906/1349
f 676/1915/1358 1624/1917/1360 1240/1916/1359
f 1245/1914/1357 1243/1918/1361 1624/1917/1360
f 1624/1917/1360 679/1919/1362 1244/1908/1351
f 679/1919/1362 1625/1920/1363 1247/1909/1352
f 1250/1921/1364 1252/1922/1365 1625/1920/1363
f 1625/1920/1363 468/1253/784 833/1252/783
f 1247/1909/1352 833/1252/783 465/1235/766
f 660/1835/1289 1626/1923/1366 1246/1912/1355
f 1209/1834/1288 1249/1924/1367 1626/1923/1366
f 1626/1923/1366 680/1925/1368 1251/1926/1369
f 1246/1912/1355 1251/1926/1369 678/1913/1356
f 678/1913/1356 1627/1927/1370 1243/1918/1361
f 1251/1926/1369 1248/1928/1371 1627/1927/1370
f 1627/1927/1370 681/1929/1372 1250/1921/1364
f 1243/1918/1361 1250/1921/1364 679/1919/1362
f 681/1929/1372 1628/1930/1373 1252/1922/1365
f 1254/1931/1374 1257/1932/1375 1628/1930/1373
f 1628/1930/1373 464/1265/796 836/1264/795
f 1252/1922/1365 836/1264/795 468/1253/784
f 662/1840/1292 1629/1933/1376 1249/1924/1367
f 1210/1841/1293 1258/1934/1377 1629/1933/1376
f 1629/1933/1376 682/1935/1378 1255/1936/1379
f 1249/1924/1367 1255/1936/1379 680/1925/1368
f 680/1925/1368 1630/1937/1380 1248/1928/1371
f 1255/1936/1379 1253/1938/1381 1630/1937/1380
f 1630/1937/1380 683/1939/1382 1254/1931/1374
f 1248/1928/1371 1254/1931/1374 681/1929/1372
f 661/1829/1285 1631/1940/1383 1258/1934/1377
f 1208/1828/1284 1263/1941/1384 1631/1940/1383
f 1631/1940/1383 684/1942/1385 1259/1943/1386
f 1258/1934/1377 1259/1943/1386 682/1935/1378
f 683/1939/1382 1632/1944/1387 1257/1932/1375
f 1261/1945/1388 1262/1946/1389 1632/1944/1387
f 1632/1944/1387 469/1281/812 821/1280/811
f 1257/1932/1375 821/1280/811 464/1265/796
f 682/1935/1378 1633/1947/1390 1253/1938/1381
f 1259/1943/1386 1256/1948/1391 1633/1947/1390
f 1633/1947/1390 685/1949/1392 1261/1945/1388
f 1253/1938/1381 1261/1945/1388 683/1939/1382
f 685/1949/1392 1634/1950/1393 1262/1946/1389
f 1264/1951/1394 1267/1952/1395 1634/1950/1393
f 1634/1950/1393 470/1289/820 837/1288/819
f 1262/1946/1389 837/1288/819 469/1281/812
f 658/1822/1280 1635/1953/1396 1263/1941/1384
f 1207/1821/1279 1266/1954/1397 1635/1953/1396
f 1635/1953/1396 686/1955/1398 1265/1956/1399
f 1263/1941/1384 1265/1956/1399 684/1942/1385
f 684/1942/1385 1636/1957/1400 1256/1948/1391
f 1265/1956/1399 1260/1958/1401 1636/1957/1400
f 1636/1957/1400 687/1959/1402 1264/1951/1394
f 1256/1948/1391 1264/1951/1394 685/1949/1392
f 1268/1960/1403 1286/1961/1404 694/1962/1405
f 1268/1960/1403 1260/1958/1401 1637/1963/1406
f 1260/1958/1401 1269/1964/1407 1637/1963/1406
f 1637/1963/1406 656/1621/1088 1286/1961/1404
f 659/1826/1282 1638/1965/1408 1266/1954/1397
f 657/1814/1274 1638/1965/1408 1206/1816/1276
f 1199/1624/1091 1269/1964/1407 1638/1965/1408
f 1638/1965/1408 686/1955/1398 1266/1954/1397
f 1306/1966/1339 1213/1967/1338 1639/1968/1409
f 1213/1967/1338 1239/1903/1347 1639/1968/1409
f 1639/1968/1409 632/1969/1410 1150/1970/1411
f 1270/1658/1125 1150/1970/1411 633/1971/1412
f 1290/1972/1413 1151/1973/1138 634/1974/1135
f 1290/1972/1413 1113/1975/1414 1640/1976/1415
f 1291/1977/1416 1319/1978/1417 633/1979/1412
f 641/1708/1171 1641/1980/1418 1291/1977/1416
f 1142/1707/1170 1290/1972/1413 1641/1980/1418
f 1641/1980/1418 634/1974/1135 1319/1978/1417
f 1292/1981/1419 1150/1982/1411 632/1983/1410
f 647/1764/1225 1642/1984/1420 1292/1981/1419
f 1135/1763/1224 1291/1977/1416 1642/1984/1420
f 1642/1984/1420 633/1979/1412 1150/1982/1411
f 467/1234/765 1643/1985/1421 1242/1905/1348
f 458/1345/863 1643/1985/1421 823/1341/859
f 1643/1985/1421 690/1986/1422 1274/1987/1423
f 1242/1905/1348 1274/1987/1423 677/1906/1349
f 677/1906/1349 1644/1988/1424 1240/1916/1359
f 1274/1987/1423 1277/1989/1425 1644/1988/1424
f 1644/1988/1424 689/1990/1426 1271/1991/1427
f 1240/1916/1359 1271/1991/1427 676/1915/1358
f 834/1350/868 1275/1992/1428 458/1345/863
f 466/1354/872 1645/1993/1429 834/1350/868
f 1279/1994/1430 1276/1995/1431 1645/1993/1429
f 1645/1993/1429 690/1986/1422 1275/1992/1428
f 690/1986/1422 1646/1996/1432 1277/1989/1425
f 1276/1995/1431 1280/1997/1433 1646/1996/1432
f 1646/1996/1432 688/1998/1434 1273/1999/1435
f 1277/1989/1425 1273/1999/1435 689/1990/1426
f 1278/2000/1436 1271/1991/1427 689/1990/1426
f 627/1636/1103 1647/2001/1437 1278/2000/1436
f 1130/1642/1109 1241/1911/1354 1647/2001/1437
f 1647/2001/1437 676/1915/1358 1271/1991/1427
f 1282/2002/1438 1284/2003/1439 693/2004/1440
f 691/2005/1441 1648/2006/1442 1282/2002/1438
f 1279/1994/1430 1010/1367/885 1648/2006/1442
f 1648/2006/1442 550/1365/883 1284/2003/1439
f 692/1656/1123 1649/2007/1443 1283/2008/1444
f 1272/2009/1445 1280/1997/1433 1649/2007/1443
f 1649/2007/1443 691/2005/1441 1282/2002/1438
f 1649/2007/1443 693/2004/1440 1283/2008/1444
f 1281/2010/1446 1273/1999/1435 688/1998/1434
f 1281/2010/1446 1128/1631/1098 1650/2011/1447
f 1128/1631/1098 1278/2000/1436 1650/2011/1447
f 1650/2011/1447 689/1990/1426 1273/1999/1435
f 1293/2012/1448 1173/2013/1346 473/1375/762
f 669/1787/1247 1651/2014/1449 1293/2012/1448
f 1179/1786/1246 1292/1981/1419 1651/2014/1449
f 1651/2014/1449 632/1983/1410 1173/2013/1346
f 1306/1966/1339 1714/1659/1126 706/2015/1450
f 1294/1657/1124 1283/2008/1444 1652/2016/1451
f 1283/2008/1444 1289/2017/1452 1652/2016/1451
f 1288/2018/1340 1289/2017/1452 698/2019/1181
f 1285/1655/1122 1272/2009/1445 692/1656/1123
f 1285/1655/1122 1129/1639/1106 1653/2020/1453
f 1653/2020/1453 625/1629/1096 1281/2010/1446
f 1653/2020/1453 688/1998/1434 1272/2009/1445
f 1289/2017/1452 1165/2021/1454 698/2019/1181
f 693/2004/1440 1654/2022/1455 1289/2017/1452
f 1284/2003/1439 1017/1387/900 1654/2022/1455
f 1654/2022/1455 561/1385/898 1165/2021/1454
f 838/1389/902 1287/2023/1456 554/1390/903
f 470/1289/820 1655/2024/1457 838/1389/902
f 1267/1952/1395 1268/1960/1403 1655/2024/1457
f 1655/2024/1457 694/1962/1405 1287/2023/1456
f 694/1962/1405 1656/2025/1458 1227/2026/1459
f 1286/1961/1404 1198/1623/1090 1656/2025/1458
f 1656/2025/1458 654/1628/1095 1216/2027/1315
f 1227/2026/1459 1216/2027/1315 665/2028/1233
f 1227/2026/1459 1287/2023/1456 694/1962/1405
f 665/2028/1233 1657/2029/1460 1227/2026/1459
f 1164/2030/1232 822/1397/908 1657/2029/1460
f 1657/2029/1460 554/1390/903 1287/2023/1456
f 1134/2031/1461 1318/1654/1121 704/1651/1118
f 1658/2032/1462 626/1637/1104 1318/1654/1121
f 1295/2033/1463 1297/1889/1334 695/1887/1332
f 555/1413/919 1659/2034/1464 1295/2033/1463
f 1030/1412/918 1298/2035/1465 1659/2034/1464
f 1659/2034/1464 696/2036/1466 1297/1889/1334
f 562/1414/920 1660/2037/1467 1296/2038/1083
f 1028/1416/922 1295/2033/1463 1660/2037/1467
f 1660/2037/1467 695/1887/1332 1299/1722/1184
f 1296/2038/1083 1299/1722/1184 697/1720/1182
f 593/1418/924 1661/2039/1468 1035/1422/928
f 1148/2040/1469 1300/2041/1470 1661/2039/1468
f 1300/2041/1470 1298/2035/1465 1661/2039/1468
f 1661/2039/1468 557/1421/927 1035/1422/928
f 1303/2042/1471 1353/2043/1082 1561/1536/1017
f 1302/2044/1472 1352/1431/937 563/1432/938
f 699/2045/1473 1712/2046/1474 1302/2044/1472
f 1687/2047/1475 699/2045/1473 1301/2048/1476
f 1354/1537/1018 1301/2048/1476 700/1535/1016
f 1691/2049/1477 585/1533/1014 1069/2050/1009
f 700/2051/1016 1662/2052/1478 1303/2053/1471
f 1301/2054/1476 1302/2055/1472 1662/2052/1478
f 1662/2052/1478 563/1445/938 1040/1444/947
f 1303/2053/1471 1040/1444/947 565/2056/1479
f 663/1859/1307 1663/2057/1480 1174/1857/1305
f 1308/2058/1481 1312/2059/1482 702/2060/1483
f 1174/1857/1305 1308/2058/1481 711/1860/1308
f 708/2061/1484 1664/2062/1485 1314/2063/1486
f 1304/2064/1487 1309/2065/1488 1664/2062/1485
f 1664/2062/1485 703/1852/1300 1310/1853/1301
f 1314/2063/1486 1310/1853/1301 710/1849/1297
f 664/1891/1336 1665/2066/1489 1212/1886/1331
f 701/2067/1490 1665/2066/1489 1311/2068/1491
f 1665/2066/1489 708/2061/1484 1214/2069/1492
f 1212/1886/1331 1214/2069/1492 707/1724/1186
f 1308/2058/1481 1145/2070/1493 711/1860/1308
f 702/2060/1483 1666/2071/1494 1308/2058/1481
f 1313/1854/1302 1316/2072/1495 1666/2071/1494
f 1666/2071/1494 712/2073/1496 1145/2070/1493
f 1294/1657/1124 1288/2018/1340 706/2015/1450
f 709/1856/1304 1667/1892/1337 1306/1894/1339
f 1667/1892/1337 702/2060/1483 1312/2059/1482
f 1213/1893/1338 1312/2059/1482 663/1859/1307
f 712/2073/1496 1668/2074/1497 1146/2075/1498
f 1316/2072/1495 1309/2065/1488 1668/2074/1497
f 1668/2074/1497 701/2067/1490 1307/2076/1499
f 1146/2075/1498 1307/2076/1499 713/2077/1500
f 1123/1890/1335 1311/2068/1491 664/1891/1336
f 696/2036/1466 1669/2078/1501 1123/1890/1335
f 1669/2078/1501 713/2077/1500 1307/2076/1499
f 1311/2068/1491 1307/2076/1499 701/2067/1490
f 633/1971/1412 1670/2079/1502 1270/1658/1125
f 1319/2080/1417 1143/1666/1133 1670/2079/1502
f 1670/2079/1502 704/1651/1118 1317/1653/1120
f 1288/1895/1340 1147/1899/1344 706/2081/1450
f 2370/2082/1503 704/1651/1118 2350/2083/1504
f 704/1651/1118 2371/2084/1505 2350/2083/1504
f 710/2085/1297 1671/2086/1506 1390/2087/1507
f 1315/2088/1299 1389/2089/1508 1671/2086/1506
f 709/2090/1304 1672/2091/1509 1389/2089/1508
f 1306/2092/1339 1386/2093/1510 1672/2091/1509
f 1361/2094/1020 1372/2095/1511 729/2096/1021
f 590/2097/1025 1673/2098/1512 1361/2094/1020
f 1144/1862/1310 1324/2099/1513 1673/2098/1512
f 1673/2098/1512 734/2100/1514 1372/2095/1511
f 1324/2099/1513 1371/2101/1515 734/2100/1514
f 711/1860/1308 1674/2102/1516 1324/2099/1513
f 1145/2070/1493 1325/2103/1517 1674/2102/1516
f 1674/2102/1516 735/2104/1518 1371/2101/1515
f 735/2104/1518 1675/2105/1519 1370/2106/1520
f 1325/2103/1517 1146/2075/1498 1675/2105/1519
f 1675/2105/1519 713/2077/1500 1326/2107/1521
f 1370/2106/1520 1326/2107/1521 736/2108/1522
f 1326/2107/1521 1369/2109/1523 736/2108/1522
f 713/2077/1500 1676/2110/1524 1326/2107/1521
f 1148/2040/1469 1083/1556/1037 1676/2110/1524
f 1676/2110/1524 733/1554/1035 1369/2109/1523
f 1332/2111/1525 1322/2112/1526 631/2113/1527
f 719/2114/1528 1677/2115/1529 1332/2111/1525
f 1677/2115/1529 718/2116/1530 1331/2117/1531
f 1322/2112/1526 1331/2117/1531 630/2118/1532
f 1333/2119/1533 1320/2120/1534 629/2121/1535
f 717/2122/1536 1678/2123/1537 1333/2119/1533
f 1678/2123/1537 601/1570/1051 1088/1568/1049
f 1320/2120/1534 1088/1568/1049 485/2124/1538
f 1092/1574/1055 1323/2125/1539 471/1575/1056
f 604/1578/1059 1679/2126/1540 1092/1574/1055
f 1679/2126/1540 719/2114/1528 1332/2111/1525
f 1323/2125/1539 1332/2111/1525 631/2113/1527
f 1331/2117/1531 1321/2127/1541 630/2118/1532
f 718/2116/1530 1680/2128/1542 1331/2117/1531
f 1680/2128/1542 717/2122/1536 1333/2119/1533
f 1321/2127/1541 1333/2119/1533 629/2121/1535
f 1335/2129/1543 1093/1583/44 596/1585/1065
f 714/2130/1544 1681/2131/44 1335/2129/1543
f 1336/2132/1545 1334/2133/44 1681/2131/44
f 1681/2131/44 594/1586/44 1093/1583/44
f 1337/2134/1546 1334/2133/44 715/2135/1547
f 716/2136/1548 1682/2137/44 1337/2134/1546
f 1338/2138/1549 1095/1594/44 1682/2137/44
f 1682/2137/44 594/1586/44 1334/2133/44
f 714/2130/1544 1683/2139/1550 1336/2132/1545
f 717/2122/1536 1683/2139/1550 1339/2140/1551
f 1328/2141/1552 1340/2142/1553 1683/2139/1550
f 1683/2139/1550 715/2135/1547 1336/2132/1545
f 715/2135/1547 1684/2143/1554 1337/2134/1546
f 1340/2142/1553 1329/2144/1555 1684/2143/1554
f 1684/2143/1554 719/2114/1528 1341/2145/1556
f 1684/2143/1554 716/2136/1548 1337/2134/1546
f 716/2136/1548 1685/2146/1557 1338/2138/1549
f 719/2114/1528 1685/2146/1557 1341/2145/1556
f 1330/2147/1558 1104/1604/1079 1685/2146/1557
f 1685/2146/1557 599/1603/1078 1338/2138/1549
f 596/1585/1065 1686/2148/1559 1335/2129/1543
f 1100/1606/1081 1327/2149/1560 1686/2148/1559
f 1686/2148/1559 717/2122/1536 1339/2140/1551
f 1686/2148/1559 714/2130/1544 1335/2129/1543
f 697/2150/1182 1687/2151/1475 1354/1611/1018
f 1149/2152/1179 1356/2153/1561 1687/2151/1475
f 1293/2012/1448 1220/1866/1312 669/1787/1247
f 1293/2012/1448 1026/1374/891 1688/2154/1562
f 1026/1374/891 948/2155/1563 1688/2154/1562
f 1688/2154/1562 484/1190/724 1220/1866/1312
f 1111/2156/1564 607/2157/7 1107/2158/1565
f 722/2159/1566 1106/2160/1567 607/2157/7
f 1110/2161/1568 605/2162/28 1106/2160/1567
f 1112/2163/1569 609/2164/1 724/2165/1570
f 1108/2166/23 723/2167/1571 608/2168/24
f 720/2169/1572 1105/2170/1573 605/2162/28
f 1109/2171/1574 606/2172/12 1105/2170/1573
f 605/2173/28 741/2174/345 610/2175/343
f 742/2176/329 605/2173/28 610/2175/343
f 741/2174/345 606/2177/12 611/2178/1575
f 742/2176/329 607/2179/7 1106/2180/1567
f 743/2181/349 607/2179/7 612/2182/331
f 743/2181/349 608/2183/24 1107/2184/1565
f 744/2185/335 608/2183/24 613/2186/338
f 744/2185/335 609/2187/1 1108/2188/23
f 1870/2189/1576 1760/2190/21 1866/2191/1577
f 1869/2192/1578 1868/2193/1579 1110/2194/1568
f 1868/2193/1579 721/2195/1580 1109/2196/1574
f 1870/2197/1576 1869/2192/1578 1110/2194/1568
f 1871/2198/1581 1870/2197/1576 1110/2194/1568
f 1869/2192/1578 1764/2199/1582 1868/2193/1579
f 1784/2200/1583 1786/2201/1584 753/2202/320
f 1347/2203/385 774/2204/1585 430/2205/386
f 1347/2203/385 778/2206/425 1689/2207/1586
f 778/2206/425 1350/813/387 1689/2207/1586
f 1689/2207/1586 429/815/389 774/2204/1585
f 1385/2208/1587 1069/2050/1009 583/2209/1004
f 1070/2210/1006 1385/2208/1587 583/2209/1004
f 1378/2211/757 1381/2212/1588 579/2213/590
f 737/2214/755 1690/2215/1589 1378/2211/757
f 1039/1427/933 1353/2216/1082 565/2217/1479
f 737/2214/755 1691/2218/1477 1385/2219/1587
f 873/2220/752 1380/2221/1590 1691/2218/1477
f 1383/2222/1013 1052/2223/711 1692/2224/1012
f 1692/2224/1012 582/2225/708 1384/2226/971
f 582/2225/708 1693/2227/969 1384/2226/971
f 1051/2228/955 1382/2229/1591 1693/2227/969
f 1351/2230/939 1031/2231/923 1694/2232/932
f 1694/2232/932 562/1607/920 1353/1609/1082
f 875/2233/588 1355/1616/942 560/2234/589
f 559/2235/594 1695/2236/941 875/2233/588
f 738/2237/1343 1696/2238/1592 1391/2239/1593
f 1379/2240/1342 1387/2241/1594 1696/2238/1592
f 404/2242/846 1697/2243/25 739/2244/1595
f 1021/2245/845 740/2246/992 1697/2243/25
f 1697/2243/25 407/2247/1002 1019/2248/1001
f 739/2244/1595 1019/2248/1001 406/2249/1596
f 1358/1507/1000 739/2250/1595 406/2251/1596
f 1358/1507/1000 1066/1035/583 1698/2252/1597
f 1066/1035/583 1357/2253/841 1698/2252/1597
f 1698/2252/1597 404/2254/846 739/2250/1595
f 631/2113/1527 1699/2255/1598 1323/2125/1539
f 1368/2256/1599 1369/2109/1523 1699/2257/1598
f 1369/2109/1523 1365/2258/1600 1699/2257/1598
f 1699/2255/1598 471/1575/1056 1323/2125/1539
f 630/2118/1532 1700/2259/1601 1322/2112/1526
f 1367/2260/1602 1370/2106/1520 1700/2261/1601
f 1370/2106/1520 1368/2256/1599 1700/2261/1601
f 1700/2259/1601 631/2113/1527 1322/2112/1526
f 629/2121/1535 1701/2262/1603 1321/2127/1541
f 1366/2263/1604 1371/2101/1515 1701/2264/1603
f 1371/2101/1515 1367/2260/1602 1701/2264/1603
f 1701/2262/1603 630/2118/1532 1321/2127/1541
f 485/2124/1538 1702/2265/1605 1320/2120/1534
f 1079/2266/1606 1372/2095/1511 1702/2267/1605
f 1372/2095/1511 1366/2263/1604 1702/2267/1605
f 1702/2265/1605 629/2121/1535 1320/2120/1534
f 488/1559/1040 1703/2268/1607 1364/2269/1608
f 471/1575/1056 1703/2268/1607 1078/1573/1054
f 1365/2258/1600 1373/1552/1033 1703/2270/1607
f 1364/2271/1608 1373/1552/1033 732/1553/1034
f 487/1580/1061 1704/2272/1609 1363/2273/1610
f 488/1559/1040 1704/2272/1609 1077/1557/1038
f 1364/2271/1608 1374/1550/1031 1704/2274/1609
f 1363/2275/1610 1374/1550/1031 731/1546/1027
f 486/1567/1048 1705/2276/1611 1362/2277/1612
f 487/1580/1061 1705/2276/1611 1076/1579/1060
f 1363/2275/1610 1375/1545/1026 1705/2278/1611
f 1362/2279/1612 1375/1545/1026 730/1541/1022
f 485/2124/1538 1706/2280/1613 1079/2281/1606
f 486/1567/1048 1706/2280/1613 1075/1565/1046
f 1362/2279/1612 1376/1538/1019 1706/2282/1613
f 1079/2283/1606 1376/1538/1019 729/1540/1021
f 774/2284/1585 429/2285/389 773/2286/388
f 773/2286/388 428/2287/394 774/2284/1585
f 1807/2288/1614 1735/2289/1615 1808/2290/1616
f 1808/2290/1616 1732/2291/1617 1807/2288/1614
f 1387/2241/1594 1214/2292/1492 1707/2293/1618
f 1707/2293/1618 708/2294/1484 1388/2295/1619
f 1690/2296/1589 586/1438/944 1381/2297/1588
f 1388/2295/1619 1314/2298/1486 1708/2299/1620
f 1708/2299/1620 710/2085/1297 1390/2087/1507
f 1380/2221/1590 1043/2300/967 1709/2301/1015
f 1709/2301/1015 581/2302/966 1383/2222/1013
f 580/2303/952 1710/2304/943 1382/2229/1591
f 942/2305/960 1381/2212/1588 1710/2304/943
f 1147/2306/1344 1386/2093/1510 706/2307/1450
f 738/2237/1343 1711/2308/1621 1147/2306/1344
f 1356/2153/1561 1165/2309/1454 1712/2310/1474
f 1712/2310/1474 561/1612/898 1352/1614/937
f 1043/2311/967 578/1379/754 1713/2312/1622
f 1043/2311/967 1503/1306/837 941/1308/839
f 1534/1466/965 1043/1468/967 941/1465/839
f 998/1304/835 1056/2313/1623 1537/1482/978
f 1503/1306/837 1713/2312/1622 998/1304/835
f 1056/2313/1623 1027/1378/893 1430/945/500
f 1713/2312/1622 578/1379/754 1027/1378/893
f 1639/1968/1409 1714/1659/1126 1306/1966/1339
f 1317/1653/1120 1294/1657/1124 1714/1659/1126
f 1714/1659/1126 1294/1657/1124 706/2015/1450
f 1794/2314/1624 1788/2315/1625 1722/2316/1626
f 1788/2315/1625 1780/2317/1627 1724/2318/1628
f 1883/2319/1629 1727/2320/1630 1780/2317/1627
f 1725/2321/1631 1883/2319/1629 1794/2314/1624
f 1719/2322/1632 1884/2323/1633 1874/2324/1634
f 1874/2324/1634 1784/2325/1583 1767/2326/1635
f 1873/2327/1636 1784/2325/1583 1884/2323/1633
f 1720/2328/1637 1884/2323/1633 1777/2329/1638
f 1778/2330/1639 1873/2331/1636 1720/2332/1637
f 1885/2333/1640 1768/2334/1641 1873/2331/1636
f 1872/2335/1642 1785/2336/1643 1885/2333/1640
f 1721/2337/1644 1885/2333/1640 1778/2330/1639
f 1787/2338/1645 1773/2339/1646 1762/2340/1647
f 1773/2339/1646 1782/2341/1648 1761/2342/1649
f 1886/2343/1650 1724/2318/1628 1782/2341/1648
f 1722/2316/1626 1886/2343/1650 1787/2338/1645
f 758/757/336 1775/2344/1651 614/758/337
f 1887/2345/1652 1763/2346/1653 1775/2344/1651
f 1789/2347/1654 1781/2348/1655 1887/2345/1652
f 418/763/342 1887/2345/1652 758/757/336
f 1761/2342/1649 1888/2349/1656 1772/2350/1657
f 1772/2350/1657 757/2351/346 611/2352/1575
f 1888/2349/1656 416/2353/347 757/2351/346
f 1782/2341/1648 1790/2354/1658 1888/2349/1656
f 1781/2348/1655 1774/2355/1659 1763/2346/1653
f 1889/2356/1660 1762/2357/1647 1774/2355/1659
f 1791/2358/1661 1787/2359/1645 1889/2356/1660
f 1723/2360/1662 1889/2356/1660 1781/2348/1655
f 1795/2361/1663 1791/2358/1661 1723/2360/1662
f 1890/2362/1664 1722/2363/1626 1791/2358/1661
f 1793/2364/1665 1794/2365/1624 1890/2362/1664
f 1726/2366/1666 1890/2362/1664 1795/2361/1663
f 1837/2367/1667 1826/2368/1668 1741/2369/1669
f 1826/2368/1668 1801/2370/1670 1719/2322/1632
f 1828/2371/1671 1801/2370/1670 1891/2372/1672
f 1743/2373/1673 1891/2372/1672 1837/2367/1667
f 1720/2332/1637 1892/2374/1674 1778/2330/1639
f 1778/2330/1639 1800/2375/1675 1721/2337/1644
f 1892/2374/1674 1729/2376/1676 1800/2375/1675
f 1804/2377/1677 1803/2378/1678 1892/2374/1674
f 1801/2370/1670 1777/2329/1638 1719/2322/1632
f 1893/2379/1679 1720/2328/1637 1777/2329/1638
f 1893/2379/1679 1731/2380/1680 1804/2381/1677
f 1730/2382/1681 1893/2379/1679 1801/2370/1670
f 1874/2324/1634 1776/2383/1682 1719/2322/1632
f 1894/2384/1683 409/2385/374 1776/2383/1682
f 1783/2386/1684 1344/2387/376 1894/2384/1683
f 1767/2326/1635 1894/2384/1683 1874/2324/1634
f 1807/2388/1614 1876/2389/1685 1735/2390/1615
f 1876/2389/1685 1811/2391/1686 1739/2392/1687
f 1895/2393/1688 1738/2394/1689 1811/2391/1686
f 1807/2388/1614 1875/2395/1690 1895/2393/1688
f 1805/2396/1691 1878/2397/1692 1733/2398/1693
f 1896/2399/1694 1737/2400/1695 1878/2397/1692
f 1877/2401/1696 1809/2402/1697 1896/2399/1694
f 1732/2403/1617 1896/2399/1694 1805/2396/1691
f 1808/2404/1616 1877/2405/1696 1732/2406/1617
f 1897/2407/1698 1736/2408/1699 1877/2405/1696
f 1876/2389/1685 1812/2409/1700 1897/2407/1698
f 1735/2390/1615 1897/2407/1698 1808/2404/1616
f 1741/2369/1669 1898/2410/1701 1836/2411/1702
f 1836/2411/1702 787/2412/401 436/2413/463
f 1898/2410/1701 409/2385/374 787/2412/401
f 1719/2322/1632 1898/2410/1701 1826/2368/1668
f 788/831/403 1835/2414/1703 437/832/404
f 1899/2415/1704 1740/2416/1705 1835/2414/1703
f 1899/2415/1704 1721/2337/1644 1825/2417/1706
f 408/836/408 1899/2415/1704 788/831/403
f 1821/2418/1707 1834/2419/1708 1742/2420/1709
f 1900/2421/1710 1740/2416/1705 1834/2419/1708
f 1795/2361/1663 1819/2422/1711 1900/2421/1710
f 1821/2418/1707 1795/2361/1663 1900/2421/1710
f 1745/2423/1712 1901/2424/1713 1833/2425/1714
f 1833/2425/1714 1823/2426/1715 1744/2427/1716
f 1901/2424/1713 1739/2392/1687 1823/2426/1715
f 1830/2428/1717 1812/2409/1700 1901/2424/1713
f 1731/2429/1680 1902/2430/1718 1803/2378/1678
f 1803/2378/1678 1813/2431/1719 1729/2376/1676
f 1902/2430/1718 1736/2432/1699 1813/2431/1719
f 1815/2433/1720 1809/2434/1697 1902/2430/1718
f 1816/2435/1721 1802/2436/1722 1730/2382/1681
f 1802/2436/1722 1815/2437/1720 1731/2380/1680
f 1903/2438/1723 1737/2439/1695 1815/2437/1720
f 1816/2435/1721 1810/2440/1724 1903/2438/1723
f 1831/2441/1725 1839/2442/1726 1746/2443/1727
f 1839/2442/1726 1829/2444/1728 1744/2427/1716
f 1904/2445/1729 2382/2446/1730 1829/2444/1728
f 1831/2441/1725 1796/2447/1731 1904/2445/1729
f 1818/2448/1732 1792/2449/1733 1725/2321/1631
f 1905/2450/1734 1727/2320/1630 1792/2449/1733
f 1797/2451/1735 1817/2452/1736 1905/2450/1734
f 1728/2453/1737 1905/2450/1734 1818/2448/1732
f 1814/2454/1738 1793/2364/1665 1726/2366/1666
f 1906/2455/1739 1725/2456/1631 1793/2364/1665
f 1798/2457/1740 1818/2458/1732 1906/2455/1739
f 2380/2459/1741 1906/2455/1739 1814/2454/1738
f 1827/2460/1742 1832/2461/1743 1742/2420/1709
f 1907/2462/1744 1745/2463/1712 1832/2461/1743
f 1813/2431/1719 1830/2464/1717 1907/2462/1744
f 1729/2376/1676 1907/2462/1744 1827/2460/1742
f 1746/2443/1727 1908/2465/1745 1840/2466/1746
f 1840/2466/1746 1811/2391/1686 1738/2394/1689
f 1908/2465/1745 1739/2392/1687 1811/2391/1686
f 1744/2427/1716 1908/2465/1745 1839/2442/1726
f 1727/2320/1630 1909/2467/1747 1822/2468/1748
f 1822/2468/1748 1841/2469/1749 1743/2373/1673
f 1909/2467/1747 1746/2470/1727 1841/2469/1749
f 1817/2452/1736 1831/2471/1725 1909/2467/1747
f 1726/2366/1666 1910/2472/1750 1814/2454/1738
f 1814/2454/1738 1824/2473/1751 2380/2459/1741
f 1910/2472/1750 1745/2463/1712 1824/2473/1751
f 1821/2418/1707 1832/2461/1743 1910/2472/1750
f 1824/2474/1751 1799/2475/1752 2380/2476/1741
f 1911/2477/1753 2382/2446/1730 1799/2475/1752
f 1911/2477/1753 1744/2427/1716 1829/2444/1728
f 1824/2474/1751 1833/2425/1714 1911/2477/1753
f 1827/2460/1742 1800/2375/1675 1729/2376/1676
f 1800/2375/1675 1825/2417/1706 1721/2337/1644
f 1834/2419/1708 1825/2417/1706 1912/2478/1754
f 1742/2420/1709 1912/2478/1754 1827/2460/1742
f 796/901/458 1789/2347/1654 418/763/342
f 1913/2479/1755 1723/2360/1662 1789/2347/1654
f 1835/2414/1703 1819/2422/1711 1913/2479/1755
f 437/832/404 1913/2479/1755 796/901/458
f 1724/2318/1628 1914/2480/1756 1790/2354/1658
f 1790/2354/1658 795/2481/462 416/2353/347
f 1914/2480/1756 436/2413/463 795/2481/462
f 1820/2482/1757 1836/2411/1702 1914/2480/1756
f 1780/2317/1627 1820/2482/1757 1724/2318/1628
f 1915/2483/1758 1741/2369/1669 1820/2482/1757
f 1822/2468/1748 1837/2367/1667 1915/2483/1758
f 1727/2320/1630 1915/2483/1758 1780/2317/1627
f 1846/2484/1759 1131/2485/1117 1751/2486/1760
f 1846/2484/1759 1113/2487/1414 1568/2488/1115
f 705/2489/1137 1916/2490/1761 1848/2491/1762
f 1848/2491/1762 1842/2492/1763 1752/2493/1764
f 1749/2494/1765 1916/2490/1761 1847/2495/1766
f 1748/2496/1767 1917/2497/1768 1845/2498/1769
f 1917/2497/1768 1751/2486/1760 1845/2498/1769
f 1917/2497/1768 1750/2499/1770 1846/2484/1759
f 1747/2500/1771 1917/2497/1768 1838/2501/1772
f 1754/2502/1773 1918/2503/1774 1856/2504/1775
f 1856/2504/1775 1838/2501/1772 1748/2496/1767
f 1859/2505/1776 1838/2501/1772 1918/2503/1774
f 1755/2506/1777 1918/2503/1774 1862/2507/1778
f 1755/2508/1777 1919/2509/1779 1863/2510/1780
f 1863/2510/1780 1882/2511/1781 1757/2512/1782
f 1919/2509/1779 1716/2513/1783 1882/2511/1781
f 1879/2514/1784 1851/2515/1785 1919/2509/1779
f 1640/2516/1415 705/2517/1137 1151/2518/1138
f 1640/2516/1415 1750/2519/1770 1852/2520/1786
f 1852/2520/1786 1847/2521/1766 705/2517/1137
f 1920/2522/1787 1749/2523/1765 1847/2521/1766
f 1844/2524/1788 1850/2525/1789 1920/2522/1787
f 1852/2520/1786 1844/2524/1788 1920/2522/1787
f 1853/2526/1790 1131/2485/1117 1658/2527/1462
f 1753/2528/1791 1658/2527/1462 1134/2529/1461
f 1816/2435/1721 1840/2530/1746 1738/2531/1689
f 1921/2532/1792 1746/2470/1727 1840/2530/1746
f 1828/2371/1671 1841/2469/1749 1921/2532/1792
f 1730/2382/1681 1921/2532/1792 1816/2435/1721
f 1853/2526/1790 1845/2498/1769 1751/2486/1760
f 1845/2498/1769 1854/2533/1793 1748/2496/1767
f 1843/2534/1794 1854/2533/1793 1922/2535/1795
f 1753/2528/1791 1922/2535/1795 1853/2526/1790
f 1843/2534/1794 1855/2536/1796 2420/2537/1797
f 1752/2493/1764 2420/2537/1797 2400/2538/1798
f 1855/2536/1796 1134/2529/1461 2370/2539/1503
f 1752/2493/1764 2421/2540/1799 1848/2491/1762
f 1756/2541/1800 1923/2542/1801 1881/2543/1802
f 1881/2543/1802 1771/2544/1803 1718/2545/1804
f 1923/2542/1801 1716/2546/1783 1771/2544/1803
f 1861/2547/1805 1882/2548/1781 1923/2542/1801
f 1857/2549/1806 1854/2533/1793 1752/2493/1764
f 1924/2550/1807 1748/2496/1767 1854/2533/1793
f 1860/2551/1808 1856/2504/1775 1924/2550/1807
f 1756/2541/1800 1924/2550/1807 1857/2549/1806
f 1842/2492/1763 1857/2549/1806 1752/2493/1764
f 1857/2549/1806 1861/2547/1805 1756/2541/1800
f 1925/2552/1809 1757/2553/1782 1861/2547/1805
f 1842/2492/1763 1858/2554/1810 1925/2552/1809
f 1881/2543/1802 1860/2551/1808 1756/2541/1800
f 1926/2555/1811 1754/2502/1773 1860/2551/1808
f 1849/2556/1812 1880/2557/1813 1926/2555/1811
f 1718/2545/1804 1926/2555/1811 1881/2543/1802
f 1747/2558/1771 1927/2559/1814 1850/2525/1789
f 1850/2525/1789 1858/2560/1810 1749/2523/1765
f 1927/2559/1814 1757/2512/1782 1858/2560/1810
f 1859/2561/1776 1863/2510/1780 1927/2559/1814
f 1769/2562/1815 1928/2563/1816 1786/2564/1584
f 1786/2564/1584 1345/1620/1087 413/2565/1817
f 1928/2563/1816 408/836/408 1345/1620/1087
f 1872/2335/1642 1779/2566/1818 1928/2563/1816
f 1759/2567/84 1870/2189/1576 1866/2191/1577
f 1765/2568/1819 1865/2569/89 1869/2570/1578
f 1758/2571/5 1869/2570/1578 1865/2569/89
f 1867/2572/10 1766/2573/1820 1871/2574/1581
f 606/2172/12 1868/2575/1579 1864/2576/1821
f 1764/2577/1582 1864/2576/1821 1868/2575/1579
f 1772/2578/1657 1758/2579/5 1761/2580/1649
f 606/2177/12 1772/2578/1657 611/2178/1575
f 609/2187/1 1775/2581/1651 1867/2582/10
f 1773/2583/1646 1758/2579/5 1865/2584/89
f 1759/2585/84 1773/2583/1646 1865/2584/89
f 1774/2586/1659 1759/2585/84 1866/2587/1577
f 1760/2588/21 1774/2586/1659 1866/2587/1577
f 1775/2581/1651 1760/2588/21 1867/2582/10
f 724/2589/1570 1867/2572/10 1871/2574/1581
f 1868/2193/1579 1109/2196/1574 1110/2194/1568
f 1871/2198/1581 1766/2590/1820 1870/2197/1576
f 1112/2591/1569 724/2592/1570 1871/2198/1581
f 1112/2591/1569 1871/2198/1581 1110/2194/1568
f 1110/2194/1568 1111/2593/1564 1112/2591/1569
f 1110/2194/1568 722/2594/1566 1111/2593/1564
f 1870/2197/1576 1765/2595/1819 1869/2192/1578
f 1109/2196/1574 720/2596/1572 1110/2194/1568
f 1111/2593/1564 723/2597/1571 1112/2591/1569
f 775/2598/380 430/2599/386 776/2600/395
f 428/2287/394 776/2600/395 430/2599/386
f 774/2284/1585 428/2287/394 430/2599/386
f 776/2600/395 431/2601/381 775/2598/380
f 1806/2602/1822 1875/2603/1690 1734/2604/1823
f 1875/2603/1690 1810/2605/1724 1738/2606/1689
f 1878/2397/1692 1810/2605/1724 1929/2607/1824
f 1733/2398/1693 1929/2607/1824 1806/2602/1822
f 1715/2608/1825 1930/2609/9 1851/2610/1785
f 1851/2610/1785 1771/2611/1803 1716/2612/1783
f 1930/2609/9 1718/2613/1804 1771/2611/1803
f 1770/2614/1826 1849/2615/1812 1930/2609/9
f 1770/2616/1826 1880/2557/1813 1717/2617/1827
f 1880/2557/1813 1862/2507/1778 1754/2502/1773
f 1879/2618/1784 1862/2507/1778 1931/2619/1828
f 1715/2620/1825 1931/2619/1828 1770/2616/1826
f 1734/2621/1823 1807/2288/1614 1732/2291/1617
f 1805/2622/1691 1734/2621/1823 1732/2291/1617
f 1806/2623/1822 1734/2621/1823 1805/2622/1691
f 1805/2622/1691 1733/2624/1693 1806/2623/1822
f 1707/2625/1618 1936/2626/1829 1941/2627/1830
f 1936/2626/1829 1708/2628/1620 1943/2629/1831
f 1943/2629/1831 1390/2630/1507 1933/2631/1832
f 1390/2632/1507 1944/2633/1833 1933/2634/1832
f 1932/2635/1834 1945/2636/1835 1938/2637/1836
f 1938/2637/1836 1943/2638/1831 1933/2639/1832
f 1945/2636/1835 1936/2640/1829 1943/2638/1831
f 1940/2641/1837 1941/2642/1830 1945/2636/1835
f 1944/2643/1833 1938/2637/1836 1933/2639/1832
f 1946/2644/1838 1932/2635/1834 1938/2637/1836
f 1942/2645/1839 1939/2646/1840 1946/2644/1838
f 1937/2647/1841 1946/2644/1838 1944/2643/1833
f 1671/2648/1506 1937/2649/1841 1944/2633/1833
f 1389/2650/1508 1942/2651/1839 1937/2649/1841
f 1672/2652/1509 1934/2653/1842 1942/2651/1839
f 1934/2653/1842 1711/2654/1621 1939/2655/1840
f 1939/2655/1840 1391/2656/1593 1932/2657/1834
f 1940/2658/1837 1391/2656/1593 1696/2659/1592
f 1935/2660/1843 1707/2625/1618 1941/2627/1830
f 1935/2660/1843 1696/2659/1592 1387/2661/1594
f 1111/2156/1564 608/2168/24 723/2167/1571
f 726/2662/1844 1783/2663/1684 752/2664/377
f 1783/2663/1684 1767/2665/1635 1784/2200/1583
f 1784/2200/1583 1768/2666/1641 1785/2667/1643
f 1783/2663/1684 753/2202/320 752/2664/377
f 1785/2667/1643 1769/2668/1815 1786/2201/1584
f 1786/2201/1584 413/2669/1817 755/2670/1086
f 755/2670/1086 728/2671/1084 754/2672/326
f 753/2202/320 754/2672/326 727/2673/324
f 755/2670/1086 754/2672/326 753/2202/320
f 753/2202/320 725/2674/378 752/2664/377
f 1783/2663/1684 1784/2200/1583 753/2202/320
f 753/2202/320 1786/2201/1584 755/2670/1086
f 1785/2667/1643 1786/2201/1584 1784/2200/1583
f 759/727/308 1392/731/312 765/728/309
f 759/727/308 417/755/334 749/730/311
f 1392/731/312 749/730/311 421/732/313
f 1392/731/312 763/733/314 419/734/315
f 410/735/316 1346/738/319 1393/736/317
f 1346/738/319 725/804/378 753/739/320
f 753/739/320 727/2675/324 1343/740/321
f 1393/736/317 1343/740/321 411/741/322
f 1343/742/321 1394/746/325 747/743/323
f 727/745/324 754/747/326 1394/746/325
f 754/747/326 728/1617/1084 1342/748/327
f 1394/746/325 1342/748/327 412/749/328
f 742/750/329 1395/754/333 756/751/330
f 742/750/329 610/764/343 751/753/332
f 1395/754/333 751/753/332 417/755/334
f 1395/754/333 759/727/308 414/729/310
f 744/756/335 1396/760/339 758/757/336
f 613/759/338 750/761/340 1396/760/339
f 750/761/340 415/775/352 760/762/341
f 1396/760/339 760/762/341 418/763/342
f 610/764/343 741/766/345 1397/765/344
f 741/766/345 611/2676/1575 757/767/346
f 1397/765/344 757/767/346 416/768/347
f 751/753/332 1397/765/344 761/769/348
f 743/770/349 1398/772/350 750/761/340
f 612/771/331 756/773/330 1398/772/350
f 756/773/330 414/777/310 762/774/351
f 1398/772/350 762/774/351 415/775/352
f 762/774/351 1399/778/354 766/776/353
f 414/777/310 765/779/309 1399/778/354
f 765/779/309 419/874/315 764/780/355
f 1399/778/354 764/780/355 420/781/356
f 798/782/357 1400/786/361 809/783/358
f 798/782/357 410/735/316 769/785/360
f 769/785/360 426/798/372 800/787/362
f 1400/786/361 800/787/362 441/788/363
f 411/744/322 747/743/323 1401/789/364
f 747/743/323 412/749/328 768/791/366
f 1401/789/364 768/791/366 425/792/367
f 772/790/365 1401/789/364 771/793/368
f 746/737/318 1402/795/370 769/785/360
f 411/741/322 772/2677/365 1402/795/370
f 1402/795/370 772/2677/365 427/796/369
f 1402/795/370 770/797/371 426/798/372
f 745/799/373 1403/801/375 1346/738/319
f 409/800/374 1344/802/376 1403/801/375
f 1344/802/376 726/2678/1844 752/803/377
f 1403/801/375 752/803/377 725/804/378
f 1348/805/379 1404/809/383 775/806/380
f 1348/805/379 435/847/419 779/808/382
f 1404/809/383 779/808/382 434/810/384
f 775/806/380 1404/809/383 1347/811/385
f 1350/813/387 1405/817/391 773/814/388
f 433/816/390 777/818/392 1405/817/391
f 777/818/392 432/2679/396 1349/819/393
f 1405/817/391 1349/819/393 428/820/394
f 1349/821/393 1406/825/397 776/822/395
f 432/824/396 780/826/398 1406/825/397
f 780/826/398 435/847/419 1348/805/379
f 1406/825/397 1348/805/379 431/807/381
f 439/784/359 808/828/400 1407/827/399
f 808/828/400 436/906/463 787/829/401
f 1407/827/399 787/829/401 409/800/374
f 1407/827/399 745/799/373 410/735/316
f 807/830/402 1408/834/406 788/831/403
f 438/833/405 797/899/456 1408/834/406
f 1408/834/406 797/899/456 412/749/328
f 1408/834/406 748/835/407 408/836/408
f 806/837/409 1409/840/412 791/838/410
f 438/833/405 789/841/413 1409/840/412
f 789/841/413 415/775/352 766/776/353
f 791/838/410 1409/840/412 766/776/353
f 443/842/414 805/845/417 1410/843/415
f 805/845/417 442/886/448 793/846/418
f 1410/843/415 793/846/418 435/847/419
f 802/844/416 1410/843/415 780/826/398
f 427/794/369 771/793/368 1411/848/420
f 771/793/368 425/792/367 781/850/422
f 1411/848/420 781/850/422 432/851/396
f 783/849/421 1411/848/420 777/852/392
f 770/797/371 1412/856/424 784/854/423
f 770/797/371 427/796/369 783/855/421
f 1412/856/424 783/855/421 433/857/390
f 784/854/423 1412/856/424 778/858/425
f 843/860/426 1413/864/430 803/861/427
f 843/860/426 442/886/448 801/863/429
f 1413/864/430 801/863/429 424/865/431
f 803/861/427 1413/864/430 767/866/432
f 763/733/314 1414/869/435 786/868/434
f 421/732/313 785/870/436 1414/869/435
f 785/870/436 423/892/433 2332/871/437
f 1414/869/435 2332/871/437 2320/872/438
f 764/780/355 1415/875/440 782/873/439
f 419/874/315 786/876/434 1415/875/440
f 786/876/434 2320/2680/438 2333/877/441
f 1415/875/440 2333/877/441 422/878/442
f 804/879/443 1416/882/445 799/880/444
f 443/881/414 802/883/416 1416/882/445
f 802/883/416 432/851/396 781/850/422
f 1416/882/445 781/850/422 425/792/367
f 444/862/428 844/885/447 1417/884/446
f 844/885/447 434/810/384 779/808/382
f 1417/884/446 779/808/382 435/847/419
f 1417/884/446 793/846/418 442/886/448
f 421/732/313 792/888/450 1418/887/449
f 792/888/450 441/788/363 845/889/451
f 1418/887/449 845/889/451 444/890/428
f 785/870/436 1418/887/449 803/891/427
f 420/781/356 782/873/439 1419/893/452
f 782/873/439 422/878/442 794/894/453
f 1419/893/452 794/894/453 443/881/414
f 791/838/410 1419/893/452 804/879/443
f 2334/895/454 1420/898/455 794/896/453
f 424/865/431 801/863/429 1420/898/455
f 1420/898/455 801/863/429 442/886/448
f 794/896/453 1420/898/455 805/845/417
f 768/791/366 1421/900/457 799/880/444
f 768/791/366 412/749/328 797/899/456
f 797/899/456 438/833/405 806/837/409
f 1421/900/457 806/837/409 440/839/411
f 760/762/341 1422/902/459 796/901/458
f 415/775/352 789/841/413 1422/902/459
f 789/841/413 438/833/405 807/830/402
f 1422/902/459 807/830/402 437/832/404
f 417/755/334 761/769/348 1423/903/460
f 761/769/348 416/768/347 795/905/462
f 1423/903/460 795/905/462 436/906/463
f 790/904/461 1423/903/460 808/828/400
f 790/904/461 1424/907/464 749/730/311
f 439/784/359 809/783/358 1424/907/464
f 809/783/358 441/788/363 792/888/450
f 1424/907/464 792/888/450 421/732/313
f 514/908/465 926/911/468 1425/909/466
f 926/911/468 512/1395/728 914/912/469
f 1425/909/466 914/912/469 457/913/470
f 927/910/467 1425/909/466 928/914/471
f 459/916/473 829/920/477 1426/917/474
f 461/919/476 827/921/478 1426/917/474
f 827/921/478 452/935/492 816/922/479
f 1426/917/474 816/922/479 453/923/480
f 460/924/481 830/927/484 1427/925/482
f 830/927/484 459/916/473 825/918/475
f 825/918/475 453/923/480 817/928/485
f 826/926/483 1427/925/482 817/928/485
f 831/930/487 1428/932/489 827/921/478
f 462/931/488 828/933/490 1428/932/489
f 828/933/490 451/1173/619 815/934/491
f 1428/932/489 815/934/491 452/935/492
f 832/936/493 1429/2681/496 851/937/494
f 832/939/493 460/924/481 826/926/483
f 1429/940/496 826/926/483 454/929/486
f 851/937/494 1429/2681/496 811/942/497
f 572/944/499 1056/2313/1623 1430/945/500
f 1430/945/500 1027/1378/893 551/947/502
f 1057/946/501 1430/945/500 1014/948/503
f 532/949/504 965/952/507 1431/950/505
f 965/952/507 524/1094/641 903/953/508
f 1431/950/505 903/953/508 472/954/509
f 953/951/506 1431/950/505 842/955/510
f 879/957/512 1432/960/515 868/958/513
f 573/959/514 877/962/517 1432/960/515
f 492/961/516 868/958/513 1432/960/515
f 573/963/514 2339/967/521 1433/964/518
f 846/966/520 1433/964/518 2339/967/521
f 463/969/523 878/965/519 1433/964/518
f 446/970/524 850/973/527 1434/971/525
f 475/938/495 851/937/494 1434/971/525
f 1434/971/525 851/937/494 474/943/498
f 1434/971/525 849/974/528 445/975/529
f 533/976/530 964/979/533 1435/977/531
f 964/979/533 532/949/504 953/951/506
f 1435/977/531 953/951/506 476/956/511
f 954/978/532 1435/977/531 852/980/534
f 531/982/536 963/985/539 1436/983/537
f 963/985/539 533/976/530 954/978/532
f 1436/983/537 954/978/532 477/981/535
f 952/984/538 1436/983/537 853/986/540
f 530/988/542 962/991/545 1437/989/543
f 962/991/545 531/982/536 952/984/538
f 1437/989/543 952/984/538 478/987/541
f 951/990/544 1437/989/543 854/992/546
f 529/994/548 961/997/551 1438/995/549
f 961/997/551 530/988/542 951/990/544
f 1438/995/549 951/990/544 479/993/547
f 950/996/550 1438/995/549 855/998/552
f 528/1000/554 960/1003/557 1439/1001/555
f 960/1003/557 529/994/548 950/996/550
f 1439/1001/555 950/996/550 480/999/553
f 949/1002/556 1439/1001/555 856/1004/558
f 525/1006/560 959/1009/563 1440/1007/561
f 959/1009/563 528/1000/554 949/1002/556
f 1440/1007/561 949/1002/556 481/1005/559
f 946/1008/562 1440/1007/561 857/1010/564
f 816/1012/479 1441/1016/567 866/1013/566
f 452/1015/492 865/1017/568 1441/1016/567
f 865/1017/568 501/1080/627 900/1018/569
f 1441/1016/567 900/1018/569 500/1019/570
f 899/1020/571 1442/1022/573 866/1013/566
f 899/1020/571 499/1086/633 867/1021/572
f 1442/1022/573 867/1021/572 454/1023/486
f 1442/1022/573 817/1024/485 453/1014/480
f 820/1025/574 1443/1029/577 890/1026/575
f 457/1028/470 904/1099/646 1443/1029/577
f 1443/1029/577 904/1099/646 502/1030/578
f 890/1026/575 1443/1029/577 881/1031/579
f 574/1033/581 1060/1036/584 1444/1034/582
f 1060/1036/584 446/970/524 810/972/526
f 810/972/526 445/975/529 1063/1037/585
f 1444/1034/582 1063/1037/585 575/1038/586
f 966/1039/587 1445/1043/591 875/1040/588
f 579/1042/590 880/1044/592 1445/1043/591
f 880/1044/592 556/1217/751 1034/1045/593
f 1445/1043/591 1034/1045/593 559/1046/594
f 819/1047/595 1446/1050/598 889/1048/596
f 456/1027/576 890/1026/575 1446/1050/598
f 1446/1050/598 890/1026/575 493/1032/580
f 889/1048/596 1446/1050/598 882/1051/599
f 448/1053/601 818/1056/604 1447/1054/602
f 818/1056/604 455/1049/597 889/1048/596
f 1447/1054/602 889/1048/596 494/1052/600
f 888/1055/603 1447/1054/602 894/1057/605
f 449/1059/607 812/1062/610 1448/1060/608
f 812/1062/610 448/1053/601 888/1055/603
f 1448/1060/608 888/1055/603 495/1058/606
f 887/1061/609 1448/1060/608 895/1063/611
f 450/1065/613 813/1068/616 1449/1066/614
f 813/1068/616 449/1059/607 887/1061/609
f 1449/1066/614 887/1061/609 496/1064/612
f 886/1067/615 1449/1066/614 896/1069/617
f 451/1071/619 814/1074/622 1450/1072/620
f 814/1074/622 450/1065/613 886/1067/615
f 1450/1072/620 886/1067/615 497/1070/618
f 885/1073/621 1450/1072/620 897/1075/623
f 815/1077/491 1451/1078/625 865/1017/568
f 451/1071/619 885/1073/621 1451/1078/625
f 1451/1078/625 885/1073/621 498/1076/624
f 865/1017/568 1451/1078/625 898/1079/626
f 504/1081/628 918/1084/631 1452/1082/629
f 918/1084/631 505/1113/659 860/1085/632
f 1452/1082/629 860/1085/632 499/1086/633
f 1452/1082/629 899/1020/571 500/1019/570
f 526/1087/634 958/1090/637 1453/1088/635
f 958/1090/637 525/1006/560 946/1008/562
f 1453/1088/635 946/1008/562 482/1011/565
f 947/1089/636 1453/1088/635 858/1091/638
f 957/1093/640 1454/1096/643 903/953/508
f 523/1095/642 891/1097/644 1454/1096/643
f 891/1097/644 447/2682/1845 839/1098/645
f 1454/1096/643 839/1098/645 472/954/509
f 904/1099/646 1455/1101/648 915/1100/647
f 457/1028/470 914/1102/469 1455/1101/648
f 914/1102/469 512/1194/728 916/1103/649
f 1455/1101/648 916/1103/649 513/1104/650
f 900/1018/569 1456/1106/652 841/1083/630
f 900/1018/569 501/1080/627 840/1105/651
f 1456/1106/652 840/1105/651 503/1107/653
f 841/1083/630 1456/1106/652 917/1108/654
f 526/1087/634 956/1111/657 1457/1109/655
f 956/1111/657 527/1192/726 907/1112/658
f 1457/1109/655 907/1112/658 505/1113/659
f 906/1110/656 1457/1109/655 918/1084/631
f 501/1080/627 898/1079/626 1458/1114/660
f 898/1079/626 498/1076/624 861/1115/661
f 1458/1114/660 861/1115/661 506/1116/662
f 840/1105/651 1458/1114/660 919/1117/663
f 498/1076/624 897/1075/623 1459/1118/664
f 897/1075/623 497/1070/618 862/1119/665
f 1459/1118/664 862/1119/665 507/1120/666
f 861/1115/661 1459/1118/664 920/1121/667
f 497/1070/618 896/1069/617 1460/1122/668
f 896/1069/617 496/1064/612 863/1123/669
f 1460/1122/668 863/1123/669 508/1124/670
f 862/1119/665 1460/1122/668 921/1125/671
f 496/1064/612 895/1063/611 1461/1126/672
f 895/1063/611 495/1058/606 864/1127/673
f 1461/1126/672 864/1127/673 509/1128/674
f 863/1123/669 1461/1126/672 922/1129/675
f 495/1058/606 894/1057/605 1462/1130/676
f 894/1057/605 494/1052/600 884/1131/677
f 1462/1130/676 884/1131/677 511/1132/678
f 864/1127/673 1462/1130/676 923/1133/679
f 494/1052/600 882/1051/599 1463/1134/680
f 882/1051/599 493/1032/580 883/1135/681
f 1463/1134/680 883/1135/681 510/1136/682
f 884/1131/677 1463/1134/680 924/1137/683
f 881/1031/579 1464/1138/684 883/1135/681
f 502/1030/578 915/1100/647 1464/1138/684
f 915/1100/647 513/1104/650 925/1139/685
f 1464/1138/684 925/1139/685 510/1136/682
f 515/915/472 928/914/471 1465/1140/686
f 928/914/471 457/913/470 820/1142/574
f 1465/1140/686 820/1142/574 456/1143/576
f 934/1141/687 1465/1140/686 930/1144/688
f 935/1146/690 1466/1149/693 929/1147/691
f 517/1145/689 930/1144/688 1466/1149/693
f 930/1144/688 456/1143/576 819/1150/595
f 1466/1149/693 819/1150/595 455/1151/597
f 936/1152/694 1467/1155/697 932/1153/695
f 516/1148/692 929/1147/691 1467/1155/697
f 929/1147/691 455/1151/597 818/1156/604
f 1467/1155/697 818/1156/604 448/1157/601
f 937/1158/698 1468/1162/702 931/1159/699
f 520/1161/701 933/1163/703 1468/1162/702
f 933/1163/703 449/1169/607 813/1164/616
f 1468/1162/702 813/1164/616 450/1165/613
f 938/1166/704 1469/1167/705 933/1163/703
f 519/1154/696 932/1153/695 1469/1167/705
f 932/1153/695 448/1157/601 812/1168/610
f 1469/1167/705 812/1168/610 449/1169/607
f 518/1160/700 931/1159/699 1470/1170/706
f 931/1159/699 450/1165/613 814/1172/622
f 1470/1170/706 814/1172/622 451/1173/619
f 939/1171/707 1470/1170/706 828/933/490
f 582/1174/708 1052/1177/711 1471/1175/709
f 1052/1177/711 581/1467/966 1042/1178/712
f 1042/1178/712 568/1451/951 1050/1179/713
f 1471/1175/709 1050/1179/713 569/1180/714
f 943/1181/715 1472/1185/719 902/1182/716
f 489/1184/718 872/1186/720 1472/1185/719
f 872/1186/720 590/1544/1025 869/1187/721
f 1472/1185/719 869/1187/721 589/1188/722
f 483/1092/639 859/1191/725 1473/1189/723
f 484/1190/724 948/2155/1563 1473/1189/723
f 1473/1189/723 948/2155/1563 527/1192/726
f 947/1089/636 1473/1189/723 956/1111/657
f 916/1103/649 1474/1195/729 945/1193/727
f 512/1194/728 944/1196/730 1474/1195/729
f 944/1196/730 523/1095/642 957/1093/640
f 1474/1195/729 957/1093/640 524/1094/641
f 504/1081/628 917/1108/654 1475/1197/731
f 917/1108/654 503/1107/653 905/1198/732
f 1475/1197/731 905/1198/732 525/1006/560
f 906/1110/656 1475/1197/731 958/1090/637
f 503/1107/653 919/1117/663 1476/1199/733
f 919/1117/663 506/1116/662 908/1200/734
f 1476/1199/733 908/1200/734 528/1000/554
f 905/1198/732 1476/1199/733 959/1009/563
f 506/1116/662 920/1121/667 1477/1201/735
f 920/1121/667 507/1120/666 909/1202/736
f 1477/1201/735 909/1202/736 529/994/548
f 908/1200/734 1477/1201/735 960/1003/557
f 507/1120/666 921/1125/671 1478/1203/737
f 921/1125/671 508/1124/670 910/1204/738
f 1478/1203/737 910/1204/738 530/988/542
f 909/1202/736 1478/1203/737 961/997/551
f 508/1124/670 922/1129/675 1479/1205/739
f 922/1129/675 509/1128/674 911/1206/740
f 1479/1205/739 911/1206/740 531/982/536
f 910/1204/738 1479/1205/739 962/991/545
f 509/1128/674 923/1133/679 1480/1207/741
f 923/1133/679 511/1132/678 913/1208/742
f 1480/1207/741 913/1208/742 533/976/530
f 911/1206/740 1480/1207/741 963/985/539
f 511/1132/678 924/1137/683 1481/1209/743
f 924/1137/683 510/1136/682 912/1210/744
f 1481/1209/743 912/1210/744 532/949/504
f 913/1208/742 1481/1209/743 964/979/533
f 510/1136/682 925/1139/685 1482/1211/745
f 513/1104/650 945/1193/727 1482/1211/745
f 945/1193/727 524/1094/641 965/952/507
f 912/1210/744 1482/1211/745 965/952/507
f 940/1212/746 1483/1214/748 880/1044/592
f 522/1213/747 824/1215/749 1483/1214/748
f 824/1215/749 558/1409/915 1032/1216/750
f 1483/1214/748 1032/1216/750 556/1217/751
f 873/1218/752 1484/1222/756 1377/1219/753
f 737/1221/755 1378/1223/757 1484/1222/756
f 1378/1223/757 579/1042/590 966/1039/587
f 1377/1219/753 1484/1222/756 966/1039/587
f 943/1224/715 1485/1228/759 893/1225/758
f 521/1227/717 967/1229/760 1485/1228/759
f 967/1229/760 490/1307/838 901/1230/761
f 1485/1228/759 901/1230/761 473/1231/762
f 835/1232/763 1486/1236/767 970/1233/764
f 465/1235/766 975/1237/768 1486/1236/767
f 975/1237/768 537/1246/777 972/1238/769
f 1486/1236/767 972/1238/769 535/1239/770
f 462/931/488 969/1241/772 1487/1240/771
f 969/1241/772 534/1249/780 973/1242/773
f 1487/1240/771 973/1242/773 536/1243/774
f 939/1171/707 1487/1240/771 974/1244/775
f 972/1238/769 1488/1247/778 968/1245/776
f 537/1246/777 971/1248/779 1488/1247/778
f 971/1248/779 536/1243/774 973/1242/773
f 1488/1247/778 973/1242/773 534/1249/780
f 537/1246/777 975/1237/768 1489/1250/781
f 975/1237/768 465/1235/766 833/1252/783
f 1489/1250/781 833/1252/783 468/1253/784
f 978/1251/782 1489/1250/781 980/1254/785
f 518/1160/700 974/1244/775 1490/1256/787
f 974/1244/775 536/1243/774 979/1257/788
f 1490/1256/787 979/1257/788 538/1258/789
f 937/1158/698 1490/1256/787 977/1259/790
f 536/1243/774 971/1248/779 1491/1260/791
f 971/1248/779 537/1246/777 978/1251/782
f 1491/1260/791 978/1251/782 539/1255/786
f 979/1257/788 1491/1260/791 976/1261/792
f 539/1255/786 980/1254/785 1492/1262/793
f 980/1254/785 468/1253/784 836/1264/795
f 1492/1262/793 836/1264/795 464/1265/796
f 982/1263/794 1492/1262/793 985/1266/797
f 520/1161/701 977/1259/790 1493/1268/799
f 977/1259/790 538/1258/789 983/1269/800
f 1493/1268/799 983/1269/800 540/1270/801
f 938/1166/704 1493/1268/799 986/1271/802
f 538/1258/789 976/1261/792 1494/1272/803
f 976/1261/792 539/1255/786 982/1263/794
f 1494/1272/803 982/1263/794 541/1267/798
f 983/1269/800 1494/1272/803 981/1273/804
f 519/1154/696 986/1271/802 1495/1274/805
f 986/1271/802 540/1270/801 987/1275/806
f 1495/1274/805 987/1275/806 542/1276/807
f 936/1152/694 1495/1274/805 991/1277/808
f 541/1267/798 985/1266/797 1496/1278/809
f 985/1266/797 464/1265/796 821/1280/811
f 1496/1278/809 821/1280/811 469/1281/812
f 989/1279/810 1496/1278/809 990/1282/813
f 540/1270/801 981/1273/804 1497/1284/815
f 981/1273/804 541/1267/798 989/1279/810
f 1497/1284/815 989/1279/810 543/1283/814
f 987/1275/806 1497/1284/815 984/1285/816
f 543/1283/814 990/1282/813 1498/1286/817
f 990/1282/813 469/1281/812 837/1288/819
f 1498/1286/817 837/1288/819 470/1289/820
f 992/1287/818 1498/1286/817 995/1290/821
f 516/1148/692 991/1277/808 1499/1292/823
f 991/1277/808 542/1276/807 993/1293/824
f 1499/1292/823 993/1293/824 544/1294/825
f 935/1146/690 1499/1292/823 994/1295/826
f 542/1276/807 984/1285/816 1500/1296/827
f 984/1285/816 543/1283/814 992/1287/818
f 1500/1296/827 992/1287/818 545/1291/822
f 993/1293/824 1500/1296/827 988/1297/828
f 1015/1298/829 1501/1301/832 996/1299/830
f 514/908/465 997/1302/833 1501/1301/832
f 997/1302/833 544/1294/825 988/1297/828
f 996/1299/830 1501/1301/832 988/1297/828
f 517/1145/689 994/1295/826 1502/1303/834
f 544/1294/825 997/1302/833 1502/1303/834
f 997/1302/833 514/908/465 927/910/467
f 1502/1303/834 927/910/467 515/915/472
f 998/1304/835 491/1481/854 876/1305/836
f 1503/1306/837 876/1305/836 490/1307/838
f 941/1308/839 1503/1306/837 967/1229/760
f 575/1309/586 1067/1312/842 1504/1310/840
f 1067/1312/842 577/1514/993 1360/1313/843
f 1504/1310/840 1360/1313/843 405/1314/844
f 1357/1311/841 1504/1310/840 1021/1315/845
f 877/1317/517 1505/2683/848 1023/1318/847
f 573/1320/514 1022/1327/849 1505/1321/848
f 1505/1321/848 1022/1327/849 474/1323/498
f 1023/1318/847 1505/2683/848 811/1325/497
f 878/1326/519 1506/1329/850 1022/1327/849
f 463/1328/523 1020/1330/851 1506/1329/850
f 1020/1330/851 445/1510/529 849/1331/528
f 1022/1327/849 1506/1329/850 849/1331/528
f 1058/1332/852 1507/1335/855 1024/1333/853
f 492/1319/516 1023/1318/847 1507/1335/855
f 1023/1318/847 454/1023/486 867/1021/572
f 1507/1335/855 867/1021/572 499/1086/633
f 876/1336/836 1508/1339/857 1025/1337/856
f 491/1334/854 1024/1333/853 1508/1339/857
f 1024/1333/853 499/1086/633 860/1085/632
f 1508/1339/857 860/1085/632 505/1113/659
f 467/1234/765 970/1233/764 1509/1340/858
f 970/1233/764 535/1239/770 1002/1342/860
f 1509/1340/858 1002/1342/860 548/1343/861
f 1509/1340/858 1003/1344/862 458/1345/863
f 535/1239/770 968/1245/776 1510/1346/864
f 968/1245/776 534/1249/780 999/1347/865
f 1510/1346/864 999/1347/865 547/1348/866
f 1002/1342/860 1510/1346/864 1005/1349/867
f 1003/1344/862 1511/1351/869 834/1350/868
f 548/1343/861 1004/1352/870 1511/1351/869
f 1004/1352/870 549/1359/877 1007/1353/871
f 1511/1351/869 1007/1353/871 466/1354/872
f 548/1343/861 1005/1349/867 1512/1355/873
f 1005/1349/867 547/1348/866 1001/1356/874
f 1512/1355/873 1001/1356/874 546/1357/875
f 1004/1352/870 1512/1355/873 1008/1358/876
f 999/1347/865 1513/1361/879 1006/1360/878
f 534/1249/780 969/1241/772 1513/1361/879
f 969/1241/772 462/931/488 831/930/487
f 1513/1361/879 831/930/487 461/919/476
f 1013/1362/880 1514/1366/884 1011/1363/881
f 550/1365/883 1010/1367/885 1514/1366/884
f 1010/1367/885 466/1354/872 1007/1353/871
f 1514/1366/884 1007/1353/871 549/1359/877
f 551/947/502 1012/1370/888 1515/1368/886
f 552/1364/882 1011/1363/881 1515/1368/886
f 1515/1368/886 1011/1363/881 549/1359/877
f 1000/1369/887 1515/1368/886 1008/1358/876
f 1001/1356/874 1516/1372/890 1009/1371/889
f 547/1348/866 1006/1360/878 1516/1372/890
f 1006/1360/878 461/919/476 829/920/477
f 1009/1371/889 1516/1372/890 829/920/477
f 901/1373/761 1517/1376/892 1026/1374/891
f 490/1338/838 1025/1337/856 1517/1376/892
f 1025/1337/856 505/1113/659 907/1112/658
f 1517/1376/892 907/1112/658 527/1192/726
f 1377/1377/753 1518/1381/895 1027/1378/893
f 1377/1377/753 560/1384/589 1018/1380/894
f 1018/1380/894 552/1364/882 1012/1370/888
f 1027/1378/893 1518/1381/895 1012/1370/888
f 1000/1369/887 1519/1382/896 1014/948/503
f 546/1357/875 1009/1371/889 1519/1382/896
f 1519/1382/896 1009/1371/889 459/916/473
f 1014/948/503 1519/1382/896 830/927/484
f 892/1383/897 1520/1386/899 1018/1380/894
f 561/1385/898 1017/1387/900 1520/1386/899
f 1017/1387/900 550/1365/883 1013/1362/880
f 1520/1386/899 1013/1362/880 552/1364/882
f 1016/1388/901 1521/1391/904 838/1389/902
f 553/1300/831 996/1299/830 1521/1391/904
f 996/1299/830 545/1291/822 995/1290/821
f 1521/1391/904 995/1290/821 470/1289/820
f 553/1300/831 955/1393/906 1522/1392/905
f 955/1393/906 523/1399/642 944/1394/730
f 1522/1392/905 944/1394/730 512/1395/728
f 1015/1298/829 1522/1392/905 926/911/468
f 1016/1388/901 1523/1396/907 955/1393/906
f 554/1390/903 822/1397/908 1523/1396/907
f 822/1397/908 447/2684/1845 891/1398/644
f 1523/1396/907 891/1398/644 523/1399/642
f 1057/946/501 1524/1401/910 848/1400/909
f 460/924/481 832/939/493 1524/1401/910
f 832/936/493 475/938/495 1054/1402/911
f 1524/1403/910 1054/1402/911 571/1404/912
f 844/1406/447 1525/1407/913 784/854/423
f 444/890/428 845/889/451 1525/1407/913
f 845/889/451 441/788/363 800/787/362
f 1525/1407/913 800/787/362 426/798/372
f 1032/1216/750 1526/1410/916 1029/1408/914
f 558/1409/915 1033/1411/917 1526/1410/916
f 1033/1411/917 557/1421/927 1030/1412/918
f 1526/1410/916 1030/1412/918 555/1413/919
f 562/1414/920 1031/1417/923 1527/1415/921
f 1031/1417/923 559/1046/594 1034/1045/593
f 1527/1415/921 1034/1045/593 556/1217/751
f 1028/1416/922 1527/1415/921 1029/1408/914
f 593/1418/924 1035/1422/928 1528/1419/925
f 557/1421/927 1033/1411/917 1528/1419/925
f 1033/1411/917 558/1409/915 1036/1423/929
f 874/1420/926 1528/1419/925 1036/1423/929
f 566/1425/931 1351/1433/939 1694/1426/932
f 1562/1428/934 1355/1436/942 564/1429/935
f 1352/1431/937 1562/1428/934 1038/1430/936
f 1351/1433/939 566/1425/931 1037/1434/940
f 1695/1435/941 1037/1434/940 564/1429/935
f 1710/1437/943 1381/2297/1588 586/1438/944
f 566/1440/931 1039/1443/933 1529/1441/946
f 1039/1443/933 565/2056/1479 1040/1444/947
f 1529/1441/946 1040/1444/947 563/1445/938
f 1037/1442/940 1529/1441/946 1038/1446/936
f 521/1183/717 902/1182/716 1530/1448/948
f 1045/1450/950 1530/1448/948 902/1182/716
f 1049/1449/949 1530/1448/948 1045/1450/950
f 580/1452/952 1051/1455/955 1531/1453/953
f 1051/1455/955 582/1174/708 1047/1176/710
f 1531/1453/953 1047/1176/710 569/1180/714
f 1041/1454/954 1531/1453/953 1046/1456/956
f 522/1213/747 940/1212/746 1532/1458/958
f 940/1212/746 579/1042/590 942/1460/960
f 1532/1458/958 942/1460/960 580/1452/952
f 1532/1458/958 1041/1454/954 567/1457/957
f 870/1461/961 1533/1463/963 1045/1450/950
f 591/1462/962 1053/1464/964 1533/1463/963
f 1053/1464/964 569/1180/714 1050/1179/713
f 1533/1463/963 1050/1179/713 568/1451/951
f 941/1465/839 521/1183/717 1049/1449/949
f 1534/1466/965 1049/1449/949 568/1451/951
f 1534/1466/965 1042/1178/712 581/1467/966
f 587/1469/968 1382/2685/1591 1710/1437/943
f 1693/1470/969 1382/2685/1591 587/1469/968
f 1384/1472/971 1693/1470/969 1073/1471/970
f 1074/1474/973 1692/1530/1012 1384/1475/971
f 591/1462/962 871/1478/975 1535/1477/974
f 871/1478/975 592/1424/930 1044/1479/976
f 1535/1477/974 1044/1479/976 567/1457/957
f 1053/1464/964 1535/1477/974 1046/1456/956
f 1048/1459/959 1536/1480/977 824/1215/749
f 1048/1459/959 567/1457/957 1044/1479/976
f 1536/1480/977 1044/1479/976 592/1424/930
f 1536/1480/977 1036/1423/929 558/1409/915
f 491/1481/854 998/1304/835 1537/1482/978
f 1537/1482/978 1056/2313/1623 572/944/499
f 1058/1483/852 1537/1482/978 868/958/513
f 850/973/527 1538/1485/980 1054/1402/911
f 850/973/527 446/970/524 1055/1484/979
f 1055/1484/979 570/968/522 847/1486/981
f 1538/1485/980 847/1486/981 571/1404/912
f 2342/1487/982 571/1404/912 847/1486/981
f 2364/1488/983 847/1486/981 570/968/522
f 2365/1490/985 2343/2686/1846 572/944/499
f 2342/1487/982 2365/2687/985 848/1405/909
f 570/968/522 2339/967/521 1539/1491/986
f 572/944/499 2343/2686/1846 2366/1492/987
f 576/1493/988 1359/1496/991 1540/1494/989
f 1359/1496/991 407/1509/1002 740/1497/992
f 1540/1494/989 740/1497/992 405/1498/844
f 1065/1495/990 1540/1494/989 1360/1499/843
f 1055/1484/979 1541/1502/995 1061/1501/994
f 446/970/524 1060/1036/584 1541/1502/995
f 1060/1036/584 574/1033/581 1064/1503/996
f 1541/1502/995 1064/1503/996 576/1493/988
f 1061/1501/994 1542/1504/997 846/966/520
f 1061/1501/994 576/1493/988 1065/1495/990
f 1542/1504/997 1065/1495/990 577/1500/993
f 846/966/520 1542/1504/997 1062/1505/998
f 1064/1503/996 1543/1506/999 1359/1496/991
f 574/1033/581 1358/1507/1000 1543/1506/999
f 1358/1507/1000 406/2251/1596 1019/1508/1001
f 1543/1506/999 1019/1508/1001 407/1509/1002
f 445/1510/529 1020/1330/851 1544/1511/1003
f 1020/1330/851 463/1328/523 1062/1513/998
f 1544/1511/1003 1062/1513/998 577/1514/993
f 1063/1512/585 1544/1511/1003 1067/1312/842
f 583/1515/1004 1068/1518/1007 1545/1516/1005
f 1068/1518/1007 584/1524/972 1073/1519/970
f 1545/1516/1005 1073/1519/970 587/1520/968
f 1070/1517/1006 1545/1516/1005 1071/1521/945
f 1068/1518/1007 1546/1525/1008 1074/1523/973
f 583/1515/1004 1069/1526/1009 1546/1525/1008
f 1069/1526/1009 585/2688/1014 1072/1527/1010
f 1546/1525/1008 1072/1527/1010 588/1528/1011
f 588/1529/1011 1383/1532/1013 1692/1530/1012
f 1072/1531/1010 1709/1534/1015 1383/1532/1013
f 585/1533/1014 1380/2689/1590 1709/1534/1015
f 700/1535/1016 1303/2042/1471 1561/1536/1017
f 1376/1538/1019 1547/1542/1023 1361/1539/1020
f 730/1541/1022 1080/1543/1024 1547/1542/1023
f 1080/1543/1024 589/1188/722 869/1187/721
f 1547/1542/1023 869/1187/721 590/1544/1025
f 1375/1545/1026 1548/1547/1028 1080/1543/1024
f 731/1546/1027 1081/1548/1029 1548/1547/1028
f 1081/1548/1029 591/1462/962 870/1461/961
f 1548/1547/1028 870/1461/961 589/1188/722
f 731/1546/1027 1374/1550/1031 1549/1549/1030
f 1374/1550/1031 732/1553/1034 1082/1551/1032
f 1549/1549/1030 1082/1551/1032 592/1424/930
f 1081/1548/1029 1549/1549/1030 871/1478/975
f 1373/1552/1033 1550/1555/1036 1082/1551/1032
f 733/1554/1035 1083/1556/1037 1550/1555/1036
f 1083/1556/1037 593/1418/924 874/1420/926
f 1550/1555/1036 874/1420/926 592/1424/930
f 1077/1557/1038 1551/1561/1042 1090/1558/1039
f 1077/1557/1038 487/1580/1061 1089/1560/1041
f 1551/1561/1042 1089/1560/1041 602/1562/1043
f 1551/1561/1042 1086/1563/1044 603/1564/1045
f 1075/1565/1046 1552/1569/1050 1091/1566/1047
f 1075/1565/1046 485/2124/1538 1088/1568/1049
f 1552/1569/1050 1088/1568/1049 601/1570/1051
f 1552/1569/1050 1084/1571/1052 600/1572/1053
f 1078/1573/1054 1553/1576/1057 1092/1574/1055
f 1078/1573/1054 488/1559/1040 1090/1558/1039
f 1553/1576/1057 1090/1558/1039 603/1564/1045
f 1553/1576/1057 1087/1577/1058 604/1578/1059
f 1076/1579/1060 1554/1581/1062 1089/1560/1041
f 1076/1579/1060 486/1567/1048 1091/1566/1047
f 1554/1581/1062 1091/1566/1047 600/1572/1053
f 1554/1581/1062 1085/1582/1063 602/1562/1043
f 1093/1583/44 1555/1587/44 1096/1584/1064
f 594/1586/44 1094/1588/44 1555/1587/44
f 1094/1588/44 597/1592/1069 1097/1589/1066
f 1555/1587/44 1097/1589/1066 595/1590/1067
f 1094/1588/44 1556/1593/44 1098/1591/1068
f 594/1586/44 1095/1594/44 1556/1593/44
f 1095/1594/44 599/1603/1078 1099/1595/1070
f 1556/1593/44 1099/1595/1070 598/1596/1071
f 595/1590/1067 1097/1589/1066 1557/1597/1072
f 597/1592/1069 1102/1599/1074 1557/1597/1072
f 1102/1599/1074 602/1562/1043 1085/1582/1063
f 1557/1597/1072 1085/1582/1063 600/1572/1053
f 597/1592/1069 1098/1591/1068 1558/1600/1075
f 598/1596/1071 1103/1602/1077 1558/1600/1075
f 1558/1600/1075 1103/1602/1077 603/1564/1045
f 1102/1599/1074 1558/1600/1075 1086/1563/1044
f 598/1596/1071 1099/1595/1070 1559/1601/1076
f 599/1603/1078 1104/1604/1079 1559/1601/1076
f 1104/1604/1079 604/1578/1059 1087/1577/1058
f 1559/1601/1076 1087/1577/1058 603/1564/1045
f 596/1585/1065 1096/1584/1064 1560/1605/1080
f 595/1590/1067 1101/1598/1073 1560/1605/1080
f 1560/1605/1080 1101/1598/1073 600/1572/1053
f 1100/1606/1081 1560/1605/1080 1084/1571/1052
f 562/1607/920 1296/1610/1083 1561/1608/1017
f 1296/1610/1083 697/2150/1182 1354/1611/1018
f 561/1612/898 892/1615/897 1562/1613/934
f 892/1615/897 560/2234/589 1355/1616/942
f 728/1617/1084 755/1619/1086 1563/1618/1085
f 755/1619/1086 413/2565/1817 1345/1620/1087
f 1563/1618/1085 1345/1620/1087 408/836/408
f 1342/748/327 1563/1618/1085 748/835/407
f 656/1621/1088 1199/1624/1091 1564/1622/1089
f 1199/1624/1091 657/1814/1274 1200/1625/1092
f 1564/1622/1089 1200/1625/1092 624/1626/1093
f 1198/1623/1090 1564/1622/1089 1186/1627/1094
f 625/1629/1096 1124/1633/1100 1565/1630/1097
f 620/1632/1099 1118/1634/1101 1565/1630/1097
f 1118/1634/1101 619/1643/1110 1126/1635/1102
f 1565/1630/1097 1126/1635/1102 627/1636/1103
f 626/1637/1104 1125/1640/1107 1566/1638/1105
f 1125/1640/1107 621/1649/1116 1119/1641/1108
f 1119/1641/1108 620/1632/1099 1124/1633/1100
f 1129/1639/1106 1566/1638/1105 1124/1633/1100
f 1126/1635/1102 1567/1644/1111 1130/1642/1109
f 619/1643/1110 1117/1645/1112 1567/1644/1111
f 1117/1645/1112 618/1847/1211 1127/1646/1113
f 1567/1644/1111 1127/1646/1113 628/1647/1114
f 1568/1648/1115 1113/2690/1414 621/1649/1116
f 1131/1650/1117 1568/1648/1115 1125/1640/1107
f 704/1651/1118 1318/1654/1121 1569/1652/1119
f 1318/1654/1121 626/1637/1104 1285/1655/1122
f 1569/1652/1119 1285/1655/1122 692/1656/1123
f 1270/1658/1125 1670/2079/1502 1317/1653/1120
f 674/1660/1127 1225/1663/1130 1570/1661/1128
f 1225/1663/1130 476/956/511 842/955/510
f 1570/1661/1128 842/955/510 472/954/509
f 1237/1662/1129 1570/1661/1128 1175/1664/1131
f 1143/1666/1133 1571/1669/1136 1152/1667/1134
f 634/1668/1135 1151/1671/1138 1571/1669/1136
f 705/1670/1137 1152/1667/1134 1571/1669/1136
f 675/1672/1139 1226/1675/1142 1572/1673/1140
f 1226/1675/1142 477/981/535 852/980/534
f 1572/1673/1140 852/980/534 476/956/511
f 1236/1674/1141 1572/1673/1140 1225/1663/1130
f 673/1676/1143 1224/1679/1146 1573/1677/1144
f 1224/1679/1146 478/987/541 853/986/540
f 1573/1677/1144 853/986/540 477/981/535
f 1235/1678/1145 1573/1677/1144 1226/1675/1142
f 672/1680/1147 1223/1683/1150 1574/1681/1148
f 1223/1683/1150 479/993/547 854/992/546
f 1574/1681/1148 854/992/546 478/987/541
f 1234/1682/1149 1574/1681/1148 1224/1679/1146
f 671/1684/1151 1222/1687/1154 1575/1685/1152
f 1222/1687/1154 480/999/553 855/998/552
f 1575/1685/1152 855/998/552 479/993/547
f 1233/1686/1153 1575/1685/1152 1223/1683/1150
f 670/1688/1155 1221/1691/1158 1576/1689/1156
f 1221/1691/1158 481/1005/559 856/1004/558
f 1576/1689/1156 856/1004/558 480/999/553
f 1232/1690/1157 1576/1689/1156 1222/1687/1154
f 667/1692/1159 1218/1695/1162 1577/1693/1160
f 1218/1695/1162 482/1011/565 857/1010/564
f 1577/1693/1160 857/1010/564 481/1005/559
f 1231/1694/1161 1577/1693/1160 1221/1691/1158
f 1141/1696/1163 1578/1700/1165 1118/1697/1101
f 642/1699/1164 1172/1701/1166 1578/1700/1165
f 1172/1701/1166 643/1782/1242 1140/1702/1167
f 1578/1700/1165 1140/1702/1167 619/1703/1110
f 1141/1696/1163 1579/1705/1169 1171/1704/1168
f 620/1698/1099 1119/2691/1108 1579/1705/1169
f 1579/1705/1169 1119/2691/1108 621/1706/1116
f 1171/1704/1168 1579/1705/1169 1142/1707/1170
f 1163/1709/1172 1580/1713/1176 1122/1710/1173
f 1163/1709/1172 635/1730/1192 1154/1712/1175
f 1580/1713/1176 1154/1712/1175 644/1714/1177
f 1580/1713/1176 1176/1715/1178 624/1716/1093
f 1149/1717/1179 1581/1721/1183 1238/1718/1180
f 697/1720/1182 1299/1722/1184 1581/1721/1183
f 1299/1722/1184 695/1887/1332 1153/1723/1185
f 1581/1721/1183 1153/1723/1185 707/1724/1186
f 1162/1725/1187 1582/1729/1191 1121/1726/1188
f 1162/1725/1187 636/1736/1198 1155/1728/1190
f 1582/1729/1191 1155/1728/1190 635/1730/1192
f 1582/1729/1191 1163/1709/1172 623/1711/1174
f 615/1731/1193 1161/1734/1196 1583/1732/1194
f 1161/1734/1196 637/1742/1204 1166/1735/1197
f 1583/1732/1194 1166/1735/1197 636/1736/1198
f 1120/1733/1195 1583/1732/1194 1162/1725/1187
f 616/1737/1199 1160/1740/1202 1584/1738/1200
f 1160/1740/1202 638/1748/1210 1167/1741/1203
f 1584/1738/1200 1167/1741/1203 637/1742/1204
f 1114/1739/1201 1584/1738/1200 1161/1734/1196
f 617/1743/1205 1159/1746/1208 1585/1744/1206
f 1159/1746/1208 639/1754/1216 1168/1747/1209
f 1585/1744/1206 1168/1747/1209 638/1748/1210
f 1115/1745/1207 1585/1744/1206 1160/1740/1202
f 618/1749/1211 1158/1752/1214 1586/1750/1212
f 1158/1752/1214 640/1758/1219 1169/1753/1215
f 1586/1750/1212 1169/1753/1215 639/1754/1216
f 1116/1751/1213 1586/1750/1212 1159/1746/1208
f 1140/1702/1167 1587/1757/1218 1117/1755/1112
f 1140/1702/1167 643/1782/1242 1170/1756/1217
f 1587/1757/1218 1170/1756/1217 640/1758/1219
f 1587/1757/1218 1158/1752/1214 618/1749/1211
f 646/1759/1220 1133/1762/1223 1588/1760/1221
f 642/1699/1164 1171/1704/1168 1588/1760/1221
f 1588/1760/1221 1171/1704/1168 641/1708/1171
f 1190/1761/1222 1588/1760/1221 1135/1763/1224
f 668/1765/1226 1219/1768/1229 1589/1766/1227
f 1219/1768/1229 483/1092/639 858/1091/638
f 1589/1766/1227 858/1091/638 482/1011/565
f 1230/1767/1228 1589/1766/1227 1218/1695/1162
f 1175/1664/1131 1590/1770/1231 1229/1769/1230
f 472/954/509 839/1098/645 1590/1770/1231
f 839/1098/645 447/2682/1845 1164/1771/1232
f 1590/1770/1231 1164/1771/1232 665/1772/1233
f 1187/1773/1234 1591/1775/1236 1176/1715/1178
f 655/1774/1235 1188/1776/1237 1591/1775/1236
f 1188/1776/1237 654/1870/1095 1186/1777/1094
f 1591/1775/1236 1186/1777/1094 624/1716/1093
f 1133/1762/1223 1592/1779/1239 1172/1701/1166
f 1133/1762/1223 646/1759/1220 1189/1778/1238
f 1592/1779/1239 1189/1778/1238 645/1780/1240
f 1172/1701/1166 1592/1779/1239 1132/1781/1241
f 668/1765/1226 1178/1785/1245 1593/1783/1243
f 1178/1785/1245 646/1759/1220 1190/1761/1222
f 1593/1783/1243 1190/1761/1222 647/1764/1225
f 1228/1784/1244 1593/1783/1243 1179/1786/1246
f 643/1782/1242 1132/1781/1241 1594/1788/1248
f 1132/1781/1241 645/1780/1240 1191/1789/1249
f 1594/1788/1248 1191/1789/1249 648/1790/1250
f 1170/1756/1217 1594/1788/1248 1136/1791/1251
f 640/1758/1219 1136/1791/1251 1595/1792/1252
f 1136/1791/1251 648/1790/1250 1192/1793/1253
f 1595/1792/1252 1192/1793/1253 649/1794/1254
f 1169/1753/1215 1595/1792/1252 1137/1795/1255
f 639/1754/1216 1137/1795/1255 1596/1796/1256
f 1137/1795/1255 649/1794/1254 1193/1797/1257
f 1596/1796/1256 1193/1797/1257 650/1798/1258
f 1168/1747/1209 1596/1796/1256 1138/1799/1259
f 638/1748/1210 1138/1799/1259 1597/1800/1260
f 1138/1799/1259 650/1798/1258 1194/1801/1261
f 1597/1800/1260 1194/1801/1261 651/1802/1262
f 1167/1741/1203 1597/1800/1260 1139/1803/1263
f 637/1742/1204 1139/1803/1263 1598/1804/1264
f 1139/1803/1263 651/1802/1262 1195/1805/1265
f 1598/1804/1264 1195/1805/1265 653/1806/1266
f 1166/1735/1197 1598/1804/1264 1157/1807/1267
f 636/1736/1198 1157/1807/1267 1599/1808/1268
f 1157/1807/1267 653/1806/1266 1196/1809/1269
f 1599/1808/1268 1196/1809/1269 652/1810/1270
f 1155/1728/1190 1599/1808/1268 1156/1811/1271
f 1156/1811/1271 1600/1812/1272 1154/1712/1175
f 652/1810/1270 1197/1813/1273 1600/1812/1272
f 1197/1813/1273 655/1774/1235 1187/1773/1234
f 1600/1812/1272 1187/1773/1234 644/1714/1177
f 657/1814/1274 1206/1816/1276 1601/1815/1275
f 1206/1816/1276 659/1826/1282 1202/1817/1277
f 1601/1815/1275 1202/1817/1277 623/1818/1174
f 1200/1625/1092 1601/1815/1275 1122/1819/1173
f 1201/1820/1278 1602/1824/1281 1207/1821/1279
f 622/1823/1189 1121/1825/1188 1602/1824/1281
f 1121/1825/1188 623/1818/1174 1202/1817/1277
f 1602/1824/1281 1202/1817/1277 659/1826/1282
f 1204/1827/1283 1603/1831/1286 1208/1828/1284
f 615/1830/1193 1120/1832/1195 1603/1831/1286
f 1120/1832/1195 622/1823/1189 1201/1820/1278
f 1603/1831/1286 1201/1820/1278 658/1822/1280
f 1203/1833/1287 1604/1837/1290 1209/1834/1288
f 617/1836/1205 1115/1838/1207 1604/1837/1290
f 1115/1838/1207 616/1842/1199 1205/1839/1291
f 1604/1837/1290 1205/1839/1291 662/1840/1292
f 1205/1839/1291 1605/1843/1294 1210/1841/1293
f 616/1842/1199 1114/1844/1201 1605/1843/1294
f 1114/1844/1201 615/1830/1193 1204/1827/1283
f 1605/1843/1294 1204/1827/1283 661/1829/1285
f 660/1835/1289 1211/1846/1296 1606/1845/1295
f 1211/1846/1296 628/1647/1114 1127/1646/1113
f 1606/1845/1295 1127/1646/1113 618/1847/1211
f 1203/1833/1287 1606/1845/1295 1116/1848/1213
f 710/1849/1297 1310/1853/1301 1607/1850/1298
f 703/1852/1300 1313/1854/1302 1607/1850/1298
f 1313/1854/1302 702/2060/1483 1305/1855/1303
f 1315/1851/1299 1607/1850/1298 1305/1855/1303
f 1174/1857/1305 1608/1861/1309 1215/1858/1306
f 711/1860/1308 1144/1862/1310 1608/1861/1309
f 1144/1862/1310 590/2097/1025 872/1863/720
f 1608/1861/1309 872/1863/720 489/1864/718
f 483/1092/639 1219/1768/1229 1609/1865/1311
f 1219/1768/1229 668/1765/1226 1228/1784/1244
f 1609/1865/1311 1228/1784/1244 669/1787/1247
f 1609/1865/1311 1220/1866/1312 484/1190/724
f 1217/1867/1313 1610/1868/1314 1188/1776/1237
f 666/1665/1132 1229/1769/1230 1610/1868/1314
f 1229/1769/1230 665/1772/1233 1216/1869/1315
f 1610/1868/1314 1216/1869/1315 654/1870/1095
f 646/1759/1220 1178/1785/1245 1611/1871/1316
f 1178/1785/1245 668/1765/1226 1230/1767/1228
f 1611/1871/1316 1230/1767/1228 667/1692/1159
f 1189/1778/1238 1611/1871/1316 1177/1872/1317
f 645/1780/1240 1177/1872/1317 1612/1873/1318
f 1177/1872/1317 667/1692/1159 1231/1694/1161
f 1612/1873/1318 1231/1694/1161 670/1688/1155
f 1191/1789/1249 1612/1873/1318 1180/1874/1319
f 648/1790/1250 1180/1874/1319 1613/1875/1320
f 1180/1874/1319 670/1688/1155 1232/1690/1157
f 1613/1875/1320 1232/1690/1157 671/1684/1151
f 1192/1793/1253 1613/1875/1320 1181/1876/1321
f 649/1794/1254 1181/1876/1321 1614/1877/1322
f 1181/1876/1321 671/1684/1151 1233/1686/1153
f 1614/1877/1322 1233/1686/1153 672/1680/1147
f 1193/1797/1257 1614/1877/1322 1182/1878/1323
f 650/1798/1258 1182/1878/1323 1615/1879/1324
f 1182/1878/1323 672/1680/1147 1234/1682/1149
f 1615/1879/1324 1234/1682/1149 673/1676/1143
f 1194/1801/1261 1615/1879/1324 1183/1880/1325
f 651/1802/1262 1183/1880/1325 1616/1881/1326
f 1183/1880/1325 673/1676/1143 1235/1678/1145
f 1616/1881/1326 1235/1678/1145 675/1672/1139
f 1195/1805/1265 1616/1881/1326 1185/1882/1327
f 653/1806/1266 1185/1882/1327 1617/1883/1328
f 1185/1882/1327 675/1672/1139 1236/1674/1141
f 1617/1883/1328 1236/1674/1141 674/1660/1127
f 1196/1809/1269 1617/1883/1328 1184/1884/1329
f 652/1810/1270 1184/1884/1329 1618/1885/1330
f 1184/1884/1329 674/1660/1127 1237/1662/1129
f 1237/1662/1129 666/1665/1132 1217/1867/1313
f 1618/1885/1330 1217/1867/1313 655/1774/1235
f 1153/1723/1185 1619/1888/1333 1212/1886/1331
f 695/1887/1332 1297/1889/1334 1619/1888/1333
f 1297/1889/1334 696/2036/1466 1123/1890/1335
f 1619/1888/1333 1123/1890/1335 664/1891/1336
f 1288/1895/1340 698/1719/1181 1238/1718/1180
f 1238/1718/1180 707/1724/1186 1379/1897/1342
f 1620/1896/1341 1379/1897/1342 738/1898/1343
f 893/1225/758 1621/1901/1345 1215/1900/1306
f 473/1231/762 1173/1902/1346 1621/1901/1345
f 1173/1902/1346 632/1969/1410 1239/1903/1347
f 1621/1901/1345 1239/1903/1347 663/1904/1307
f 1242/1905/1348 1622/1907/1350 835/1232/763
f 677/1906/1349 1244/1908/1351 1622/1907/1350
f 1244/1908/1351 679/1919/1362 1247/1909/1352
f 1622/1907/1350 1247/1909/1352 465/1235/766
f 628/1647/1114 1211/1846/1296 1623/1910/1353
f 1211/1846/1296 660/1835/1289 1246/1912/1355
f 1623/1910/1353 1246/1912/1355 678/1913/1356
f 1241/1911/1354 1623/1910/1353 1245/1914/1357
f 1240/1916/1359 1624/1917/1360 1244/1908/1351
f 676/1915/1358 1245/1914/1357 1624/1917/1360
f 1245/1914/1357 678/1913/1356 1243/1918/1361
f 1624/1917/1360 1243/1918/1361 679/1919/1362
f 679/1919/1362 1250/1921/1364 1625/1920/1363
f 1250/1921/1364 681/1929/1372 1252/1922/1365
f 1625/1920/1363 1252/1922/1365 468/1253/784
f 1247/1909/1352 1625/1920/1363 833/1252/783
f 660/1835/1289 1209/1834/1288 1626/1923/1366
f 1209/1834/1288 662/1840/1292 1249/1924/1367
f 1626/1923/1366 1249/1924/1367 680/1925/1368
f 1246/1912/1355 1626/1923/1366 1251/1926/1369
f 678/1913/1356 1251/1926/1369 1627/1927/1370
f 1251/1926/1369 680/1925/1368 1248/1928/1371
f 1627/1927/1370 1248/1928/1371 681/1929/1372
f 1243/1918/1361 1627/1927/1370 1250/1921/1364
f 681/1929/1372 1254/1931/1374 1628/1930/1373
f 1254/1931/1374 683/1939/1382 1257/1932/1375
f 1628/1930/1373 1257/1932/1375 464/1265/796
f 1252/1922/1365 1628/1930/1373 836/1264/795
f 662/1840/1292 1210/1841/1293 1629/1933/1376
f 1210/1841/1293 661/1829/1285 1258/1934/1377
f 1629/1933/1376 1258/1934/1377 682/1935/1378
f 1249/1924/1367 1629/1933/1376 1255/1936/1379
f 680/1925/1368 1255/1936/1379 1630/1937/1380
f 1255/1936/1379 682/1935/1378 1253/1938/1381
f 1630/1937/1380 1253/1938/1381 683/1939/1382
f 1248/1928/1371 1630/1937/1380 1254/1931/1374
f 661/1829/1285 1208/1828/1284 1631/1940/1383
f 1208/1828/1284 658/1822/1280 1263/1941/1384
f 1631/1940/1383 1263/1941/1384 684/1942/1385
f 1258/1934/1377 1631/1940/1383 1259/1943/1386
f 683/1939/1382 1261/1945/1388 1632/1944/1387
f 1261/1945/1388 685/1949/1392 1262/1946/1389
f 1632/1944/1387 1262/1946/1389 469/1281/812
f 1257/1932/1375 1632/1944/1387 821/1280/811
f 682/1935/1378 1259/1943/1386 1633/1947/1390
f 1259/1943/1386 684/1942/1385 1256/1948/1391
f 1633/1947/1390 1256/1948/1391 685/1949/1392
f 1253/1938/1381 1633/1947/1390 1261/1945/1388
f 685/1949/1392 1264/1951/1394 1634/1950/1393
f 1264/1951/1394 687/1959/1402 1267/1952/1395
f 1634/1950/1393 1267/1952/1395 470/1289/820
f 1262/1946/1389 1634/1950/1393 837/1288/819
f 658/1822/1280 1207/1821/1279 1635/1953/1396
f 1207/1821/1279 659/1826/1282 1266/1954/1397
f 1635/1953/1396 1266/1954/1397 686/1955/1398
f 1263/1941/1384 1635/1953/1396 1265/1956/1399
f 684/1942/1385 1265/1956/1399 1636/1957/1400
f 1265/1956/1399 686/1955/1398 1260/1958/1401
f 1636/1957/1400 1260/1958/1401 687/1959/1402
f 1256/1948/1391 1636/1957/1400 1264/1951/1394
f 1268/1960/1403 1637/1963/1406 1286/1961/1404
f 1268/1960/1403 687/1959/1402 1260/1958/1401
f 1260/1958/1401 686/1955/1398 1269/1964/1407
f 1637/1963/1406 1269/1964/1407 656/1621/1088
f 659/1826/1282 1206/1816/1276 1638/1965/1408
f 657/1814/1274 1199/1624/1091 1638/1965/1408
f 1199/1624/1091 656/1621/1088 1269/1964/1407
f 1638/1965/1408 1269/1964/1407 686/1955/1398
f 1213/1967/1338 663/1904/1307 1239/1903/1347
f 1639/1968/1409 1239/1903/1347 632/1969/1410
f 1270/1658/1125 1639/1968/1409 1150/1970/1411
f 1290/1972/1413 1640/1976/1415 1151/1973/1138
f 1290/1972/1413 621/1706/1116 1113/1975/1414
f 1291/1977/1416 1641/1980/1418 1319/1978/1417
f 641/1708/1171 1142/1707/1170 1641/1980/1418
f 1142/1707/1170 621/1706/1116 1290/1972/1413
f 1641/1980/1418 1290/1972/1413 634/1974/1135
f 1292/1981/1419 1642/1984/1420 1150/1982/1411
f 647/1764/1225 1135/1763/1224 1642/1984/1420
f 1135/1763/1224 641/1708/1171 1291/1977/1416
f 1642/1984/1420 1291/1977/1416 633/1979/1412
f 467/1234/765 823/1341/859 1643/1985/1421
f 458/1345/863 1275/1992/1428 1643/1985/1421
f 1643/1985/1421 1275/1992/1428 690/1986/1422
f 1242/1905/1348 1643/1985/1421 1274/1987/1423
f 677/1906/1349 1274/1987/1423 1644/1988/1424
f 1274/1987/1423 690/1986/1422 1277/1989/1425
f 1644/1988/1424 1277/1989/1425 689/1990/1426
f 1240/1916/1359 1644/1988/1424 1271/1991/1427
f 834/1350/868 1645/1993/1429 1275/1992/1428
f 466/1354/872 1279/1994/1430 1645/1993/1429
f 1279/1994/1430 691/2005/1441 1276/1995/1431
f 1645/1993/1429 1276/1995/1431 690/1986/1422
f 690/1986/1422 1276/1995/1431 1646/1996/1432
f 1276/1995/1431 691/2005/1441 1280/1997/1433
f 1646/1996/1432 1280/1997/1433 688/1998/1434
f 1277/1989/1425 1646/1996/1432 1273/1999/1435
f 1278/2000/1436 1647/2001/1437 1271/1991/1427
f 627/1636/1103 1130/1642/1109 1647/2001/1437
f 1130/1642/1109 628/1647/1114 1241/1911/1354
f 1647/2001/1437 1241/1911/1354 676/1915/1358
f 1282/2002/1438 1648/2006/1442 1284/2003/1439
f 691/2005/1441 1279/1994/1430 1648/2006/1442
f 1279/1994/1430 466/1354/872 1010/1367/885
f 1648/2006/1442 1010/1367/885 550/1365/883
f 692/1656/1123 1272/2009/1445 1649/2007/1443
f 1272/2009/1445 688/1998/1434 1280/1997/1433
f 1649/2007/1443 1280/1997/1433 691/2005/1441
f 1649/2007/1443 1282/2002/1438 693/2004/1440
f 1281/2010/1446 1650/2011/1447 1273/1999/1435
f 1281/2010/1446 625/1629/1096 1128/1631/1098
f 1128/1631/1098 627/1636/1103 1278/2000/1436
f 1650/2011/1447 1278/2000/1436 689/1990/1426
f 1293/2012/1448 1651/2014/1449 1173/2013/1346
f 669/1787/1247 1179/1786/1246 1651/2014/1449
f 1179/1786/1246 647/1764/1225 1292/1981/1419
f 1651/2014/1449 1292/1981/1419 632/1983/1410
f 1294/1657/1124 692/1656/1123 1283/2008/1444
f 1283/2008/1444 693/2004/1440 1289/2017/1452
f 1288/2018/1340 1652/2016/1451 1289/2017/1452
f 1285/1655/1122 1653/2020/1453 1272/2009/1445
f 1285/1655/1122 626/1637/1104 1129/1639/1106
f 1653/2020/1453 1129/1639/1106 625/1629/1096
f 1653/2020/1453 1281/2010/1446 688/1998/1434
f 1289/2017/1452 1654/2022/1455 1165/2021/1454
f 693/2004/1440 1284/2003/1439 1654/2022/1455
f 1284/2003/1439 550/1365/883 1017/1387/900
f 1654/2022/1455 1017/1387/900 561/1385/898
f 838/1389/902 1655/2024/1457 1287/2023/1456
f 470/1289/820 1267/1952/1395 1655/2024/1457
f 1267/1952/1395 687/1959/1402 1268/1960/1403
f 1655/2024/1457 1268/1960/1403 694/1962/1405
f 694/1962/1405 1286/1961/1404 1656/2025/1458
f 1286/1961/1404 656/1621/1088 1198/1623/1090
f 1656/2025/1458 1198/1623/1090 654/1628/1095
f 1227/2026/1459 1656/2025/1458 1216/2027/1315
f 1227/2026/1459 1657/2029/1460 1287/2023/1456
f 665/2028/1233 1164/2030/1232 1657/2029/1460
f 1164/2030/1232 447/2684/1845 822/1397/908
f 1657/2029/1460 822/1397/908 554/1390/903
f 1134/2031/1461 1658/2032/1462 1318/1654/1121
f 1658/2032/1462 1131/1650/1117 626/1637/1104
f 1295/2033/1463 1659/2034/1464 1297/1889/1334
f 555/1413/919 1030/1412/918 1659/2034/1464
f 1030/1412/918 557/1421/927 1298/2035/1465
f 1659/2034/1464 1298/2035/1465 696/2036/1466
f 562/1414/920 1028/1416/922 1660/2037/1467
f 1028/1416/922 555/1413/919 1295/2033/1463
f 1660/2037/1467 1295/2033/1463 695/1887/1332
f 1296/2038/1083 1660/2037/1467 1299/1722/1184
f 593/1418/924 1148/2040/1469 1661/2039/1468
f 1148/2040/1469 713/2077/1500 1300/2041/1470
f 1300/2041/1470 696/2036/1466 1298/2035/1465
f 1661/2039/1468 1298/2035/1465 557/1421/927
f 1303/2042/1471 565/2692/1479 1353/2043/1082
f 1302/2044/1472 1712/2046/1474 1352/1431/937
f 699/2045/1473 1356/2693/1561 1712/2046/1474
f 1687/2047/1475 1356/2693/1561 699/2045/1473
f 1354/1537/1018 1687/2047/1475 1301/2048/1476
f 1691/2049/1477 1380/2689/1590 585/1533/1014
f 700/2051/1016 1301/2054/1476 1662/2052/1478
f 1301/2054/1476 699/2694/1473 1302/2055/1472
f 1662/2052/1478 1302/2055/1472 563/1445/938
f 1303/2053/1471 1662/2052/1478 1040/1444/947
f 663/1859/1307 1312/2059/1482 1663/2057/1480
f 1308/2058/1481 1663/2057/1480 1312/2059/1482
f 1174/1857/1305 1663/2057/1480 1308/2058/1481
f 708/2061/1484 1304/2064/1487 1664/2062/1485
f 1304/2064/1487 701/2067/1490 1309/2065/1488
f 1664/2062/1485 1309/2065/1488 703/1852/1300
f 1314/2063/1486 1664/2062/1485 1310/1853/1301
f 664/1891/1336 1311/2068/1491 1665/2066/1489
f 701/2067/1490 1304/2064/1487 1665/2066/1489
f 1665/2066/1489 1304/2064/1487 708/2061/1484
f 1212/1886/1331 1665/2066/1489 1214/2069/1492
f 1308/2058/1481 1666/2071/1494 1145/2070/1493
f 702/2060/1483 1313/1854/1302 1666/2071/1494
f 1313/1854/1302 703/1852/1300 1316/2072/1495
f 1666/2071/1494 1316/2072/1495 712/2073/1496
f 1294/1657/1124 1652/2016/1451 1288/2018/1340
f 709/1856/1304 1305/1855/1303 1667/1892/1337
f 1667/1892/1337 1305/1855/1303 702/2060/1483
f 1213/1893/1338 1667/1892/1337 1312/2059/1482
f 712/2073/1496 1316/2072/1495 1668/2074/1497
f 1316/2072/1495 703/1852/1300 1309/2065/1488
f 1668/2074/1497 1309/2065/1488 701/2067/1490
f 1146/2075/1498 1668/2074/1497 1307/2076/1499
f 1123/1890/1335 1669/2078/1501 1311/2068/1491
f 696/2036/1466 1300/2041/1470 1669/2078/1501
f 1669/2078/1501 1300/2041/1470 713/2077/1500
f 1311/2068/1491 1669/2078/1501 1307/2076/1499
f 633/1971/1412 1319/2080/1417 1670/2079/1502
f 1319/2080/1417 634/1668/1135 1143/1666/1133
f 1670/2079/1502 1143/1666/1133 704/1651/1118
f 1288/1895/1340 1620/1896/1341 1147/1899/1344
f 2370/2082/1503 1134/2031/1461 704/1651/1118
f 704/1651/1118 1152/1667/1134 2371/2084/1505
f 710/2085/1297 1315/2088/1299 1671/2086/1506
f 1315/2088/1299 709/2090/1304 1389/2089/1508
f 709/2090/1304 1306/2092/1339 1672/2091/1509
f 1306/2092/1339 706/2307/1450 1386/2093/1510
f 1361/2094/1020 1673/2098/1512 1372/2095/1511
f 590/2097/1025 1144/1862/1310 1673/2098/1512
f 1144/1862/1310 711/1860/1308 1324/2099/1513
f 1673/2098/1512 1324/2099/1513 734/2100/1514
f 1324/2099/1513 1674/2102/1516 1371/2101/1515
f 711/1860/1308 1145/2070/1493 1674/2102/1516
f 1145/2070/1493 712/2073/1496 1325/2103/1517
f 1674/2102/1516 1325/2103/1517 735/2104/1518
f 735/2104/1518 1325/2103/1517 1675/2105/1519
f 1325/2103/1517 712/2073/1496 1146/2075/1498
f 1675/2105/1519 1146/2075/1498 713/2077/1500
f 1370/2106/1520 1675/2105/1519 1326/2107/1521
f 1326/2107/1521 1676/2110/1524 1369/2109/1523
f 713/2077/1500 1148/2040/1469 1676/2110/1524
f 1148/2040/1469 593/1418/924 1083/1556/1037
f 1676/2110/1524 1083/1556/1037 733/1554/1035
f 1332/2111/1525 1677/2115/1529 1322/2112/1526
f 719/2114/1528 1329/2144/1555 1677/2115/1529
f 1677/2115/1529 1329/2144/1555 718/2116/1530
f 1322/2112/1526 1677/2115/1529 1331/2117/1531
f 1333/2119/1533 1678/2123/1537 1320/2120/1534
f 717/2122/1536 1327/2149/1560 1678/2123/1537
f 1678/2123/1537 1327/2149/1560 601/1570/1051
f 1320/2120/1534 1678/2123/1537 1088/1568/1049
f 1092/1574/1055 1679/2126/1540 1323/2125/1539
f 604/1578/1059 1330/2147/1558 1679/2126/1540
f 1679/2126/1540 1330/2147/1558 719/2114/1528
f 1323/2125/1539 1679/2126/1540 1332/2111/1525
f 1331/2117/1531 1680/2128/1542 1321/2127/1541
f 718/2116/1530 1328/2141/1552 1680/2128/1542
f 1680/2128/1542 1328/2141/1552 717/2122/1536
f 1321/2127/1541 1680/2128/1542 1333/2119/1533
f 1335/2129/1543 1681/2131/44 1093/1583/44
f 714/2130/1544 1336/2132/1545 1681/2131/44
f 1336/2132/1545 715/2135/1547 1334/2133/44
f 1681/2131/44 1334/2133/44 594/1586/44
f 1337/2134/1546 1682/2137/44 1334/2133/44
f 716/2136/1548 1338/2138/1549 1682/2137/44
f 1338/2138/1549 599/1603/1078 1095/1594/44
f 1682/2137/44 1095/1594/44 594/1586/44
f 714/2130/1544 1339/2140/1551 1683/2139/1550
f 717/2122/1536 1328/2141/1552 1683/2139/1550
f 1328/2141/1552 718/2116/1530 1340/2142/1553
f 1683/2139/1550 1340/2142/1553 715/2135/1547
f 715/2135/1547 1340/2142/1553 1684/2143/1554
f 1340/2142/1553 718/2116/1530 1329/2144/1555
f 1684/2143/1554 1329/2144/1555 719/2114/1528
f 1684/2143/1554 1341/2145/1556 716/2136/1548
f 716/2136/1548 1341/2145/1556 1685/2146/1557
f 719/2114/1528 1330/2147/1558 1685/2146/1557
f 1330/2147/1558 604/1578/1059 1104/1604/1079
f 1685/2146/1557 1104/1604/1079 599/1603/1078
f 596/1585/1065 1100/1606/1081 1686/2148/1559
f 1100/1606/1081 601/1570/1051 1327/2149/1560
f 1686/2148/1559 1327/2149/1560 717/2122/1536
f 1686/2148/1559 1339/2140/1551 714/2130/1544
f 697/2150/1182 1149/2152/1179 1687/2151/1475
f 1149/2152/1179 698/2695/1181 1356/2153/1561
f 1293/2012/1448 1688/2154/1562 1220/1866/1312
f 1293/2012/1448 473/1375/762 1026/1374/891
f 1026/1374/891 527/1192/726 948/2155/1563
f 1688/2154/1562 948/2155/1563 484/1190/724
f 1111/2156/1564 722/2159/1566 607/2157/7
f 722/2159/1566 1110/2161/1568 1106/2160/1567
f 1110/2161/1568 720/2169/1572 605/2162/28
f 1112/2163/1569 1108/2166/23 609/2164/1
f 1108/2166/23 1112/2163/1569 723/2167/1571
f 720/2169/1572 1109/2171/1574 1105/2170/1573
f 1109/2171/1574 721/2696/1580 606/2172/12
f 605/2173/28 1105/2697/1573 741/2174/345
f 742/2176/329 1106/2180/1567 605/2173/28
f 741/2174/345 1105/2697/1573 606/2177/12
f 742/2176/329 612/2182/331 607/2179/7
f 743/2181/349 1107/2184/1565 607/2179/7
f 743/2181/349 613/2186/338 608/2183/24
f 744/2185/335 1108/2188/23 608/2183/24
f 744/2185/335 614/2698/337 609/2187/1
f 1870/2189/1576 1766/2573/1820 1760/2190/21
f 1347/2203/385 1689/2207/1586 774/2204/1585
f 1347/2203/385 434/2699/384 778/2206/425
f 778/2206/425 433/816/390 1350/813/387
f 1689/2207/1586 1350/813/387 429/815/389
f 1385/2208/1587 1691/2049/1477 1069/2050/1009
f 1070/2210/1006 1690/2296/1589 1385/2208/1587
f 1378/2211/757 1690/2215/1589 1381/2212/1588
f 737/2214/755 1385/2219/1587 1690/2215/1589
f 1039/1427/933 1694/1426/932 1353/2216/1082
f 737/2214/755 873/2220/752 1691/2218/1477
f 873/2220/752 578/2700/754 1380/2221/1590
f 1383/2222/1013 581/2302/966 1052/2223/711
f 1692/2224/1012 1052/2223/711 582/2225/708
f 582/2225/708 1051/2228/955 1693/2227/969
f 1051/2228/955 580/2303/952 1382/2229/1591
f 1351/2230/939 559/2235/594 1031/2231/923
f 1694/2232/932 1031/2231/923 562/1607/920
f 875/2233/588 1695/2236/941 1355/1616/942
f 559/2235/594 1351/2230/939 1695/2236/941
f 738/2237/1343 1379/2240/1342 1696/2238/1592
f 1379/2240/1342 707/2701/1186 1387/2241/1594
f 404/2242/846 1021/2245/845 1697/2243/25
f 1021/2245/845 405/2702/844 740/2246/992
f 1697/2243/25 740/2246/992 407/2247/1002
f 739/2244/1595 1697/2243/25 1019/2248/1001
f 1358/1507/1000 1698/2252/1597 739/2250/1595
f 1358/1507/1000 574/1033/581 1066/1035/583
f 1066/1035/583 575/1038/586 1357/2253/841
f 1698/2252/1597 1357/2253/841 404/2254/846
f 631/2113/1527 1368/2703/1599 1699/2255/1598
f 1368/2256/1599 736/2108/1522 1369/2109/1523
f 1369/2109/1523 733/1554/1035 1365/2258/1600
f 1699/2255/1598 1365/2704/1600 471/1575/1056
f 630/2118/1532 1367/2705/1602 1700/2259/1601
f 1367/2260/1602 735/2104/1518 1370/2106/1520
f 1370/2106/1520 736/2108/1522 1368/2256/1599
f 1700/2259/1601 1368/2703/1599 631/2113/1527
f 629/2121/1535 1366/2706/1604 1701/2262/1603
f 1366/2263/1604 734/2100/1514 1371/2101/1515
f 1371/2101/1515 735/2104/1518 1367/2260/1602
f 1701/2262/1603 1367/2705/1602 630/2118/1532
f 485/2124/1538 1079/2281/1606 1702/2265/1605
f 1079/2266/1606 729/2096/1021 1372/2095/1511
f 1372/2095/1511 734/2100/1514 1366/2263/1604
f 1702/2265/1605 1366/2706/1604 629/2121/1535
f 488/1559/1040 1078/1573/1054 1703/2268/1607
f 471/1575/1056 1365/2704/1600 1703/2268/1607
f 1365/2258/1600 733/1554/1035 1373/1552/1033
f 1364/2271/1608 1703/2270/1607 1373/1552/1033
f 487/1580/1061 1077/1557/1038 1704/2272/1609
f 488/1559/1040 1364/2269/1608 1704/2272/1609
f 1364/2271/1608 732/1553/1034 1374/1550/1031
f 1363/2275/1610 1704/2274/1609 1374/1550/1031
f 486/1567/1048 1076/1579/1060 1705/2276/1611
f 487/1580/1061 1363/2273/1610 1705/2276/1611
f 1363/2275/1610 731/1546/1027 1375/1545/1026
f 1362/2279/1612 1705/2278/1611 1375/1545/1026
f 485/2124/1538 1075/1565/1046 1706/2280/1613
f 486/1567/1048 1362/2277/1612 1706/2280/1613
f 1362/2279/1612 730/1541/1022 1376/1538/1019
f 1079/2283/1606 1706/2282/1613 1376/1538/1019
f 1387/2241/1594 707/2701/1186 1214/2292/1492
f 1707/2293/1618 1214/2292/1492 708/2294/1484
f 1690/2296/1589 1070/2210/1006 586/1438/944
f 1388/2295/1619 708/2294/1484 1314/2298/1486
f 1708/2299/1620 1314/2298/1486 710/2085/1297
f 1380/2221/1590 578/2700/754 1043/2300/967
f 1709/2301/1015 1043/2300/967 581/2302/966
f 580/2303/952 942/2305/960 1710/2304/943
f 942/2305/960 579/2213/590 1381/2212/1588
f 1147/2306/1344 1711/2308/1621 1386/2093/1510
f 738/2237/1343 1391/2239/1593 1711/2308/1621
f 1356/2153/1561 698/2695/1181 1165/2309/1454
f 1712/2310/1474 1165/2309/1454 561/1612/898
f 998/1304/835 1713/2312/1622 1056/2313/1623
f 1503/1306/837 1043/2311/967 1713/2312/1622
f 1056/2313/1623 1713/2312/1622 1027/1378/893
f 1639/1968/1409 1270/1658/1125 1714/1659/1126
f 1317/1653/1120 1569/1652/1119 1294/1657/1124
f 1794/2314/1624 1883/2319/1629 1788/2315/1625
f 1788/2315/1625 1883/2319/1629 1780/2317/1627
f 1883/2319/1629 1792/2449/1733 1727/2320/1630
f 1725/2321/1631 1792/2449/1733 1883/2319/1629
f 1719/2322/1632 1777/2329/1638 1884/2323/1633
f 1874/2324/1634 1884/2323/1633 1784/2325/1583
f 1873/2327/1636 1768/2707/1641 1784/2325/1583
f 1720/2328/1637 1873/2327/1636 1884/2323/1633
f 1778/2330/1639 1885/2333/1640 1873/2331/1636
f 1885/2333/1640 1785/2336/1643 1768/2334/1641
f 1872/2335/1642 1769/2562/1815 1785/2336/1643
f 1721/2337/1644 1872/2335/1642 1885/2333/1640
f 1787/2338/1645 1886/2343/1650 1773/2339/1646
f 1773/2339/1646 1886/2343/1650 1782/2341/1648
f 1886/2343/1650 1788/2315/1625 1724/2318/1628
f 1722/2316/1626 1788/2315/1625 1886/2343/1650
f 758/757/336 1887/2345/1652 1775/2344/1651
f 1887/2345/1652 1781/2348/1655 1763/2346/1653
f 1789/2347/1654 1723/2360/1662 1781/2348/1655
f 418/763/342 1789/2347/1654 1887/2345/1652
f 1761/2342/1649 1782/2341/1648 1888/2349/1656
f 1772/2350/1657 1888/2349/1656 757/2351/346
f 1888/2349/1656 1790/2354/1658 416/2353/347
f 1782/2341/1648 1724/2318/1628 1790/2354/1658
f 1781/2348/1655 1889/2356/1660 1774/2355/1659
f 1889/2356/1660 1787/2359/1645 1762/2357/1647
f 1791/2358/1661 1722/2363/1626 1787/2359/1645
f 1723/2360/1662 1791/2358/1661 1889/2356/1660
f 1795/2361/1663 1890/2362/1664 1791/2358/1661
f 1890/2362/1664 1794/2365/1624 1722/2363/1626
f 1793/2364/1665 1725/2456/1631 1794/2365/1624
f 1726/2366/1666 1793/2364/1665 1890/2362/1664
f 1837/2367/1667 1891/2372/1672 1826/2368/1668
f 1826/2368/1668 1891/2372/1672 1801/2370/1670
f 1828/2371/1671 1730/2382/1681 1801/2370/1670
f 1743/2373/1673 1828/2371/1671 1891/2372/1672
f 1720/2332/1637 1804/2377/1677 1892/2374/1674
f 1778/2330/1639 1892/2374/1674 1800/2375/1675
f 1892/2374/1674 1803/2378/1678 1729/2376/1676
f 1804/2377/1677 1731/2429/1680 1803/2378/1678
f 1801/2370/1670 1893/2379/1679 1777/2329/1638
f 1893/2379/1679 1804/2381/1677 1720/2328/1637
f 1893/2379/1679 1802/2436/1722 1731/2380/1680
f 1730/2382/1681 1802/2436/1722 1893/2379/1679
f 1874/2324/1634 1894/2384/1683 1776/2383/1682
f 1894/2384/1683 1344/2387/376 409/2385/374
f 1783/2386/1684 726/2708/1844 1344/2387/376
f 1767/2326/1635 1783/2386/1684 1894/2384/1683
f 1807/2388/1614 1895/2393/1688 1876/2389/1685
f 1876/2389/1685 1895/2393/1688 1811/2391/1686
f 1895/2393/1688 1875/2395/1690 1738/2394/1689
f 1807/2388/1614 1734/2709/1823 1875/2395/1690
f 1805/2396/1691 1896/2399/1694 1878/2397/1692
f 1896/2399/1694 1809/2402/1697 1737/2400/1695
f 1877/2401/1696 1736/2710/1699 1809/2402/1697
f 1732/2403/1617 1877/2401/1696 1896/2399/1694
f 1808/2404/1616 1897/2407/1698 1877/2405/1696
f 1897/2407/1698 1812/2409/1700 1736/2408/1699
f 1876/2389/1685 1739/2392/1687 1812/2409/1700
f 1735/2390/1615 1876/2389/1685 1897/2407/1698
f 1741/2369/1669 1826/2368/1668 1898/2410/1701
f 1836/2411/1702 1898/2410/1701 787/2412/401
f 1898/2410/1701 1776/2383/1682 409/2385/374
f 1719/2322/1632 1776/2383/1682 1898/2410/1701
f 788/831/403 1899/2415/1704 1835/2414/1703
f 1899/2415/1704 1825/2417/1706 1740/2416/1705
f 1899/2415/1704 1779/2566/1818 1721/2337/1644
f 408/836/408 1779/2566/1818 1899/2415/1704
f 1821/2418/1707 1900/2421/1710 1834/2419/1708
f 1900/2421/1710 1819/2422/1711 1740/2416/1705
f 1795/2361/1663 1723/2360/1662 1819/2422/1711
f 1821/2418/1707 1726/2366/1666 1795/2361/1663
f 1745/2423/1712 1830/2428/1717 1901/2424/1713
f 1833/2425/1714 1901/2424/1713 1823/2426/1715
f 1901/2424/1713 1812/2409/1700 1739/2392/1687
f 1830/2428/1717 1736/2408/1699 1812/2409/1700
f 1731/2429/1680 1815/2433/1720 1902/2430/1718
f 1803/2378/1678 1902/2430/1718 1813/2431/1719
f 1902/2430/1718 1809/2434/1697 1736/2432/1699
f 1815/2433/1720 1737/2711/1695 1809/2434/1697
f 1816/2435/1721 1903/2438/1723 1802/2436/1722
f 1802/2436/1722 1903/2438/1723 1815/2437/1720
f 1903/2438/1723 1810/2440/1724 1737/2439/1695
f 1816/2435/1721 1738/2531/1689 1810/2440/1724
f 1831/2441/1725 1904/2445/1729 1839/2442/1726
f 1839/2442/1726 1904/2445/1729 1829/2444/1728
f 1904/2445/1729 1796/2447/1731 2382/2446/1730
f 1831/2441/1725 2381/2712/1847 1796/2447/1731
f 1818/2448/1732 1905/2450/1734 1792/2449/1733
f 1905/2450/1734 1817/2452/1736 1727/2320/1630
f 1797/2451/1735 2381/2713/1847 1817/2452/1736
f 1728/2453/1737 1797/2451/1735 1905/2450/1734
f 1814/2454/1738 1906/2455/1739 1793/2364/1665
f 1906/2455/1739 1818/2458/1732 1725/2456/1631
f 1798/2457/1740 1728/2714/1737 1818/2458/1732
f 2380/2459/1741 1798/2457/1740 1906/2455/1739
f 1827/2460/1742 1907/2462/1744 1832/2461/1743
f 1907/2462/1744 1830/2464/1717 1745/2463/1712
f 1813/2431/1719 1736/2432/1699 1830/2464/1717
f 1729/2376/1676 1813/2431/1719 1907/2462/1744
f 1746/2443/1727 1839/2442/1726 1908/2465/1745
f 1840/2466/1746 1908/2465/1745 1811/2391/1686
f 1908/2465/1745 1823/2426/1715 1739/2392/1687
f 1744/2427/1716 1823/2426/1715 1908/2465/1745
f 1727/2320/1630 1817/2452/1736 1909/2467/1747
f 1822/2468/1748 1909/2467/1747 1841/2469/1749
f 1909/2467/1747 1831/2471/1725 1746/2470/1727
f 1817/2452/1736 2381/2713/1847 1831/2471/1725
f 1726/2366/1666 1821/2418/1707 1910/2472/1750
f 1814/2454/1738 1910/2472/1750 1824/2473/1751
f 1910/2472/1750 1832/2461/1743 1745/2463/1712
f 1821/2418/1707 1742/2420/1709 1832/2461/1743
f 1824/2474/1751 1911/2477/1753 1799/2475/1752
f 1911/2477/1753 1829/2444/1728 2382/2446/1730
f 1911/2477/1753 1833/2425/1714 1744/2427/1716
f 1824/2474/1751 1745/2423/1712 1833/2425/1714
f 1827/2460/1742 1912/2478/1754 1800/2375/1675
f 1800/2375/1675 1912/2478/1754 1825/2417/1706
f 1834/2419/1708 1740/2416/1705 1825/2417/1706
f 1742/2420/1709 1834/2419/1708 1912/2478/1754
f 796/901/458 1913/2479/1755 1789/2347/1654
f 1913/2479/1755 1819/2422/1711 1723/2360/1662
f 1835/2414/1703 1740/2416/1705 1819/2422/1711
f 437/832/404 1835/2414/1703 1913/2479/1755
f 1724/2318/1628 1820/2482/1757 1914/2480/1756
f 1790/2354/1658 1914/2480/1756 795/2481/462
f 1914/2480/1756 1836/2411/1702 436/2413/463
f 1820/2482/1757 1741/2369/1669 1836/2411/1702
f 1780/2317/1627 1915/2483/1758 1820/2482/1757
f 1915/2483/1758 1837/2367/1667 1741/2369/1669
f 1822/2468/1748 1743/2373/1673 1837/2367/1667
f 1727/2320/1630 1822/2468/1748 1915/2483/1758
f 1846/2484/1759 1568/2488/1115 1131/2485/1117
f 1846/2484/1759 1750/2499/1770 1113/2487/1414
f 705/2489/1137 1847/2495/1766 1916/2490/1761
f 1848/2491/1762 1916/2490/1761 1842/2492/1763
f 1749/2494/1765 1842/2492/1763 1916/2490/1761
f 1748/2496/1767 1838/2501/1772 1917/2497/1768
f 1917/2497/1768 1846/2484/1759 1751/2486/1760
f 1917/2497/1768 1844/2715/1788 1750/2499/1770
f 1747/2500/1771 1844/2715/1788 1917/2497/1768
f 1754/2502/1773 1862/2507/1778 1918/2503/1774
f 1856/2504/1775 1918/2503/1774 1838/2501/1772
f 1859/2505/1776 1747/2500/1771 1838/2501/1772
f 1755/2506/1777 1859/2505/1776 1918/2503/1774
f 1755/2508/1777 1879/2514/1784 1919/2509/1779
f 1863/2510/1780 1919/2509/1779 1882/2511/1781
f 1919/2509/1779 1851/2515/1785 1716/2513/1783
f 1879/2514/1784 1715/2716/1825 1851/2515/1785
f 1640/2516/1415 1852/2520/1786 705/2517/1137
f 1640/2516/1415 1113/2717/1414 1750/2519/1770
f 1852/2520/1786 1920/2522/1787 1847/2521/1766
f 1920/2522/1787 1850/2525/1789 1749/2523/1765
f 1844/2524/1788 1747/2558/1771 1850/2525/1789
f 1852/2520/1786 1750/2519/1770 1844/2524/1788
f 1853/2526/1790 1751/2486/1760 1131/2485/1117
f 1753/2528/1791 1853/2526/1790 1658/2527/1462
f 1816/2435/1721 1921/2532/1792 1840/2530/1746
f 1921/2532/1792 1841/2469/1749 1746/2470/1727
f 1828/2371/1671 1743/2373/1673 1841/2469/1749
f 1730/2382/1681 1828/2371/1671 1921/2532/1792
f 1853/2526/1790 1922/2535/1795 1845/2498/1769
f 1845/2498/1769 1922/2535/1795 1854/2533/1793
f 1843/2534/1794 1752/2493/1764 1854/2533/1793
f 1753/2528/1791 1843/2534/1794 1922/2535/1795
f 1843/2534/1794 1753/2528/1791 1855/2536/1796
f 1752/2493/1764 1843/2534/1794 2420/2537/1797
f 1855/2536/1796 1753/2528/1791 1134/2529/1461
f 1752/2493/1764 2400/2538/1798 2421/2540/1799
f 1756/2541/1800 1861/2547/1805 1923/2542/1801
f 1881/2543/1802 1923/2542/1801 1771/2544/1803
f 1923/2542/1801 1882/2548/1781 1716/2546/1783
f 1861/2547/1805 1757/2553/1782 1882/2548/1781
f 1857/2549/1806 1924/2550/1807 1854/2533/1793
f 1924/2550/1807 1856/2504/1775 1748/2496/1767
f 1860/2551/1808 1754/2502/1773 1856/2504/1775
f 1756/2541/1800 1860/2551/1808 1924/2550/1807
f 1842/2492/1763 1925/2552/1809 1857/2549/1806
f 1857/2549/1806 1925/2552/1809 1861/2547/1805
f 1925/2552/1809 1858/2554/1810 1757/2553/1782
f 1842/2492/1763 1749/2494/1765 1858/2554/1810
f 1881/2543/1802 1926/2555/1811 1860/2551/1808
f 1926/2555/1811 1880/2557/1813 1754/2502/1773
f 1849/2556/1812 1717/2617/1827 1880/2557/1813
f 1718/2545/1804 1849/2556/1812 1926/2555/1811
f 1747/2558/1771 1859/2561/1776 1927/2559/1814
f 1850/2525/1789 1927/2559/1814 1858/2560/1810
f 1927/2559/1814 1863/2510/1780 1757/2512/1782
f 1859/2561/1776 1755/2508/1777 1863/2510/1780
f 1769/2562/1815 1872/2335/1642 1928/2563/1816
f 1786/2564/1584 1928/2563/1816 1345/1620/1087
f 1928/2563/1816 1779/2566/1818 408/836/408
f 1872/2335/1642 1721/2337/1644 1779/2566/1818
f 1759/2567/84 1765/2568/1819 1870/2189/1576
f 1765/2568/1819 1759/2567/84 1865/2569/89
f 1758/2571/5 1764/2577/1582 1869/2570/1578
f 1867/2572/10 1760/2190/21 1766/2573/1820
f 606/2172/12 721/2696/1580 1868/2575/1579
f 1764/2577/1582 1758/2571/5 1864/2576/1821
f 1772/2578/1657 1864/2718/1821 1758/2579/5
f 606/2177/12 1864/2718/1821 1772/2578/1657
f 609/2187/1 614/2698/337 1775/2581/1651
f 1773/2583/1646 1761/2580/1649 1758/2579/5
f 1759/2585/84 1762/2719/1647 1773/2583/1646
f 1774/2586/1659 1762/2719/1647 1759/2585/84
f 1760/2588/21 1763/2720/1653 1774/2586/1659
f 1775/2581/1651 1763/2720/1653 1760/2588/21
f 724/2589/1570 609/2721/1 1867/2572/10
f 1806/2602/1822 1929/2607/1824 1875/2603/1690
f 1875/2603/1690 1929/2607/1824 1810/2605/1724
f 1878/2397/1692 1737/2400/1695 1810/2605/1724
f 1733/2398/1693 1878/2397/1692 1929/2607/1824
f 1715/2608/1825 1770/2614/1826 1930/2609/9
f 1851/2610/1785 1930/2609/9 1771/2611/1803
f 1930/2609/9 1849/2615/1812 1718/2613/1804
f 1770/2614/1826 1717/2722/1827 1849/2615/1812
f 1770/2616/1826 1931/2619/1828 1880/2557/1813
f 1880/2557/1813 1931/2619/1828 1862/2507/1778
f 1879/2618/1784 1755/2506/1777 1862/2507/1778
f 1715/2620/1825 1879/2618/1784 1931/2619/1828
f 1707/2625/1618 1388/2723/1619 1936/2626/1829
f 1936/2626/1829 1388/2723/1619 1708/2628/1620
f 1943/2629/1831 1708/2628/1620 1390/2630/1507
f 1390/2632/1507 1671/2648/1506 1944/2633/1833
f 1932/2635/1834 1940/2641/1837 1945/2636/1835
f 1938/2637/1836 1945/2636/1835 1943/2638/1831
f 1945/2636/1835 1941/2642/1830 1936/2640/1829
f 1940/2641/1837 1935/2724/1843 1941/2642/1830
f 1944/2643/1833 1946/2644/1838 1938/2637/1836
f 1946/2644/1838 1939/2646/1840 1932/2635/1834
f 1942/2645/1839 1934/2725/1842 1939/2646/1840
f 1937/2647/1841 1942/2645/1839 1946/2644/1838
f 1671/2648/1506 1389/2650/1508 1937/2649/1841
f 1389/2650/1508 1672/2652/1509 1942/2651/1839
f 1672/2652/1509 1386/2726/1510 1934/2653/1842
f 1934/2653/1842 1386/2726/1510 1711/2654/1621
f 1939/2655/1840 1711/2654/1621 1391/2656/1593
f 1940/2658/1837 1932/2657/1834 1391/2656/1593
f 1935/2660/1843 1387/2661/1594 1707/2625/1618
f 1935/2660/1843 1940/2658/1837 1696/2659/1592
f 1111/2156/1564 1107/2158/1565 608/2168/24
f 1951/2727/1848 1950/2728/1849 1954/2729/1850
f 1950/2728/1849 1949/2730/1851 1954/2729/1850
f 1954/2729/1850 1953/2731/1852 1952/2732/1853
f 1952/2732/1853 1951/2727/1848 1954/2729/1850
f 1954/2733/1850 1961/2734/3 1953/2735/1852
f 1952/2736/1853 1959/2737/1854 1951/2738/1848
f 1950/2739/1849 1957/2740/14 1949/2741/1851
f 1947/2742/1855 1956/2743/44 1948/2744/1856
f 1948/2744/1856 1962/2745/259 1954/2733/1850
f 1953/2746/1852 1960/2747/1857 1952/2736/1853
f 1951/2738/1848 1958/2748/1858 1950/2739/1849
f 1949/2741/1851 1955/2749/257 1947/2742/1855
f 1968/2750/1859 1969/2751/1860 1970/2752/1861
f 1970/2752/1861 1964/2753/1862 1963/2754/1863
f 1966/2755/1864 1967/2756/1865 1970/2752/1861
f 1967/2756/1865 1968/2750/1859 1970/2752/1861
f 1977/2757/3 1970/2758/1861 1969/2759/1860
f 1975/2760/1854 1968/2761/1859 1967/2762/1865
f 1973/2763/14 1966/2764/1864 1965/2765/1866
f 1972/2766/44 1963/2767/1863 1964/2768/1862
f 1978/2769/259 1964/2768/1862 1970/2758/1861
f 1976/2770/1857 1969/2771/1860 1968/2761/1859
f 1974/2772/1858 1967/2762/1865 1966/2764/1864
f 1971/2773/257 1965/2765/1866 1963/2767/1863
f 1965/2774/1866 1966/2755/1864 1970/2752/1861
f 1963/2754/1863 1965/2774/1866 1970/2752/1861
f 1947/2775/1855 1948/2776/1856 1954/2729/1850
f 1949/2730/1851 1947/2775/1855 1954/2729/1850
f 1983/2777/1865 1986/2778/1861 1982/2779/1864
f 1982/2779/1864 1986/2778/1861 1981/2780/1866
f 1986/2778/1861 1984/2781/1859 1985/2782/1860
f 1984/2781/1859 1986/2778/1861 1983/2777/1865
f 1993/2783/3 1986/2784/1861 1985/2785/1860
f 1991/2786/1854 1984/2787/1859 1983/2788/1865
f 1989/2789/14 1982/2790/1864 1981/2791/1866
f 1988/2792/44 1979/2793/1863 1980/2794/1862
f 1994/2795/259 1980/2794/1862 1986/2784/1861
f 1992/2796/1857 1985/2797/1860 1984/2787/1859
f 1990/2798/1858 1983/2788/1865 1982/2790/1864
f 1987/2799/257 1981/2791/1866 1979/2793/1863
f 2000/2800/1853 2002/2801/1850 2001/2802/1852
f 2002/2801/1850 1995/2803/1855 1996/2804/1856
f 1998/2805/1849 2002/2801/1850 1999/2806/1848
f 1999/2806/1848 2002/2801/1850 2000/2800/1853
f 2002/2807/1850 2009/2808/3 2001/2809/1852
f 2000/2810/1853 2007/2811/1854 1999/2812/1848
f 1998/2813/1849 2005/2814/14 1997/2815/1851
f 1995/2816/1855 2004/2817/44 1996/2818/1856
f 1996/2818/1856 2010/2819/259 2002/2807/1850
f 2001/2820/1852 2008/2821/1857 2000/2810/1853
f 1999/2812/1848 2006/2822/1858 1998/2813/1849
f 1997/2815/1851 2003/2823/257 1995/2816/1855
f 1997/2824/1851 2002/2801/1850 1998/2805/1849
f 1995/2803/1855 2002/2801/1850 1997/2824/1851
f 1979/2825/1863 1986/2778/1861 1980/2826/1862
f 1981/2780/1866 1986/2778/1861 1979/2825/1863
f 1954/2733/1850 1962/2745/259 1961/2734/3
f 1952/2736/1853 1960/2747/1857 1959/2737/1854
f 1950/2739/1849 1958/2748/1858 1957/2740/14
f 1947/2742/1855 1955/2749/257 1956/2743/44
f 1948/2744/1856 1956/2743/44 1962/2745/259
f 1953/2746/1852 1961/2827/3 1960/2747/1857
f 1951/2738/1848 1959/2737/1854 1958/2748/1858
f 1949/2741/1851 1957/2740/14 1955/2749/257
f 1977/2757/3 1978/2769/259 1970/2758/1861
f 1975/2760/1854 1976/2770/1857 1968/2761/1859
f 1973/2763/14 1974/2772/1858 1966/2764/1864
f 1972/2766/44 1971/2773/257 1963/2767/1863
f 1978/2769/259 1972/2766/44 1964/2768/1862
f 1976/2770/1857 1977/2828/3 1969/2771/1860
f 1974/2772/1858 1975/2760/1854 1967/2762/1865
f 1971/2773/257 1973/2763/14 1965/2765/1866
f 1993/2783/3 1994/2795/259 1986/2784/1861
f 1991/2786/1854 1992/2796/1857 1984/2787/1859
f 1989/2789/14 1990/2798/1858 1982/2790/1864
f 1988/2792/44 1987/2799/257 1979/2793/1863
f 1994/2795/259 1988/2792/44 1980/2794/1862
f 1992/2796/1857 1993/2829/3 1985/2797/1860
f 1990/2798/1858 1991/2786/1854 1983/2788/1865
f 1987/2799/257 1989/2789/14 1981/2791/1866
f 2002/2807/1850 2010/2819/259 2009/2808/3
f 2000/2810/1853 2008/2821/1857 2007/2811/1854
f 1998/2813/1849 2006/2822/1858 2005/2814/14
f 1995/2816/1855 2003/2823/257 2004/2817/44
f 1996/2818/1856 2004/2817/44 2010/2819/259
f 2001/2820/1852 2009/2830/3 2008/2821/1857
f 1999/2812/1848 2007/2811/1854 2006/2822/1858
f 1997/2815/1851 2005/2814/14 2003/2823/257
f 2012/2831/1867 2014/2832/1868 2015/2833/1869
f 2022/2834/1870 2017/2835/1871 2018/2836/1872
f 2014/2837/1868 2022/2838/1870 2015/2839/1869
f 2014/2837/1868 2021/2840/1873 2020/2841/1874
f 2011/2842/1875 2016/2843/1876 2014/2832/1868
f 2015/2833/1869 2028/2844/1877 2012/2831/1867
f 2018/2845/1872 2011/2846/1875 2012/2847/1867
f 2019/2848/1878 2011/2846/1875 2017/2849/1871
f 2020/2850/1874 2019/2851/1878 2017/2835/1871
f 2018/2836/1872 2035/2852/1879 2022/2834/1870
f 2019/2851/1878 2026/2853/1880 2025/2854/1881
f 2016/2843/1876 2023/2855/1882 2024/2856/1883
f 2035/2857/1879 2015/2839/1869 2022/2838/1870
f 2034/2858/1884 2031/2859/1885 2035/2857/1879
f 2036/2860/1852 2029/2861/1886 2034/2858/1884
f 2028/2862/1877 2032/2863/1887 2033/2864/1888
f 2030/2865/1860 2032/2863/1887 2027/2866/1889
f 2033/2864/1888 2012/2847/1867 2028/2862/1877
f 2016/2867/1876 2026/2868/1880 2021/2840/1873
f 2013/2869/1890 2025/2870/1881 2023/2871/1882
f 2012/2831/1867 2011/2842/1875 2014/2832/1868
f 2030/2872/1860 2027/2873/1889 2031/2874/1885
f 2033/2875/1888 2032/2876/1887 2035/2852/1879
f 2032/2876/1887 2036/2877/1852 2035/2852/1879
f 2022/2834/1870 2020/2850/1874 2017/2835/1871
f 2014/2837/1868 2020/2841/1874 2022/2838/1870
f 2060/2878/1891 2048/2879/1892 2054/2880/1893
f 2046/2881/1887 2042/2882/1879 2045/2883/1888
f 2057/2884/1894 2047/2885/1895 2049/2886/1896
f 2040/2887/1877 2061/2888/1897 2055/2889/1898
f 2043/2890/1852 2041/2891/1889 2037/2892/1860
f 2045/2893/1888 2041/2891/1889 2046/2894/1887
f 2037/2895/1860 2044/2896/1884 2043/2897/1852
f 2039/2898/1886 2042/2899/1879 2044/2896/1884
f 2038/2900/1885 2058/2901/1899 2042/2899/1879
f 2057/2902/1894 2050/2903/1900 2060/2904/1891
f 2037/2905/1860 2038/2906/1885 2039/2907/1886
f 2054/2908/1893 2047/2909/1895 2052/2910/1901
f 2042/2882/1879 2043/2911/1852 2044/2912/1884
f 2055/2913/1898 2038/2906/1885 2040/2914/1877
f 2053/2915/1902 2054/2908/1893 2052/2910/1901
f 2054/2880/1893 2062/2916/1903 2060/2878/1891
f 2055/2889/1898 2062/2916/1903 2056/2917/1904
f 2058/2918/1899 2045/2883/1888 2042/2882/1879
f 2062/2919/1903 2057/2902/1894 2060/2904/1891
f 2059/2920/1905 2052/2921/1901 2057/2884/1894
f 2059/2920/1905 2051/2922/1906 2053/2923/1902
f 2051/2924/1906 2056/2925/1904 2053/2915/1902
f 2041/2926/1889 2038/2906/1885 2037/2905/1860
f 2040/2914/1877 2038/2906/1885 2041/2926/1889
f 2043/2911/1852 2042/2882/1879 2046/2881/1887
f 2061/2927/1897 2059/2928/1905 2062/2919/1903
f 2014/2837/1868 2016/2867/1876 2021/2840/1873
f 2011/2842/1875 2013/2929/1890 2016/2843/1876
f 2015/2833/1869 2031/2874/1885 2028/2844/1877
f 2018/2845/1872 2017/2849/1871 2011/2846/1875
f 2019/2848/1878 2013/2869/1890 2011/2846/1875
f 2020/2850/1874 2021/2930/1873 2019/2851/1878
f 2018/2836/1872 2033/2875/1888 2035/2852/1879
f 2031/2874/1885 2029/2931/1886 2030/2872/1860
f 2019/2851/1878 2021/2930/1873 2026/2853/1880
f 2036/2877/1852 2034/2932/1884 2035/2852/1879
f 2016/2843/1876 2013/2929/1890 2023/2855/1882
f 2035/2857/1879 2031/2859/1885 2015/2839/1869
f 2034/2858/1884 2029/2861/1886 2031/2859/1885
f 2036/2860/1852 2030/2933/1860 2029/2861/1886
f 2028/2862/1877 2027/2866/1889 2032/2863/1887
f 2030/2865/1860 2036/2934/1852 2032/2863/1887
f 2033/2864/1888 2018/2845/1872 2012/2847/1867
f 2016/2867/1876 2024/2935/1883 2026/2868/1880
f 2027/2873/1889 2028/2844/1877 2031/2874/1885
f 2013/2869/1890 2019/2848/1878 2025/2870/1881
f 2060/2878/1891 2050/2936/1900 2048/2879/1892
f 2057/2884/1894 2052/2921/1901 2047/2885/1895
f 2040/2887/1877 2045/2893/1888 2061/2888/1897
f 2043/2890/1852 2046/2894/1887 2041/2891/1889
f 2045/2893/1888 2040/2887/1877 2041/2891/1889
f 2037/2895/1860 2039/2898/1886 2044/2896/1884
f 2039/2898/1886 2038/2900/1885 2042/2899/1879
f 2038/2900/1885 2051/2922/1906 2058/2901/1899
f 2057/2902/1894 2049/2937/1896 2050/2903/1900
f 2054/2908/1893 2048/2938/1892 2047/2909/1895
f 2055/2913/1898 2051/2924/1906 2038/2906/1885
f 2053/2915/1902 2056/2925/1904 2054/2908/1893
f 2054/2880/1893 2056/2917/1904 2062/2916/1903
f 2055/2889/1898 2061/2888/1897 2062/2916/1903
f 2058/2918/1899 2061/2927/1897 2045/2883/1888
f 2062/2919/1903 2059/2928/1905 2057/2902/1894
f 2059/2920/1905 2053/2923/1902 2052/2921/1901
f 2059/2920/1905 2058/2901/1899 2051/2922/1906
f 2051/2924/1906 2055/2913/1898 2056/2925/1904
f 2061/2927/1897 2058/2918/1899 2059/2928/1905
f 2612/2939/1907 2076/2940/1908 2616/2941/1909
f 2066/2942/1910 2593/2943/1911 2595/2944/1912
f 2604/2945/1913 2068/2946/1914 2602/2947/1915
f 2069/2948/1916 2606/2949/1917 2070/2950/1918
f 2594/2951/1919 2065/2952/1920 2596/2953/1907
f 2603/2954/1921 2592/2955/1922 2591/2956/1923
f 2064/2957/1924 2602/2947/1915 2063/2958/1925
f 2069/2948/1916 2605/2959/1926 2603/2954/1921
f 2607/2960/1927 2068/2946/1914 2608/2961/1928
f 2606/2949/1917 2593/2943/1911 2066/2942/1910
f 2075/2962/1929 2609/2963/1911 2611/2964/1912
f 2598/2965/1930 2600/2966/1931 2595/2944/1912
f 2083/2967/1932 2077/2968/1933 2082/2969/1934
f 2078/2970/1935 2080/2971/1936 2617/2972/1937
f 2063/2958/1925 2081/2973/1938 2064/2957/1924
f 2074/2974/1939 2610/2975/1919 2071/2976/1920
f 2081/2973/1938 2079/2977/1940 2083/2967/1932
f 2614/2978/1941 2592/2955/1922 2080/2971/1936
f 2074/2974/1939 2072/2979/1942 2610/2975/1919
f 2082/2969/1934 2609/2963/1911 2613/2980/1943
f 2616/2941/1909 2078/2970/1935 2617/2972/1937
f 2611/2964/1912 2073/2981/1930 2075/2962/1929
f 2599/2982/1944 2597/2983/1942 2594/2951/1919
f 2596/2953/1907 2599/2982/1944 2594/2951/1919
f 2600/2966/1931 2066/2942/1910 2595/2944/1912
f 2071/2976/1920 2612/2939/1907 2074/2974/1939
f 2075/2962/1929 2613/2980/1943 2609/2963/1911
f 2065/2952/1920 2607/2960/1927 2596/2953/1907
f 2612/2939/1907 2071/2976/1920 2076/2940/1908
f 2604/2945/1913 2608/2961/1928 2068/2946/1914
f 2069/2948/1916 2601/2984/1945 2606/2949/1917
f 2603/2954/1921 2605/2959/1926 2592/2955/1922
f 2064/2957/1924 2604/2945/1913 2602/2947/1915
f 2069/2948/1916 2070/2950/1918 2605/2959/1926
f 2607/2960/1927 2067/2985/1946 2068/2946/1914
f 2606/2949/1917 2601/2984/1945 2593/2943/1911
f 2083/2967/1932 2079/2977/1940 2077/2968/1933
f 2078/2970/1935 2614/2978/1941 2080/2971/1936
f 2063/2958/1925 2615/2986/1947 2081/2973/1938
f 2081/2973/1938 2615/2986/1947 2079/2977/1940
f 2614/2978/1941 2591/2956/1923 2592/2955/1922
f 2082/2969/1934 2077/2968/1933 2609/2963/1911
f 2616/2941/1909 2076/2940/1908 2078/2970/1935
f 2065/2952/1920 2067/2985/1946 2607/2960/1927
f 2087/2987/1948 2085/2988/1949 2086/2989/1950
f 2093/2990/1951 2099/2991/1952 2092/2992/1953
f 2106/2993/1954 2091/2994/1955 2088/2995/1956
f 2084/2996/1957 2087/2997/1948 2090/2998/1958
f 2104/2999/1959 2107/3000/1956 2106/3001/1954
f 2104/2999/1959 2088/3002/1956 2086/3003/1950
f 2098/3004/1960 2088/3005/1956 2099/2991/1952
f 2094/3006/1961 2100/3007/1962 2098/3008/1960
f 2097/3009/1963 2093/2990/1951 2092/2992/1953
f 2101/3010/1964 2094/3011/1961 2095/3012/1965
f 2097/3009/1963 2094/3011/1961 2096/3013/1966
f 2099/3014/1952 2088/3015/1956 2101/3016/1964
f 2101/3010/1964 2090/3017/1958 2100/3018/1962
f 2103/3019/1967 2105/3020/1968 2104/3021/1959
f 2087/3022/1948 2086/3003/1950 2089/3023/1954
f 2089/3023/1954 2086/3003/1950 2088/3002/1956
f 2102/3024/1969 2085/3025/1949 2084/3026/1957
f 2104/2999/1959 2105/3027/1968 2107/3000/1956
f 2109/3028/1958 2084/2996/1957 2091/2994/1955
f 2109/3028/1958 2108/3029/1955 2102/3030/1969
f 2107/3031/1956 2105/3032/1968 2108/3029/1955
f 2091/2994/1955 2084/2996/1957 2090/2998/1958
f 2087/2997/1948 2089/3033/1954 2090/2998/1958
f 2105/3032/1968 2102/3030/1969 2108/3029/1955
f 2090/3034/1958 2089/3035/1954 2100/3007/1962
f 2089/3035/1954 2098/3008/1960 2100/3007/1962
f 2098/3008/1960 2093/3036/1951 2094/3006/1961
f 2093/3036/1951 2096/3037/1966 2094/3006/1961
f 2088/3015/1956 2091/3038/1955 2101/3016/1964
f 2101/3016/1964 2095/3039/1965 2092/3040/1953
f 2095/3039/1965 2097/3041/1963 2092/3040/1953
f 2092/3040/1953 2099/3014/1952 2101/3016/1964
f 2115/3042/1951 2119/3043/1962 2117/3044/1960
f 2112/3045/1970 2115/3042/1951 2110/3046/1966
f 2119/3043/1962 2115/3042/1951 2112/3045/1970
f 2106/3047/1954 2119/3043/1962 2109/3048/1958
f 2114/3049/1953 2113/3050/1971 2111/3051/1963
f 2116/3052/1952 2113/3050/1971 2114/3049/1953
f 2107/3053/1956 2118/3054/1964 2116/3052/1952
f 2108/3055/1955 2118/3054/1964 2107/3053/1956
f 2108/3056/1955 2119/3057/1962 2118/3058/1964
f 2117/3044/1960 2119/3043/1962 2106/3047/1954
f 2113/3059/1971 2110/3060/1966 2111/3061/1963
f 2113/3059/1971 2119/3057/1962 2112/3062/1970
f 2114/3063/1953 2110/3060/1966 2115/3064/1951
f 2113/3050/1971 2116/3052/1952 2118/3054/1964
f 2106/3065/1954 2116/3066/1952 2117/3067/1960
f 2117/3067/1960 2114/3063/1953 2115/3064/1951
f 2087/2987/1948 2084/3068/1957 2085/2988/1949
f 2093/2990/1951 2098/3004/1960 2099/2991/1952
f 2106/2993/1954 2109/3028/1958 2091/2994/1955
f 2104/2999/1959 2106/3001/1954 2088/3002/1956
f 2098/3004/1960 2089/3069/1954 2088/3005/1956
f 2097/3009/1963 2096/3013/1966 2093/2990/1951
f 2101/3010/1964 2100/3018/1962 2094/3011/1961
f 2097/3009/1963 2095/3012/1965 2094/3011/1961
f 2101/3010/1964 2091/3070/1955 2090/3017/1958
f 2103/3019/1967 2102/3071/1969 2105/3020/1968
f 2102/3024/1969 2103/3072/1967 2085/3025/1949
f 2109/3028/1958 2102/3030/1969 2084/2996/1957
f 2108/3056/1955 2109/3073/1958 2119/3057/1962
f 2113/3059/1971 2112/3062/1970 2110/3060/1966
f 2113/3059/1971 2118/3058/1964 2119/3057/1962
f 2114/3063/1953 2111/3061/1963 2110/3060/1966
f 2106/3065/1954 2107/3074/1956 2116/3066/1952
f 2117/3067/1960 2116/3066/1952 2114/3063/1953
f 2128/3075/1967 2133/3076/1972 2134/3077/1967
f 2126/3078/1959 2137/3079/91 2138/3080/1973
f 2131/3081/93 2128/3075/1967 2134/3077/1967
f 2127/3082/9 2138/3080/1973 2133/3076/1972
f 2122/3083/9 2139/3084/1974 2121/3085/1959
f 2183/3086/9 2145/3087/1975 2146/3088/1976
f 2130/3089/93 2123/3090/1967 2124/3091/93
f 2131/3081/93 2152/3092/1967 2150/3093/93
f 2139/3084/1974 2120/3094/91 2121/3085/1959
f 2138/3080/1973 2148/3095/91 2149/3096/1977
f 2123/3090/1967 2132/3097/1978 2122/3083/9
f 2152/3092/1967 2133/3076/1972 2151/3098/1979
f 2151/3099/1979 2146/3088/1976 2132/3100/1978
f 2182/3101/1980 2141/3102/1981 2142/3103/1982
f 2149/3104/1977 2142/3103/1982 2138/3105/1973
f 2149/3104/1977 2140/3106/1983 2182/3101/1980
f 2151/3099/1979 2144/3107/1984 2183/3086/9
f 2143/3108/1985 2180/3109/1986 2147/3110/1987
f 2144/3111/1984 2141/3112/1981 2143/3108/1985
f 2181/3113/1988 2146/3114/1976 2145/3115/1975
f 2180/3109/1986 2145/3115/1975 2147/3110/1987
f 2182/3101/1980 2181/3116/1988 2180/3117/1986
f 2149/3096/1977 2136/3118/91 2139/3084/1974
f 2183/3086/9 2143/3119/1985 2147/3120/1987
f 2139/3121/1974 2146/3114/1976 2140/3122/1983
f 2152/3092/1967 2132/3097/1978 2135/3123/1967
f 2150/3093/93 2135/3123/1967 2130/3089/93
f 2138/3124/1973 2144/3111/1984 2133/3125/1972
f 2160/3126/1989 2158/3127/1949 2161/3128/1949
f 2137/3129/91 2156/3130/1950 2163/3131/1990
f 2161/3128/1949 2129/3132/93 2131/3081/93
f 2163/3131/1990 2157/3133/25 2160/3126/1989
f 2153/3134/1950 2159/3135/1991 2154/3136/25
f 2168/3137/1992 2163/3138/1990 2160/3139/1989
f 2155/3140/1949 2130/3089/93 2124/3091/93
f 2178/3141/1949 2131/3081/93 2150/3093/93
f 2120/3142/91 2164/3143/1993 2153/3134/1950
f 2148/3144/91 2163/3131/1990 2175/3145/1994
f 2154/3136/25 2162/3146/1949 2155/3140/1949
f 2178/3141/1949 2160/3126/1989 2161/3128/1949
f 2164/3147/1993 2166/3148/1995 2159/3149/1991
f 2179/3150/25 2169/3151/1996 2168/3152/1992
f 2176/3153/1997 2174/3154/1998 2172/3155/1999
f 2167/3156/2000 2173/3157/2001 2165/3158/2002
f 2166/3148/1995 2174/3159/1998 2167/3156/2000
f 2168/3137/1992 2171/3160/2003 2170/3161/2004
f 2169/3162/1996 2173/3157/2001 2171/3160/2003
f 2177/3163/2005 2168/3152/1992 2160/3164/1989
f 2175/3165/1994 2172/3155/1999 2164/3166/1993
f 2170/3167/2004 2175/3165/1994 2163/3168/1990
f 2136/3169/91 2175/3145/1994 2164/3143/1993
f 2171/3170/2003 2176/3153/1997 2170/3167/2004
f 2166/3171/1995 2177/3163/2005 2159/3172/1991
f 2159/3135/1991 2178/3141/1949 2162/3146/1949
f 2162/3146/1949 2150/3093/93 2130/3089/93
f 2167/3173/2000 2179/3150/25 2166/3171/1995
f 2128/3075/1967 2127/3082/9 2133/3076/1972
f 2126/3078/1959 2125/3174/91 2137/3079/91
f 2131/3081/93 2129/3132/93 2128/3075/1967
f 2127/3082/9 2126/3078/1959 2138/3080/1973
f 2122/3083/9 2132/3097/1978 2139/3084/1974
f 2183/3086/9 2147/3120/1987 2145/3087/1975
f 2130/3089/93 2135/3123/1967 2123/3090/1967
f 2131/3081/93 2134/3077/1967 2152/3092/1967
f 2139/3084/1974 2136/3118/91 2120/3094/91
f 2138/3080/1973 2137/3079/91 2148/3095/91
f 2123/3090/1967 2135/3123/1967 2132/3097/1978
f 2152/3092/1967 2134/3077/1967 2133/3076/1972
f 2151/3099/1979 2183/3086/9 2146/3088/1976
f 2182/3101/1980 2180/3117/1986 2141/3102/1981
f 2149/3104/1977 2182/3101/1980 2142/3103/1982
f 2149/3104/1977 2139/3175/1974 2140/3106/1983
f 2151/3099/1979 2133/3176/1972 2144/3107/1984
f 2143/3108/1985 2141/3112/1981 2180/3109/1986
f 2144/3111/1984 2142/3177/1982 2141/3112/1981
f 2181/3113/1988 2140/3122/1983 2146/3114/1976
f 2180/3109/1986 2181/3113/1988 2145/3115/1975
f 2182/3101/1980 2140/3106/1983 2181/3116/1988
f 2149/3096/1977 2148/3095/91 2136/3118/91
f 2183/3086/9 2144/3107/1984 2143/3119/1985
f 2139/3121/1974 2132/3178/1978 2146/3114/1976
f 2152/3092/1967 2151/3098/1979 2132/3097/1978
f 2150/3093/93 2152/3092/1967 2135/3123/1967
f 2138/3124/1973 2142/3177/1982 2144/3111/1984
f 2160/3126/1989 2157/3133/25 2158/3127/1949
f 2137/3129/91 2125/3179/91 2156/3130/1950
f 2161/3128/1949 2158/3127/1949 2129/3132/93
f 2163/3131/1990 2156/3130/1950 2157/3133/25
f 2153/3134/1950 2164/3143/1993 2159/3135/1991
f 2168/3137/1992 2170/3161/2004 2163/3138/1990
f 2155/3140/1949 2162/3146/1949 2130/3089/93
f 2178/3141/1949 2161/3128/1949 2131/3081/93
f 2120/3142/91 2136/3169/91 2164/3143/1993
f 2148/3144/91 2137/3129/91 2163/3131/1990
f 2154/3136/25 2159/3135/1991 2162/3146/1949
f 2178/3141/1949 2177/3180/2005 2160/3126/1989
f 2164/3147/1993 2172/3181/1999 2166/3148/1995
f 2179/3150/25 2165/3182/2002 2169/3151/1996
f 2176/3153/1997 2173/3183/2001 2174/3154/1998
f 2167/3156/2000 2174/3159/1998 2173/3157/2001
f 2166/3148/1995 2172/3181/1999 2174/3159/1998
f 2168/3137/1992 2169/3162/1996 2171/3160/2003
f 2169/3162/1996 2165/3158/2002 2173/3157/2001
f 2177/3163/2005 2179/3150/25 2168/3152/1992
f 2175/3165/1994 2176/3153/1997 2172/3155/1999
f 2170/3167/2004 2176/3153/1997 2175/3165/1994
f 2136/3169/91 2148/3144/91 2175/3145/1994
f 2171/3170/2003 2173/3183/2001 2176/3153/1997
f 2166/3171/1995 2179/3150/25 2177/3163/2005
f 2159/3135/1991 2177/3180/2005 2178/3141/1949
f 2162/3146/1949 2178/3141/1949 2150/3093/93
f 2167/3173/2000 2165/3182/2002 2179/3150/25
f 2187/3184/2006 2191/3185/2007 2185/3186/2008
f 2190/3187/2009 2186/3188/2010 2184/3189/2011
f 2198/3190/2012 2188/3191/2013 2194/3192/2014
f 2199/3193/2015 2189/3194/2016 2197/3195/2017
f 2185/3186/2008 2194/3192/2014 2188/3191/2013
f 2195/3196/2018 2184/3189/2011 2189/3194/2016
f 2190/3197/2009 2193/3198/2019 2192/3199/2020
f 2195/3200/2018 2191/3201/2007 2190/3197/2009
f 2198/3202/2012 2195/3200/2018 2199/3203/2015
f 2189/3204/2016 2196/3205/2021 2197/3206/2017
f 2184/3207/2011 2188/3208/2013 2189/3204/2016
f 2186/3209/2010 2185/3210/2008 2184/3207/2011
f 2192/3199/2020 2187/3211/2006 2186/3209/2010
f 2198/3212/2012 2197/3213/2017 2196/3214/2021
f 2201/3215/2022 2202/3216/2021 2200/3217/2023
f 2207/3218/2019 2212/3219/2010 2206/3220/2020
f 2213/3221/2006 2214/3222/2011 2212/3219/2010
f 2215/3223/2008 2211/3224/2016 2214/3222/2011
f 2210/3225/2013 2203/3226/2017 2211/3224/2016
f 2201/3227/2022 2204/3228/2014 2205/3229/2018
f 2204/3228/2014 2208/3230/2009 2205/3229/2018
f 2209/3231/2007 2206/3220/2020 2208/3230/2009
f 2204/3232/2014 2215/3233/2008 2209/3234/2007
f 2214/3235/2011 2205/3236/2018 2208/3237/2009
f 2200/3238/2023 2210/3239/2013 2204/3232/2014
f 2201/3240/2022 2211/3241/2016 2203/3242/2017
f 2209/3234/2007 2213/3243/2006 2207/3244/2019
f 2212/3245/2010 2208/3237/2009 2206/3246/2020
f 2187/3184/2006 2193/3247/2019 2191/3185/2007
f 2190/3187/2009 2192/3248/2020 2186/3188/2010
f 2198/3190/2012 2196/3249/2021 2188/3191/2013
f 2199/3193/2015 2195/3196/2018 2189/3194/2016
f 2185/3186/2008 2191/3185/2007 2194/3192/2014
f 2195/3196/2018 2190/3187/2009 2184/3189/2011
f 2190/3197/2009 2191/3201/2007 2193/3198/2019
f 2195/3200/2018 2194/3250/2014 2191/3201/2007
f 2198/3202/2012 2194/3250/2014 2195/3200/2018
f 2189/3204/2016 2188/3208/2013 2196/3205/2021
f 2184/3207/2011 2185/3210/2008 2188/3208/2013
f 2186/3209/2010 2187/3211/2006 2185/3210/2008
f 2192/3199/2020 2193/3198/2019 2187/3211/2006
f 2198/3212/2012 2199/3251/2015 2197/3213/2017
f 2201/3215/2022 2203/3252/2017 2202/3216/2021
f 2207/3218/2019 2213/3221/2006 2212/3219/2010
f 2213/3221/2006 2215/3223/2008 2214/3222/2011
f 2215/3223/2008 2210/3225/2013 2211/3224/2016
f 2210/3225/2013 2202/3253/2021 2203/3226/2017
f 2201/3227/2022 2200/3254/2023 2204/3228/2014
f 2204/3228/2014 2209/3231/2007 2208/3230/2009
f 2209/3231/2007 2207/3218/2019 2206/3220/2020
f 2204/3232/2014 2210/3239/2013 2215/3233/2008
f 2214/3235/2011 2211/3241/2016 2205/3236/2018
f 2200/3238/2023 2202/3255/2021 2210/3239/2013
f 2201/3240/2022 2205/3236/2018 2211/3241/2016
f 2209/3234/2007 2215/3233/2008 2213/3243/2006
f 2212/3245/2010 2214/3235/2011 2208/3237/2009
f 2216/3256/2024 2256/3257/2025 2235/3258/2026
f 2217/3259/2027 2256/3257/2025 2232/3260/2028
f 2256/3261/2025 2219/3262/2029 2234/3263/2030
f 2256/3261/2025 2218/3264/2031 2235/3265/2026
f 2220/3266/2032 2257/3267/2033 2239/3268/2034
f 2221/3269/2035 2257/3267/2033 2236/3270/2036
f 2257/3271/2033 2223/3272/2037 2238/3273/2038
f 2257/3271/2033 2222/3274/2039 2239/3275/2034
f 2254/3276/2040 2235/3265/2026 2218/3264/2031
f 2227/3277/2041 2258/3278/2042 2254/3276/2040
f 2258/3279/2042 2224/3280/2043 2248/3281/2044
f 2235/3258/2026 2248/3281/2044 2216/3256/2024
f 2249/3282/2045 2233/3283/2046 2217/3259/2027
f 2225/3284/2047 2259/3285/2048 2249/3282/2045
f 2259/3286/2048 2226/3287/2049 2255/3288/2050
f 2233/3289/2046 2255/3288/2050 2219/3262/2029
f 2223/3272/2037 2260/3290/2051 2238/3273/2038
f 2253/3291/2052 2246/3292/2053 2260/3290/2051
f 2246/3292/2053 2250/3293/2054 2260/3290/2051
f 2260/3290/2051 2222/3274/2039 2238/3273/2038
f 2220/3266/2032 2261/3294/2055 2236/3270/2036
f 2251/3295/2056 2244/3296/2057 2261/3294/2055
f 2244/3296/2057 2252/3297/2058 2261/3294/2055
f 2261/3294/2055 2221/3269/2035 2236/3270/2036
f 2219/3262/2029 2262/3298/2059 2234/3263/2030
f 2255/3288/2050 2242/3299/2060 2262/3298/2059
f 2242/3299/2060 2254/3276/2040 2262/3298/2059
f 2262/3298/2059 2218/3264/2031 2234/3263/2030
f 2250/3293/2054 2239/3275/2034 2222/3274/2039
f 2231/3300/2061 2263/3301/2062 2250/3293/2054
f 2263/3302/2062 2228/3303/2063 2251/3295/2056
f 2239/3268/2034 2251/3295/2056 2220/3266/2032
f 2252/3297/2058 2237/3304/2064 2221/3269/2035
f 2229/3305/2065 2264/3306/2066 2252/3297/2058
f 2264/3307/2066 2230/3308/2067 2253/3291/2052
f 2237/3309/2064 2253/3291/2052 2223/3272/2037
f 2216/3256/2024 2265/3310/2068 2232/3260/2028
f 2248/3281/2044 2240/3311/2069 2265/3310/2068
f 2240/3311/2069 2249/3282/2045 2265/3310/2068
f 2265/3310/2068 2217/3259/2027 2232/3260/2028
f 2266/3312/2070 2314/3313/2071 2282/3314/2072
f 2291/3315/2073 2282/3314/2072 2306/3316/2074
f 2283/3317/2075 2291/3315/2073 2307/3318/2076
f 2315/3319/2077 2266/3312/2070 2283/3317/2075
f 2294/3320/2078 2278/3321/2079 2267/3322/2080
f 2267/3322/2080 2301/3323/2081 2286/3324/2082
f 2302/3325/2083 2267/3326/2080 2286/3327/2082
f 2279/3328/2084 2294/3329/2078 2267/3326/2080
f 2292/3330/2085 2280/3331/2086 2268/3332/2087
f 2268/3332/2087 2303/3333/2088 2284/3334/2089
f 2300/3335/2090 2268/3336/2087 2284/3337/2089
f 2281/3338/2091 2292/3339/2085 2268/3336/2087
f 2269/3340/2092 2313/3341/2093 2277/3342/2094
f 2289/3343/2095 2277/3342/2094 2304/3344/2096
f 2276/3345/2097 2289/3343/2095 2305/3346/2098
f 2312/3347/2099 2269/3340/2092 2276/3345/2097
f 2270/3348/2100 2310/3349/2101 2279/3328/2084
f 2287/3350/2102 2279/3328/2084 2302/3325/2083
f 2280/3331/2086 2287/3350/2102 2303/3333/2088
f 2311/3351/2103 2270/3348/2100 2280/3331/2086
f 2271/3352/2104 2309/3353/2105 2281/3338/2091
f 2285/3354/2106 2281/3338/2091 2300/3335/2090
f 2278/3321/2079 2285/3354/2106 2301/3323/2081
f 2308/3355/2107 2271/3352/2104 2278/3321/2079
f 2298/3356/2108 2276/3345/2097 2272/3357/2109
f 2272/3357/2109 2305/3346/2098 2290/3358/2110
f 2306/3316/2074 2272/3359/2109 2290/3360/2110
f 2282/3314/2072 2298/3361/2108 2272/3359/2109
f 2296/3362/2111 2283/3317/2075 2273/3363/2112
f 2273/3363/2112 2307/3318/2076 2288/3364/2113
f 2304/3344/2096 2273/3365/2112 2288/3366/2113
f 2277/3342/2094 2296/3367/2111 2273/3365/2112
f 2274/3368/2114 2309/3353/2105 2293/3369/2115
f 2274/3368/2114 2308/3355/2107 2294/3320/2078
f 2310/3349/2101 2274/3370/2114 2294/3329/2078
f 2311/3351/2103 2274/3370/2114 2295/3371/2116
f 2275/3372/2117 2313/3341/2093 2297/3373/2118
f 2275/3372/2117 2312/3347/2099 2298/3356/2108
f 2314/3313/2071 2275/3374/2117 2298/3361/2108
f 2315/3319/2077 2275/3374/2117 2299/3375/2119
f 2216/3256/2024 2232/3260/2028 2256/3257/2025
f 2217/3259/2027 2233/3283/2046 2256/3257/2025
f 2256/3261/2025 2233/3289/2046 2219/3262/2029
f 2256/3261/2025 2234/3263/2030 2218/3264/2031
f 2220/3266/2032 2236/3270/2036 2257/3267/2033
f 2221/3269/2035 2237/3304/2064 2257/3267/2033
f 2257/3271/2033 2237/3309/2064 2223/3272/2037
f 2257/3271/2033 2238/3273/2038 2222/3274/2039
f 2254/3276/2040 2258/3278/2042 2235/3265/2026
f 2227/3277/2041 2243/3376/2120 2258/3278/2042
f 2258/3279/2042 2243/3377/2120 2224/3280/2043
f 2235/3258/2026 2258/3279/2042 2248/3281/2044
f 2249/3282/2045 2259/3285/2048 2233/3283/2046
f 2225/3284/2047 2241/3378/2121 2259/3285/2048
f 2259/3286/2048 2241/3379/2121 2226/3287/2049
f 2233/3289/2046 2259/3286/2048 2255/3288/2050
f 2223/3272/2037 2253/3291/2052 2260/3290/2051
f 2253/3291/2052 2230/3308/2067 2246/3292/2053
f 2246/3292/2053 2231/3300/2061 2250/3293/2054
f 2260/3290/2051 2250/3293/2054 2222/3274/2039
f 2220/3266/2032 2251/3295/2056 2261/3294/2055
f 2251/3295/2056 2228/3303/2063 2244/3296/2057
f 2244/3296/2057 2229/3305/2065 2252/3297/2058
f 2261/3294/2055 2252/3297/2058 2221/3269/2035
f 2219/3262/2029 2255/3288/2050 2262/3298/2059
f 2255/3288/2050 2226/3287/2049 2242/3299/2060
f 2242/3299/2060 2227/3277/2041 2254/3276/2040
f 2262/3298/2059 2254/3276/2040 2218/3264/2031
f 2250/3293/2054 2263/3301/2062 2239/3275/2034
f 2231/3300/2061 2247/3380/2122 2263/3301/2062
f 2263/3302/2062 2247/3381/2122 2228/3303/2063
f 2239/3268/2034 2263/3302/2062 2251/3295/2056
f 2252/3297/2058 2264/3306/2066 2237/3304/2064
f 2229/3305/2065 2245/3382/2123 2264/3306/2066
f 2264/3307/2066 2245/3383/2123 2230/3308/2067
f 2237/3309/2064 2264/3307/2066 2253/3291/2052
f 2216/3256/2024 2248/3281/2044 2265/3310/2068
f 2248/3281/2044 2224/3280/2043 2240/3311/2069
f 2240/3311/2069 2225/3284/2047 2249/3282/2045
f 2265/3310/2068 2249/3282/2045 2217/3259/2027
f 2266/3312/2070 2299/3375/2119 2314/3313/2071
f 2291/3315/2073 2266/3312/2070 2282/3314/2072
f 2283/3317/2075 2266/3312/2070 2291/3315/2073
f 2315/3319/2077 2299/3375/2119 2266/3312/2070
f 2294/3320/2078 2308/3355/2107 2278/3321/2079
f 2267/3322/2080 2278/3321/2079 2301/3323/2081
f 2302/3325/2083 2279/3328/2084 2267/3326/2080
f 2279/3328/2084 2310/3349/2101 2294/3329/2078
f 2292/3330/2085 2311/3351/2103 2280/3331/2086
f 2268/3332/2087 2280/3331/2086 2303/3333/2088
f 2300/3335/2090 2281/3338/2091 2268/3336/2087
f 2281/3338/2091 2309/3353/2105 2292/3339/2085
f 2269/3340/2092 2297/3373/2118 2313/3341/2093
f 2289/3343/2095 2269/3340/2092 2277/3342/2094
f 2276/3345/2097 2269/3340/2092 2289/3343/2095
f 2312/3347/2099 2297/3373/2118 2269/3340/2092
f 2270/3348/2100 2295/3371/2116 2310/3349/2101
f 2287/3350/2102 2270/3348/2100 2279/3328/2084
f 2280/3331/2086 2270/3348/2100 2287/3350/2102
f 2311/3351/2103 2295/3371/2116 2270/3348/2100
f 2271/3352/2104 2293/3369/2115 2309/3353/2105
f 2285/3354/2106 2271/3352/2104 2281/3338/2091
f 2278/3321/2079 2271/3352/2104 2285/3354/2106
f 2308/3355/2107 2293/3369/2115 2271/3352/2104
f 2298/3356/2108 2312/3347/2099 2276/3345/2097
f 2272/3357/2109 2276/3345/2097 2305/3346/2098
f 2306/3316/2074 2282/3314/2072 2272/3359/2109
f 2282/3314/2072 2314/3313/2071 2298/3361/2108
f 2296/3362/2111 2315/3319/2077 2283/3317/2075
f 2273/3363/2112 2283/3317/2075 2307/3318/2076
f 2304/3344/2096 2277/3342/2094 2273/3365/2112
f 2277/3342/2094 2313/3341/2093 2296/3367/2111
f 2274/3368/2114 2292/3339/2085 2309/3353/2105
f 2274/3368/2114 2293/3369/2115 2308/3355/2107
f 2310/3349/2101 2295/3371/2116 2274/3370/2114
f 2311/3351/2103 2292/3330/2085 2274/3370/2114
f 2275/3372/2117 2296/3367/2111 2313/3341/2093
f 2275/3372/2117 2297/3373/2118 2312/3347/2099
f 2314/3313/2071 2299/3375/2119 2275/3374/2117
f 2315/3319/2077 2296/3362/2111 2275/3374/2117
f 2318/3384/2124 2359/3385/2125 2338/3386/2126
f 2317/3387/2127 2359/3385/2125 2329/3388/2128
f 2337/3389/2129 2332/3390/437 2359/3385/2125
f 2338/3386/2126 2332/3390/437 423/3391/433
f 2331/3392/2130 2336/3393/2131 2316/3394/2132
f 2331/3392/2130 2335/3395/2133 2360/3396/2134
f 2335/3395/2133 2334/3397/454 2360/3396/2134
f 2360/3396/2134 422/3398/442 2336/3393/2131
f 2319/3399/2135 2361/3400/2136 2335/3395/2133
f 2330/3401/2137 2338/3402/2126 2361/3400/2136
f 2361/3400/2136 423/3403/433 767/3404/432
f 2335/3395/2133 767/3404/432 424/3405/431
f 2328/3406/2138 2337/3389/2129 2317/3387/2127
f 2316/3394/2132 2362/3407/2139 2328/3406/2138
f 2336/3393/2131 2333/3408/441 2362/3407/2139
f 2362/3407/2139 2320/3409/438 2337/3389/2129
f 2326/3410/2140 2363/3411/2141 2356/3412/2142
f 2351/3413/2143 2354/3414/2144 2363/3411/2141
f 2354/3414/2144 2329/3388/2128 2363/3411/2141
f 2363/3411/2141 2318/3384/2124 2356/3412/2142
f 2340/3415/2145 1059/3416/984 2321/3417/2146
f 2323/3418/2147 2364/3419/983 2340/3415/2145
f 2323/3418/2147 2365/3420/985 2342/3421/982
f 2341/3422/2148 2343/3423/1846 2365/3420/985
f 2347/3424/2149 2339/3425/521 573/3426/514
f 2321/3417/2146 1539/3427/986 2347/3424/2149
f 2322/3428/2150 2366/3429/987 2343/3423/1846
f 879/3430/512 2348/3431/2151 573/3432/514
f 2324/3433/2152 2367/3434/2153 2352/3435/2154
f 2358/3436/2155 2340/3415/2145 2367/3434/2153
f 2367/3434/2153 2321/3417/2146 2346/3437/2156
f 2352/3435/2154 2346/3437/2156 2325/3438/2157
f 2322/3428/2150 2368/3439/2158 2344/3440/2159
f 2341/3422/2148 2358/3436/2155 2368/3439/2158
f 2368/3439/2158 2324/3433/2152 2355/3441/2160
f 2344/3440/2159 2355/3441/2160 2327/3442/2161
f 2326/3443/2140 2369/3444/2162 2353/3445/2163
f 2318/3446/2124 2369/3444/2162 2356/3447/2142
f 2330/3401/2137 2357/3448/2164 2369/3444/2162
f 2353/3445/2163 2357/3448/2164 2325/3438/2157
f 573/3432/514 2372/3449/2165 2345/3450/2166
f 2348/3431/2151 2344/3440/2159 2372/3449/2165
f 2372/3449/2165 2327/3442/2161 2351/3413/2143
f 2345/3450/2166 2351/3413/2143 2326/3410/2140
f 2349/3451/2167 2331/3392/2130 2316/3394/2132
f 2349/3451/2167 2352/3435/2154 2373/3452/2168
f 2373/3452/2168 2325/3438/2157 2357/3448/2164
f 2373/3452/2168 2319/3399/2135 2331/3392/2130
f 573/3426/514 2374/3453/2169 2347/3424/2149
f 2345/3454/2166 2353/3445/2163 2374/3453/2169
f 2374/3453/2169 2325/3438/2157 2346/3437/2156
f 2347/3424/2149 2346/3437/2156 2321/3417/2146
f 2327/3442/2161 2375/3455/2170 2354/3414/2144
f 2355/3441/2160 2349/3451/2167 2375/3455/2170
f 2349/3451/2167 2328/3406/2138 2375/3455/2170
f 2375/3455/2170 2317/3387/2127 2354/3414/2144
f 2378/3456/2171 2415/3457/2172 2391/3458/2173
f 2415/3457/2172 2377/3459/2174 2391/3458/2173
f 1797/3460/1735 2396/3461/2175 2415/3457/2172
f 2397/3462/2176 1797/3460/1735 2415/3457/2172
f 2395/3463/2177 2393/3464/2178 2376/3465/2179
f 2393/3464/2178 2394/3466/2180 2379/3467/2181
f 1799/3468/1752 2394/3466/2180 2416/3469/2182
f 2380/3470/1741 2416/3469/2182 2395/3463/2177
f 2379/3467/2181 2417/3471/2183 2392/3472/2184
f 2392/3472/2184 2397/3473/2176 2378/3474/2171
f 2417/3471/2183 2381/3475/1847 2397/3473/2176
f 2394/3466/2180 1796/3476/1731 2417/3471/2183
f 2396/3461/2175 2390/3477/2185 2377/3459/2174
f 2418/3478/2186 2376/3465/2179 2390/3477/2185
f 1798/3479/1740 2395/3463/2177 2418/3478/2186
f 1728/3480/1737 2418/3478/2186 2396/3461/2175
f 2388/3481/2187 2419/3482/2188 2407/3483/2189
f 2407/3483/2189 2410/3484/2190 2389/3485/2191
f 2391/3458/2173 2410/3484/2190 2419/3482/2188
f 2378/3456/2171 2419/3482/2188 2412/3486/2192
f 2400/3487/1798 2398/3488/2193 2383/3489/2194
f 2420/3490/1797 2385/3491/2195 2398/3488/2193
f 2385/3491/2195 2370/3492/1503 2399/3493/2196
f 2399/3493/2196 2350/3494/1504 2384/3495/2197
f 1848/3496/1762 2404/3497/2198 705/3498/1137
f 2383/3489/2194 2421/3499/1799 2400/3487/1798
f 2384/3495/2197 2371/3500/1505 2405/3501/2199
f 2405/3501/2199 1152/3502/1134 705/3503/1137
f 2386/3504/2200 2422/3505/2201 2414/3506/2202
f 2414/3506/2202 2398/3488/2193 2385/3491/2195
f 2422/3505/2201 2383/3489/2194 2398/3488/2193
f 2408/3507/2203 2403/3508/2204 2422/3505/2201
f 2384/3495/2197 2423/3509/2205 2399/3493/2196
f 2399/3493/2196 2414/3506/2202 2385/3491/2195
f 2423/3509/2205 2386/3504/2200 2414/3506/2202
f 2401/3510/2206 2411/3511/2207 2423/3509/2205
f 2388/3512/2187 2424/3513/2208 2412/3514/2192
f 2424/3513/2208 2378/3474/2171 2412/3514/2192
f 2413/3515/2209 2392/3472/2184 2424/3513/2208
f 2409/3516/2210 2413/3515/2209 2424/3513/2208
f 705/3503/1137 2425/3517/2211 2405/3501/2199
f 2405/3501/2199 2401/3510/2206 2384/3495/2197
f 2425/3517/2211 2389/3485/2191 2401/3510/2206
f 2402/3518/2212 2407/3483/2189 2425/3517/2211
f 2393/3464/2178 2406/3519/2213 2376/3465/2179
f 2406/3519/2213 2408/3507/2203 2386/3504/2200
f 2426/3520/2214 2387/3521/2215 2408/3507/2203
f 2379/3467/2181 2426/3520/2214 2393/3464/2178
f 705/3498/1137 2427/3522/2216 2402/3523/2212
f 2402/3523/2212 2409/3516/2210 2388/3512/2187
f 2427/3522/2216 2387/3521/2215 2409/3516/2210
f 2404/3497/2198 2403/3508/2204 2427/3522/2216
f 2389/3485/2191 2428/3524/2217 2411/3511/2207
f 2411/3511/2207 2406/3519/2213 2386/3504/2200
f 2390/3477/2185 2406/3519/2213 2428/3524/2217
f 2377/3459/2174 2428/3524/2217 2410/3484/2190
f 2318/3384/2124 2329/3388/2128 2359/3385/2125
f 2317/3387/2127 2337/3389/2129 2359/3385/2125
f 2337/3389/2129 2320/3409/438 2332/3390/437
f 2338/3386/2126 2359/3385/2125 2332/3390/437
f 2331/3392/2130 2360/3396/2134 2336/3393/2131
f 2331/3392/2130 2319/3399/2135 2335/3395/2133
f 2335/3395/2133 424/3405/431 2334/3397/454
f 2360/3396/2134 2334/3397/454 422/3398/442
f 2319/3399/2135 2330/3401/2137 2361/3400/2136
f 2330/3401/2137 2318/3446/2124 2338/3402/2126
f 2361/3400/2136 2338/3402/2126 423/3403/433
f 2335/3395/2133 2361/3400/2136 767/3404/432
f 2328/3406/2138 2362/3407/2139 2337/3389/2129
f 2316/3394/2132 2336/3393/2131 2362/3407/2139
f 2336/3393/2131 422/3398/442 2333/3408/441
f 2362/3407/2139 2333/3408/441 2320/3409/438
f 2326/3410/2140 2351/3413/2143 2363/3411/2141
f 2351/3413/2143 2327/3442/2161 2354/3414/2144
f 2354/3414/2144 2317/3387/2127 2329/3388/2128
f 2363/3411/2141 2329/3388/2128 2318/3384/2124
f 2340/3415/2145 2364/3419/983 1059/3416/984
f 2323/3418/2147 2342/3421/982 2364/3419/983
f 2323/3418/2147 2341/3422/2148 2365/3420/985
f 2341/3422/2148 2322/3428/2150 2343/3423/1846
f 2347/3424/2149 1539/3427/986 2339/3425/521
f 2321/3417/2146 1059/3416/984 1539/3427/986
f 2322/3428/2150 2348/3431/2151 2366/3429/987
f 879/3430/512 2366/3429/987 2348/3431/2151
f 2324/3433/2152 2358/3436/2155 2367/3434/2153
f 2358/3436/2155 2323/3418/2147 2340/3415/2145
f 2367/3434/2153 2340/3415/2145 2321/3417/2146
f 2352/3435/2154 2367/3434/2153 2346/3437/2156
f 2322/3428/2150 2341/3422/2148 2368/3439/2158
f 2341/3422/2148 2323/3418/2147 2358/3436/2155
f 2368/3439/2158 2358/3436/2155 2324/3433/2152
f 2344/3440/2159 2368/3439/2158 2355/3441/2160
f 2326/3443/2140 2356/3447/2142 2369/3444/2162
f 2318/3446/2124 2330/3401/2137 2369/3444/2162
f 2330/3401/2137 2319/3399/2135 2357/3448/2164
f 2353/3445/2163 2369/3444/2162 2357/3448/2164
f 573/3432/514 2348/3431/2151 2372/3449/2165
f 2348/3431/2151 2322/3428/2150 2344/3440/2159
f 2372/3449/2165 2344/3440/2159 2327/3442/2161
f 2345/3450/2166 2372/3449/2165 2351/3413/2143
f 2349/3451/2167 2373/3452/2168 2331/3392/2130
f 2349/3451/2167 2324/3433/2152 2352/3435/2154
f 2373/3452/2168 2352/3435/2154 2325/3438/2157
f 2373/3452/2168 2357/3448/2164 2319/3399/2135
f 573/3426/514 2345/3454/2166 2374/3453/2169
f 2345/3454/2166 2326/3443/2140 2353/3445/2163
f 2374/3453/2169 2353/3445/2163 2325/3438/2157
f 2347/3424/2149 2374/3453/2169 2346/3437/2156
f 2327/3442/2161 2355/3441/2160 2375/3455/2170
f 2355/3441/2160 2324/3433/2152 2349/3451/2167
f 2349/3451/2167 2316/3394/2132 2328/3406/2138
f 2375/3455/2170 2328/3406/2138 2317/3387/2127
f 2378/3456/2171 2397/3462/2176 2415/3457/2172
f 2415/3457/2172 2396/3461/2175 2377/3459/2174
f 1797/3460/1735 1728/3480/1737 2396/3461/2175
f 2397/3462/2176 2381/3525/1847 1797/3460/1735
f 2395/3463/2177 2416/3469/2182 2393/3464/2178
f 2393/3464/2178 2416/3469/2182 2394/3466/2180
f 1799/3468/1752 2382/3526/1730 2394/3466/2180
f 2380/3470/1741 1799/3468/1752 2416/3469/2182
f 2379/3467/2181 2394/3466/2180 2417/3471/2183
f 2392/3472/2184 2417/3471/2183 2397/3473/2176
f 2417/3471/2183 1796/3476/1731 2381/3475/1847
f 2394/3466/2180 2382/3526/1730 1796/3476/1731
f 2396/3461/2175 2418/3478/2186 2390/3477/2185
f 2418/3478/2186 2395/3463/2177 2376/3465/2179
f 1798/3479/1740 2380/3470/1741 2395/3463/2177
f 1728/3480/1737 1798/3479/1740 2418/3478/2186
f 2388/3481/2187 2412/3486/2192 2419/3482/2188
f 2407/3483/2189 2419/3482/2188 2410/3484/2190
f 2391/3458/2173 2377/3459/2174 2410/3484/2190
f 2378/3456/2171 2391/3458/2173 2419/3482/2188
f 2400/3487/1798 2420/3490/1797 2398/3488/2193
f 2420/3490/1797 1855/3527/1796 2385/3491/2195
f 2385/3491/2195 1855/3527/1796 2370/3492/1503
f 2399/3493/2196 2370/3492/1503 2350/3494/1504
f 1848/3496/1762 2421/3499/1799 2404/3497/2198
f 2383/3489/2194 2404/3497/2198 2421/3499/1799
f 2384/3495/2197 2350/3494/1504 2371/3500/1505
f 2405/3501/2199 2371/3500/1505 1152/3502/1134
f 2386/3504/2200 2408/3507/2203 2422/3505/2201
f 2414/3506/2202 2422/3505/2201 2398/3488/2193
f 2422/3505/2201 2403/3508/2204 2383/3489/2194
f 2408/3507/2203 2387/3521/2215 2403/3508/2204
f 2384/3495/2197 2401/3510/2206 2423/3509/2205
f 2399/3493/2196 2423/3509/2205 2414/3506/2202
f 2423/3509/2205 2411/3511/2207 2386/3504/2200
f 2401/3510/2206 2389/3485/2191 2411/3511/2207
f 2388/3512/2187 2409/3516/2210 2424/3513/2208
f 2424/3513/2208 2392/3472/2184 2378/3474/2171
f 2413/3515/2209 2379/3467/2181 2392/3472/2184
f 2409/3516/2210 2387/3521/2215 2413/3515/2209
f 705/3503/1137 2402/3518/2212 2425/3517/2211
f 2405/3501/2199 2425/3517/2211 2401/3510/2206
f 2425/3517/2211 2407/3483/2189 2389/3485/2191
f 2402/3518/2212 2388/3481/2187 2407/3483/2189
f 2393/3464/2178 2426/3520/2214 2406/3519/2213
f 2406/3519/2213 2426/3520/2214 2408/3507/2203
f 2426/3520/2214 2413/3515/2209 2387/3521/2215
f 2379/3467/2181 2413/3515/2209 2426/3520/2214
f 705/3498/1137 2404/3497/2198 2427/3522/2216
f 2402/3523/2212 2427/3522/2216 2409/3516/2210
f 2427/3522/2216 2403/3508/2204 2387/3521/2215
f 2404/3497/2198 2383/3489/2194 2403/3508/2204
f 2389/3485/2191 2410/3484/2190 2428/3524/2217
f 2411/3511/2207 2428/3524/2217 2406/3519/2213
f 2390/3477/2185 2376/3465/2179 2406/3519/2213
f 2377/3459/2174 2390/3477/2185 2428/3524/2217
f 2442/3528/2218 2453/3529/2219 2441/3530/2220
f 2452/3531/2221 2435/3532/2222 2451/3533/2223
f 2430/3534/2224 2455/3535/2225 2429/3536/2226
f 2454/3537/2227 2437/3538/2228 2453/3529/2219
f 2444/3539/2229 2457/3540/2230 2443/3541/2231
f 2456/3542/2232 2441/3530/2220 2455/3535/2225
f 2436/3543/2233 2459/3544/2234 2435/3545/2222
f 2458/3546/2235 2439/3547/2236 2457/3540/2230
f 2446/3548/2237 2461/3549/2238 2445/3550/2239
f 2460/3551/2240 2443/3541/2231 2459/3544/2234
f 2438/3552/2241 2463/3553/2242 2437/3538/2228
f 2462/3554/2243 2433/3555/2244 2461/3549/2238
f 2448/3556/2245 2465/3557/2246 2447/3558/2247
f 2464/3559/2248 2445/3550/2239 2463/3553/2242
f 2440/3560/2249 2467/3561/2250 2439/3547/2236
f 2466/3562/2251 2431/3563/2252 2465/3557/2246
f 2468/3564/2253 2447/3558/2247 2467/3561/2250
f 2443/3565/2231 2475/3566/2254 2471/3567/2255
f 2457/3568/2230 2469/3569/2256 2475/3566/2254
f 2475/3566/2254 2437/3570/2228 2463/3571/2242
f 2471/3567/2255 2463/3571/2242 2445/3572/2239
f 2462/3573/2243 2452/3574/2221 2434/3575/2257
f 2446/3576/2237 2476/3577/2258 2462/3573/2243
f 2472/3578/2259 2460/3579/2240 2476/3577/2258
f 2476/3577/2258 2436/3580/2233 2452/3574/2221
f 2451/3581/2223 2461/3582/2238 2433/3583/2244
f 2435/3584/2222 2477/3585/2260 2451/3581/2223
f 2459/3586/2234 2471/3567/2255 2477/3585/2260
f 2477/3585/2260 2445/3572/2239 2461/3582/2238
f 2450/3587/2261 2456/3588/2232 2430/3589/2224
f 2432/3590/2262 2478/3591/2263 2450/3587/2261
f 2466/3592/2251 2474/3593/2264 2478/3591/2263
f 2478/3591/2263 2442/3594/2218 2456/3588/2232
f 2465/3595/2246 2473/3596/2265 2447/3597/2247
f 2431/3598/2252 2479/3599/2266 2465/3595/2246
f 2449/3600/2267 2455/3601/2225 2479/3599/2266
f 2479/3599/2266 2441/3602/2220 2473/3596/2265
f 2438/3603/2241 2480/3604/2268 2470/3605/2269
f 2454/3606/2227 2474/3593/2264 2480/3604/2268
f 2480/3604/2268 2448/3607/2245 2468/3608/2253
f 2470/3605/2269 2468/3608/2253 2440/3609/2249
f 2469/3569/2256 2453/3610/2219 2437/3570/2228
f 2469/3569/2256 2467/3611/2250 2481/3612/2270
f 2481/3612/2270 2447/3597/2247 2473/3596/2265
f 2453/3610/2219 2473/3596/2265 2441/3602/2220
f 2458/3613/2235 2470/3605/2269 2440/3609/2249
f 2444/3614/2229 2482/3615/2271 2458/3613/2235
f 2472/3578/2259 2464/3616/2248 2482/3615/2271
f 2470/3605/2269 2464/3616/2248 2438/3603/2241
f 2434/3617/2257 2451/3533/2223 2433/3618/2244
f 2442/3528/2218 2454/3537/2227 2453/3529/2219
f 2452/3531/2221 2436/3619/2233 2435/3532/2222
f 2430/3534/2224 2456/3542/2232 2455/3535/2225
f 2454/3537/2227 2438/3552/2241 2437/3538/2228
f 2444/3539/2229 2458/3546/2235 2457/3540/2230
f 2456/3542/2232 2442/3528/2218 2441/3530/2220
f 2436/3543/2233 2460/3551/2240 2459/3544/2234
f 2458/3546/2235 2440/3560/2249 2439/3547/2236
f 2446/3548/2237 2462/3554/2243 2461/3549/2238
f 2460/3551/2240 2444/3539/2229 2443/3541/2231
f 2438/3552/2241 2464/3559/2248 2463/3553/2242
f 2462/3554/2243 2434/3620/2257 2433/3555/2244
f 2448/3556/2245 2466/3562/2251 2465/3557/2246
f 2464/3559/2248 2446/3548/2237 2445/3550/2239
f 2440/3560/2249 2468/3564/2253 2467/3561/2250
f 2466/3562/2251 2432/3621/2262 2431/3563/2252
f 2468/3564/2253 2448/3556/2245 2447/3558/2247
f 2443/3565/2231 2457/3568/2230 2475/3566/2254
f 2457/3568/2230 2439/3622/2236 2469/3569/2256
f 2475/3566/2254 2469/3569/2256 2437/3570/2228
f 2471/3567/2255 2475/3566/2254 2463/3571/2242
f 2462/3573/2243 2476/3577/2258 2452/3574/2221
f 2446/3576/2237 2472/3578/2259 2476/3577/2258
f 2472/3578/2259 2444/3614/2229 2460/3579/2240
f 2476/3577/2258 2460/3579/2240 2436/3580/2233
f 2451/3581/2223 2477/3585/2260 2461/3582/2238
f 2435/3584/2222 2459/3586/2234 2477/3585/2260
f 2459/3586/2234 2443/3565/2231 2471/3567/2255
f 2477/3585/2260 2471/3567/2255 2445/3572/2239
f 2450/3587/2261 2478/3591/2263 2456/3588/2232
f 2432/3590/2262 2466/3592/2251 2478/3591/2263
f 2466/3592/2251 2448/3607/2245 2474/3593/2264
f 2478/3591/2263 2474/3593/2264 2442/3594/2218
f 2465/3595/2246 2479/3599/2266 2473/3596/2265
f 2431/3598/2252 2449/3600/2267 2479/3599/2266
f 2449/3600/2267 2429/3623/2226 2455/3601/2225
f 2479/3599/2266 2455/3601/2225 2441/3602/2220
f 2438/3603/2241 2454/3606/2227 2480/3604/2268
f 2454/3606/2227 2442/3594/2218 2474/3593/2264
f 2480/3604/2268 2474/3593/2264 2448/3607/2245
f 2470/3605/2269 2480/3604/2268 2468/3608/2253
f 2469/3569/2256 2481/3612/2270 2453/3610/2219
f 2469/3569/2256 2439/3622/2236 2467/3611/2250
f 2481/3612/2270 2467/3611/2250 2447/3597/2247
f 2453/3610/2219 2481/3612/2270 2473/3596/2265
f 2458/3613/2235 2482/3615/2271 2470/3605/2269
f 2444/3614/2229 2472/3578/2259 2482/3615/2271
f 2472/3578/2259 2446/3576/2237 2464/3616/2248
f 2470/3605/2269 2482/3615/2271 2464/3616/2248
f 2434/3617/2257 2452/3531/2221 2451/3533/2223
f 2496/3624/2272 2507/3625/2273 2495/3626/2274
f 2506/3627/2275 2489/3628/2276 2505/3629/2277
f 2484/3630/2278 2509/3631/2279 2483/3632/2280
f 2508/3633/2281 2491/3634/2282 2507/3625/2273
f 2498/3635/2283 2511/3636/2284 2497/3637/2285
f 2510/3638/2286 2495/3626/2274 2509/3631/2279
f 2490/3639/2287 2513/3640/2288 2489/3641/2276
f 2512/3642/2289 2493/3643/2290 2511/3636/2284
f 2500/3644/2291 2515/3645/2292 2499/3646/2293
f 2514/3647/2294 2497/3637/2285 2513/3640/2288
f 2492/3648/2295 2517/3649/2296 2491/3634/2282
f 2516/3650/2297 2487/3651/2298 2515/3645/2292
f 2502/3652/2299 2519/3653/2300 2501/3654/2301
f 2518/3655/2302 2499/3646/2293 2517/3649/2296
f 2494/3656/2303 2521/3657/2304 2493/3643/2290
f 2520/3658/2305 2485/3659/2306 2519/3653/2300
f 2522/3660/2307 2501/3654/2301 2521/3657/2304
f 2497/3661/2285 2529/3662/2308 2525/3663/2309
f 2511/3664/2284 2523/3665/2310 2529/3662/2308
f 2529/3662/2308 2491/3666/2282 2517/3667/2296
f 2525/3663/2309 2517/3667/2296 2499/3668/2293
f 2516/3669/2297 2506/3670/2275 2488/3671/2311
f 2500/3672/2291 2530/3673/2312 2516/3669/2297
f 2526/3674/2313 2514/3675/2294 2530/3673/2312
f 2530/3673/2312 2490/3676/2287 2506/3670/2275
f 2505/3677/2277 2515/3678/2292 2487/3679/2298
f 2489/3680/2276 2531/3681/2314 2505/3677/2277
f 2513/3682/2288 2525/3663/2309 2531/3681/2314
f 2531/3681/2314 2499/3668/2293 2515/3678/2292
f 2504/3683/2315 2510/3684/2286 2484/3685/2278
f 2486/3686/2316 2532/3687/2317 2504/3683/2315
f 2520/3688/2305 2528/3689/2318 2532/3687/2317
f 2532/3687/2317 2496/3690/2272 2510/3684/2286
f 2519/3691/2300 2527/3692/2319 2501/3693/2301
f 2485/3694/2306 2533/3695/2320 2519/3691/2300
f 2503/3696/2321 2509/3697/2279 2533/3695/2320
f 2533/3695/2320 2495/3698/2274 2527/3692/2319
f 2492/3699/2295 2534/3700/2322 2524/3701/2323
f 2508/3702/2281 2528/3689/2318 2534/3700/2322
f 2534/3700/2322 2502/3703/2299 2522/3704/2307
f 2524/3701/2323 2522/3704/2307 2494/3705/2303
f 2523/3665/2310 2507/3706/2273 2491/3666/2282
f 2523/3665/2310 2521/3707/2304 2535/3708/2324
f 2535/3708/2324 2501/3693/2301 2527/3692/2319
f 2507/3706/2273 2527/3692/2319 2495/3698/2274
f 2512/3709/2289 2524/3701/2323 2494/3705/2303
f 2498/3710/2283 2536/3711/2325 2512/3709/2289
f 2526/3674/2313 2518/3712/2302 2536/3711/2325
f 2524/3701/2323 2518/3712/2302 2492/3699/2295
f 2488/3713/2311 2505/3629/2277 2487/3714/2298
f 2496/3624/2272 2508/3633/2281 2507/3625/2273
f 2506/3627/2275 2490/3715/2287 2489/3628/2276
f 2484/3630/2278 2510/3638/2286 2509/3631/2279
f 2508/3633/2281 2492/3648/2295 2491/3634/2282
f 2498/3635/2283 2512/3642/2289 2511/3636/2284
f 2510/3638/2286 2496/3624/2272 2495/3626/2274
f 2490/3639/2287 2514/3647/2294 2513/3640/2288
f 2512/3642/2289 2494/3656/2303 2493/3643/2290
f 2500/3644/2291 2516/3650/2297 2515/3645/2292
f 2514/3647/2294 2498/3635/2283 2497/3637/2285
f 2492/3648/2295 2518/3655/2302 2517/3649/2296
f 2516/3650/2297 2488/3716/2311 2487/3651/2298
f 2502/3652/2299 2520/3658/2305 2519/3653/2300
f 2518/3655/2302 2500/3644/2291 2499/3646/2293
f 2494/3656/2303 2522/3660/2307 2521/3657/2304
f 2520/3658/2305 2486/3717/2316 2485/3659/2306
f 2522/3660/2307 2502/3652/2299 2501/3654/2301
f 2497/3661/2285 2511/3664/2284 2529/3662/2308
f 2511/3664/2284 2493/3718/2290 2523/3665/2310
f 2529/3662/2308 2523/3665/2310 2491/3666/2282
f 2525/3663/2309 2529/3662/2308 2517/3667/2296
f 2516/3669/2297 2530/3673/2312 2506/3670/2275
f 2500/3672/2291 2526/3674/2313 2530/3673/2312
f 2526/3674/2313 2498/3710/2283 2514/3675/2294
f 2530/3673/2312 2514/3675/2294 2490/3676/2287
f 2505/3677/2277 2531/3681/2314 2515/3678/2292
f 2489/3680/2276 2513/3682/2288 2531/3681/2314
f 2513/3682/2288 2497/3661/2285 2525/3663/2309
f 2531/3681/2314 2525/3663/2309 2499/3668/2293
f 2504/3683/2315 2532/3687/2317 2510/3684/2286
f 2486/3686/2316 2520/3688/2305 2532/3687/2317
f 2520/3688/2305 2502/3703/2299 2528/3689/2318
f 2532/3687/2317 2528/3689/2318 2496/3690/2272
f 2519/3691/2300 2533/3695/2320 2527/3692/2319
f 2485/3694/2306 2503/3696/2321 2533/3695/2320
f 2503/3696/2321 2483/3719/2280 2509/3697/2279
f 2533/3695/2320 2509/3697/2279 2495/3698/2274
f 2492/3699/2295 2508/3702/2281 2534/3700/2322
f 2508/3702/2281 2496/3690/2272 2528/3689/2318
f 2534/3700/2322 2528/3689/2318 2502/3703/2299
f 2524/3701/2323 2534/3700/2322 2522/3704/2307
f 2523/3665/2310 2535/3708/2324 2507/3706/2273
f 2523/3665/2310 2493/3718/2290 2521/3707/2304
f 2535/3708/2324 2521/3707/2304 2501/3693/2301
f 2507/3706/2273 2535/3708/2324 2527/3692/2319
f 2512/3709/2289 2536/3711/2325 2524/3701/2323
f 2498/3710/2283 2526/3674/2313 2536/3711/2325
f 2526/3674/2313 2500/3672/2291 2518/3712/2302
f 2524/3701/2323 2536/3711/2325 2518/3712/2302
f 2488/3713/2311 2506/3627/2275 2505/3629/2277
f 2550/3624/2326 2561/3625/2327 2549/3626/2328
f 2560/3627/2329 2543/3628/2330 2559/3629/2331
f 2538/3630/2332 2563/3631/2333 2537/3632/2334
f 2562/3633/2335 2545/3634/2336 2561/3625/2327
f 2552/3635/2337 2565/3636/2338 2551/3637/2339
f 2564/3638/2340 2549/3626/2328 2563/3631/2333
f 2544/3639/2341 2567/3640/2342 2543/3641/2330
f 2566/3642/2343 2547/3643/2344 2565/3636/2338
f 2554/3644/2345 2569/3645/2346 2553/3646/2347
f 2568/3647/2348 2551/3637/2339 2567/3640/2342
f 2546/3648/2349 2571/3649/2350 2545/3634/2336
f 2570/3650/2351 2541/3651/2352 2569/3645/2346
f 2556/3652/2353 2573/3653/2354 2555/3654/2355
f 2572/3655/2356 2553/3646/2347 2571/3649/2350
f 2548/3656/2357 2575/3657/2358 2547/3643/2344
f 2574/3658/2359 2539/3659/2360 2573/3653/2354
f 2576/3660/2361 2555/3654/2355 2575/3657/2358
f 2551/3661/2339 2583/3662/2362 2579/3663/2363
f 2565/3664/2338 2577/3665/2364 2583/3662/2362
f 2583/3662/2362 2545/3666/2336 2571/3667/2350
f 2579/3663/2363 2571/3667/2350 2553/3668/2347
f 2570/3669/2351 2560/3670/2329 2542/3671/2365
f 2554/3672/2345 2584/3673/2366 2570/3669/2351
f 2580/3674/2367 2568/3675/2348 2584/3673/2366
f 2584/3673/2366 2544/3676/2341 2560/3670/2329
f 2559/3677/2331 2569/3678/2346 2541/3679/2352
f 2543/3680/2330 2585/3681/2368 2559/3677/2331
f 2567/3682/2342 2579/3663/2363 2585/3681/2368
f 2585/3681/2368 2553/3668/2347 2569/3678/2346
f 2558/3683/2369 2564/3684/2340 2538/3685/2332
f 2540/3686/2370 2586/3687/2371 2558/3683/2369
f 2574/3688/2359 2582/3689/2372 2586/3687/2371
f 2586/3687/2371 2550/3690/2326 2564/3684/2340
f 2573/3691/2354 2581/3692/2373 2555/3693/2355
f 2539/3694/2360 2587/3695/2374 2573/3691/2354
f 2557/3696/2375 2563/3697/2333 2587/3695/2374
f 2587/3695/2374 2549/3698/2328 2581/3692/2373
f 2546/3699/2349 2588/3700/2376 2578/3701/2377
f 2562/3702/2335 2582/3689/2372 2588/3700/2376
f 2588/3700/2376 2556/3703/2353 2576/3704/2361
f 2578/3701/2377 2576/3704/2361 2548/3705/2357
f 2577/3665/2364 2561/3706/2327 2545/3666/2336
f 2577/3665/2364 2575/3707/2358 2589/3708/2378
f 2589/3708/2378 2555/3693/2355 2581/3692/2373
f 2561/3706/2327 2581/3692/2373 2549/3698/2328
f 2566/3709/2343 2578/3701/2377 2548/3705/2357
f 2552/3710/2337 2590/3711/2379 2566/3709/2343
f 2580/3674/2367 2572/3712/2356 2590/3711/2379
f 2578/3701/2377 2572/3712/2356 2546/3699/2349
f 2542/3713/2365 2559/3629/2331 2541/3714/2352
f 2550/3624/2326 2562/3633/2335 2561/3625/2327
f 2560/3627/2329 2544/3715/2341 2543/3628/2330
f 2538/3630/2332 2564/3638/2340 2563/3631/2333
f 2562/3633/2335 2546/3648/2349 2545/3634/2336
f 2552/3635/2337 2566/3642/2343 2565/3636/2338
f 2564/3638/2340 2550/3624/2326 2549/3626/2328
f 2544/3639/2341 2568/3647/2348 2567/3640/2342
f 2566/3642/2343 2548/3656/2357 2547/3643/2344
f 2554/3644/2345 2570/3650/2351 2569/3645/2346
f 2568/3647/2348 2552/3635/2337 2551/3637/2339
f 2546/3648/2349 2572/3655/2356 2571/3649/2350
f 2570/3650/2351 2542/3716/2365 2541/3651/2352
f 2556/3652/2353 2574/3658/2359 2573/3653/2354
f 2572/3655/2356 2554/3644/2345 2553/3646/2347
f 2548/3656/2357 2576/3660/2361 2575/3657/2358
f 2574/3658/2359 2540/3717/2370 2539/3659/2360
f 2576/3660/2361 2556/3652/2353 2555/3654/2355
f 2551/3661/2339 2565/3664/2338 2583/3662/2362
f 2565/3664/2338 2547/3718/2344 2577/3665/2364
f 2583/3662/2362 2577/3665/2364 2545/3666/2336
f 2579/3663/2363 2583/3662/2362 2571/3667/2350
f 2570/3669/2351 2584/3673/2366 2560/3670/2329
f 2554/3672/2345 2580/3674/2367 2584/3673/2366
f 2580/3674/2367 2552/3710/2337 2568/3675/2348
f 2584/3673/2366 2568/3675/2348 2544/3676/2341
f 2559/3677/2331 2585/3681/2368 2569/3678/2346
f 2543/3680/2330 2567/3682/2342 2585/3681/2368
f 2567/3682/2342 2551/3661/2339 2579/3663/2363
f 2585/3681/2368 2579/3663/2363 2553/3668/2347
f 2558/3683/2369 2586/3687/2371 2564/3684/2340
f 2540/3686/2370 2574/3688/2359 2586/3687/2371
f 2574/3688/2359 2556/3703/2353 2582/3689/2372
f 2586/3687/2371 2582/3689/2372 2550/3690/2326
f 2573/3691/2354 2587/3695/2374 2581/3692/2373
f 2539/3694/2360 2557/3696/2375 2587/3695/2374
f 2557/3696/2375 2537/3719/2334 2563/3697/2333
f 2587/3695/2374 2563/3697/2333 2549/3698/2328
f 2546/3699/2349 2562/3702/2335 2588/3700/2376
f 2562/3702/2335 2550/3690/2326 2582/3689/2372
f 2588/3700/2376 2582/3689/2372 2556/3703/2353
f 2578/3701/2377 2588/3700/2376 2576/3704/2361
f 2577/3665/2364 2589/3708/2378 2561/3706/2327
f 2577/3665/2364 2547/3718/2344 2575/3707/2358
f 2589/3708/2378 2575/3707/2358 2555/3693/2355
f 2561/3706/2327 2589/3708/2378 2581/3692/2373
f 2566/3709/2343 2590/3711/2379 2578/3701/2377
f 2552/3710/2337 2580/3674/2367 2590/3711/2379
f 2580/3674/2367 2554/3672/2345 2572/3712/2356
f 2578/3701/2377 2590/3711/2379 2572/3712/2356
f 2542/3713/2365 2560/3627/2329 2559/3629/2331
f 2597/3720/1942 2595/3721/1912 2594/3722/1919
f 2594/3722/1919 2593/3723/1911 2065/3724/1920
f 2599/3725/1944 2598/3726/1930 2597/3727/1942
f 2596/3728/1907 2600/3729/1931 2599/3725/1944
f 2068/3730/1914 2601/3731/1945 2069/3732/1916
f 2608/3733/1928 2606/3734/1917 2607/3735/1927
f 2068/3730/1914 2603/3736/1921 2602/3737/1915
f 2608/3733/1928 2605/3738/1926 2070/3739/1918
f 2602/3737/1915 2591/3740/1923 2063/3741/1925
f 2604/3742/1913 2592/3743/1922 2605/3738/1926
f 2607/3735/1927 2066/3744/1910 2596/3728/1907
f 2067/3745/1946 2593/3723/1911 2601/3731/1945
f 2072/3746/1942 2611/3747/1912 2610/3748/1919
f 2610/3748/1919 2609/3749/1911 2071/3750/1920
f 2074/3751/1939 2073/3752/1930 2072/3753/1942
f 2612/3754/1907 2075/3755/1929 2074/3751/1939
f 2076/3756/1908 2079/3757/1940 2078/3758/1935
f 2616/3759/1909 2083/3760/1932 2082/3761/1934
f 2614/3762/1941 2079/3757/1940 2615/3763/1947
f 2080/3764/1936 2083/3760/1932 2617/3765/1937
f 2591/3740/1923 2615/3763/1947 2063/3741/1925
f 2592/3743/1922 2081/3766/1938 2080/3764/1936
f 2612/3754/1907 2082/3761/1934 2613/3767/1943
f 2071/3750/1920 2077/3768/1933 2076/3756/1908
f 2597/3720/1942 2598/3769/1930 2595/3721/1912
f 2594/3722/1919 2595/3721/1912 2593/3723/1911
f 2599/3725/1944 2600/3729/1931 2598/3726/1930
f 2596/3728/1907 2066/3744/1910 2600/3729/1931
f 2068/3730/1914 2067/3745/1946 2601/3731/1945
f 2608/3733/1928 2070/3739/1918 2606/3734/1917
f 2068/3730/1914 2069/3732/1916 2603/3736/1921
f 2608/3733/1928 2604/3742/1913 2605/3738/1926
f 2602/3737/1915 2603/3736/1921 2591/3740/1923
f 2604/3742/1913 2064/3770/1924 2592/3743/1922
f 2607/3735/1927 2606/3734/1917 2066/3744/1910
f 2067/3745/1946 2065/3724/1920 2593/3723/1911
f 2072/3746/1942 2073/3771/1930 2611/3747/1912
f 2610/3748/1919 2611/3747/1912 2609/3749/1911
f 2074/3751/1939 2075/3755/1929 2073/3752/1930
f 2612/3754/1907 2613/3767/1943 2075/3755/1929
f 2076/3756/1908 2077/3768/1933 2079/3757/1940
f 2616/3759/1909 2617/3765/1937 2083/3760/1932
f 2614/3762/1941 2078/3758/1935 2079/3757/1940
f 2080/3764/1936 2081/3766/1938 2083/3760/1932
f 2591/3740/1923 2614/3762/1941 2615/3763/1947
f 2592/3743/1922 2064/3770/1924 2081/3766/1938
f 2612/3754/1907 2616/3759/1909 2082/3761/1934
f 2071/3750/1920 2609/3749/1911 2077/3768/1933
f 2642/3772/2380 2643/3773/2381 2638/3774/2382
f 2630/3775/2383 2632/3776/2384 2631/3777/2385
f 2628/3778/2386 2630/3775/2383 2627/3779/2387
f 2623/3780/2388 2619/3781/2389 2622/3782/2390
f 2620/3783/2391 2623/3780/2388 2622/3782/2390
f 2625/3784/2392 2626/3785/2393 2620/3783/2391
f 2621/3786/2394 2618/3787/2395 2619/3781/2389
f 2618/3787/2395 2622/3782/2390 2619/3781/2389
f 2621/3786/2394 2628/3778/2386 2629/3788/2396
f 2622/3782/2390 2625/3784/2392 2620/3783/2391
f 2629/3788/2396 2624/3789/2397 2621/3786/2394
f 2624/3789/2397 2618/3787/2395 2621/3786/2394
f 2627/3779/2387 2629/3788/2396 2628/3778/2386
f 2619/3790/2389 2644/3791/2398 2621/3792/2394
f 2640/3793/2399 2626/3794/2393 2625/3795/2392
f 2636/3796/2400 2624/3797/2397 2629/3798/2396
f 2643/3799/2381 2625/3795/2392 2622/3800/2390
f 2628/3801/2386 2635/3802/2401 2630/3803/2383
f 2641/3804/2402 2618/3805/2395 2624/3797/2397
f 2638/3806/2382 2629/3798/2396 2627/3807/2387
f 2634/3808/2403 2627/3807/2387 2631/3809/2385
f 2621/3792/2394 2637/3810/2404 2628/3801/2386
f 2630/3803/2383 2633/3811/2405 2632/3812/2384
f 2623/3813/2388 2646/3814/2406 2619/3790/2389
f 2620/3815/2391 2642/3816/2380 2623/3813/2388
f 2647/3817/2407 2622/3800/2390 2618/3805/2395
f 2626/3794/2393 2645/3818/2408 2620/3815/2391
f 2631/3777/2385 2627/3779/2387 2630/3775/2383
f 2634/3819/2403 2633/3820/2405 2638/3774/2382
f 2633/3820/2405 2635/3821/2401 2638/3774/2382
f 2635/3821/2401 2637/3822/2404 2644/3823/2398
f 2644/3823/2398 2646/3824/2406 2635/3821/2401
f 2646/3824/2406 2642/3772/2380 2635/3821/2401
f 2642/3772/2380 2645/3825/2408 2639/3826/2409
f 2639/3826/2409 2640/3827/2399 2643/3773/2381
f 2643/3773/2381 2647/3828/2407 2641/3829/2402
f 2641/3829/2402 2636/3830/2400 2643/3773/2381
f 2636/3830/2400 2638/3774/2382 2643/3773/2381
f 2642/3772/2380 2639/3826/2409 2643/3773/2381
f 2638/3774/2382 2635/3821/2401 2642/3772/2380
f 2669/3831/2410 2650/3832/2411 2656/3833/2412
f 2648/3834/2413 2673/3835/2414 2652/3836/2415
f 2675/3837/2416 2653/3838/2417 2650/3832/2411
f 2672/3839/2418 2649/3840/2419 2653/3838/2417
f 2665/3841/2420 2662/3842/2421 2660/3843/2422
f 2674/3844/2423 2658/3845/2424 2651/3846/2425
f 2661/3847/2426 2668/3848/2427 2657/3849/2428
f 2657/3849/2428 2666/3850/2429 2659/3851/2430
f 2654/3852/2431 2677/3853/2432 2648/3834/2413
f 2667/3854/2433 2660/3843/2422 2658/3845/2424
f 2652/3836/2415 2670/3855/2434 2655/3856/2435
f 2659/3851/2430 2671/3857/2436 2654/3852/2431
f 2655/3856/2435 2669/3831/2410 2656/3833/2412
f 2676/3858/2437 2651/3846/2425 2649/3840/2419
f 2657/3859/2428 2653/3860/2417 2660/3861/2422
f 2653/3860/2417 2652/3862/2415 2656/3863/2412
f 2659/3864/2430 2652/3862/2415 2657/3859/2428
f 2654/3865/2431 2652/3862/2415 2659/3864/2430
f 2652/3862/2415 2654/3865/2431 2648/3866/2413
f 2656/3863/2412 2652/3862/2415 2655/3867/2435
f 2653/3860/2417 2656/3863/2412 2650/3868/2411
f 2649/3869/2419 2660/3861/2422 2653/3860/2417
f 2651/3870/2425 2660/3861/2422 2649/3869/2419
f 2660/3861/2422 2651/3870/2425 2658/3871/2424
f 2662/3872/2421 2657/3859/2428 2660/3861/2422
f 2661/3873/2426 2657/3859/2428 2662/3872/2421
f 2664/3874/2438 2665/3875/2420 2668/3876/2427
f 2669/3831/2410 2675/3837/2416 2650/3832/2411
f 2648/3834/2413 2677/3853/2432 2673/3835/2414
f 2675/3837/2416 2672/3839/2418 2653/3838/2417
f 2672/3839/2418 2676/3858/2437 2649/3840/2419
f 2665/3841/2420 2663/3877/2439 2662/3842/2421
f 2674/3844/2423 2667/3854/2433 2658/3845/2424
f 2661/3847/2426 2664/3878/2438 2668/3848/2427
f 2657/3849/2428 2668/3848/2427 2666/3850/2429
f 2654/3852/2431 2671/3857/2436 2677/3853/2432
f 2667/3854/2433 2665/3841/2420 2660/3843/2422
f 2652/3836/2415 2673/3835/2414 2670/3855/2434
f 2659/3851/2430 2666/3850/2429 2671/3857/2436
f 2655/3856/2435 2670/3855/2434 2669/3831/2410
f 2619/3790/2389 2646/3814/2406 2644/3791/2398
f 2640/3793/2399 2639/3879/2409 2626/3794/2393
f 2636/3796/2400 2641/3804/2402 2624/3797/2397
f 2643/3799/2381 2640/3793/2399 2625/3795/2392
f 2628/3801/2386 2637/3810/2404 2635/3802/2401
f 2641/3804/2402 2647/3817/2407 2618/3805/2395
f 2638/3806/2382 2636/3796/2400 2629/3798/2396
f 2634/3808/2403 2638/3806/2382 2627/3807/2387
f 2621/3792/2394 2644/3791/2398 2637/3810/2404
f 2630/3803/2383 2635/3802/2401 2633/3811/2405
f 2623/3813/2388 2642/3816/2380 2646/3814/2406
f 2620/3815/2391 2645/3818/2408 2642/3816/2380
f 2647/3817/2407 2643/3799/2381 2622/3800/2390
f 2626/3794/2393 2639/3879/2409 2645/3818/2408
f 2676/3858/2437 2674/3844/2423 2651/3846/2425
f 2668/3876/2427 2667/3880/2433 2666/3881/2429
f 2671/3882/2436 2674/3883/2423 2677/3884/2432
f 2666/3881/2429 2674/3883/2423 2671/3882/2436
f 2673/3885/2414 2675/3886/2416 2670/3887/2434
f 2674/3883/2423 2666/3881/2429 2667/3880/2433
f 2677/3884/2432 2676/3888/2437 2673/3885/2414
f 2674/3883/2423 2676/3888/2437 2677/3884/2432
f 2670/3887/2434 2675/3886/2416 2669/3889/2410
f 2675/3886/2416 2673/3885/2414 2672/3890/2418
f 2672/3890/2418 2673/3885/2414 2676/3888/2437
f 2667/3880/2433 2668/3876/2427 2665/3875/2420
f 2665/3875/2420 2664/3874/2438 2663/3891/2439
f 2653/3860/2417 2657/3859/2428 2652/3862/2415
f 2694/3892/2440 2688/3893/9 2696/3894/2441
f 2700/3895/2442 2693/3896/6 2701/3897/2443
f 2698/3898/2444 2691/3899/11 2699/3900/2445
f 2696/3894/2441 2689/3901/16 2697/3902/2446
f 2695/3903/2447 2687/3904/19 2694/3892/2440
f 2701/3897/2443 2686/3905/14 2695/3903/2447
f 2699/3900/2445 2692/3906/25 2700/3895/2442
f 2697/3902/2446 2690/3907/3 2698/3908/2444
f 2680/3909/2448 2703/3910/2449 2679/3911/2450
f 2679/3912/2450 2695/3913/2447 2694/3914/2440
f 2679/3912/2450 2696/3915/2441 2680/3916/2448
f 2681/3917/2451 2696/3915/2441 2697/3918/2446
f 2681/3917/2451 2698/3919/2444 2682/3920/2452
f 2683/3921/2453 2698/3919/2444 2699/3922/2445
f 2683/3921/2453 2700/3923/2442 2684/3924/2454
f 2685/3925/2455 2700/3923/2442 2701/3926/2443
f 2685/3925/2455 2695/3913/2447 2678/3927/2456
f 2705/3928/2457 2706/3929/2458 2707/3930/2459
f 2685/3931/2455 2708/3932/2460 2684/3933/2454
f 2683/3934/2453 2706/3935/2458 2682/3936/2452
f 2681/3937/2451 2704/3938/2461 2680/3909/2448
f 2679/3911/2450 2702/3939/2462 2678/3940/2456
f 2678/3940/2456 2709/3941/2463 2685/3931/2455
f 2684/3933/2454 2707/3942/2459 2683/3934/2453
f 2682/3943/2452 2705/3944/2457 2681/3937/2451
f 2707/3930/2459 2708/3945/2460 2705/3928/2457
f 2708/3945/2460 2709/3946/2463 2705/3928/2457
f 2709/3946/2463 2702/3947/2462 2703/3948/2449
f 2704/3949/2461 2705/3928/2457 2709/3946/2463
f 2703/3948/2449 2704/3949/2461 2709/3946/2463
f 2694/3892/2440 2687/3904/19 2688/3893/9
f 2700/3895/2442 2692/3906/25 2693/3896/6
f 2698/3898/2444 2690/3950/3 2691/3899/11
f 2696/3894/2441 2688/3893/9 2689/3901/16
f 2695/3903/2447 2686/3905/14 2687/3904/19
f 2701/3897/2443 2693/3896/6 2686/3905/14
f 2699/3900/2445 2691/3899/11 2692/3906/25
f 2697/3902/2446 2689/3901/16 2690/3907/3
f 2680/3909/2448 2704/3938/2461 2703/3910/2449
f 2679/3912/2450 2678/3927/2456 2695/3913/2447
f 2679/3912/2450 2694/3914/2440 2696/3915/2441
f 2681/3917/2451 2680/3916/2448 2696/3915/2441
f 2681/3917/2451 2697/3918/2446 2698/3919/2444
f 2683/3921/2453 2682/3920/2452 2698/3919/2444
f 2683/3921/2453 2699/3922/2445 2700/3923/2442
f 2685/3925/2455 2684/3924/2454 2700/3923/2442
f 2685/3925/2455 2701/3926/2443 2695/3913/2447
f 2685/3931/2455 2709/3941/2463 2708/3932/2460
f 2683/3934/2453 2707/3942/2459 2706/3935/2458
f 2681/3937/2451 2705/3944/2457 2704/3938/2461
f 2679/3911/2450 2703/3910/2449 2702/3939/2462
f 2678/3940/2456 2702/3939/2462 2709/3941/2463
f 2684/3933/2454 2708/3932/2460 2707/3942/2459
f 2682/3943/2452 2706/3951/2458 2705/3944/2457
f 2903/3952/2464 2721/3953/2465 3516/3954/2466
f 2734/3955/2467 2721/3953/2465 3494/3956/2468
f 3515/3957/2469 3439/3958/2470 2721/3953/2465
f 2898/3959/2471 2724/3960/2472 3513/3961/2473
f 3513/3961/2473 3434/3962/2474 2728/3963/2475
f 3427/3964/2476 2713/3965/2477 3443/3966/2478
f 3494/3967/2468 2904/3968/2479 2734/3969/2467
f 2905/3970/2480 3474/3971/2481 3448/3972/2482
f 2906/3973/2483 3477/3974/2484 3449/3975/2485
f 3516/3954/2466 3439/3958/2470 2733/3976/2486
f 3412/3977/2487 3460/3978/2488 2916/3979/2489
f 3459/3980/2490 3412/3977/2487 2916/3979/2489
f 2906/3973/2483 3480/3981/2491 2898/3982/2471
f 3480/3981/2491 2907/3983/2492 2899/3984/2493
f 2907/3983/2492 3483/3985/2494 2899/3984/2493
f 3483/3985/2494 2908/3986/2495 2900/3987/2496
f 2908/3986/2495 3486/3988/2497 2900/3987/2496
f 3486/3988/2497 2909/3989/2498 2901/3990/2499
f 3477/3974/2484 2905/3970/2480 3449/3975/2485
f 2909/3989/2498 3489/3991/2500 2901/3990/2499
f 3492/3992/2501 2910/3993/2502 3454/3994/2503
f 3492/3992/2501 2911/3995/2504 2903/3996/2464
f 2911/3995/2504 3494/3967/2468 2903/3996/2464
f 2919/3997/2505 3455/3998/2506 2911/3999/2504
f 3489/3991/2500 2910/3993/2502 2902/4000/2507
f 2903/3952/2464 2720/4001/2508 3492/4002/2501
f 3514/4003/2509 3433/4004/2510 2727/4005/2511
f 2898/3959/2471 2723/4006/2512 3477/4007/2484
f 3515/3957/2469 3432/4008/2513 2726/4009/2514
f 2897/4010/2515 2722/4011/2516 3474/4012/2481
f 2916/3979/2489 3452/4013/2517 2908/4014/2495
f 2713/3965/2477 3426/4015/2518 3442/4016/2519
f 2917/4017/2520 3453/4018/2521 2909/4019/2498
f 3451/4020/2522 2916/3979/2489 2908/4014/2495
f 3415/4021/2523 3461/4022/2524 2917/4017/2520
f 3460/3978/2488 3415/4021/2523 2917/4017/2520
f 3418/4023/2525 3463/4024/2526 2918/4025/2527
f 3240/4026/2528 3456/4027/2529 2912/4028/2530
f 3516/3954/2466 3438/4029/2531 2720/4001/2508
f 3463/4024/2526 3421/4030/2532 2919/3997/2505
f 3462/4031/2533 3240/4026/2528 2912/4028/2530
f 2897/4010/2515 2723/4006/2512 3514/4003/2509
f 2734/3955/2467 2722/4011/2516 3515/3957/2469
f 3403/4032/2534 3457/4033/2535 2913/4034/2536
f 3456/4027/2529 3403/4032/2534 2913/4034/2536
f 3513/3961/2473 3433/4004/2510 2723/4006/2512
f 3514/4003/2509 3432/4008/2513 2722/4011/2516
f 3406/4035/2537 3458/4036/2538 2914/4037/2539
f 3457/4033/2535 3406/4035/2537 2914/4037/2539
f 3409/4038/2540 3459/3980/2490 2915/4039/2541
f 3458/4036/2538 3409/4038/2540 2915/4039/2541
f 2918/4025/2527 3454/4040/2503 2910/4041/2502
f 3452/4013/2517 2917/4017/2520 2909/4019/2498
f 3421/4030/2532 3462/4031/2533 2919/3997/2505
f 3453/4018/2521 2918/4025/2527 2910/4041/2502
f 3454/4040/2503 2919/3997/2505 2911/3999/2504
f 2912/4028/2530 3448/4042/2482 2904/4043/2479
f 2913/4034/2536 3449/4044/2485 2905/4045/2480
f 3455/3998/2506 2912/4028/2530 2904/4043/2479
f 2914/4037/2539 3450/4046/2542 2906/4047/2483
f 3448/4042/2482 2913/4034/2536 2905/4045/2480
f 2915/4039/2541 3451/4020/2522 2907/4048/2492
f 3449/4044/2485 2914/4037/2539 2906/4047/2483
f 3450/4046/2542 2915/4039/2541 2907/4048/2492
f 3425/4049/2543 2712/4050/2544 3501/4051/2545
f 2904/3968/2479 3474/3971/2481 2734/3969/2467
f 2860/4052/2546 2988/4053/2547 2789/4054/2548
f 2758/4055/2549 2887/3976/2486 2823/3958/2470
f 2735/4056/2550 2816/4057/2551 2757/4058/2552
f 2756/4059/2553 2889/4060/2554 2825/4061/2555
f 2815/4062/2556 2735/4056/2550 2758/4063/2549
f 2757/4064/2552 2887/3976/2486 2735/4065/2550
f 2736/4066/2557 2817/4067/2558 2756/4068/2553
f 2754/4069/2559 2890/4070/2560 2738/4071/2561
f 2816/4057/2551 2736/4066/2557 2757/4058/2552
f 2755/4072/2562 2890/4070/2560 2826/4073/2563
f 2737/4074/2564 2818/4075/2565 2755/4076/2562
f 2754/4069/2559 2891/4077/2566 2827/4078/2567
f 2817/4067/2558 2737/4074/2564 2756/4068/2553
f 2755/4072/2562 2889/4060/2554 2737/4079/2564
f 2738/4080/2561 2819/3966/2478 2754/4081/2559
f 2752/4082/2568 2892/3963/2475 2740/4083/2569
f 2818/4075/2565 2738/4080/2561 2755/4076/2562
f 2756/4059/2553 2888/4084/2570 2736/4085/2557
f 2739/4086/2571 2820/4016/2519 2753/4087/2572
f 2752/4082/2568 2893/4005/2511 2829/4004/2510
f 2819/3966/2478 2739/4086/2571 2754/4081/2559
f 2753/4088/2572 2891/4077/2566 2739/4089/2571
f 2740/4090/2569 2821/4091/2573 2752/4092/2568
f 2758/4055/2549 2894/4009/2514 2742/4093/2574
f 2820/4016/2519 2740/4090/2569 2753/4087/2572
f 2751/4094/2575 2894/4009/2514 2830/4008/2513
f 2741/4095/2576 2822/4096/2577 2751/4097/2575
f 2753/4088/2572 2892/3963/2475 2828/3962/2474
f 2821/4091/2573 2741/4095/2576 2752/4092/2568
f 2751/4094/2575 2893/4005/2511 2741/4098/2576
f 2742/4099/2574 2815/4062/2556 2758/4063/2549
f 2822/4096/2577 2742/4099/2574 2751/4097/2575
f 2757/4064/2552 2888/4084/2570 2824/4029/2531
f 2929/4100/2578 2834/4101/2579 2763/4102/2580
f 2929/4100/2578 2835/3964/2476 2819/3966/2478
f 2928/4103/2581 2833/4104/2582 2764/4105/2583
f 2928/4103/2581 2834/4101/2579 2818/4075/2565
f 2927/4106/2584 2832/4107/2585 2765/4108/2586
f 2927/4106/2584 2833/4104/2582 2817/4067/2558
f 2926/4109/2587 2831/4110/2588 2766/4111/2589
f 2926/4109/2587 2832/4107/2585 2816/4057/2551
f 2933/4112/2590 2838/4113/2591 2759/4114/2592
f 2933/4112/2590 2831/4110/2588 2815/4062/2556
f 2932/4115/2593 2837/4049/2543 2760/4116/2594
f 2932/4115/2593 2838/4113/2591 2822/4096/2577
f 2931/4050/2544 2836/4015/2518 2761/4051/2545
f 2882/4117/2496 2925/4118/2595 2743/4119/2596
f 2743/4119/2596 2826/4073/2563 2890/4070/2560
f 2827/4078/2567 2743/4119/2596 2890/4070/2560
f 2895/4120/2597 2882/4117/2496 2743/4119/2596
f 2881/4121/2499 2924/4122/2598 2744/4123/2599
f 2744/4123/2599 2825/4061/2555 2889/4060/2554
f 2826/4073/2563 2744/4123/2599 2889/4060/2554
f 2925/4118/2595 2881/4121/2499 2744/4123/2599
f 2880/4124/2507 2923/4001/2508 2745/4125/2600
f 2745/4125/2600 2824/4029/2531 2888/4084/2570
f 2825/4061/2555 2745/4125/2600 2888/4084/2570
f 2924/4122/2598 2880/4124/2507 2745/4125/2600
f 2852/4126/2601 2796/4127/2602 2784/4128/2603
f 2854/4129/2604 2784/4130/2603 2855/4131/2605
f 2857/4132/2606 2790/4133/2607 2789/4054/2548
f 2860/4052/2546 2790/4133/2607 2861/4134/2608
f 2844/4023/2525 2801/4022/2524 2793/4135/2609
f 2855/4136/2605 2796/4127/2602 2856/4035/2537
f 2858/4137/2610 2797/4138/2611 2859/4032/2534
f 2861/4139/2608 2798/4140/2612 2862/4026/2528
f 2857/4132/2606 2787/4141/2613 2858/4142/2610
f 2858/4137/2610 2798/4140/2612 2790/4143/2607
f 2849/4144/2614 2795/4145/2615 2781/4146/2616
f 2849/4144/2614 2794/4147/2617 2850/3977/2487
f 2843/4148/2618 2793/4135/2609 2775/4149/2619
f 2851/4150/2620 2784/4130/2603 2783/4151/2621
f 2842/4152/2622 2775/4153/2619 2774/4154/2623
f 2840/4155/2624 2792/4156/2625 2772/4157/2626
f 2855/4136/2605 2797/4138/2611 2787/4158/2613
f 2845/4159/2627 2775/4153/2619 2846/4160/2628
f 2845/4159/2627 2778/4161/2629 2777/4162/2630
f 2860/4052/2546 2769/4163/2631 2767/4164/2632
f 2848/4165/2633 2781/4166/2616 2780/4167/2634
f 2848/4165/2633 2778/4161/2629 2849/4168/2614
f 2846/4169/2628 2793/4135/2609 2847/4021/2523
f 2851/4150/2620 2781/4166/2616 2852/4170/2601
f 2839/4171/2635 2772/4172/2626 2771/4173/2636
f 2842/4152/2622 2772/4172/2626 2843/4174/2618
f 2839/4171/2635 2769/4163/2631 2840/4175/2624
f 2840/4155/2624 2791/4176/2637 2841/4030/2532
f 2846/4169/2628 2794/4147/2617 2778/4177/2629
f 2852/4126/2601 2795/4145/2615 2853/4038/2540
f 2854/4129/2604 2787/4178/2613 2786/4179/2638
f 2861/4139/2608 2791/4176/2637 2769/4180/2631
f 2843/4148/2618 2792/4156/2625 2844/4023/2525
f 2896/3960/2472 2883/4181/2493 2750/4182/2639
f 2828/3962/2474 2750/4182/2639 2891/4077/2566
f 2883/4181/2493 2895/4120/2597 2750/4182/2639
f 2750/4182/2639 2827/4078/2567 2891/4077/2566
f 2878/3968/2479 2788/3971/2640 2886/3969/2467
f 2931/4050/2544 2837/4049/2543 2821/4091/2573
f 2867/4039/2541 2812/4046/2542 2804/4036/2538
f 2868/4037/2539 2813/4044/2485 2805/4033/2535
f 2867/4039/2541 2811/4020/2522 2875/4048/2492
f 2869/4034/2536 2814/4042/2482 2806/4027/2529
f 2868/4037/2539 2812/4046/2542 2876/4047/2483
f 2870/4028/2530 2807/3998/2506 2800/4031/2533
f 2869/4034/2536 2813/4044/2485 2877/4045/2480
f 2870/4028/2530 2814/4042/2482 2878/4043/2479
f 2863/3997/2505 2808/4040/2503 2799/4024/2526
f 2864/4025/2527 2809/4018/2521 2801/4022/2524
f 2841/4030/2532 2800/4031/2533 2863/3997/2505
f 2865/4017/2520 2810/4013/2517 2802/3978/2488
f 2864/4025/2527 2808/4040/2503 2872/4041/2502
f 2853/4038/2540 2804/4036/2538 2796/4127/2602
f 2853/4038/2540 2803/3980/2490 2867/4039/2541
f 2856/4035/2537 2805/4033/2535 2797/4138/2611
f 2856/4035/2537 2804/4036/2538 2868/4037/2539
f 2830/4008/2513 2748/4003/2509 2893/4005/2511
f 2829/4004/2510 2749/3961/2473 2892/3963/2475
f 2859/4032/2534 2806/4027/2529 2798/4140/2612
f 2859/4032/2534 2805/4033/2535 2869/4034/2536
f 2886/3955/2467 2921/4011/2516 2747/3957/2469
f 2885/4010/2515 2920/4006/2512 2748/4003/2509
f 2862/4026/2528 2800/4031/2533 2791/4176/2637
f 2841/4030/2532 2799/4024/2526 2792/4156/2625
f 2824/4029/2531 2746/4183/2466 2887/3976/2486
f 2862/4026/2528 2806/4027/2529 2870/4028/2530
f 2844/4023/2525 2799/4024/2526 2864/4025/2527
f 2847/4021/2523 2802/3978/2488 2794/4147/2617
f 2847/4021/2523 2801/4022/2524 2865/4017/2520
f 2866/3979/2489 2811/4020/2522 2803/3980/2490
f 2865/4017/2520 2809/4018/2521 2873/4019/2498
f 2836/4015/2518 2930/3965/2477 2762/4184/2641
f 2866/3979/2489 2810/4013/2517 2874/4014/2495
f 2921/4011/2516 2885/4010/2515 2748/4003/2509
f 2747/3957/2469 2830/4008/2513 2894/4009/2514
f 2920/4006/2512 2884/3959/2471 2749/3961/2473
f 2748/4003/2509 2829/4004/2510 2893/4005/2511
f 2923/4001/2508 2879/3952/2464 2746/4183/2466
f 2872/3993/2502 2773/3991/2500 2809/4185/2521
f 2863/3997/2505 2807/3998/2506 2871/3999/2504
f 2871/3995/2504 2768/3967/2468 2879/3996/2464
f 2871/3995/2504 2770/3992/2642 2808/3994/2503
f 2770/3992/2642 2872/3993/2502 2808/3994/2503
f 2873/3989/2498 2773/3991/2500 2881/3990/2499
f 2785/3974/2484 2877/3970/2480 2813/3975/2485
f 2873/3989/2498 2776/3988/2643 2810/4186/2517
f 2874/3986/2495 2776/3988/2643 2882/3987/2496
f 2874/3986/2495 2779/3985/2494 2811/4187/2522
f 2875/3983/2492 2779/3985/2494 2883/3984/2493
f 2875/3983/2492 2782/3981/2491 2812/4188/2542
f 2876/3973/2483 2782/3981/2491 2884/3982/2471
f 2850/3977/2487 2803/3980/2490 2795/4145/2615
f 2850/3977/2487 2802/3978/2488 2866/3979/2489
f 2746/4183/2466 2823/3958/2470 2887/3976/2486
f 2785/3974/2484 2876/3973/2483 2884/3982/2471
f 2788/3971/2640 2877/3970/2480 2885/4189/2515
f 2878/3968/2479 2768/3967/2468 2807/4190/2506
f 2835/3964/2476 2930/3965/2477 2819/3966/2478
f 2749/3961/2473 2828/3962/2474 2892/3963/2475
f 2884/3959/2471 2896/3960/2472 2749/3961/2473
f 2823/3958/2470 2747/3957/2469 2894/4009/2514
f 2922/3953/2465 2886/3955/2467 2747/3957/2469
f 2879/3952/2464 2922/3953/2465 2746/4183/2466
f 2842/4152/2622 2970/4191/2644 2771/4173/2636
f 2842/4152/2622 2973/4192/2645 3041/4193/2646
f 2854/4129/2604 2985/4194/2647 3053/4195/2648
f 2774/4154/2623 3044/4196/2649 2973/4192/2645
f 2777/4162/2630 3047/4197/2650 2976/4198/2651
f 2780/4167/2634 3047/4197/2650 2848/4165/2633
f 2780/4167/2634 3050/4199/2652 2979/4200/2653
f 2789/4054/2548 3056/4201/2654 2857/4132/2606
f 2854/4129/2604 2982/4202/2655 2783/4151/2621
f 2771/4173/2636 3038/4203/2656 2839/4171/2635
f 2851/4150/2620 2982/4202/2655 3050/4199/2652
f 2767/4164/2632 3059/4204/2657 2860/4052/2546
f 2839/4171/2635 2966/4205/2658 2767/4164/2632
f 2845/4159/2627 2976/4198/2651 3044/4196/2649
f 2786/4206/2638 3056/4201/2654 2985/4207/2647
f 2957/4208/2659 3086/4209/2660 2934/4210/2661
f 3015/4211/2662 2934/4212/2661 2956/4213/2663
f 2955/4214/2664 3088/4215/2665 2936/4216/2666
f 3014/4217/2667 2934/4212/2661 3102/4218/2668
f 2956/4219/2663 3086/4209/2660 3023/4220/2669
f 3016/4221/2670 2935/4222/2671 2955/4223/2664
f 3089/4224/2672 2953/4225/2673 2937/4226/2674
f 3015/4211/2662 2935/4222/2671 3103/4227/2675
f 2954/4228/2676 3089/4224/2672 2937/4226/2674
f 3017/4229/2677 2936/4230/2666 2954/4231/2676
f 2953/4225/2673 3090/4232/2678 2938/4233/2679
f 3016/4221/2670 2936/4230/2666 3104/4234/2680
f 3088/4215/2665 2954/4228/2676 2936/4216/2666
f 3018/4235/2681 2937/4236/2674 2953/4237/2673
f 3091/4238/2682 2951/4239/2683 2939/4240/2684
f 3017/4229/2677 2937/4236/2674 3105/4241/2685
f 2955/4214/2664 3087/4242/2686 3024/4243/2687
f 3019/4244/2688 2938/4245/2679 2952/4246/2689
f 2951/4239/2683 3092/4247/2690 2940/4248/2691
f 3018/4235/2681 2938/4245/2679 3106/4249/2692
f 3090/4232/2678 2952/4250/2689 2938/4233/2679
f 3020/4251/2693 2939/4252/2684 2951/4253/2683
f 3093/4254/2694 2957/4208/2659 2941/4255/2695
f 3019/4244/2688 2939/4252/2684 3107/4256/2696
f 2950/4257/2697 3093/4254/2694 2941/4255/2695
f 3021/4258/2698 2940/4259/2691 2950/4260/2697
f 2952/4250/2689 3091/4238/2682 2939/4240/2684
f 3020/4251/2693 2940/4259/2691 3108/4261/2699
f 3092/4247/2690 2950/4257/2697 2940/4248/2691
f 3014/4217/2667 2941/4262/2695 2957/4263/2659
f 3021/4258/2698 2941/4262/2695 3109/4264/2700
f 2956/4219/2663 3087/4242/2686 2935/4265/2671
f 3105/4241/2685 3033/4266/2701 3017/4229/2677
f 3034/4267/2702 3105/4241/2685 3018/4235/2681
f 3104/4234/2680 3032/4268/2703 3016/4221/2670
f 3033/4266/2701 3104/4234/2680 3017/4229/2677
f 3103/4227/2675 3031/4269/2704 3015/4211/2662
f 3032/4268/2703 3103/4227/2675 3016/4221/2670
f 3102/4218/2668 3030/4270/2705 3014/4217/2667
f 3031/4269/2704 3102/4218/2668 3015/4211/2662
f 3109/4264/2700 3037/4271/2706 3021/4258/2698
f 3030/4270/2705 3109/4264/2700 3014/4217/2667
f 3108/4261/2699 3036/4272/2707 3020/4251/2693
f 3037/4271/2706 3108/4261/2699 3021/4258/2698
f 3107/4256/2696 3035/4273/2708 3019/4244/2688
f 3081/4274/2709 3101/4275/2710 2975/4276/2711
f 2942/4277/2712 3025/4278/2713 3101/4275/2710
f 2942/4277/2712 3026/4279/2714 3089/4224/2672
f 3081/4274/2709 3094/4280/2715 2942/4277/2712
f 3080/4281/2716 3100/4282/2717 2972/4283/2718
f 2943/4284/2719 3024/4243/2687 3100/4282/2717
f 2943/4284/2719 3025/4278/2713 3088/4215/2665
f 3080/4281/2716 3101/4275/2710 2943/4284/2719
f 3079/4285/2720 3099/4286/2721 2969/4287/2722
f 2944/4288/2723 3023/4220/2669 3099/4286/2721
f 2944/4288/2723 3024/4243/2687 3087/4242/2686
f 3079/4285/2720 3100/4282/2717 2944/4288/2723
f 3051/4289/2724 2995/4290/2725 3052/4291/2726
f 3053/4195/2648 2983/4292/2727 2982/4202/2655
f 3056/4201/2654 2989/4293/2728 3057/4294/2729
f 3059/4204/2657 2989/4293/2728 2988/4053/2547
f 3000/4295/2730 3043/4296/2731 2992/4297/2732
f 3054/4298/2733 2995/4290/2725 2983/4299/2727
f 3057/4300/2729 2996/4301/2734 2986/4302/2735
f 3060/4303/2736 2997/4304/2737 2989/4305/2728
f 3056/4201/2654 2986/4306/2735 2985/4207/2647
f 2997/4304/2737 3057/4300/2729 2989/4305/2728
f 2994/4307/2738 3048/4308/2739 2980/4309/2740
f 3048/4308/2739 2993/4310/2741 2977/4311/2742
f 3042/4312/2743 2992/4297/2732 3043/4296/2731
f 3050/4199/2652 2983/4292/2727 3051/4313/2724
f 2974/4314/2744 3041/4193/2646 2973/4192/2645
f 2991/4315/2745 3039/4316/2746 2971/4317/2747
f 2996/4301/2734 3054/4298/2733 2986/4302/2735
f 3044/4196/2649 2974/4314/2744 2973/4192/2645
f 2977/4318/2742 3044/4196/2649 2976/4198/2651
f 2968/4319/2748 3059/4204/2657 2966/4205/2658
f 3047/4197/2650 2980/4320/2740 3048/4321/2739
f 3047/4197/2650 2977/4318/2742 2976/4198/2651
f 3045/4322/2749 2992/4297/2732 2974/4323/2744
f 3050/4199/2652 2980/4320/2740 2979/4200/2653
f 3038/4203/2656 2971/4324/2747 3039/4325/2746
f 3041/4193/2646 2971/4324/2747 2970/4191/2644
f 3038/4203/2656 2968/4319/2748 2966/4205/2658
f 3039/4316/2746 2990/4326/2750 2968/4327/2748
f 3045/4322/2749 2993/4310/2741 3046/4328/2751
f 3051/4289/2724 2994/4307/2738 2980/4309/2740
f 2986/4329/2735 3053/4195/2648 2985/4194/2647
f 3060/4303/2736 2990/4326/2750 3061/4330/2752
f 3042/4312/2743 2991/4315/2745 2971/4317/2747
f 3082/4331/2753 3095/4332/2754 2949/4333/2755
f 2949/4333/2755 3027/4334/2756 3090/4232/2678
f 3082/4331/2753 3094/4280/2715 2978/4335/2757
f 2949/4333/2755 3026/4279/2714 3094/4280/2715
f 3077/4336/2758 2987/4337/2759 3013/4338/2760
f 3036/4272/2707 3107/4256/2696 3020/4251/2693
f 3011/4339/2761 3066/4340/2762 3003/4341/2763
f 3012/4342/2764 3067/4343/2765 3004/4344/2766
f 3066/4340/2762 3010/4345/2767 3002/4346/2768
f 3013/4347/2760 3068/4348/2769 3005/4349/2770
f 3067/4343/2765 3011/4339/2761 3003/4341/2763
f 3006/4350/2771 3069/4351/2772 2999/4352/2773
f 3068/4348/2769 3012/4342/2764 3004/4344/2766
f 3069/4351/2772 3013/4347/2760 3005/4349/2770
f 3007/4353/2774 3062/4354/2775 2998/4355/2776
f 3008/4356/2777 3063/4357/2778 3000/4295/2730
f 3040/4358/2779 2999/4352/2773 2990/4326/2750
f 3009/4359/2780 3064/4360/2781 3001/4361/2782
f 3063/4357/2778 3007/4353/2774 2998/4355/2776
f 3003/4341/2763 3052/4291/2726 2995/4290/2725
f 3052/4291/2726 3002/4346/2768 2994/4307/2738
f 3004/4344/2766 3055/4362/2783 2996/4301/2734
f 3055/4362/2783 3003/4341/2763 2995/4290/2725
f 2947/4363/2784 3029/4364/2785 3092/4247/2690
f 2948/4365/2786 3028/4366/2787 3091/4238/2682
f 3005/4349/2770 3058/4367/2788 2997/4304/2737
f 3058/4367/2788 3004/4344/2766 2996/4301/2734
f 3085/4368/2789 3097/4369/2790 2987/4370/2759
f 3084/4371/2791 3096/4372/2792 2984/4373/2793
f 2999/4352/2773 3061/4330/2752 2990/4326/2750
f 2998/4355/2776 3040/4358/2779 2991/4315/2745
f 2945/4374/2794 3023/4220/2669 3086/4209/2660
f 3061/4330/2752 3005/4349/2770 2997/4304/2737
f 3043/4296/2731 2998/4355/2776 2991/4315/2745
f 3001/4361/2782 3046/4328/2751 2993/4310/2741
f 3046/4328/2751 3000/4295/2730 2992/4297/2732
f 3010/4345/2767 3065/4375/2795 3002/4346/2768
f 3064/4360/2781 3008/4356/2777 3000/4295/2730
f 3106/4249/2692 3035/4273/2708 2961/4376/2796
f 3065/4375/2795 3009/4359/2780 3001/4361/2782
f 3084/4371/2791 3097/4369/2790 2947/4363/2784
f 2946/4377/2797 3029/4364/2785 3097/4369/2790
f 3083/4378/2798 3096/4372/2792 2948/4365/2786
f 2947/4363/2784 3028/4366/2787 3096/4372/2792
f 3078/4379/2799 3099/4286/2721 2945/4374/2794
f 2972/4380/2718 3071/4381/2800 3008/4382/2777
f 3062/4354/2775 3006/4350/2771 2999/4352/2773
f 3070/4383/2801 2967/4384/2802 3006/4385/2771
f 2969/4386/2722 3070/4383/2801 3007/4387/2774
f 2969/4386/2722 3071/4381/2800 3079/4388/2720
f 3072/4389/2803 2972/4380/2718 3008/4382/2777
f 2984/4390/2793 3076/4391/2804 3084/4392/2791
f 2975/4393/2711 3072/4389/2803 3009/4394/2780
f 3073/4395/2805 2975/4393/2711 3009/4394/2780
f 2978/4396/2757 3073/4395/2805 3010/4397/2767
f 3074/4398/2806 2978/4396/2757 3010/4397/2767
f 2981/4399/2807 3074/4398/2806 3011/4400/2761
f 3075/4401/2808 2981/4399/2807 3011/4400/2761
f 3002/4346/2768 3049/4402/2809 2994/4307/2738
f 3049/4402/2809 3001/4361/2782 2993/4310/2741
f 2945/4374/2794 3022/4403/2810 3098/4404/2811
f 3075/4401/2808 2984/4390/2793 3083/4405/2798
f 3076/4391/2804 2987/4337/2759 3084/4392/2791
f 2967/4384/2802 3077/4336/2758 3006/4385/2771
f 3034/4267/2702 3106/4249/2692 2961/4376/2796
f 2948/4365/2786 3027/4334/2756 3095/4332/2754
f 3083/4378/2798 3095/4332/2754 2981/4406/2807
f 2946/4377/2797 3022/4403/2810 3093/4254/2694
f 3085/4368/2789 3098/4404/2811 2946/4377/2797
f 3078/4379/2799 3098/4404/2811 2967/4407/2802
f 2860/4052/2546 3059/4204/2657 2988/4053/2547
f 2758/4055/2549 2735/4065/2550 2887/3976/2486
f 2766/4408/2589 2831/4409/2588 2759/4410/2592
f 2764/4411/2583 2765/4412/2586 2760/4413/2594
f 2763/4414/2580 2834/4415/2579 2764/4411/2583
f 2760/4413/2594 2837/4416/2543 2761/4417/2545
f 2763/4414/2580 2764/4411/2583 2760/4413/2594
f 2759/4410/2592 2838/4418/2591 2760/4413/2594
f 2761/4417/2545 2836/4419/2518 2762/4420/2641
f 2762/4420/2641 2835/4421/2476 2763/4414/2580
f 2764/4411/2583 2833/4422/2582 2765/4412/2586
f 2765/4412/2586 2832/4423/2585 2766/4408/2589
f 2735/4056/2550 2926/4109/2587 2816/4057/2551
f 2756/4059/2553 2737/4079/2564 2889/4060/2554
f 2815/4062/2556 2926/4109/2587 2735/4056/2550
f 2757/4064/2552 2824/4029/2531 2887/3976/2486
f 2736/4066/2557 2927/4106/2584 2817/4067/2558
f 2754/4069/2559 2827/4078/2567 2890/4070/2560
f 2816/4057/2551 2927/4106/2584 2736/4066/2557
f 2755/4072/2562 2738/4071/2561 2890/4070/2560
f 2737/4074/2564 2928/4103/2581 2818/4075/2565
f 2754/4069/2559 2739/4089/2571 2891/4077/2566
f 2817/4067/2558 2928/4103/2581 2737/4074/2564
f 2755/4072/2562 2826/4073/2563 2889/4060/2554
f 2738/4080/2561 2929/4100/2578 2819/3966/2478
f 2752/4082/2568 2829/4004/2510 2892/3963/2475
f 2818/4075/2565 2929/4100/2578 2738/4080/2561
f 2756/4059/2553 2825/4061/2555 2888/4084/2570
f 2739/4086/2571 2930/3965/2477 2820/4016/2519
f 2752/4082/2568 2741/4098/2576 2893/4005/2511
f 2819/3966/2478 2930/3965/2477 2739/4086/2571
f 2753/4088/2572 2828/3962/2474 2891/4077/2566
f 2740/4090/2569 2931/4050/2544 2821/4091/2573
f 2758/4055/2549 2823/3958/2470 2894/4009/2514
f 2820/4016/2519 2931/4050/2544 2740/4090/2569
f 2751/4094/2575 2742/4093/2574 2894/4009/2514
f 2741/4095/2576 2932/4115/2593 2822/4096/2577
f 2753/4088/2572 2740/4083/2569 2892/3963/2475
f 2821/4091/2573 2932/4115/2593 2741/4095/2576
f 2751/4094/2575 2830/4008/2513 2893/4005/2511
f 2742/4099/2574 2933/4112/2590 2815/4062/2556
f 2766/4408/2589 2759/4410/2592 2760/4413/2594
f 2822/4096/2577 2933/4112/2590 2742/4099/2574
f 2757/4064/2552 2736/4085/2557 2888/4084/2570
f 2929/4100/2578 2818/4075/2565 2834/4101/2579
f 2929/4100/2578 2763/4102/2580 2835/3964/2476
f 2928/4103/2581 2817/4067/2558 2833/4104/2582
f 2928/4103/2581 2764/4105/2583 2834/4101/2579
f 2927/4106/2584 2816/4057/2551 2832/4107/2585
f 2927/4106/2584 2765/4108/2586 2833/4104/2582
f 2926/4109/2587 2815/4062/2556 2831/4110/2588
f 2926/4109/2587 2766/4111/2589 2832/4107/2585
f 2933/4112/2590 2822/4096/2577 2838/4113/2591
f 2933/4112/2590 2759/4114/2592 2831/4110/2588
f 2932/4115/2593 2821/4091/2573 2837/4049/2543
f 2932/4115/2593 2760/4116/2594 2838/4113/2591
f 2931/4050/2544 2820/4016/2519 2836/4015/2518
f 2765/4412/2586 2766/4408/2589 2760/4413/2594
f 2760/4413/2594 2761/4417/2545 2762/4420/2641
f 2762/4420/2641 2763/4414/2580 2760/4413/2594
f 2882/4117/2496 2776/4424/2643 2925/4118/2595
f 2743/4119/2596 2925/4118/2595 2826/4073/2563
f 2827/4078/2567 2895/4120/2597 2743/4119/2596
f 2895/4120/2597 2779/4425/2494 2882/4117/2496
f 2881/4121/2499 2773/4426/2500 2924/4122/2598
f 2744/4123/2599 2924/4122/2598 2825/4061/2555
f 2826/4073/2563 2925/4118/2595 2744/4123/2599
f 2925/4118/2595 2776/4424/2643 2881/4121/2499
f 2880/4124/2507 2770/4002/2642 2923/4001/2508
f 2745/4125/2600 2923/4001/2508 2824/4029/2531
f 2825/4061/2555 2924/4122/2598 2745/4125/2600
f 2924/4122/2598 2773/4426/2500 2880/4124/2507
f 2852/4126/2601 2853/4038/2540 2796/4127/2602
f 2854/4129/2604 2783/4151/2621 2784/4130/2603
f 2857/4132/2606 2858/4142/2610 2790/4133/2607
f 2860/4052/2546 2789/4054/2548 2790/4133/2607
f 2844/4023/2525 2864/4025/2527 2801/4022/2524
f 2855/4136/2605 2784/4128/2603 2796/4127/2602
f 2858/4137/2610 2787/4158/2613 2797/4138/2611
f 2861/4139/2608 2790/4143/2607 2798/4140/2612
f 2857/4132/2606 2786/4206/2638 2787/4141/2613
f 2858/4137/2610 2859/4032/2534 2798/4140/2612
f 2849/4144/2614 2850/3977/2487 2795/4145/2615
f 2849/4144/2614 2778/4177/2629 2794/4147/2617
f 2843/4148/2618 2844/4023/2525 2793/4135/2609
f 2851/4150/2620 2852/4170/2601 2784/4130/2603
f 2842/4152/2622 2843/4174/2618 2775/4153/2619
f 2840/4155/2624 2841/4030/2532 2792/4156/2625
f 2855/4136/2605 2856/4035/2537 2797/4138/2611
f 2845/4159/2627 2774/4154/2623 2775/4153/2619
f 2845/4159/2627 2846/4160/2628 2778/4161/2629
f 2860/4052/2546 2861/4134/2608 2769/4163/2631
f 2848/4165/2633 2849/4168/2614 2781/4166/2616
f 2848/4165/2633 2777/4162/2630 2778/4161/2629
f 2846/4169/2628 2775/4149/2619 2793/4135/2609
f 2851/4150/2620 2780/4167/2634 2781/4166/2616
f 2839/4171/2635 2840/4175/2624 2772/4172/2626
f 2842/4152/2622 2771/4173/2636 2772/4172/2626
f 2839/4171/2635 2767/4164/2632 2769/4163/2631
f 2840/4155/2624 2769/4180/2631 2791/4176/2637
f 2846/4169/2628 2847/4021/2523 2794/4147/2617
f 2852/4126/2601 2781/4146/2616 2795/4145/2615
f 2854/4129/2604 2855/4131/2605 2787/4178/2613
f 2861/4139/2608 2862/4026/2528 2791/4176/2637
f 2843/4148/2618 2772/4157/2626 2792/4156/2625
f 2896/3960/2472 2782/4427/2491 2883/4181/2493
f 2828/3962/2474 2896/3960/2472 2750/4182/2639
f 2883/4181/2493 2779/4425/2494 2895/4120/2597
f 2750/4182/2639 2895/4120/2597 2827/4078/2567
f 2878/3968/2479 2814/3972/2482 2788/3971/2640
f 2931/4050/2544 2761/4051/2545 2837/4049/2543
f 2867/4039/2541 2875/4048/2492 2812/4046/2542
f 2868/4037/2539 2876/4047/2483 2813/4044/2485
f 2867/4039/2541 2803/3980/2490 2811/4020/2522
f 2869/4034/2536 2877/4045/2480 2814/4042/2482
f 2868/4037/2539 2804/4036/2538 2812/4046/2542
f 2870/4028/2530 2878/4043/2479 2807/3998/2506
f 2869/4034/2536 2805/4033/2535 2813/4044/2485
f 2870/4028/2530 2806/4027/2529 2814/4042/2482
f 2863/3997/2505 2871/3999/2504 2808/4040/2503
f 2864/4025/2527 2872/4041/2502 2809/4018/2521
f 2841/4030/2532 2791/4176/2637 2800/4031/2533
f 2865/4017/2520 2873/4019/2498 2810/4013/2517
f 2864/4025/2527 2799/4024/2526 2808/4040/2503
f 2853/4038/2540 2867/4039/2541 2804/4036/2538
f 2853/4038/2540 2795/4145/2615 2803/3980/2490
f 2856/4035/2537 2868/4037/2539 2805/4033/2535
f 2856/4035/2537 2796/4127/2602 2804/4036/2538
f 2830/4008/2513 2921/4011/2516 2748/4003/2509
f 2829/4004/2510 2920/4006/2512 2749/3961/2473
f 2859/4032/2534 2869/4034/2536 2806/4027/2529
f 2859/4032/2534 2797/4138/2611 2805/4033/2535
f 2886/3955/2467 2788/4012/2640 2921/4011/2516
f 2885/4010/2515 2785/4007/2484 2920/4006/2512
f 2862/4026/2528 2870/4028/2530 2800/4031/2533
f 2841/4030/2532 2863/3997/2505 2799/4024/2526
f 2824/4029/2531 2923/4001/2508 2746/4183/2466
f 2862/4026/2528 2798/4140/2612 2806/4027/2529
f 2844/4023/2525 2792/4156/2625 2799/4024/2526
f 2847/4021/2523 2865/4017/2520 2802/3978/2488
f 2847/4021/2523 2793/4135/2609 2801/4022/2524
f 2866/3979/2489 2874/4014/2495 2811/4020/2522
f 2865/4017/2520 2801/4022/2524 2809/4018/2521
f 2836/4015/2518 2820/4016/2519 2930/3965/2477
f 2866/3979/2489 2802/3978/2488 2810/4013/2517
f 2921/4011/2516 2788/4012/2640 2885/4010/2515
f 2747/3957/2469 2921/4011/2516 2830/4008/2513
f 2920/4006/2512 2785/4007/2484 2884/3959/2471
f 2748/4003/2509 2920/4006/2512 2829/4004/2510
f 2923/4001/2508 2770/4002/2642 2879/3952/2464
f 2872/3993/2502 2880/4000/2507 2773/3991/2500
f 2863/3997/2505 2800/4031/2533 2807/3998/2506
f 2871/3995/2504 2807/4190/2506 2768/3967/2468
f 2871/3995/2504 2879/3996/2464 2770/3992/2642
f 2770/3992/2642 2880/4000/2507 2872/3993/2502
f 2873/3989/2498 2809/4185/2521 2773/3991/2500
f 2785/3974/2484 2885/4189/2515 2877/3970/2480
f 2873/3989/2498 2881/3990/2499 2776/3988/2643
f 2874/3986/2495 2810/4186/2517 2776/3988/2643
f 2874/3986/2495 2882/3987/2496 2779/3985/2494
f 2875/3983/2492 2811/4187/2522 2779/3985/2494
f 2875/3983/2492 2883/3984/2493 2782/3981/2491
f 2876/3973/2483 2812/4188/2542 2782/3981/2491
f 2850/3977/2487 2866/3979/2489 2803/3980/2490
f 2850/3977/2487 2794/4147/2617 2802/3978/2488
f 2746/4183/2466 2922/3953/2465 2823/3958/2470
f 2785/3974/2484 2813/3975/2485 2876/3973/2483
f 2788/3971/2640 2814/3972/2482 2877/3970/2480
f 2878/3968/2479 2886/3969/2467 2768/3967/2468
f 2835/3964/2476 2762/4184/2641 2930/3965/2477
f 2749/3961/2473 2896/3960/2472 2828/3962/2474
f 2884/3959/2471 2782/4427/2491 2896/3960/2472
f 2823/3958/2470 2922/3953/2465 2747/3957/2469
f 2922/3953/2465 2768/3956/2468 2886/3955/2467
f 2879/3952/2464 2768/3956/2468 2922/3953/2465
f 2842/4152/2622 3041/4193/2646 2970/4191/2644
f 2842/4152/2622 2774/4154/2623 2973/4192/2645
f 2854/4129/2604 2786/4179/2638 2985/4194/2647
f 2774/4154/2623 2845/4159/2627 3044/4196/2649
f 2777/4162/2630 2848/4165/2633 3047/4197/2650
f 2780/4167/2634 2979/4200/2653 3047/4197/2650
f 2780/4167/2634 2851/4150/2620 3050/4199/2652
f 2789/4054/2548 2988/4053/2547 3056/4201/2654
f 2854/4129/2604 3053/4195/2648 2982/4202/2655
f 2771/4173/2636 2970/4191/2644 3038/4203/2656
f 2851/4150/2620 2783/4151/2621 2982/4202/2655
f 2767/4164/2632 2966/4205/2658 3059/4204/2657
f 2839/4171/2635 3038/4203/2656 2966/4205/2658
f 2845/4159/2627 2777/4162/2630 2976/4198/2651
f 2786/4206/2638 2857/4132/2606 3056/4201/2654
f 2957/4208/2659 3022/4403/2810 3086/4209/2660
f 2965/4428/2812 2958/4429/2813 3030/4430/2705
f 2963/4431/2814 2959/4432/2815 2964/4433/2816
f 2962/4434/2817 2963/4431/2814 3033/4435/2701
f 2959/4432/2815 2960/4436/2818 3036/4437/2707
f 2962/4434/2817 2959/4432/2815 2963/4431/2814
f 2958/4429/2813 2959/4432/2815 3037/4438/2706
f 2960/4436/2818 2961/4439/2796 3035/4440/2708
f 2961/4439/2796 2962/4434/2817 3034/4441/2702
f 2963/4431/2814 2964/4433/2816 3032/4442/2703
f 2964/4433/2816 2965/4428/2812 3031/4443/2704
f 3015/4211/2662 3102/4218/2668 2934/4212/2661
f 2955/4214/2664 3024/4243/2687 3088/4215/2665
f 3014/4217/2667 2957/4263/2659 2934/4212/2661
f 2956/4219/2663 2934/4210/2661 3086/4209/2660
f 3016/4221/2670 3103/4227/2675 2935/4222/2671
f 3089/4224/2672 3026/4279/2714 2953/4225/2673
f 3015/4211/2662 2956/4213/2663 2935/4222/2671
f 2954/4228/2676 3025/4278/2713 3089/4224/2672
f 3017/4229/2677 3104/4234/2680 2936/4230/2666
f 2953/4225/2673 3026/4279/2714 3090/4232/2678
f 3016/4221/2670 2955/4223/2664 2936/4230/2666
f 3088/4215/2665 3025/4278/2713 2954/4228/2676
f 3018/4235/2681 3105/4241/2685 2937/4236/2674
f 3091/4238/2682 3028/4366/2787 2951/4239/2683
f 3017/4229/2677 2954/4231/2676 2937/4236/2674
f 2955/4214/2664 2935/4265/2671 3087/4242/2686
f 3019/4244/2688 3106/4249/2692 2938/4245/2679
f 2951/4239/2683 3028/4366/2787 3092/4247/2690
f 3018/4235/2681 2953/4237/2673 2938/4245/2679
f 3090/4232/2678 3027/4334/2756 2952/4250/2689
f 3020/4251/2693 3107/4256/2696 2939/4252/2684
f 3093/4254/2694 3022/4403/2810 2957/4208/2659
f 3019/4244/2688 2952/4246/2689 2939/4252/2684
f 2950/4257/2697 3029/4364/2785 3093/4254/2694
f 3021/4258/2698 3108/4261/2699 2940/4259/2691
f 2952/4250/2689 3027/4334/2756 3091/4238/2682
f 3020/4251/2693 2951/4253/2683 2940/4259/2691
f 3092/4247/2690 3029/4364/2785 2950/4257/2697
f 3014/4217/2667 3109/4264/2700 2941/4262/2695
f 2965/4428/2812 2959/4432/2815 2958/4429/2813
f 3021/4258/2698 2950/4260/2697 2941/4262/2695
f 2956/4219/2663 3023/4220/2669 3087/4242/2686
f 3105/4241/2685 2962/4444/2817 3033/4266/2701
f 3034/4267/2702 2962/4444/2817 3105/4241/2685
f 3104/4234/2680 2963/4445/2814 3032/4268/2703
f 3033/4266/2701 2963/4445/2814 3104/4234/2680
f 3103/4227/2675 2964/4446/2816 3031/4269/2704
f 3032/4268/2703 2964/4446/2816 3103/4227/2675
f 3102/4218/2668 2965/4447/2812 3030/4270/2705
f 3031/4269/2704 2965/4447/2812 3102/4218/2668
f 3109/4264/2700 2958/4448/2813 3037/4271/2706
f 3030/4270/2705 2958/4448/2813 3109/4264/2700
f 3108/4261/2699 2959/4449/2815 3036/4272/2707
f 3037/4271/2706 2959/4449/2815 3108/4261/2699
f 3107/4256/2696 2960/4450/2818 3035/4273/2708
f 2964/4433/2816 2959/4432/2815 2965/4428/2812
f 2959/4432/2815 2961/4439/2796 2960/4436/2818
f 2961/4439/2796 2959/4432/2815 2962/4434/2817
f 3081/4274/2709 2942/4277/2712 3101/4275/2710
f 2942/4277/2712 3089/4224/2672 3025/4278/2713
f 2942/4277/2712 3094/4280/2715 3026/4279/2714
f 3081/4274/2709 2978/4335/2757 3094/4280/2715
f 3080/4281/2716 2943/4284/2719 3100/4282/2717
f 2943/4284/2719 3088/4215/2665 3024/4243/2687
f 2943/4284/2719 3101/4275/2710 3025/4278/2713
f 3080/4281/2716 2975/4276/2711 3101/4275/2710
f 3079/4285/2720 2944/4288/2723 3099/4286/2721
f 2944/4288/2723 3087/4242/2686 3023/4220/2669
f 2944/4288/2723 3100/4282/2717 3024/4243/2687
f 3079/4285/2720 2972/4283/2718 3100/4282/2717
f 3051/4289/2724 2983/4299/2727 2995/4290/2725
f 3053/4195/2648 3054/4451/2733 2983/4292/2727
f 3056/4201/2654 2988/4053/2547 2989/4293/2728
f 3059/4204/2657 3060/4452/2736 2989/4293/2728
f 3000/4295/2730 3063/4357/2778 3043/4296/2731
f 3054/4298/2733 3055/4362/2783 2995/4290/2725
f 3057/4300/2729 3058/4367/2788 2996/4301/2734
f 3060/4303/2736 3061/4330/2752 2997/4304/2737
f 3056/4201/2654 3057/4294/2729 2986/4306/2735
f 2997/4304/2737 3058/4367/2788 3057/4300/2729
f 2994/4307/2738 3049/4402/2809 3048/4308/2739
f 3048/4308/2739 3049/4402/2809 2993/4310/2741
f 3042/4312/2743 2974/4323/2744 2992/4297/2732
f 3050/4199/2652 2982/4202/2655 2983/4292/2727
f 2974/4314/2744 3042/4453/2743 3041/4193/2646
f 2991/4315/2745 3040/4358/2779 3039/4316/2746
f 2996/4301/2734 3055/4362/2783 3054/4298/2733
f 3044/4196/2649 3045/4454/2749 2974/4314/2744
f 2977/4318/2742 3045/4454/2749 3044/4196/2649
f 2968/4319/2748 3060/4452/2736 3059/4204/2657
f 3047/4197/2650 2979/4200/2653 2980/4320/2740
f 3047/4197/2650 3048/4321/2739 2977/4318/2742
f 3045/4322/2749 3046/4328/2751 2992/4297/2732
f 3050/4199/2652 3051/4313/2724 2980/4320/2740
f 3038/4203/2656 2970/4191/2644 2971/4324/2747
f 3041/4193/2646 3042/4453/2743 2971/4324/2747
f 3038/4203/2656 3039/4325/2746 2968/4319/2748
f 3039/4316/2746 3040/4358/2779 2990/4326/2750
f 3045/4322/2749 2977/4311/2742 2993/4310/2741
f 3051/4289/2724 3052/4291/2726 2994/4307/2738
f 2986/4329/2735 3054/4451/2733 3053/4195/2648
f 3060/4303/2736 2968/4327/2748 2990/4326/2750
f 3042/4312/2743 3043/4296/2731 2991/4315/2745
f 3082/4331/2753 2981/4406/2807 3095/4332/2754
f 2949/4333/2755 3095/4332/2754 3027/4334/2756
f 3082/4331/2753 2949/4333/2755 3094/4280/2715
f 2949/4333/2755 3090/4232/2678 3026/4279/2714
f 3077/4336/2758 3085/4455/2789 2987/4337/2759
f 3036/4272/2707 2960/4450/2818 3107/4256/2696
f 3011/4339/2761 3074/4456/2806 3066/4340/2762
f 3012/4342/2764 3075/4457/2808 3067/4343/2765
f 3066/4340/2762 3074/4456/2806 3010/4345/2767
f 3013/4347/2760 3076/4458/2804 3068/4348/2769
f 3512/4182/2639 3435/4078/2567 2729/4077/2566
f 2899/4181/2493 2725/4120/2597 3512/4182/2639
f 3512/4182/2639 3434/3962/2474 2724/3960/2472
f 2899/4181/2493 2724/3960/2472 3480/4427/2491
f 3419/4148/2618 3470/4156/2625 3418/4023/2525
f 3401/4139/2608 3471/4176/2637 3493/4180/2631
f 3475/4459/2613 3408/4460/2604 3407/4461/2605
f 3410/4126/2601 3467/4145/2615 3409/4038/2540
f 3416/4169/2628 3468/4147/2617 3484/4177/2629
f 3422/4155/2624 3471/4176/2637 3421/4030/2532
f 3423/4462/2635 3493/4463/2631 3422/4464/2624
f 3420/4465/2622 3490/4466/2626 3419/4467/2618
f 3423/4462/2635 3490/4466/2626 3491/4468/2636
f 3411/4469/2620 3481/4470/2616 3410/4471/2601
f 3416/4169/2628 3469/4135/2609 3415/4021/2523
f 3414/4472/2633 3484/4473/2629 3413/4474/2614
f 3414/4472/2633 3481/4470/2616 3482/4475/2634
f 3493/4463/2631 3402/4476/2546 3401/4477/2608
f 3484/4473/2629 3417/4478/2627 3416/4479/2628
f 3417/4478/2627 3487/4480/2619 3416/4479/2628
f 3465/4138/2611 3407/4136/2605 3406/4035/2537
f 3470/4156/2625 3422/4155/2624 3421/4030/2532
f 3487/4480/2619 3420/4465/2622 3419/4467/2618
f 3411/4469/2620 3478/4481/2603 3479/4482/2621
f 3419/4148/2618 3469/4135/2609 3487/4149/2619
f 3413/4144/2614 3468/4147/2617 3412/3977/2487
f 3467/4145/2615 3413/4144/2614 3412/3977/2487
f 3464/4140/2612 3404/4137/2610 3403/4032/2534
f 3405/4483/2606 3475/4484/2613 3404/4485/2610
f 3401/4139/2608 3464/4140/2612 3240/4026/2528
f 3404/4137/2610 3465/4138/2611 3403/4032/2534
f 3407/4136/2605 3466/4127/2602 3406/4035/2537
f 3461/4022/2524 3418/4023/2525 2918/4025/2527
f 3402/4476/2546 3472/4486/2607 3401/4477/2608
f 3405/4483/2606 3472/4486/2607 3473/4487/2819
f 3408/4460/2604 3478/4481/2603 3407/4461/2605
f 3410/4126/2601 3466/4127/2602 3478/4128/2603
f 2902/4124/2507 2719/4122/2598 3489/4426/2500
f 3517/4125/2600 3437/4061/2555 2719/4122/2598
f 3517/4125/2600 3438/4029/2531 2732/4084/2570
f 2902/4124/2507 2720/4001/2508 3517/4125/2600
f 2901/4121/2499 2718/4118/2595 3486/4424/2497
f 3518/4488/2599 3436/4073/2563 2718/4118/2595
f 3518/4488/2599 3437/4061/2555 2731/4060/2554
f 2901/4121/2499 2719/4122/2598 3518/4488/2599
f 2900/4117/2496 2725/4120/2597 3483/4425/2494
f 3519/4119/2596 3435/4078/2567 2725/4120/2597
f 3519/4119/2596 3436/4073/2563 2730/4070/2560
f 2900/4117/2496 2718/4118/2595 3519/4119/2596
f 3500/4420/2641 3499/4414/2580 3502/4413/2594
f 3502/4413/2594 3501/4417/2545 3500/4420/2641
f 3497/4412/2586 3496/4408/2589 3502/4413/2594
f 2712/4050/2544 3426/4015/2518 3501/4051/2545
f 3424/4113/2591 2711/4115/2593 3502/4116/2594
f 2711/4115/2593 3425/4049/2543 3502/4116/2594
f 3431/4110/2588 2710/4112/2590 3503/4114/2592
f 2710/4112/2590 3424/4113/2591 3503/4114/2592
f 3430/4107/2585 2717/4109/2587 3496/4111/2589
f 2717/4109/2587 3431/4110/2588 3496/4111/2589
f 3429/4104/2582 2716/4106/2584 3497/4108/2586
f 2716/4106/2584 3430/4107/2585 3497/4108/2586
f 3428/4101/2579 2715/4103/2581 3498/4105/2583
f 2715/4103/2581 3429/4104/2582 3498/4105/2583
f 3427/3964/2476 2714/4100/2578 3499/4102/2580
f 2714/4100/2578 3428/4101/2579 3499/4102/2580
f 3505/4064/2552 2732/4084/2570 3438/4029/2531
f 3440/4096/2577 3520/4099/2574 3511/4097/2575
f 3496/4408/2589 3503/4410/2592 3502/4413/2594
f 3447/4062/2556 3520/4099/2574 2710/4112/2590
f 2727/4005/2511 3511/4094/2575 3432/4008/2513
f 3441/4091/2573 3521/4095/2576 3510/4092/2568
f 3509/4088/2572 2728/3963/2475 3434/3962/2474
f 3440/4096/2577 3521/4095/2576 2711/4115/2593
f 3511/4094/2575 2726/4009/2514 3432/4008/2513
f 3442/4016/2519 3522/4090/2569 3509/4087/2572
f 2726/4009/2514 3504/4055/2549 3439/3958/2470
f 3441/4091/2573 3522/4090/2569 2712/4050/2544
f 2729/4077/2566 3509/4088/2572 3434/3962/2474
f 3443/3966/2478 3523/4086/2571 3508/4081/2559
f 3510/4082/2568 2727/4005/2511 3433/4004/2510
f 3442/4016/2519 3523/4086/2571 2713/3965/2477
f 3506/4059/2553 2732/4084/2570 3526/4085/2557
f 3444/4075/2565 3524/4080/2561 3507/4076/2562
f 2728/3963/2475 3510/4082/2568 3433/4004/2510
f 3443/3966/2478 3524/4080/2561 2714/4100/2578
f 2731/4060/2554 3507/4489/2562 3436/4073/2563
f 3445/4067/2558 3525/4074/2564 3506/4068/2553
f 3508/4069/2559 2729/4077/2566 3435/4078/2567
f 3444/4075/2565 3525/4074/2564 2715/4103/2581
f 3507/4489/2562 2730/4070/2560 3436/4073/2563
f 3446/4057/2551 3526/4066/2557 3505/4058/2552
f 2730/4070/2560 3508/4069/2559 3435/4078/2567
f 3445/4067/2558 3526/4066/2557 2716/4106/2584
f 3505/4064/2552 2733/3976/2486 3527/4065/2550
f 3447/4062/2556 3527/4056/2550 3504/4063/2549
f 3506/4059/2553 2731/4060/2554 3437/4061/2555
f 3446/4057/2551 3527/4056/2550 2717/4109/2587
f 3497/4412/2586 3430/4423/2585 3496/4408/2589
f 3498/4411/2583 3429/4422/2582 3497/4412/2586
f 3500/4420/2641 3427/4421/2476 3499/4414/2580
f 3501/4417/2545 3426/4419/2518 3500/4420/2641
f 3503/4410/2592 3424/4418/2591 3502/4413/2594
f 3499/4414/2580 3498/4411/2583 3502/4413/2594
f 3502/4413/2594 3425/4416/2543 3501/4417/2545
f 3499/4414/2580 3428/4415/2579 3498/4411/2583
f 3498/4411/2583 3497/4412/2586 3502/4413/2594
f 3496/4408/2589 3431/4409/2588 3503/4410/2592
f 3504/4055/2549 2733/3976/2486 3439/3958/2470
f 3714/4490/2647 3405/4483/2606 3643/4491/2654
f 3655/4492/2649 3485/4493/2630 3723/4494/2651
f 3067/4343/2765 3075/4457/2808 3011/4339/2761
f 3006/4350/2771 3077/4495/2758 3069/4351/2772
f 3068/4348/2769 3076/4458/2804 3012/4342/2764
f 3069/4351/2772 3077/4495/2758 3013/4347/2760
f 3007/4353/2774 3070/4496/2801 3062/4354/2775
f 3008/4356/2777 3071/4497/2800 3063/4357/2778
f 3040/4358/2779 3062/4354/2775 2999/4352/2773
f 3009/4359/2780 3072/4498/2803 3064/4360/2781
f 3063/4357/2778 3071/4497/2800 3007/4353/2774
f 3003/4341/2763 3066/4340/2762 3052/4291/2726
f 3052/4291/2726 3066/4340/2762 3002/4346/2768
f 3004/4344/2766 3067/4343/2765 3055/4362/2783
f 3055/4362/2783 3067/4343/2765 3003/4341/2763
f 2947/4363/2784 3097/4369/2790 3029/4364/2785
f 2948/4365/2786 3096/4372/2792 3028/4366/2787
f 3005/4349/2770 3068/4348/2769 3058/4367/2788
f 3058/4367/2788 3068/4348/2769 3004/4344/2766
f 3085/4368/2789 2946/4377/2797 3097/4369/2790
f 3084/4371/2791 2947/4363/2784 3096/4372/2792
f 2999/4352/2773 3069/4351/2772 3061/4330/2752
f 2998/4355/2776 3062/4354/2775 3040/4358/2779
f 2945/4374/2794 3099/4286/2721 3023/4220/2669
f 3061/4330/2752 3069/4351/2772 3005/4349/2770
f 3043/4296/2731 3063/4357/2778 2998/4355/2776
f 3001/4361/2782 3064/4360/2781 3046/4328/2751
f 3046/4328/2751 3064/4360/2781 3000/4295/2730
f 3010/4345/2767 3073/4499/2805 3065/4375/2795
f 3064/4360/2781 3072/4498/2803 3008/4356/2777
f 3106/4249/2692 3019/4244/2688 3035/4273/2708
f 3065/4375/2795 3073/4499/2805 3009/4359/2780
f 3084/4371/2791 2987/4370/2759 3097/4369/2790
f 2946/4377/2797 3093/4254/2694 3029/4364/2785
f 3083/4378/2798 2984/4373/2793 3096/4372/2792
f 2947/4363/2784 3092/4247/2690 3028/4366/2787
f 3078/4379/2799 2969/4287/2722 3099/4286/2721
f 2972/4380/2718 3079/4388/2720 3071/4381/2800
f 3062/4354/2775 3070/4496/2801 3006/4350/2771
f 3070/4383/2801 3078/4500/2799 2967/4384/2802
f 2969/4386/2722 3078/4500/2799 3070/4383/2801
f 2969/4386/2722 3007/4387/2774 3071/4381/2800
f 3072/4389/2803 3080/4501/2716 2972/4380/2718
f 2984/4390/2793 3012/4502/2764 3076/4391/2804
f 2975/4393/2711 3080/4501/2716 3072/4389/2803
f 3073/4395/2805 3081/4503/2709 2975/4393/2711
f 2978/4396/2757 3081/4503/2709 3073/4395/2805
f 3074/4398/2806 3082/4504/2753 2978/4396/2757
f 2981/4399/2807 3082/4504/2753 3074/4398/2806
f 3075/4401/2808 3083/4405/2798 2981/4399/2807
f 3002/4346/2768 3065/4375/2795 3049/4402/2809
f 3049/4402/2809 3065/4375/2795 3001/4361/2782
f 2945/4374/2794 3086/4209/2660 3022/4403/2810
f 3075/4401/2808 3012/4502/2764 2984/4390/2793
f 3076/4391/2804 3013/4338/2760 2987/4337/2759
f 2967/4384/2802 3085/4455/2789 3077/4336/2758
f 3034/4267/2702 3018/4235/2681 3106/4249/2692
f 2948/4365/2786 3091/4238/2682 3027/4334/2756
f 3083/4378/2798 2948/4365/2786 3095/4332/2754
f 2946/4377/2797 3098/4404/2811 3022/4403/2810
f 3085/4368/2789 2967/4407/2802 3098/4404/2811
f 3078/4379/2799 2945/4374/2794 3098/4404/2811
f 3141/3952/2799 3275/3954/2794 3121/3953/2811
f 3134/3955/2789 3253/3956/2802 3121/3953/2811
f 3274/3957/2797 3121/3953/2811 3197/3958/2810
f 3136/3959/2798 3272/3961/2786 3124/3960/2754
f 3272/3961/2786 3128/3963/2682 3192/3962/2756
f 3185/3964/2702 3201/3966/2681 3113/3965/2692
f 3253/3967/2802 3134/3969/2789 3142/3968/2758
f 3143/3970/2804 3206/3972/2760 3232/3971/2820
f 3144/3973/2808 3207/3975/2764 3235/3974/2793
f 3275/3954/2794 3133/3976/2660 3197/3958/2810
f 3170/3977/2809 3154/3979/2795 3218/3978/2782
f 3217/3980/2768 3154/3979/2795 3170/3977/2809
f 3144/3973/2808 3136/3982/2798 3238/3981/2821
f 3238/3981/2821 3137/3984/2753 3145/3983/2806
f 3145/3983/2806 3137/3984/2753 3242/3985/2757
f 3242/3985/2757 3138/3987/2709 3146/3986/2805
f 3146/3986/2805 3138/3987/2709 3245/3988/2822
f 3245/3988/2822 3139/3990/2716 3147/3989/2803
f 3235/3974/2793 3207/3975/2764 3143/3970/2804
f 3147/3989/2803 3139/3990/2716 3248/3991/2718
f 3251/3992/2823 3212/3994/2774 3148/3993/2800
f 3251/3992/2823 3141/3996/2799 3149/3995/2801
f 3149/3995/2801 3141/3996/2799 3253/3967/2802
f 3157/3997/2775 3149/3999/2801 3213/3998/2771
f 3248/3991/2718 3140/4000/2720 3148/3993/2800
f 3141/3952/2799 3251/4002/2823 3120/4001/2721
f 3273/4003/2784 3127/4005/2690 3191/4004/2787
f 3136/3959/2798 3235/4007/2793 3123/4006/2792
f 3661/4505/2656 3495/4506/2632 3423/4462/2635
f 3733/4507/2658 3402/4476/2546 3495/4506/2632
f 3649/4508/2652 3479/4482/2621 3717/4509/2655
f 3729/4510/2644 3423/4462/2635 3491/4468/2636
f 3646/4511/2648 3479/4482/2621 3408/4460/2604
f 3711/4512/2824 3405/4483/2606 3473/4487/2819
f 3720/4513/2653 3411/4469/2620 3649/4508/2652
f 3720/4513/2653 3414/4472/2633 3482/4475/2634
f 3723/4494/2651 3414/4472/2633 3652/4514/2650
f 3726/4515/2645 3417/4478/2627 3655/4492/2649
f 3646/4511/2648 3476/4516/2638 3714/4517/2647
f 3658/4518/2646 3488/4519/2623 3726/4515/2645
f 3658/4518/2646 3491/4468/2636 3420/4465/2622
f 3621/3952/2799 3601/3953/2811 3732/3956/2802
f 3601/3953/2811 3614/3955/2789 3732/3956/2802
f 3677/3958/2810 3753/3957/2797 3601/3953/2811
f 3616/3959/2798 3604/3960/2754 3718/4427/2807
f 3751/3961/2786 3672/3962/2756 3604/3960/2754
f 3665/3964/2702 3593/3965/2692 3738/4184/2796
f 3622/3968/2758 3732/3967/2802 3614/3969/2789
f 3712/3971/2820 3623/3970/2804 3686/3972/2760
f 3715/3974/2793 3624/3973/2808 3687/3975/2764
f 3754/4183/2794 3677/3958/2810 3601/3953/2811
f 3650/3977/2809 3698/3978/2782 3706/4147/2741
f 3650/3977/2809 3697/3980/2768 3634/3979/2795
f 3624/3973/2808 3718/3981/2807 3688/4188/2761
f 3625/3983/2806 3718/3981/2807 3617/3984/2753
f 3625/3983/2806 3721/3985/2757 3689/4187/2767
f 3626/3986/2805 3721/3985/2757 3618/3987/2709
f 3626/3986/2805 3724/3988/2825 3690/4186/2780
f 3627/3989/2803 3724/3988/2825 3619/3990/2716
f 3715/3974/2793 3623/3970/2804 3615/4189/2791
f 3627/3989/2803 3727/3991/2718 3691/4185/2777
f 3730/3992/2823 3628/3993/2800 3620/4000/2720
f 3629/3995/2801 3730/3992/2823 3621/3996/2799
f 3629/3995/2801 3732/3967/2802 3693/4190/2771
f 3637/3997/2775 3693/3998/2771 3700/4031/2773
f 3628/3993/2800 3727/3991/2718 3620/4000/2720
f 3600/4001/2721 3621/3952/2799 3730/4002/2823
f 3752/4003/2784 3671/4004/2787 3603/4006/2792
f 3603/4006/2792 3616/3959/2798 3715/4007/2793
f 3753/3957/2797 3670/4008/2785 3602/4011/2790
f 3602/4011/2790 3615/4010/2791 3712/4012/2820
f 3634/3979/2795 3690/4013/2780 3698/3978/2782
f 3664/4015/2708 3593/3965/2692 3680/4016/2688
f 3635/4017/2781 3691/4018/2777 3699/4022/2730
f 3634/3979/2795 3689/4020/2767 3626/4014/2805
f 3653/4021/2751 3699/4022/2730 3707/4135/2732
f 3653/4021/2751 3698/3978/2782 3635/4017/2781
f 3656/4023/2731 3701/4024/2776 3708/4156/2745
f 3638/4026/2752 3694/4027/2770 3702/4140/2737
f 3676/4029/2669 3754/4183/2794 3600/4001/2721
f 3659/4030/2779 3701/4024/2776 3637/3997/2775
f 3638/4026/2752 3700/4031/2773 3630/4028/2772
f 3615/4010/2791 3603/4006/2792 3715/4007/2793
f 3614/3955/2789 3602/4011/2790 3712/4012/2820
f 3641/4032/2788 3695/4033/2766 3703/4138/2734
f 3641/4032/2788 3694/4027/2770 3631/4034/2769
f 3671/4004/2787 3751/3961/2786 3603/4006/2792
f 3670/4008/2785 3752/4003/2784 3602/4011/2790
f 3644/4035/2783 3696/4036/2763 3704/4127/2725
f 3644/4035/2783 3695/4033/2766 3632/4037/2765
f 3647/4038/2726 3697/3980/2768 3705/4145/2738
f 3647/4038/2726 3696/4036/2763 3633/4039/2762
f 3636/4025/2778 3692/4040/2774 3701/4024/2776
f 3635/4017/2781 3690/4013/2780 3627/4019/2803
f 3659/4030/2779 3700/4031/2773 3709/4176/2750
f 3636/4025/2778 3691/4018/2777 3628/4041/2800
f 3637/3997/2775 3692/4040/2774 3629/3999/2801
f 3630/4028/2772 3686/4042/2760 3694/4027/2770
f 3631/4034/2769 3687/4044/2764 3695/4033/2766
f 3630/4028/2772 3693/3998/2771 3622/4043/2758
f 3632/4037/2765 3688/4046/2761 3696/4036/2763
f 3631/4034/2769 3686/4042/2760 3623/4045/2804
f 3633/4039/2762 3689/4020/2767 3697/3980/2768
f 3632/4037/2765 3687/4044/2764 3624/4047/2808
f 3633/4039/2762 3688/4046/2761 3625/4048/2806
f 3592/4050/2696 3663/4049/2707 3739/4051/2818
f 3622/3968/2758 3712/3971/2820 3686/3972/2760
f 3750/4182/2755 3673/4078/2714 3605/4120/2715
f 3617/4181/2753 3605/4120/2715 3721/4425/2757
f 3672/3962/2756 3750/4182/2755 3604/3960/2754
f 3604/3960/2754 3617/4181/2753 3718/4427/2807
f 3657/4148/2743 3708/4156/2745 3728/4157/2747
f 3639/4139/2736 3709/4176/2750 3638/4026/2752
f 3646/4511/2648 3713/4520/2735 3645/4521/2733
f 3648/4126/2724 3705/4145/2738 3719/4146/2740
f 3654/4169/2749 3706/4147/2741 3653/4021/2751
f 3660/4155/2746 3709/4176/2750 3731/4180/2748
f 3661/4505/2656 3731/4522/2748 3733/4507/2658
f 3658/4518/2646 3728/4523/2747 3729/4510/2644
f 3661/4505/2656 3728/4523/2747 3660/4524/2746
f 3649/4508/2652 3719/4525/2740 3720/4513/2653
f 3654/4169/2749 3707/4135/2732 3725/4149/2744
f 3652/4514/2650 3722/4526/2742 3723/4494/2651
f 3652/4514/2650 3719/4525/2740 3651/4527/2739
f 3640/4528/2657 3731/4522/2748 3639/4529/2736
f 3655/4492/2649 3722/4526/2742 3654/4530/2749
f 3655/4492/2649 3725/4531/2744 3726/4515/2645
f 3645/4136/2733 3703/4138/2734 3644/4035/2783
f 3660/4155/2746 3708/4156/2745 3659/4030/2779
f 3658/4518/2646 3725/4531/2744 3657/4532/2743
f 3649/4508/2652 3716/4533/2727 3648/4534/2724
f 3657/4148/2743 3707/4135/2732 3656/4023/2731
f 3651/4144/2739 3706/4147/2741 3722/4177/2742
f 3651/4144/2739 3705/4145/2738 3650/3977/2809
f 3642/4137/2729 3702/4140/2737 3641/4032/2788
f 3643/4491/2654 3713/4535/2735 3714/4490/2647
f 3639/4139/2736 3702/4140/2737 3710/4143/2728
f 3642/4137/2729 3703/4138/2734 3713/4158/2735
f 3645/4136/2733 3704/4127/2725 3716/4128/2727
f 3656/4023/2731 3699/4022/2730 3636/4025/2778
f 3640/4528/2657 3710/4536/2728 3711/4512/2824
f 3643/4491/2654 3710/4536/2728 3642/4537/2729
f 3646/4511/2648 3716/4533/2727 3717/4509/2655
f 3648/4126/2724 3704/4127/2725 3647/4038/2726
f 3599/4122/2717 3620/4124/2720 3727/4426/2718
f 3675/4061/2687 3755/4125/2723 3599/4122/2717
f 3755/4125/2723 3676/4029/2669 3600/4001/2721
f 3620/4124/2720 3600/4001/2721 3730/4002/2823
f 3598/4118/2710 3619/4121/2716 3724/4424/2825
f 3674/4073/2713 3756/4123/2719 3598/4118/2710
f 3756/4123/2719 3675/4061/2687 3599/4122/2717
f 3619/4121/2716 3599/4122/2717 3727/4426/2718
f 3605/4120/2715 3618/4117/2709 3721/4425/2757
f 3673/4078/2714 3757/4119/2712 3605/4120/2715
f 3757/4119/2712 3674/4073/2713 3598/4118/2710
f 3618/4117/2709 3598/4118/2710 3724/4424/2825
f 3738/4420/2796 3740/4413/2815 3737/4414/2817
f 3740/4413/2815 3738/4420/2796 3739/4417/2818
f 3735/4412/2816 3740/4413/2815 3734/4408/2812
f 3592/4050/2696 3664/4015/2708 3680/4016/2688
f 3591/4115/2699 3662/4113/2706 3740/4116/2815
f 3591/4115/2699 3663/4049/2707 3679/4091/2693
f 3590/4112/2700 3669/4110/2705 3741/4114/2813
f 3590/4112/2700 3662/4113/2706 3678/4096/2698
f 3597/4109/2668 3668/4107/2704 3734/4111/2812
f 3597/4109/2668 3669/4110/2705 3685/4062/2667
f 3596/4106/2675 3667/4104/2703 3735/4108/2816
f 3596/4106/2675 3668/4107/2704 3684/4057/2662
f 3595/4103/2680 3666/4101/2701 3736/4105/2814
f 3595/4103/2680 3667/4104/2703 3683/4067/2670
f 3594/4100/2685 3665/3964/2702 3737/4102/2817
f 3594/4100/2685 3666/4101/2701 3682/4075/2677
f 3743/4064/2663 3612/4084/2686 3764/4085/2671
f 3678/4096/2698 3758/4099/2695 3590/4112/2700
f 3734/4408/2812 3740/4413/2815 3741/4410/2813
f 3758/4099/2695 3685/4062/2667 3590/4112/2700
f 3749/4094/2697 3607/4005/2690 3670/4008/2785
f 3679/4091/2693 3759/4095/2691 3591/4115/2699
f 3747/4088/2689 3608/3963/2682 3760/4083/2684
f 3759/4095/2691 3678/4096/2698 3591/4115/2699
f 3749/4094/2697 3606/4009/2694 3758/4093/2695
f 3680/4016/2688 3760/4090/2684 3592/4050/2696
f 3742/4055/2659 3606/4009/2694 3677/3958/2810
f 3760/4090/2684 3679/4091/2693 3592/4050/2696
f 3747/4088/2689 3609/4077/2678 3672/3962/2756
f 3681/3966/2681 3761/4086/2679 3593/3965/2692
f 3748/4082/2683 3607/4005/2690 3759/4098/2691
f 3761/4086/2679 3680/4016/2688 3593/3965/2692
f 3744/4059/2664 3612/4084/2686 3675/4061/2687
f 3682/4075/2677 3762/4080/2674 3594/4100/2685
f 3748/4082/2683 3608/3963/2682 3671/4004/2787
f 3762/4080/2674 3681/3966/2681 3594/4100/2685
f 3745/4072/2676 3611/4060/2665 3674/4073/2713
f 3683/4067/2670 3763/4074/2666 3595/4103/2680
f 3746/4069/2673 3609/4077/2678 3761/4089/2679
f 3763/4074/2666 3682/4075/2677 3595/4103/2680
f 3745/4072/2676 3610/4070/2672 3762/4071/2674
f 3684/4057/2662 3764/4066/2671 3596/4106/2675
f 3746/4069/2673 3610/4070/2672 3673/4078/2714
f 3764/4066/2671 3683/4067/2670 3596/4106/2675
f 3743/4064/2663 3613/3976/2660 3676/4029/2669
f 3685/4062/2667 3765/4056/2661 3597/4109/2668
f 3744/4059/2664 3611/4060/2665 3763/4079/2666
f 3765/4056/2661 3684/4057/2662 3597/4109/2668
f 3735/4412/2816 3734/4408/2812 3668/4423/2704
f 3736/4411/2814 3735/4412/2816 3667/4422/2703
f 3738/4420/2796 3737/4414/2817 3665/4421/2702
f 3739/4417/2818 3738/4420/2796 3664/4419/2708
f 3741/4410/2813 3740/4413/2815 3662/4418/2706
f 3737/4414/2817 3740/4413/2815 3736/4411/2814
f 3740/4413/2815 3739/4417/2818 3663/4416/2707
f 3737/4414/2817 3736/4411/2814 3666/4415/2701
f 3736/4411/2814 3740/4413/2815 3735/4412/2816
f 3734/4408/2812 3741/4410/2813 3669/4409/2705
f 3742/4055/2659 3613/3976/2660 3765/4065/2661
f 3640/4528/2657 3473/4487/2819 3402/4476/2546
f 2903/3952/2464 3494/3956/2468 2721/3953/2465
f 2734/3955/2467 3515/3957/2469 2721/3953/2465
f 3515/3957/2469 2726/4009/2514 3439/3958/2470
f 2898/3959/2471 3480/4427/2491 2724/3960/2472
f 3513/3961/2473 2724/3960/2472 3434/3962/2474
f 3427/3964/2476 3500/4184/2641 2713/3965/2477
f 3494/3967/2468 3455/4190/2506 2904/3968/2479
f 2905/3970/2480 2897/4189/2515 3474/3971/2481
f 2906/3973/2483 2898/3982/2471 3477/3974/2484
f 3516/3954/2466 2721/3953/2465 3439/3958/2470
f 3412/3977/2487 3468/4147/2617 3460/3978/2488
f 3459/3980/2490 3467/4145/2615 3412/3977/2487
f 2906/3973/2483 3450/4188/2542 3480/3981/2491
f 3480/3981/2491 3450/4188/2542 2907/3983/2492
f 2907/3983/2492 3451/4187/2522 3483/3985/2494
f 3483/3985/2494 3451/4187/2522 2908/3986/2495
f 2908/3986/2495 3452/4186/2517 3486/3988/2497
f 3486/3988/2497 3452/4186/2517 2909/3989/2498
f 3477/3974/2484 2897/4189/2515 2905/3970/2480
f 2909/3989/2498 3453/4185/2521 3489/3991/2500
f 3492/3992/2501 2902/4000/2507 2910/3993/2502
f 3492/3992/2501 3454/3994/2503 2911/3995/2504
f 2911/3995/2504 3455/4190/2506 3494/3967/2468
f 2919/3997/2505 3462/4031/2533 3455/3998/2506
f 3489/3991/2500 3453/4185/2521 2910/3993/2502
f 2903/3952/2464 3516/3954/2466 2720/4001/2508
f 3514/4003/2509 2723/4006/2512 3433/4004/2510
f 2898/3959/2471 3513/3961/2473 2723/4006/2512
f 3515/3957/2469 2722/4011/2516 3432/4008/2513
f 2897/4010/2515 3514/4003/2509 2722/4011/2516
f 2916/3979/2489 3460/3978/2488 3452/4013/2517
f 2713/3965/2477 3500/4184/2641 3426/4015/2518
f 2917/4017/2520 3461/4022/2524 3453/4018/2521
f 3451/4020/2522 3459/3980/2490 2916/3979/2489
f 3415/4021/2523 3469/4135/2609 3461/4022/2524
f 3460/3978/2488 3468/4147/2617 3415/4021/2523
f 3418/4023/2525 3470/4156/2625 3463/4024/2526
f 3240/4026/2528 3464/4140/2612 3456/4027/2529
f 3516/3954/2466 2733/3976/2486 3438/4029/2531
f 3463/4024/2526 3470/4156/2625 3421/4030/2532
f 3462/4031/2533 3471/4176/2637 3240/4026/2528
f 2897/4010/2515 3477/4007/2484 2723/4006/2512
f 2734/3955/2467 3474/4012/2481 2722/4011/2516
f 3403/4032/2534 3465/4138/2611 3457/4033/2535
f 3456/4027/2529 3464/4140/2612 3403/4032/2534
f 3513/3961/2473 2728/3963/2475 3433/4004/2510
f 3514/4003/2509 2727/4005/2511 3432/4008/2513
f 3406/4035/2537 3466/4127/2602 3458/4036/2538
f 3457/4033/2535 3465/4138/2611 3406/4035/2537
f 3409/4038/2540 3467/4145/2615 3459/3980/2490
f 3458/4036/2538 3466/4127/2602 3409/4038/2540
f 2918/4025/2527 3463/4024/2526 3454/4040/2503
f 3452/4013/2517 3460/3978/2488 2917/4017/2520
f 3421/4030/2532 3471/4176/2637 3462/4031/2533
f 3453/4018/2521 3461/4022/2524 2918/4025/2527
f 3454/4040/2503 3463/4024/2526 2919/3997/2505
f 2912/4028/2530 3456/4027/2529 3448/4042/2482
f 2913/4034/2536 3457/4033/2535 3449/4044/2485
f 3455/3998/2506 3462/4031/2533 2912/4028/2530
f 2914/4037/2539 3458/4036/2538 3450/4046/2542
f 3448/4042/2482 3456/4027/2529 2913/4034/2536
f 2915/4039/2541 3459/3980/2490 3451/4020/2522
f 3449/4044/2485 3457/4033/2535 2914/4037/2539
f 3450/4046/2542 3458/4036/2538 2915/4039/2541
f 3425/4049/2543 3441/4091/2573 2712/4050/2544
f 2904/3968/2479 3448/3972/2482 3474/3971/2481
f 3274/3957/2797 3126/4009/2694 3190/4008/2785
f 3135/4010/2791 3232/4012/2820 3122/4011/2790
f 3154/3979/2795 3146/4014/2805 3210/4013/2780
f 3113/3965/2692 3200/4016/2688 3184/4015/2708
f 3155/4017/2781 3147/4019/2803 3211/4018/2777
f 3209/4020/2767 3146/4014/2805 3154/3979/2795
f 3173/4021/2751 3155/4017/2781 3219/4022/2730
f 3218/3978/2782 3155/4017/2781 3173/4021/2751
f 3176/4023/2731 3156/4025/2778 3221/4024/2776
f 3158/4026/2752 3150/4028/2772 3214/4027/2770
f 3275/3954/2794 3120/4001/2721 3196/4029/2669
f 3221/4024/2776 3157/3997/2775 3179/4030/2779
f 3220/4031/2773 3150/4028/2772 3158/4026/2752
f 3135/4010/2791 3273/4003/2784 3123/4006/2792
f 3134/3955/2789 3274/3957/2797 3122/4011/2790
f 3161/4032/2788 3151/4034/2769 3215/4033/2766
f 3214/4027/2770 3151/4034/2769 3161/4032/2788
f 3272/3961/2786 3123/4006/2792 3191/4004/2787
f 3273/4003/2784 3122/4011/2790 3190/4008/2785
f 3164/4035/2783 3152/4037/2765 3216/4036/2763
f 3215/4033/2766 3152/4037/2765 3164/4035/2783
f 3167/4038/2726 3153/4039/2762 3217/3980/2768
f 3216/4036/2763 3153/4039/2762 3167/4038/2726
f 3156/4025/2778 3148/4041/2800 3212/4040/2774
f 3210/4013/2780 3147/4019/2803 3155/4017/2781
f 3179/4030/2779 3157/3997/2775 3220/4031/2773
f 3211/4018/2777 3148/4041/2800 3156/4025/2778
f 3212/4040/2774 3149/3999/2801 3157/3997/2775
f 3150/4028/2772 3142/4043/2758 3206/4042/2760
f 3151/4034/2769 3143/4045/2804 3207/4044/2764
f 3213/3998/2771 3142/4043/2758 3150/4028/2772
f 3152/4037/2765 3144/4047/2808 3208/4046/2761
f 3206/4042/2760 3143/4045/2804 3151/4034/2769
f 3153/4039/2762 3145/4048/2806 3209/4020/2767
f 3207/4044/2764 3144/4047/2808 3152/4037/2765
f 3208/4046/2761 3145/4048/2806 3153/4039/2762
f 3183/4049/2707 3260/4051/2818 3112/4050/2696
f 3142/3968/2758 3134/3969/2789 3232/3971/2820
f 3271/4182/2755 3129/4077/2678 3193/4078/2714
f 3137/4181/2753 3271/4182/2755 3125/4120/2826
f 3271/4182/2755 3124/3960/2754 3192/3962/2756
f 3137/4181/2753 3238/4427/2821 3124/3960/2754
f 3177/4148/2827 3176/4023/2731 3228/4156/2745
f 3159/4139/2736 3252/4180/2748 3229/4176/2750
f 3233/4459/2735 3165/4461/2733 3166/4460/2648
f 3168/4126/2724 3167/4038/2726 3225/4145/2738
f 3174/4169/2749 3243/4177/2742 3226/4147/2741
f 3180/4155/2746 3179/4030/2779 3229/4176/2750
f 3181/4462/2656 3180/4464/2746 3252/4463/2748
f 3178/4465/2646 3177/4467/2827 3249/4466/2747
f 3181/4462/2656 3250/4468/2644 3249/4466/2747
f 3169/4469/2652 3168/4471/2724 3239/4470/2740
f 3174/4169/2749 3173/4021/2751 3227/4135/2732
f 3172/4472/2650 3171/4474/2739 3243/4473/2742
f 3172/4472/2650 3241/4475/2653 3239/4470/2740
f 3252/4463/2748 3159/4477/2736 3160/4476/2657
f 3243/4473/2742 3174/4479/2749 3175/4478/2649
f 3175/4478/2649 3174/4479/2749 3246/4480/2744
f 3223/4138/2734 3164/4035/2783 3165/4136/2733
f 3228/4156/2745 3179/4030/2779 3180/4155/2746
f 3246/4480/2744 3177/4467/2827 3178/4465/2646
f 3169/4469/2652 3237/4482/2655 3236/4481/2727
f 3177/4148/2827 3246/4149/2744 3227/4135/2732
f 3171/4144/2739 3170/3977/2809 3226/4147/2741
f 3225/4145/2738 3170/3977/2809 3171/4144/2739
f 3222/4140/2737 3161/4032/2788 3162/4137/2828
f 3163/4483/2654 3162/4485/2828 3233/4484/2735
f 3159/4139/2736 3158/4026/2752 3222/4140/2737
f 3162/4137/2828 3161/4032/2788 3223/4138/2734
f 3165/4136/2733 3164/4035/2783 3224/4127/2725
f 3219/4022/2730 3156/4025/2778 3176/4023/2731
f 3160/4476/2657 3159/4477/2736 3230/4486/2728
f 3163/4483/2654 3231/4487/2547 3230/4486/2728
f 3166/4460/2648 3165/4461/2733 3236/4481/2727
f 3168/4126/2724 3236/4128/2727 3224/4127/2725
f 3140/4124/2720 3248/4426/2718 3119/4122/2717
f 3276/4125/2723 3119/4122/2717 3195/4061/2687
f 3276/4125/2723 3132/4084/2686 3196/4029/2669
f 3140/4124/2720 3276/4125/2723 3120/4001/2721
f 3139/4121/2716 3245/4424/2822 3118/4118/2710
f 3277/4488/2719 3118/4118/2710 3194/4073/2713
f 3277/4488/2719 3131/4060/2665 3195/4061/2687
f 3139/4121/2716 3277/4488/2719 3119/4122/2717
f 3138/4117/2709 3242/4425/2757 3125/4120/2826
f 3278/4119/2712 3125/4120/2826 3193/4078/2714
f 3278/4119/2712 3130/4070/2672 3194/4073/2713
f 3138/4117/2709 3278/4119/2712 3118/4118/2710
f 3259/4420/2796 3261/4413/2815 3258/4414/2817
f 3261/4413/2815 3259/4420/2796 3260/4417/2818
f 3256/4412/2816 3261/4413/2815 3255/4408/2812
f 3112/4050/2696 3260/4051/2818 3184/4015/2708
f 3182/4113/2706 3261/4116/2815 3111/4115/2699
f 3111/4115/2699 3261/4116/2815 3183/4049/2707
f 3189/4110/2705 3262/4114/2813 3110/4112/2700
f 3110/4112/2700 3262/4114/2813 3182/4113/2706
f 3188/4107/2704 3255/4111/2812 3117/4109/2668
f 3117/4109/2668 3255/4111/2812 3189/4110/2705
f 3187/4104/2703 3256/4108/2816 3116/4106/2675
f 3116/4106/2675 3256/4108/2816 3188/4107/2704
f 3186/4101/2701 3257/4105/2814 3115/4103/2680
f 3115/4103/2680 3257/4105/2814 3187/4104/2703
f 3185/3964/2702 3258/4102/2817 3114/4100/2685
f 3114/4100/2685 3258/4102/2817 3186/4101/2701
f 3264/4064/2663 3196/4029/2669 3132/4084/2686
f 3198/4096/2698 3270/4097/2697 3279/4099/2695
f 3255/4408/2812 3261/4413/2815 3262/4410/2813
f 3205/4062/2667 3110/4112/2700 3279/4099/2695
f 3127/4005/2690 3190/4008/2785 3270/4094/2697
f 3199/4091/2693 3269/4092/2683 3280/4095/2691
f 3268/4088/2689 3192/3962/2756 3128/3963/2682
f 3198/4096/2698 3111/4115/2699 3280/4095/2691
f 3270/4094/2697 3190/4008/2785 3126/4009/2694
f 3200/4016/2688 3268/4087/2689 3281/4090/2684
f 3126/4009/2694 3197/3958/2810 3263/4055/2659
f 3199/4091/2693 3112/4050/2696 3281/4090/2684
f 3129/4077/2678 3192/3962/2756 3268/4088/2689
f 3201/3966/2681 3267/4081/2673 3282/4086/2679
f 3269/4082/2683 3191/4004/2787 3127/4005/2690
f 3200/4016/2688 3113/3965/2692 3282/4086/2679
f 3265/4059/2664 3285/4085/2671 3132/4084/2686
f 3202/4075/2677 3266/4076/2676 3283/4080/2674
f 3128/3963/2682 3191/4004/2787 3269/4082/2683
f 3201/3966/2681 3114/4100/2685 3283/4080/2674
f 3131/4060/2665 3194/4073/2713 3266/4489/2676
f 3203/4067/2670 3265/4068/2664 3284/4074/2666
f 3267/4069/2673 3193/4078/2714 3129/4077/2678
f 3202/4075/2677 3115/4103/2680 3284/4074/2666
f 3266/4489/2676 3194/4073/2713 3130/4070/2672
f 3204/4057/2662 3264/4058/2663 3285/4066/2671
f 3130/4070/2672 3193/4078/2714 3267/4069/2673
f 3203/4067/2670 3116/4106/2675 3285/4066/2671
f 3264/4064/2663 3286/4065/2661 3133/3976/2660
f 3205/4062/2667 3263/4063/2659 3286/4056/2661
f 3265/4059/2664 3195/4061/2687 3131/4060/2665
f 3204/4057/2662 3117/4109/2668 3286/4056/2661
f 3256/4412/2816 3255/4408/2812 3188/4423/2704
f 3257/4411/2814 3256/4412/2816 3187/4422/2703
f 3259/4420/2796 3258/4414/2817 3185/4421/2702
f 3260/4417/2818 3259/4420/2796 3184/4419/2708
f 3262/4410/2813 3261/4413/2815 3182/4418/2706
f 3258/4414/2817 3261/4413/2815 3257/4411/2814
f 3261/4413/2815 3260/4417/2818 3183/4416/2707
f 3258/4414/2817 3257/4411/2814 3186/4415/2701
f 3257/4411/2814 3261/4413/2815 3256/4412/2816
f 3255/4408/2812 3262/4410/2813 3189/4409/2705
f 3263/4055/2659 3197/3958/2810 3133/3976/2660
f 3538/4490/2638 3340/4491/2606 3163/4483/2654
f 3352/4492/2627 3547/4494/2829 3244/4493/2651
f 3358/4505/2635 3181/4462/2656 3254/4506/2658
f 3557/4507/2632 3254/4506/2658 3160/4476/2657
f 3346/4508/2620 3541/4509/2621 3237/4482/2655
f 3553/4510/2830 3250/4468/2644 3181/4462/2656
f 3343/4511/2604 3166/4460/2648 3237/4482/2655
f 3535/4512/2819 3231/4487/2547 3163/4483/2654
f 3544/4513/2634 3346/4508/2620 3169/4469/2652
f 3544/4513/2634 3241/4475/2653 3172/4472/2650
f 3547/4494/2829 3349/4514/2633 3172/4472/2650
f 3550/4515/2623 3352/4492/2627 3175/4478/2649
f 3343/4511/2604 3538/4517/2638 3234/4516/2647
f 3355/4518/2622 3550/4515/2623 3247/4519/2645
f 3355/4518/2622 3178/4465/2646 3250/4468/2644
f 3318/3952/2464 3556/3956/2468 3298/3953/2465
f 3298/3953/2465 3556/3956/2468 3311/3955/2467
f 3374/3958/2470 3298/3953/2465 3577/3957/2469
f 3313/3959/2471 3542/4427/2831 3301/3960/2472
f 3575/3961/2473 3301/3960/2472 3369/3962/2474
f 3362/3964/2476 3562/4184/2641 3290/3965/2477
f 3319/3968/2479 3311/3969/2467 3556/3967/2468
f 3536/3971/2640 3383/3972/2482 3320/3970/2480
f 3539/3974/2484 3384/3975/2485 3321/3973/2483
f 3578/4183/2466 3298/3953/2465 3374/3958/2470
f 3347/3977/2487 3530/4147/2617 3395/3978/2488
f 3347/3977/2487 3331/3979/2489 3394/3980/2490
f 3321/3973/2483 3385/4188/2542 3542/3981/2831
f 3322/3983/2492 3314/3984/2493 3542/3981/2831
f 3322/3983/2492 3386/4187/2522 3545/3985/2494
f 3323/3986/2495 3315/3987/2496 3545/3985/2494
f 3323/3986/2495 3387/4186/2517 3548/3988/2832
f 3324/3989/2498 3316/3990/2499 3548/3988/2832
f 3539/3974/2484 3312/4189/2515 3320/3970/2480
f 3324/3989/2498 3388/4185/2521 3551/3991/2500
f 3554/3992/2642 3317/4000/2507 3325/3993/2502
f 3326/3995/2504 3318/3996/2464 3554/3992/2642
f 3326/3995/2504 3390/4190/2506 3556/3967/2468
f 3334/3997/2505 3397/4031/2533 3390/3998/2506
f 3325/3993/2502 3317/4000/2507 3551/3991/2500
f 3297/4001/2508 3554/4002/2642 3318/3952/2464
f 3576/4003/2509 3300/4006/2512 3368/4004/2510
f 3300/4006/2512 3539/4007/2484 3313/3959/2471
f 3577/3957/2469 3299/4011/2516 3367/4008/2513
f 3299/4011/2516 3536/4012/2640 3312/4010/2515
f 3331/3979/2489 3395/3978/2488 3387/4013/2517
f 3361/4015/2518 3377/4016/2519 3290/3965/2477
f 3332/4017/2520 3396/4022/2524 3388/4018/2521
f 3331/3979/2489 3323/4014/2495 3386/4020/2522
f 3350/4021/2523 3531/4135/2609 3396/4022/2524
f 3350/4021/2523 3332/4017/2520 3395/3978/2488
f 3353/4023/2525 3532/4156/2625 3398/4024/2526
f 3335/4026/2528 3399/4140/2612 3391/4027/2529
f 3373/4029/2531 3297/4001/2508 3578/4183/2466
f 3356/4030/2532 3334/3997/2505 3398/4024/2526
f 3335/4026/2528 3327/4028/2530 3397/4031/2533
f 3312/4010/2515 3539/4007/2484 3300/4006/2512
f 3311/3955/2467 3536/4012/2640 3299/4011/2516
f 3338/4032/2534 3400/4138/2611 3392/4033/2535
f 3338/4032/2534 3328/4034/2536 3391/4027/2529
f 3368/4004/2510 3300/4006/2512 3575/3961/2473
f 3367/4008/2513 3299/4011/2516 3576/4003/2509
f 3341/4035/2537 3528/4127/2602 3393/4036/2538
f 3341/4035/2537 3329/4037/2539 3392/4033/2535
f 3344/4038/2540 3529/4145/2615 3394/3980/2490
f 3344/4038/2540 3330/4039/2541 3393/4036/2538
f 3333/4025/2527 3398/4024/2526 3389/4040/2503
f 3332/4017/2520 3324/4019/2498 3387/4013/2517
f 3356/4030/2532 3533/4176/2637 3397/4031/2533
f 3333/4025/2527 3325/4041/2502 3388/4018/2521
f 3334/3997/2505 3326/3999/2504 3389/4040/2503
f 3327/4028/2530 3391/4027/2529 3383/4042/2482
f 3328/4034/2536 3392/4033/2535 3384/4044/2485
f 3327/4028/2530 3319/4043/2479 3390/3998/2506
f 3329/4037/2539 3393/4036/2538 3385/4046/2542
f 3328/4034/2536 3320/4045/2480 3383/4042/2482
f 3330/4039/2541 3394/3980/2490 3386/4020/2522
f 3329/4037/2539 3321/4047/2483 3384/4044/2485
f 3330/4039/2541 3322/4048/2492 3385/4046/2542
f 3289/4050/2544 3563/4051/2545 3360/4049/2543
f 3319/3968/2479 3383/3972/2482 3536/3971/2640
f 3574/4182/2639 3302/4120/2833 3370/4078/2567
f 3314/4181/2493 3545/4425/2494 3302/4120/2833
f 3369/3962/2474 3301/3960/2472 3574/4182/2639
f 3301/3960/2472 3542/4427/2831 3314/4181/2493
f 3354/4148/2834 3552/4157/2626 3532/4156/2625
f 3336/4139/2608 3335/4026/2528 3533/4176/2637
f 3343/4511/2604 3342/4521/2605 3537/4520/2613
f 3345/4126/2601 3543/4146/2616 3529/4145/2615
f 3351/4169/2628 3350/4021/2523 3530/4147/2617
f 3357/4155/2624 3555/4180/2631 3533/4176/2637
f 3358/4505/2635 3557/4507/2632 3555/4522/2631
f 3355/4518/2622 3553/4510/2830 3552/4523/2626
f 3358/4505/2635 3357/4524/2624 3552/4523/2626
f 3346/4508/2620 3544/4513/2634 3543/4525/2616
f 3351/4169/2628 3549/4149/2619 3531/4135/2609
f 3349/4514/2633 3547/4494/2829 3546/4526/2629
f 3349/4514/2633 3348/4527/2614 3543/4525/2616
f 3337/4528/2546 3336/4529/2608 3555/4522/2631
f 3352/4492/2627 3351/4530/2628 3546/4526/2629
f 3352/4492/2627 3550/4515/2623 3549/4531/2619
f 3342/4136/2605 3341/4035/2537 3400/4138/2611
f 3357/4155/2624 3356/4030/2532 3532/4156/2625
f 3355/4518/2622 3354/4532/2834 3549/4531/2619
f 3346/4508/2620 3345/4534/2601 3540/4533/2603
f 3354/4148/2834 3353/4023/2525 3531/4135/2609
f 3348/4144/2614 3546/4177/2629 3530/4147/2617
f 3348/4144/2614 3347/3977/2487 3529/4145/2615
f 3339/4137/2835 3338/4032/2534 3399/4140/2612
f 3340/4491/2606 3538/4490/2638 3537/4535/2613
f 3336/4139/2608 3534/4143/2607 3399/4140/2612
f 3339/4137/2835 3537/4158/2613 3400/4138/2611
f 3342/4136/2605 3540/4128/2603 3528/4127/2602
f 3353/4023/2525 3333/4025/2527 3396/4022/2524
f 3337/4528/2546 3535/4512/2819 3534/4536/2607
f 3340/4491/2606 3339/4537/2835 3534/4536/2607
f 3343/4511/2604 3541/4509/2621 3540/4533/2603
f 3345/4126/2601 3344/4038/2540 3528/4127/2602
f 3296/4122/2598 3551/4426/2500 3317/4124/2507
f 3372/4061/2555 3296/4122/2598 3579/4125/2600
f 3579/4125/2600 3297/4001/2508 3373/4029/2531
f 3317/4124/2507 3554/4002/2642 3297/4001/2508
f 3295/4118/2595 3548/4424/2832 3316/4121/2499
f 3371/4073/2563 3295/4118/2595 3580/4123/2599
f 3580/4123/2599 3296/4122/2598 3372/4061/2555
f 3316/4121/2499 3551/4426/2500 3296/4122/2598
f 3302/4120/2833 3545/4425/2494 3315/4117/2496
f 3370/4078/2567 3302/4120/2833 3581/4119/2596
f 3581/4119/2596 3295/4118/2595 3371/4073/2563
f 3315/4117/2496 3548/4424/2832 3295/4118/2595
f 3562/4420/2641 3561/4414/2580 3564/4413/2594
f 3564/4413/2594 3563/4417/2545 3562/4420/2641
f 3559/4412/2586 3558/4408/2589 3564/4413/2594
f 3289/4050/2544 3377/4016/2519 3361/4015/2518
f 3288/4115/2593 3564/4116/2594 3359/4113/2591
f 3288/4115/2593 3376/4091/2573 3360/4049/2543
f 3287/4112/2590 3565/4114/2592 3366/4110/2588
f 3287/4112/2590 3375/4096/2577 3359/4113/2591
f 3294/4109/2587 3558/4111/2589 3365/4107/2585
f 3294/4109/2587 3382/4062/2556 3366/4110/2588
f 3293/4106/2584 3559/4108/2586 3364/4104/2582
f 3293/4106/2584 3381/4057/2551 3365/4107/2585
f 3292/4103/2581 3560/4105/2583 3363/4101/2579
f 3292/4103/2581 3380/4067/2558 3364/4104/2582
f 3291/4100/2578 3561/4102/2580 3362/3964/2476
f 3291/4100/2578 3379/4075/2565 3363/4101/2579
f 3567/4064/2552 3588/4085/2557 3309/4084/2570
f 3375/4096/2577 3287/4112/2590 3582/4099/2574
f 3558/4408/2589 3565/4410/2592 3564/4413/2594
f 3582/4099/2574 3287/4112/2590 3382/4062/2556
f 3573/4094/2575 3367/4008/2513 3304/4005/2511
f 3376/4091/2573 3288/4115/2593 3583/4095/2576
f 3571/4088/2572 3584/4083/2569 3305/3963/2475
f 3583/4095/2576 3288/4115/2593 3375/4096/2577
f 3573/4094/2575 3582/4093/2574 3303/4009/2514
f 3377/4016/2519 3289/4050/2544 3584/4090/2569
f 3566/4055/2549 3374/3958/2470 3303/4009/2514
f 3584/4090/2569 3289/4050/2544 3376/4091/2573
f 3571/4088/2572 3369/3962/2474 3306/4077/2566
f 3378/3966/2478 3290/3965/2477 3585/4086/2571
f 3572/4082/2568 3583/4098/2576 3304/4005/2511
f 3585/4086/2571 3290/3965/2477 3377/4016/2519
f 3568/4059/2553 3372/4061/2555 3309/4084/2570
f 3379/4075/2565 3291/4100/2578 3586/4080/2561
f 3572/4082/2568 3368/4004/2510 3305/3963/2475
f 3586/4080/2561 3291/4100/2578 3378/3966/2478
f 3569/4072/2562 3371/4073/2563 3308/4060/2554
f 3380/4067/2558 3292/4103/2581 3587/4074/2564
f 3570/4069/2559 3585/4089/2571 3306/4077/2566
f 3587/4074/2564 3292/4103/2581 3379/4075/2565
f 3569/4072/2562 3586/4071/2561 3307/4070/2560
f 3381/4057/2551 3293/4106/2584 3588/4066/2557
f 3570/4069/2559 3370/4078/2567 3307/4070/2560
f 3588/4066/2557 3293/4106/2584 3380/4067/2558
f 3567/4064/2552 3373/4029/2531 3310/3976/2486
f 3382/4062/2556 3294/4109/2587 3589/4056/2550
f 3568/4059/2553 3587/4079/2564 3308/4060/2554
f 3589/4056/2550 3294/4109/2587 3381/4057/2551
f 3559/4412/2586 3365/4423/2585 3558/4408/2589
f 3560/4411/2583 3364/4422/2582 3559/4412/2586
f 3562/4420/2641 3362/4421/2476 3561/4414/2580
f 3563/4417/2545 3361/4419/2518 3562/4420/2641
f 3565/4410/2592 3359/4418/2591 3564/4413/2594
f 3561/4414/2580 3560/4411/2583 3564/4413/2594
f 3564/4413/2594 3360/4416/2543 3563/4417/2545
f 3561/4414/2580 3363/4415/2579 3560/4411/2583
f 3560/4411/2583 3559/4412/2586 3564/4413/2594
f 3558/4408/2589 3366/4409/2588 3565/4410/2592
f 3566/4055/2549 3589/4065/2550 3310/3976/2486
f 3337/4528/2546 3160/4476/2657 3231/4487/2547
f 3141/3952/2799 3121/3953/2811 3253/3956/2802
f 3134/3955/2789 3121/3953/2811 3274/3957/2797
f 3274/3957/2797 3197/3958/2810 3126/4009/2694
f 3136/3959/2798 3124/3960/2754 3238/4427/2821
f 3272/3961/2786 3192/3962/2756 3124/3960/2754
f 3185/3964/2702 3113/3965/2692 3259/4184/2796
f 3253/3967/2802 3142/3968/2758 3213/4190/2771
f 3143/3970/2804 3232/3971/2820 3135/4189/2791
f 3144/3973/2808 3235/3974/2793 3136/3982/2798
f 3275/3954/2794 3197/3958/2810 3121/3953/2811
f 3170/3977/2809 3218/3978/2782 3226/4147/2741
f 3217/3980/2768 3170/3977/2809 3225/4145/2738
f 3144/3973/2808 3238/3981/2821 3208/4188/2761
f 3238/3981/2821 3145/3983/2806 3208/4188/2761
f 3145/3983/2806 3242/3985/2757 3209/4187/2767
f 3242/3985/2757 3146/3986/2805 3209/4187/2767
f 3146/3986/2805 3245/3988/2822 3210/4186/2780
f 3245/3988/2822 3147/3989/2803 3210/4186/2780
f 3235/3974/2793 3143/3970/2804 3135/4189/2791
f 3147/3989/2803 3248/3991/2718 3211/4185/2777
f 3251/3992/2823 3148/3993/2800 3140/4000/2720
f 3251/3992/2823 3149/3995/2801 3212/3994/2774
f 3149/3995/2801 3253/3967/2802 3213/4190/2771
f 3157/3997/2775 3213/3998/2771 3220/4031/2773
f 3248/3991/2718 3148/3993/2800 3211/4185/2777
f 3141/3952/2799 3120/4001/2721 3275/3954/2794
f 3273/4003/2784 3191/4004/2787 3123/4006/2792
f 3136/3959/2798 3123/4006/2792 3272/3961/2786
f 3274/3957/2797 3190/4008/2785 3122/4011/2790
f 3135/4010/2791 3122/4011/2790 3273/4003/2784
f 3154/3979/2795 3210/4013/2780 3218/3978/2782
f 3113/3965/2692 3184/4015/2708 3259/4184/2796
f 3155/4017/2781 3211/4018/2777 3219/4022/2730
f 3209/4020/2767 3154/3979/2795 3217/3980/2768
f 3173/4021/2751 3219/4022/2730 3227/4135/2732
f 3218/3978/2782 3173/4021/2751 3226/4147/2741
f 3176/4023/2731 3221/4024/2776 3228/4156/2745
f 3158/4026/2752 3214/4027/2770 3222/4140/2737
f 3275/3954/2794 3196/4029/2669 3133/3976/2660
f 3221/4024/2776 3179/4030/2779 3228/4156/2745
f 3220/4031/2773 3158/4026/2752 3229/4176/2750
f 3135/4010/2791 3123/4006/2792 3235/4007/2793
f 3134/3955/2789 3122/4011/2790 3232/4012/2820
f 3161/4032/2788 3215/4033/2766 3223/4138/2734
f 3214/4027/2770 3161/4032/2788 3222/4140/2737
f 3272/3961/2786 3191/4004/2787 3128/3963/2682
f 3273/4003/2784 3190/4008/2785 3127/4005/2690
f 3164/4035/2783 3216/4036/2763 3224/4127/2725
f 3215/4033/2766 3164/4035/2783 3223/4138/2734
f 3167/4038/2726 3217/3980/2768 3225/4145/2738
f 3216/4036/2763 3167/4038/2726 3224/4127/2725
f 3156/4025/2778 3212/4040/2774 3221/4024/2776
f 3210/4013/2780 3155/4017/2781 3218/3978/2782
f 3179/4030/2779 3220/4031/2773 3229/4176/2750
f 3211/4018/2777 3156/4025/2778 3219/4022/2730
f 3212/4040/2774 3157/3997/2775 3221/4024/2776
f 3150/4028/2772 3206/4042/2760 3214/4027/2770
f 3151/4034/2769 3207/4044/2764 3215/4033/2766
f 3213/3998/2771 3150/4028/2772 3220/4031/2773
f 3152/4037/2765 3208/4046/2761 3216/4036/2763
f 3206/4042/2760 3151/4034/2769 3214/4027/2770
f 3153/4039/2762 3209/4020/2767 3217/3980/2768
f 3207/4044/2764 3152/4037/2765 3215/4033/2766
f 3208/4046/2761 3153/4039/2762 3216/4036/2763
f 3183/4049/2707 3112/4050/2696 3199/4091/2693
f 3142/3968/2758 3232/3971/2820 3206/3972/2760
f 3271/4182/2755 3193/4078/2714 3125/4120/2826
f 3137/4181/2753 3125/4120/2826 3242/4425/2757
f 3271/4182/2755 3192/3962/2756 3129/4077/2678
f 3137/4181/2753 3124/3960/2754 3271/4182/2755
f 3177/4148/2827 3228/4156/2745 3249/4157/2747
f 3159/4139/2736 3229/4176/2750 3158/4026/2752
f 3233/4459/2735 3166/4460/2648 3234/4516/2647
f 3168/4126/2724 3225/4145/2738 3239/4146/2740
f 3174/4169/2749 3226/4147/2741 3173/4021/2751
f 3180/4155/2746 3229/4176/2750 3252/4180/2748
f 3181/4462/2656 3252/4463/2748 3254/4506/2658
f 3178/4465/2646 3249/4466/2747 3250/4468/2644
f 3181/4462/2656 3249/4466/2747 3180/4464/2746
f 3169/4469/2652 3239/4470/2740 3241/4475/2653
f 3174/4169/2749 3227/4135/2732 3246/4149/2744
f 3172/4472/2650 3243/4473/2742 3244/4493/2651
f 3172/4472/2650 3239/4470/2740 3171/4474/2739
f 3252/4463/2748 3160/4476/2657 3254/4506/2658
f 3243/4473/2742 3175/4478/2649 3244/4493/2651
f 3175/4478/2649 3246/4480/2744 3247/4519/2645
f 3223/4138/2734 3165/4136/2733 3233/4158/2735
f 3228/4156/2745 3180/4155/2746 3249/4157/2747
f 3246/4480/2744 3178/4465/2646 3247/4519/2645
f 3169/4469/2652 3236/4481/2727 3168/4471/2724
f 3177/4148/2827 3227/4135/2732 3176/4023/2731
f 3171/4144/2739 3226/4147/2741 3243/4177/2742
f 3225/4145/2738 3171/4144/2739 3239/4146/2740
f 3222/4140/2737 3162/4137/2828 3230/4143/2728
f 3163/4483/2654 3233/4484/2735 3234/4538/2647
f 3159/4139/2736 3222/4140/2737 3230/4143/2728
f 3162/4137/2828 3223/4138/2734 3233/4158/2735
f 3165/4136/2733 3224/4127/2725 3236/4128/2727
f 3219/4022/2730 3176/4023/2731 3227/4135/2732
f 3160/4476/2657 3230/4486/2728 3231/4487/2547
f 3163/4483/2654 3230/4486/2728 3162/4485/2828
f 3166/4460/2648 3236/4481/2727 3237/4482/2655
f 3168/4126/2724 3224/4127/2725 3167/4038/2726
f 3140/4124/2720 3119/4122/2717 3276/4125/2723
f 3276/4125/2723 3195/4061/2687 3132/4084/2686
f 3276/4125/2723 3196/4029/2669 3120/4001/2721
f 3140/4124/2720 3120/4001/2721 3251/4002/2823
f 3139/4121/2716 3118/4118/2710 3277/4488/2719
f 3277/4488/2719 3194/4073/2713 3131/4060/2665
f 3277/4488/2719 3195/4061/2687 3119/4122/2717
f 3139/4121/2716 3119/4122/2717 3248/4426/2718
f 3138/4117/2709 3125/4120/2826 3278/4119/2712
f 3278/4119/2712 3193/4078/2714 3130/4070/2672
f 3278/4119/2712 3194/4073/2713 3118/4118/2710
f 3138/4117/2709 3118/4118/2710 3245/4424/2822
f 3112/4050/2696 3184/4015/2708 3200/4016/2688
f 3182/4113/2706 3111/4115/2699 3198/4096/2698
f 3111/4115/2699 3183/4049/2707 3199/4091/2693
f 3189/4110/2705 3110/4112/2700 3205/4062/2667
f 3110/4112/2700 3182/4113/2706 3198/4096/2698
f 3188/4107/2704 3117/4109/2668 3204/4057/2662
f 3117/4109/2668 3189/4110/2705 3205/4062/2667
f 3187/4104/2703 3116/4106/2675 3203/4067/2670
f 3116/4106/2675 3188/4107/2704 3204/4057/2662
f 3186/4101/2701 3115/4103/2680 3202/4075/2677
f 3115/4103/2680 3187/4104/2703 3203/4067/2670
f 3185/3964/2702 3114/4100/2685 3201/3966/2681
f 3114/4100/2685 3186/4101/2701 3202/4075/2677
f 3264/4064/2663 3132/4084/2686 3285/4085/2671
f 3198/4096/2698 3279/4099/2695 3110/4112/2700
f 3205/4062/2667 3279/4099/2695 3263/4063/2659
f 3127/4005/2690 3270/4094/2697 3280/4098/2691
f 3199/4091/2693 3280/4095/2691 3111/4115/2699
f 3268/4088/2689 3128/3963/2682 3281/4083/2684
f 3198/4096/2698 3280/4095/2691 3270/4097/2697
f 3270/4094/2697 3126/4009/2694 3279/4093/2695
f 3200/4016/2688 3281/4090/2684 3112/4050/2696
f 3126/4009/2694 3263/4055/2659 3279/4093/2695
f 3199/4091/2693 3281/4090/2684 3269/4092/2683
f 3129/4077/2678 3268/4088/2689 3282/4089/2679
f 3201/3966/2681 3282/4086/2679 3113/3965/2692
f 3269/4082/2683 3127/4005/2690 3280/4098/2691
f 3200/4016/2688 3282/4086/2679 3268/4087/2689
f 3265/4059/2664 3132/4084/2686 3195/4061/2687
f 3202/4075/2677 3283/4080/2674 3114/4100/2685
f 3128/3963/2682 3269/4082/2683 3281/4083/2684
f 3201/3966/2681 3283/4080/2674 3267/4081/2673
f 3131/4060/2665 3266/4489/2676 3284/4079/2666
f 3203/4067/2670 3284/4074/2666 3115/4103/2680
f 3267/4069/2673 3129/4077/2678 3282/4089/2679
f 3202/4075/2677 3284/4074/2666 3266/4076/2676
f 3266/4489/2676 3130/4070/2672 3283/4071/2674
f 3204/4057/2662 3285/4066/2671 3116/4106/2675
f 3130/4070/2672 3267/4069/2673 3283/4071/2674
f 3203/4067/2670 3285/4066/2671 3265/4068/2664
f 3264/4064/2663 3133/3976/2660 3196/4029/2669
f 3205/4062/2667 3286/4056/2661 3117/4109/2668
f 3265/4059/2664 3131/4060/2665 3284/4079/2666
f 3204/4057/2662 3286/4056/2661 3264/4058/2663
f 3263/4055/2659 3133/3976/2660 3286/4065/2661
f 3538/4490/2638 3163/4483/2654 3234/4538/2647
f 3352/4492/2627 3244/4493/2651 3175/4478/2649
f 3358/4505/2635 3254/4506/2658 3557/4507/2632
f 3557/4507/2632 3160/4476/2657 3337/4528/2546
f 3346/4508/2620 3237/4482/2655 3169/4469/2652
f 3553/4510/2830 3181/4462/2656 3358/4505/2635
f 3343/4511/2604 3237/4482/2655 3541/4509/2621
f 3535/4512/2819 3163/4483/2654 3340/4491/2606
f 3544/4513/2634 3169/4469/2652 3241/4475/2653
f 3544/4513/2634 3172/4472/2650 3349/4514/2633
f 3547/4494/2829 3172/4472/2650 3244/4493/2651
f 3550/4515/2623 3175/4478/2649 3247/4519/2645
f 3343/4511/2604 3234/4516/2647 3166/4460/2648
f 3355/4518/2622 3247/4519/2645 3178/4465/2646
f 3355/4518/2622 3250/4468/2644 3553/4510/2830
f 3318/3952/2464 3298/3953/2465 3578/4183/2466
f 3298/3953/2465 3311/3955/2467 3577/3957/2469
f 3374/3958/2470 3577/3957/2469 3303/4009/2514
f 3313/3959/2471 3301/3960/2472 3575/3961/2473
f 3575/3961/2473 3369/3962/2474 3305/3963/2475
f 3362/3964/2476 3290/3965/2477 3378/3966/2478
f 3319/3968/2479 3556/3967/2468 3390/4190/2506
f 3536/3971/2640 3320/3970/2480 3312/4189/2515
f 3539/3974/2484 3321/3973/2483 3313/3982/2471
f 3578/4183/2466 3374/3958/2470 3310/3976/2486
f 3347/3977/2487 3395/3978/2488 3331/3979/2489
f 3347/3977/2487 3394/3980/2490 3529/4145/2615
f 3321/3973/2483 3542/3981/2831 3313/3982/2471
f 3322/3983/2492 3542/3981/2831 3385/4188/2542
f 3322/3983/2492 3545/3985/2494 3314/3984/2493
f 3323/3986/2495 3545/3985/2494 3386/4187/2522
f 3323/3986/2495 3548/3988/2832 3315/3987/2496
f 3324/3989/2498 3548/3988/2832 3387/4186/2517
f 3539/3974/2484 3320/3970/2480 3384/3975/2485
f 3324/3989/2498 3551/3991/2500 3316/3990/2499
f 3554/3992/2642 3325/3993/2502 3389/3994/2503
f 3326/3995/2504 3554/3992/2642 3389/3994/2503
f 3326/3995/2504 3556/3967/2468 3318/3996/2464
f 3334/3997/2505 3390/3998/2506 3326/3999/2504
f 3325/3993/2502 3551/3991/2500 3388/4185/2521
f 3297/4001/2508 3318/3952/2464 3578/4183/2466
f 3576/4003/2509 3368/4004/2510 3304/4005/2511
f 3300/4006/2512 3313/3959/2471 3575/3961/2473
f 3577/3957/2469 3367/4008/2513 3303/4009/2514
f 3299/4011/2516 3312/4010/2515 3576/4003/2509
f 3331/3979/2489 3387/4013/2517 3323/4014/2495
f 3361/4015/2518 3290/3965/2477 3562/4184/2641
f 3332/4017/2520 3388/4018/2521 3324/4019/2498
f 3331/3979/2489 3386/4020/2522 3394/3980/2490
f 3350/4021/2523 3396/4022/2524 3332/4017/2520
f 3350/4021/2523 3395/3978/2488 3530/4147/2617
f 3353/4023/2525 3398/4024/2526 3333/4025/2527
f 3335/4026/2528 3391/4027/2529 3327/4028/2530
f 3373/4029/2531 3578/4183/2466 3310/3976/2486
f 3356/4030/2532 3398/4024/2526 3532/4156/2625
f 3335/4026/2528 3397/4031/2533 3533/4176/2637
f 3312/4010/2515 3300/4006/2512 3576/4003/2509
f 3311/3955/2467 3299/4011/2516 3577/3957/2469
f 3338/4032/2534 3392/4033/2535 3328/4034/2536
f 3338/4032/2534 3391/4027/2529 3399/4140/2612
f 3368/4004/2510 3575/3961/2473 3305/3963/2475
f 3367/4008/2513 3576/4003/2509 3304/4005/2511
f 3341/4035/2537 3393/4036/2538 3329/4037/2539
f 3341/4035/2537 3392/4033/2535 3400/4138/2611
f 3344/4038/2540 3394/3980/2490 3330/4039/2541
f 3344/4038/2540 3393/4036/2538 3528/4127/2602
f 3333/4025/2527 3389/4040/2503 3325/4041/2502
f 3332/4017/2520 3387/4013/2517 3395/3978/2488
f 3356/4030/2532 3397/4031/2533 3334/3997/2505
f 3333/4025/2527 3388/4018/2521 3396/4022/2524
f 3334/3997/2505 3389/4040/2503 3398/4024/2526
f 3327/4028/2530 3383/4042/2482 3319/4043/2479
f 3328/4034/2536 3384/4044/2485 3320/4045/2480
f 3327/4028/2530 3390/3998/2506 3397/4031/2533
f 3329/4037/2539 3385/4046/2542 3321/4047/2483
f 3328/4034/2536 3383/4042/2482 3391/4027/2529
f 3330/4039/2541 3386/4020/2522 3322/4048/2492
f 3329/4037/2539 3384/4044/2485 3392/4033/2535
f 3330/4039/2541 3385/4046/2542 3393/4036/2538
f 3289/4050/2544 3360/4049/2543 3376/4091/2573
f 3319/3968/2479 3536/3971/2640 3311/3969/2467
f 3574/4182/2639 3370/4078/2567 3306/4077/2566
f 3314/4181/2493 3302/4120/2833 3574/4182/2639
f 3369/3962/2474 3574/4182/2639 3306/4077/2566
f 3301/3960/2472 3314/4181/2493 3574/4182/2639
f 3354/4148/2834 3532/4156/2625 3353/4023/2525
f 3336/4139/2608 3533/4176/2637 3555/4180/2631
f 3343/4511/2604 3537/4520/2613 3538/4517/2638
f 3345/4126/2601 3529/4145/2615 3344/4038/2540
f 3351/4169/2628 3530/4147/2617 3546/4177/2629
f 3357/4155/2624 3533/4176/2637 3356/4030/2532
f 3358/4505/2635 3555/4522/2631 3357/4524/2624
f 3355/4518/2622 3552/4523/2626 3354/4532/2834
f 3358/4505/2635 3552/4523/2626 3553/4510/2830
f 3512/4182/2639 2725/4120/2597 3435/4078/2567
f 2899/4181/2493 3483/4425/2494 2725/4120/2597
f 3512/4182/2639 2729/4077/2566 3434/3962/2474
f 2899/4181/2493 3512/4182/2639 2724/3960/2472
f 3419/4148/2618 3490/4157/2626 3470/4156/2625
f 3401/4139/2608 3240/4026/2528 3471/4176/2637
f 3475/4459/2613 3476/4516/2638 3408/4460/2604
f 3410/4126/2601 3481/4146/2616 3467/4145/2615
f 3416/4169/2628 3415/4021/2523 3468/4147/2617
f 3422/4155/2624 3493/4180/2631 3471/4176/2637
f 3423/4462/2635 3495/4506/2632 3493/4463/2631
f 3420/4465/2622 3491/4468/2636 3490/4466/2626
f 3423/4462/2635 3422/4464/2624 3490/4466/2626
f 3411/4469/2620 3482/4475/2634 3481/4470/2616
f 3416/4169/2628 3487/4149/2619 3469/4135/2609
f 3414/4472/2633 3485/4493/2630 3484/4473/2629
f 3414/4472/2633 3413/4474/2614 3481/4470/2616
f 3493/4463/2631 3495/4506/2632 3402/4476/2546
f 3484/4473/2629 3485/4493/2630 3417/4478/2627
f 3417/4478/2627 3488/4519/2623 3487/4480/2619
f 3465/4138/2611 3475/4158/2613 3407/4136/2605
f 3470/4156/2625 3490/4157/2626 3422/4155/2624
f 3487/4480/2619 3488/4519/2623 3420/4465/2622
f 3411/4469/2620 3410/4471/2601 3478/4481/2603
f 3419/4148/2618 3418/4023/2525 3469/4135/2609
f 3413/4144/2614 3484/4177/2629 3468/4147/2617
f 3467/4145/2615 3481/4146/2616 3413/4144/2614
f 3464/4140/2612 3472/4143/2607 3404/4137/2610
f 3405/4483/2606 3476/4538/2638 3475/4484/2613
f 3401/4139/2608 3472/4143/2607 3464/4140/2612
f 3404/4137/2610 3475/4158/2613 3465/4138/2611
f 3407/4136/2605 3478/4128/2603 3466/4127/2602
f 3461/4022/2524 3469/4135/2609 3418/4023/2525
f 3402/4476/2546 3473/4487/2819 3472/4486/2607
f 3405/4483/2606 3404/4485/2610 3472/4486/2607
f 3408/4460/2604 3479/4482/2621 3478/4481/2603
f 3410/4126/2601 3409/4038/2540 3466/4127/2602
f 2902/4124/2507 3517/4125/2600 2719/4122/2598
f 3517/4125/2600 2732/4084/2570 3437/4061/2555
f 3517/4125/2600 2720/4001/2508 3438/4029/2531
f 2902/4124/2507 3492/4002/2501 2720/4001/2508
f 2901/4121/2499 3518/4488/2599 2718/4118/2595
f 3518/4488/2599 2731/4060/2554 3436/4073/2563
f 3518/4488/2599 2719/4122/2598 3437/4061/2555
f 2901/4121/2499 3489/4426/2500 2719/4122/2598
f 2900/4117/2496 3519/4119/2596 2725/4120/2597
f 3519/4119/2596 2730/4070/2560 3435/4078/2567
f 3519/4119/2596 2718/4118/2595 3436/4073/2563
f 2900/4117/2496 3486/4424/2497 2718/4118/2595
f 2712/4050/2544 3442/4016/2519 3426/4015/2518
f 3424/4113/2591 3440/4096/2577 2711/4115/2593
f 2711/4115/2593 3441/4091/2573 3425/4049/2543
f 3431/4110/2588 3447/4062/2556 2710/4112/2590
f 2710/4112/2590 3440/4096/2577 3424/4113/2591
f 3430/4107/2585 3446/4057/2551 2717/4109/2587
f 2717/4109/2587 3447/4062/2556 3431/4110/2588
f 3429/4104/2582 3445/4067/2558 2716/4106/2584
f 2716/4106/2584 3446/4057/2551 3430/4107/2585
f 3428/4101/2579 3444/4075/2565 2715/4103/2581
f 2715/4103/2581 3445/4067/2558 3429/4104/2582
f 3427/3964/2476 3443/3966/2478 2714/4100/2578
f 2714/4100/2578 3444/4075/2565 3428/4101/2579
f 3505/4064/2552 3526/4085/2557 2732/4084/2570
f 3440/4096/2577 2710/4112/2590 3520/4099/2574
f 3447/4062/2556 3504/4063/2549 3520/4099/2574
f 2727/4005/2511 3521/4098/2576 3511/4094/2575
f 3441/4091/2573 2711/4115/2593 3521/4095/2576
f 3509/4088/2572 3522/4083/2569 2728/3963/2475
f 3440/4096/2577 3511/4097/2575 3521/4095/2576
f 3511/4094/2575 3520/4093/2574 2726/4009/2514
f 3442/4016/2519 2712/4050/2544 3522/4090/2569
f 2726/4009/2514 3520/4093/2574 3504/4055/2549
f 3441/4091/2573 3510/4092/2568 3522/4090/2569
f 2729/4077/2566 3523/4089/2571 3509/4088/2572
f 3443/3966/2478 2713/3965/2477 3523/4086/2571
f 3510/4082/2568 3521/4098/2576 2727/4005/2511
f 3442/4016/2519 3509/4087/2572 3523/4086/2571
f 3506/4059/2553 3437/4061/2555 2732/4084/2570
f 3444/4075/2565 2714/4100/2578 3524/4080/2561
f 2728/3963/2475 3522/4083/2569 3510/4082/2568
f 3443/3966/2478 3508/4081/2559 3524/4080/2561
f 2731/4060/2554 3525/4079/2564 3507/4489/2562
f 3445/4067/2558 2715/4103/2581 3525/4074/2564
f 3508/4069/2559 3523/4089/2571 2729/4077/2566
f 3444/4075/2565 3507/4076/2562 3525/4074/2564
f 3507/4489/2562 3524/4071/2561 2730/4070/2560
f 3446/4057/2551 2716/4106/2584 3526/4066/2557
f 2730/4070/2560 3524/4071/2561 3508/4069/2559
f 3445/4067/2558 3506/4068/2553 3526/4066/2557
f 3505/4064/2552 3438/4029/2531 2733/3976/2486
f 3447/4062/2556 2717/4109/2587 3527/4056/2550
f 3506/4059/2553 3525/4079/2564 2731/4060/2554
f 3446/4057/2551 3505/4058/2552 3527/4056/2550
f 3504/4055/2549 3527/4065/2550 2733/3976/2486
f 3714/4490/2647 3476/4538/2638 3405/4483/2606
f 3655/4492/2649 3417/4478/2627 3485/4493/2630
f 3346/4508/2620 3543/4525/2616 3345/4534/2601
f 3351/4169/2628 3531/4135/2609 3350/4021/2523
f 3349/4514/2633 3546/4526/2629 3348/4527/2614
f 3349/4514/2633 3543/4525/2616 3544/4513/2634
f 3337/4528/2546 3555/4522/2631 3557/4507/2632
f 3352/4492/2627 3546/4526/2629 3547/4494/2829
f 3352/4492/2627 3549/4531/2619 3351/4530/2628
f 3342/4136/2605 3400/4138/2611 3537/4158/2613
f 3357/4155/2624 3532/4156/2625 3552/4157/2626
f 3355/4518/2622 3549/4531/2619 3550/4515/2623
f 3346/4508/2620 3540/4533/2603 3541/4509/2621
f 3354/4148/2834 3531/4135/2609 3549/4149/2619
f 3348/4144/2614 3530/4147/2617 3347/3977/2487
f 3348/4144/2614 3529/4145/2615 3543/4146/2616
f 3339/4137/2835 3399/4140/2612 3534/4143/2607
f 3340/4491/2606 3537/4535/2613 3339/4537/2835
f 3336/4139/2608 3399/4140/2612 3335/4026/2528
f 3339/4137/2835 3400/4138/2611 3338/4032/2534
f 3342/4136/2605 3528/4127/2602 3341/4035/2537
f 3353/4023/2525 3396/4022/2524 3531/4135/2609
f 3337/4528/2546 3534/4536/2607 3336/4529/2608
f 3340/4491/2606 3534/4536/2607 3535/4512/2819
f 3343/4511/2604 3540/4533/2603 3342/4521/2605
f 3345/4126/2601 3528/4127/2602 3540/4128/2603
f 3296/4122/2598 3317/4124/2507 3579/4125/2600
f 3372/4061/2555 3579/4125/2600 3309/4084/2570
f 3579/4125/2600 3373/4029/2531 3309/4084/2570
f 3317/4124/2507 3297/4001/2508 3579/4125/2600
f 3295/4118/2595 3316/4121/2499 3580/4123/2599
f 3371/4073/2563 3580/4123/2599 3308/4060/2554
f 3580/4123/2599 3372/4061/2555 3308/4060/2554
f 3316/4121/2499 3296/4122/2598 3580/4123/2599
f 3302/4120/2833 3315/4117/2496 3581/4119/2596
f 3370/4078/2567 3581/4119/2596 3307/4070/2560
f 3581/4119/2596 3371/4073/2563 3307/4070/2560
f 3315/4117/2496 3295/4118/2595 3581/4119/2596
f 3289/4050/2544 3361/4015/2518 3563/4051/2545
f 3288/4115/2593 3359/4113/2591 3375/4096/2577
f 3288/4115/2593 3360/4049/2543 3564/4116/2594
f 3287/4112/2590 3366/4110/2588 3382/4062/2556
f 3287/4112/2590 3359/4113/2591 3565/4114/2592
f 3294/4109/2587 3365/4107/2585 3381/4057/2551
f 3294/4109/2587 3366/4110/2588 3558/4111/2589
f 3293/4106/2584 3364/4104/2582 3380/4067/2558
f 3293/4106/2584 3365/4107/2585 3559/4108/2586
f 3292/4103/2581 3363/4101/2579 3379/4075/2565
f 3292/4103/2581 3364/4104/2582 3560/4105/2583
f 3291/4100/2578 3362/3964/2476 3378/3966/2478
f 3291/4100/2578 3363/4101/2579 3561/4102/2580
f 3567/4064/2552 3309/4084/2570 3373/4029/2531
f 3375/4096/2577 3582/4099/2574 3573/4097/2575
f 3582/4099/2574 3382/4062/2556 3566/4063/2549
f 3573/4094/2575 3304/4005/2511 3583/4098/2576
f 3376/4091/2573 3583/4095/2576 3572/4092/2568
f 3571/4088/2572 3305/3963/2475 3369/3962/2474
f 3583/4095/2576 3375/4096/2577 3573/4097/2575
f 3573/4094/2575 3303/4009/2514 3367/4008/2513
f 3377/4016/2519 3584/4090/2569 3571/4087/2572
f 3566/4055/2549 3303/4009/2514 3582/4093/2574
f 3584/4090/2569 3376/4091/2573 3572/4092/2568
f 3571/4088/2572 3306/4077/2566 3585/4089/2571
f 3378/3966/2478 3585/4086/2571 3570/4081/2559
f 3572/4082/2568 3304/4005/2511 3368/4004/2510
f 3585/4086/2571 3377/4016/2519 3571/4087/2572
f 3568/4059/2553 3309/4084/2570 3588/4085/2557
f 3379/4075/2565 3586/4080/2561 3569/4076/2562
f 3572/4082/2568 3305/3963/2475 3584/4083/2569
f 3586/4080/2561 3378/3966/2478 3570/4081/2559
f 3569/4072/2562 3308/4060/2554 3587/4079/2564
f 3380/4067/2558 3587/4074/2564 3568/4068/2553
f 3570/4069/2559 3306/4077/2566 3370/4078/2567
f 3587/4074/2564 3379/4075/2565 3569/4076/2562
f 3569/4072/2562 3307/4070/2560 3371/4073/2563
f 3381/4057/2551 3588/4066/2557 3567/4058/2552
f 3570/4069/2559 3307/4070/2560 3586/4071/2561
f 3588/4066/2557 3380/4067/2558 3568/4068/2553
f 3567/4064/2552 3310/3976/2486 3589/4065/2550
f 3382/4062/2556 3589/4056/2550 3566/4063/2549
f 3568/4059/2553 3308/4060/2554 3372/4061/2555
f 3589/4056/2550 3381/4057/2551 3567/4058/2552
f 3566/4055/2549 3310/3976/2486 3374/3958/2470
f 3337/4528/2546 3231/4487/2547 3535/4512/2819
f 3661/4505/2656 3733/4507/2658 3495/4506/2632
f 3733/4507/2658 3640/4528/2657 3402/4476/2546
f 3649/4508/2652 3411/4469/2620 3479/4482/2621
f 3729/4510/2644 3661/4505/2656 3423/4462/2635
f 3646/4511/2648 3717/4509/2655 3479/4482/2621
f 3711/4512/2824 3643/4491/2654 3405/4483/2606
f 3720/4513/2653 3482/4475/2634 3411/4469/2620
f 3720/4513/2653 3652/4514/2650 3414/4472/2633
f 3723/4494/2651 3485/4493/2630 3414/4472/2633
f 3726/4515/2645 3488/4519/2623 3417/4478/2627
f 3646/4511/2648 3408/4460/2604 3476/4516/2638
f 3658/4518/2646 3420/4465/2622 3488/4519/2623
f 3658/4518/2646 3729/4510/2644 3491/4468/2636
f 3621/3952/2799 3754/4183/2794 3601/3953/2811
f 3601/3953/2811 3753/3957/2797 3614/3955/2789
f 3677/3958/2810 3606/4009/2694 3753/3957/2797
f 3616/3959/2798 3751/3961/2786 3604/3960/2754
f 3751/3961/2786 3608/3963/2682 3672/3962/2756
f 3665/3964/2702 3681/3966/2681 3593/3965/2692
f 3622/3968/2758 3693/4190/2771 3732/3967/2802
f 3712/3971/2820 3615/4189/2791 3623/3970/2804
f 3715/3974/2793 3616/3982/2798 3624/3973/2808
f 3754/4183/2794 3613/3976/2660 3677/3958/2810
f 3650/3977/2809 3634/3979/2795 3698/3978/2782
f 3650/3977/2809 3705/4145/2738 3697/3980/2768
f 3624/3973/2808 3616/3982/2798 3718/3981/2807
f 3625/3983/2806 3688/4188/2761 3718/3981/2807
f 3625/3983/2806 3617/3984/2753 3721/3985/2757
f 3626/3986/2805 3689/4187/2767 3721/3985/2757
f 3626/3986/2805 3618/3987/2709 3724/3988/2825
f 3627/3989/2803 3690/4186/2780 3724/3988/2825
f 3715/3974/2793 3687/3975/2764 3623/3970/2804
f 3627/3989/2803 3619/3990/2716 3727/3991/2718
f 3730/3992/2823 3692/3994/2774 3628/3993/2800
f 3629/3995/2801 3692/3994/2774 3730/3992/2823
f 3629/3995/2801 3621/3996/2799 3732/3967/2802
f 3637/3997/2775 3629/3999/2801 3693/3998/2771
f 3628/3993/2800 3691/4185/2777 3727/3991/2718
f 3600/4001/2721 3754/4183/2794 3621/3952/2799
f 3752/4003/2784 3607/4005/2690 3671/4004/2787
f 3603/4006/2792 3751/3961/2786 3616/3959/2798
f 3753/3957/2797 3606/4009/2694 3670/4008/2785
f 3602/4011/2790 3752/4003/2784 3615/4010/2791
f 3634/3979/2795 3626/4014/2805 3690/4013/2780
f 3664/4015/2708 3738/4184/2796 3593/3965/2692
f 3635/4017/2781 3627/4019/2803 3691/4018/2777
f 3634/3979/2795 3697/3980/2768 3689/4020/2767
f 3653/4021/2751 3635/4017/2781 3699/4022/2730
f 3653/4021/2751 3706/4147/2741 3698/3978/2782
f 3656/4023/2731 3636/4025/2778 3701/4024/2776
f 3638/4026/2752 3630/4028/2772 3694/4027/2770
f 3676/4029/2669 3613/3976/2660 3754/4183/2794
f 3659/4030/2779 3708/4156/2745 3701/4024/2776
f 3638/4026/2752 3709/4176/2750 3700/4031/2773
f 3615/4010/2791 3752/4003/2784 3603/4006/2792
f 3614/3955/2789 3753/3957/2797 3602/4011/2790
f 3641/4032/2788 3631/4034/2769 3695/4033/2766
f 3641/4032/2788 3702/4140/2737 3694/4027/2770
f 3671/4004/2787 3608/3963/2682 3751/3961/2786
f 3670/4008/2785 3607/4005/2690 3752/4003/2784
f 3644/4035/2783 3632/4037/2765 3696/4036/2763
f 3644/4035/2783 3703/4138/2734 3695/4033/2766
f 3647/4038/2726 3633/4039/2762 3697/3980/2768
f 3647/4038/2726 3704/4127/2725 3696/4036/2763
f 3636/4025/2778 3628/4041/2800 3692/4040/2774
f 3635/4017/2781 3698/3978/2782 3690/4013/2780
f 3659/4030/2779 3637/3997/2775 3700/4031/2773
f 3636/4025/2778 3699/4022/2730 3691/4018/2777
f 3637/3997/2775 3701/4024/2776 3692/4040/2774
f 3630/4028/2772 3622/4043/2758 3686/4042/2760
f 3631/4034/2769 3623/4045/2804 3687/4044/2764
f 3630/4028/2772 3700/4031/2773 3693/3998/2771
f 3632/4037/2765 3624/4047/2808 3688/4046/2761
f 3631/4034/2769 3694/4027/2770 3686/4042/2760
f 3633/4039/2762 3625/4048/2806 3689/4020/2767
f 3632/4037/2765 3695/4033/2766 3687/4044/2764
f 3633/4039/2762 3696/4036/2763 3688/4046/2761
f 3592/4050/2696 3679/4091/2693 3663/4049/2707
f 3622/3968/2758 3614/3969/2789 3712/3971/2820
f 3750/4182/2755 3609/4077/2678 3673/4078/2714
f 3617/4181/2753 3750/4182/2755 3605/4120/2715
f 3672/3962/2756 3609/4077/2678 3750/4182/2755
f 3604/3960/2754 3750/4182/2755 3617/4181/2753
f 3657/4148/2743 3656/4023/2731 3708/4156/2745
f 3639/4139/2736 3731/4180/2748 3709/4176/2750
f 3646/4511/2648 3714/4517/2647 3713/4520/2735
f 3648/4126/2724 3647/4038/2726 3705/4145/2738
f 3654/4169/2749 3722/4177/2742 3706/4147/2741
f 3660/4155/2746 3659/4030/2779 3709/4176/2750
f 3661/4505/2656 3660/4524/2746 3731/4522/2748
f 3658/4518/2646 3657/4532/2743 3728/4523/2747
f 3661/4505/2656 3729/4510/2644 3728/4523/2747
f 3649/4508/2652 3648/4534/2724 3719/4525/2740
f 3654/4169/2749 3653/4021/2751 3707/4135/2732
f 3652/4514/2650 3651/4527/2739 3722/4526/2742
f 3652/4514/2650 3720/4513/2653 3719/4525/2740
f 3640/4528/2657 3733/4507/2658 3731/4522/2748
f 3655/4492/2649 3723/4494/2651 3722/4526/2742
f 3655/4492/2649 3654/4530/2749 3725/4531/2744
f 3645/4136/2733 3713/4158/2735 3703/4138/2734
f 3660/4155/2746 3728/4157/2747 3708/4156/2745
f 3658/4518/2646 3726/4515/2645 3725/4531/2744
f 3649/4508/2652 3717/4509/2655 3716/4533/2727
f 3657/4148/2743 3725/4149/2744 3707/4135/2732
f 3651/4144/2739 3650/3977/2809 3706/4147/2741
f 3651/4144/2739 3719/4146/2740 3705/4145/2738
f 3642/4137/2729 3710/4143/2728 3702/4140/2737
f 3643/4491/2654 3642/4537/2729 3713/4535/2735
f 3639/4139/2736 3638/4026/2752 3702/4140/2737
f 3642/4137/2729 3641/4032/2788 3703/4138/2734
f 3645/4136/2733 3644/4035/2783 3704/4127/2725
f 3656/4023/2731 3707/4135/2732 3699/4022/2730
f 3640/4528/2657 3639/4529/2736 3710/4536/2728
f 3643/4491/2654 3711/4512/2824 3710/4536/2728
f 3646/4511/2648 3645/4521/2733 3716/4533/2727
f 3648/4126/2724 3716/4128/2727 3704/4127/2725
f 3599/4122/2717 3755/4125/2723 3620/4124/2720
f 3675/4061/2687 3612/4084/2686 3755/4125/2723
f 3755/4125/2723 3612/4084/2686 3676/4029/2669
f 3620/4124/2720 3755/4125/2723 3600/4001/2721
f 3598/4118/2710 3756/4123/2719 3619/4121/2716
f 3674/4073/2713 3611/4060/2665 3756/4123/2719
f 3756/4123/2719 3611/4060/2665 3675/4061/2687
f 3619/4121/2716 3756/4123/2719 3599/4122/2717
f 3605/4120/2715 3757/4119/2712 3618/4117/2709
f 3673/4078/2714 3610/4070/2672 3757/4119/2712
f 3757/4119/2712 3610/4070/2672 3674/4073/2713
f 3618/4117/2709 3757/4119/2712 3598/4118/2710
f 3592/4050/2696 3739/4051/2818 3664/4015/2708
f 3591/4115/2699 3678/4096/2698 3662/4113/2706
f 3591/4115/2699 3740/4116/2815 3663/4049/2707
f 3590/4112/2700 3685/4062/2667 3669/4110/2705
f 3590/4112/2700 3741/4114/2813 3662/4113/2706
f 3597/4109/2668 3684/4057/2662 3668/4107/2704
f 3597/4109/2668 3734/4111/2812 3669/4110/2705
f 3596/4106/2675 3683/4067/2670 3667/4104/2703
f 3596/4106/2675 3735/4108/2816 3668/4107/2704
f 3595/4103/2680 3682/4075/2677 3666/4101/2701
f 3595/4103/2680 3736/4105/2814 3667/4104/2703
f 3594/4100/2685 3681/3966/2681 3665/3964/2702
f 3594/4100/2685 3737/4102/2817 3666/4101/2701
f 3743/4064/2663 3676/4029/2669 3612/4084/2686
f 3678/4096/2698 3749/4097/2697 3758/4099/2695
f 3758/4099/2695 3742/4063/2659 3685/4062/2667
f 3749/4094/2697 3759/4098/2691 3607/4005/2690
f 3679/4091/2693 3748/4092/2683 3759/4095/2691
f 3747/4088/2689 3672/3962/2756 3608/3963/2682
f 3759/4095/2691 3749/4097/2697 3678/4096/2698
f 3749/4094/2697 3670/4008/2785 3606/4009/2694
f 3680/4016/2688 3747/4087/2689 3760/4090/2684
f 3742/4055/2659 3758/4093/2695 3606/4009/2694
f 3760/4090/2684 3748/4092/2683 3679/4091/2693
f 3747/4088/2689 3761/4089/2679 3609/4077/2678
f 3681/3966/2681 3746/4081/2673 3761/4086/2679
f 3748/4082/2683 3671/4004/2787 3607/4005/2690
f 3761/4086/2679 3747/4087/2689 3680/4016/2688
f 3744/4059/2664 3764/4085/2671 3612/4084/2686
f 3682/4075/2677 3745/4076/2676 3762/4080/2674
f 3748/4082/2683 3760/4083/2684 3608/3963/2682
f 3762/4080/2674 3746/4081/2673 3681/3966/2681
f 3745/4072/2676 3763/4079/2666 3611/4060/2665
f 3683/4067/2670 3744/4068/2664 3763/4074/2666
f 3746/4069/2673 3673/4078/2714 3609/4077/2678
f 3763/4074/2666 3745/4076/2676 3682/4075/2677
f 3745/4072/2676 3674/4073/2713 3610/4070/2672
f 3684/4057/2662 3743/4058/2663 3764/4066/2671
f 3746/4069/2673 3762/4071/2674 3610/4070/2672
f 3764/4066/2671 3744/4068/2664 3683/4067/2670
f 3743/4064/2663 3765/4065/2661 3613/3976/2660
f 3685/4062/2667 3742/4063/2659 3765/4056/2661
f 3744/4059/2664 3675/4061/2687 3611/4060/2665
f 3765/4056/2661 3743/4058/2663 3684/4057/2662
f 3742/4055/2659 3677/3958/2810 3613/3976/2660
f 3640/4528/2657 3711/4512/2824 3473/4487/2819
f 3766/4539/2836 3771/4540/2837 3770/4541/2838
f 3767/4542/2839 3772/4543/2840 3771/4540/2837
f 3768/4544/2841 3773/4545/2842 3772/4543/2840
f 3770/4541/2838 3775/4546/2843 3774/4547/2844
f 3771/4540/2837 3776/4548/2845 3775/4546/2843
f 3772/4543/2840 3777/4549/2846 3776/4548/2845
f 3774/4547/2844 3779/4550/2847 3778/4551/2848
f 3775/4546/2843 3780/4552/2849 3779/4550/2847
f 3776/4548/2845 3781/4553/44 3780/4552/2849
f 3779/4550/2847 3782/4554/2850 3778/4551/2848
f 3780/4552/2849 3783/4555/2851 3779/4550/2847
f 3781/4553/44 3784/4556/2852 3780/4552/2849
f 3783/4555/2851 3786/4557/2853 3782/4554/2850
f 3784/4556/2852 3787/4558/2854 3783/4555/2851
f 3785/4559/2855 3788/4560/2856 3784/4556/2852
f 3787/4558/2854 3832/4561/2857 3786/4557/2853
f 3788/4560/2856 3833/4562/2858 3787/4558/2854
f 3789/4563/2859 3834/4564/2860 3788/4560/2856
f 3791/4565/2861 3793/4566/2862 3790/4567/2863
f 3792/4568/2864 3794/4569/2865 3791/4565/2861
f 3792/4568/2864 3808/4570/2866 3795/4571/2867
f 3900/4572/2868 3796/4573/2869 3904/4574/2870
f 3808/4570/2866 3796/4575/2869 3795/4571/2867
f 3809/4576/2871 3797/4577/2872 3796/4575/2869
f 3904/4574/2870 3903/4578/2873 3900/4572/2868
f 3905/4579/2874 3906/4580/2875 3904/4574/2870
f 3810/4581/2876 3798/4582/2877 3797/4577/2872
f 3796/4573/2869 3797/4583/2872 3800/4584/2878
f 3797/4583/2872 3798/4585/2877 3800/4584/2878
f 3811/4586/2879 3801/4587/2880 3798/4582/2877
f 3799/4588/2881 3858/4589/2882 3859/4590/2883
f 3800/4591/2878 3857/4592/2884 3858/4589/2882
f 3812/4593/2885 3857/4592/2884 3801/4587/2880
f 3869/4594/2886 3811/4586/2879 3877/4595/2887
f 3782/4554/2850 3866/4596/2888 3879/4597/2889
f 3861/4598/2890 3774/4547/2844 3875/4599/2891
f 3876/4600/2892 3810/4581/2876 3809/4576/2871
f 3875/4599/2891 3778/4551/2848 3878/4601/2893
f 3877/4595/2887 3810/4581/2876 3874/4602/2894
f 3778/4551/2848 3879/4597/2889 3878/4601/2893
f 3873/4603/2895 3848/4604/2896 3852/4605/2897
f 3862/4606/2898 3844/4607/2899 3848/4604/2896
f 3870/4608/2900 3844/4609/2899 3865/4610/2901
f 3872/4611/2902 3840/4612/2903 3870/4608/2900
f 3816/4613/2904 3836/4614/2905 3872/4611/2902
f 3802/4615/2906 3817/4616/2907 3803/4617/2908
f 3792/4568/2864 3818/4618/2909 3817/4616/2907
f 3791/4565/2861 3819/4619/2910 3818/4618/2909
f 3803/4617/2908 3820/4620/2911 3804/4621/2912
f 3817/4616/2907 3821/4622/2913 3820/4620/2911
f 3818/4618/2909 3822/4623/2914 3821/4622/2913
f 3804/4621/2912 3823/4624/2915 3805/4625/2916
f 3820/4620/2911 3824/4626/2917 3823/4624/2915
f 3821/4622/2913 3825/4627/3 3824/4626/2917
f 3823/4624/2915 3806/4628/2918 3805/4625/2916
f 3824/4626/2917 3826/4629/2919 3823/4624/2915
f 3825/4627/3 3827/4630/2920 3824/4626/2917
f 3826/4629/2919 3807/4631/2921 3806/4628/2918
f 3827/4630/2920 3829/4632/2922 3826/4629/2919
f 3828/4633/2923 3830/4634/2924 3827/4630/2920
f 3829/4632/2922 3766/4539/2836 3807/4631/2921
f 3830/4634/2924 3767/4542/2839 3829/4632/2922
f 3831/4635/2925 3768/4544/2841 3830/4634/2924
f 3832/4561/2857 3837/4636/2926 3836/4614/2905
f 3833/4562/2858 3838/4637/2927 3837/4636/2926
f 3834/4564/2860 3839/4638/2928 3838/4637/2927
f 3836/4614/2905 3841/4639/2929 3840/4612/2903
f 3837/4636/2926 3842/4640/2930 3841/4639/2929
f 3838/4637/2927 3843/4641/2931 3842/4640/2930
f 3840/4612/2903 3845/4642/2932 3844/4609/2899
f 3841/4639/2929 3846/4643/2933 3845/4642/2932
f 3842/4640/2930 3847/4644/14 3846/4643/2933
f 3845/4645/2932 3848/4604/2896 3844/4607/2899
f 3846/4646/2933 3849/4647/2934 3845/4645/2932
f 3847/4648/14 3850/4649/2935 3846/4646/2933
f 3849/4647/2934 3852/4605/2897 3848/4604/2896
f 3850/4649/2935 3853/4650/2936 3849/4647/2934
f 3851/4651/2937 3854/4652/2938 3850/4649/2935
f 3853/4650/2936 3856/4653/2939 3852/4605/2897
f 3854/4652/2938 3857/4592/2884 3853/4650/2936
f 3855/4654/2940 3858/4589/2882 3854/4652/2938
f 3867/4655/2941 3809/4576/2871 3808/4570/2866
f 3807/4631/2921 3814/4656/2942 3864/4657/2943
f 3786/4557/2853 3816/4613/2904 3866/4596/2888
f 3812/4593/2885 3815/4658/2944 3856/4653/2939
f 3808/4570/2866 3813/4659/2945 3867/4655/2941
f 3815/4658/2944 3852/4605/2897 3856/4653/2939
f 3770/4541/2838 3814/4656/2942 3766/4539/2836
f 3806/4628/2918 3864/4657/2943 3860/4660/2946
f 3805/4625/2916 3860/4660/2946 3871/4661/2947
f 3805/4625/2916 3868/4662/2948 3804/4621/2912
f 3804/4621/2912 3863/4663/2949 3803/4617/2908
f 3803/4617/2908 3813/4659/2945 3802/4615/2906
f 3880/4664/2950 3884/4665/2951 3881/4666/2952
f 3881/4666/2952 3885/4667/2953 3882/4668/2954
f 3882/4668/2954 3773/4545/2842 3769/4669/259
f 3883/4670/2955 3887/4671/2956 3884/4665/2951
f 3884/4665/2951 3888/4672/2957 3885/4667/2953
f 3885/4667/2953 3777/4549/2846 3773/4545/2842
f 3886/4673/2958 3890/4674/2959 3887/4671/2956
f 3887/4671/2956 3891/4675/2960 3888/4672/2957
f 3888/4672/2957 3781/4553/44 3777/4549/2846
f 3892/4676/2961 3890/4674/2959 3889/4677/2962
f 3893/4678/2963 3891/4675/2960 3890/4674/2959
f 3894/4679/2964 3781/4553/44 3891/4675/2960
f 3895/4680/2965 3893/4678/2963 3892/4676/2961
f 3896/4681/2966 3894/4679/2964 3893/4678/2963
f 3897/4682/2967 3785/4559/2855 3894/4679/2964
f 3930/4683/2968 3896/4681/2966 3895/4680/2965
f 3931/4684/2969 3897/4682/2967 3896/4681/2966
f 3932/4685/2970 3789/4563/2859 3897/4682/2967
f 3790/4567/2863 3900/4686/2868 3898/4687/2971
f 3898/4687/2971 3901/4688/2972 3899/4689/2973
f 3899/4689/2973 3913/4690/2974 3907/4691/2975
f 3902/4692/2976 3901/4693/2972 3900/4572/2868
f 3798/4585/2877 3801/4694/2880 3800/4584/2878
f 3902/4695/2976 3913/4690/2974 3901/4688/2972
f 3903/4578/2873 3902/4692/2976 3900/4572/2868
f 3800/4584/2878 3799/4696/2881 3904/4574/2870
f 3903/4697/2873 3914/4698/2977 3902/4695/2976
f 3799/4696/2881 3905/4579/2874 3904/4574/2870
f 3793/4699/2862 3794/4700/2865 3796/4573/2869
f 3904/4701/2870 3915/4702/2978 3903/4697/2873
f 3794/4700/2865 3795/4703/2867 3796/4573/2869
f 3900/4572/2868 3793/4699/2862 3796/4573/2869
f 3906/4704/2875 3916/4705/2979 3904/4701/2870
f 3799/4588/2881 3950/4706/2980 3905/4707/2874
f 3905/4707/2874 3949/4708/2981 3906/4704/2875
f 3949/4708/2981 3917/4709/2982 3906/4704/2875
f 3916/4705/2979 3968/4710/2983 3961/4711/2984
f 3966/4712/2985 3892/4676/2961 3963/4713/2986
f 3952/4714/2987 3886/4673/2958 3883/4670/2955
f 3972/4715/2988 3915/4702/2978 3960/4716/2989
f 3971/4717/2990 3889/4677/2962 3886/4673/2958
f 3915/4702/2978 3961/4711/2984 3960/4716/2989
f 3963/4713/2986 3889/4677/2962 3962/4718/2991
f 3959/4719/2992 3942/4720/2993 3953/4721/2994
f 3953/4721/2994 3939/4722/2995 3956/4723/2996
f 3939/4724/2995 3969/4725/2997 3956/4726/2996
f 3936/4727/2998 3970/4728/2999 3969/4725/2997
f 3965/4729/3000 3933/4730/3001 3930/4683/2968
f 3907/4691/2975 3920/4731/3002 3899/4689/2973
f 3899/4689/2973 3921/4732/3003 3898/4687/2971
f 3898/4687/2971 3819/4619/2910 3790/4567/2863
f 3908/4733/3004 3922/4734/3005 3920/4731/3002
f 3920/4731/3002 3923/4735/3006 3921/4732/3003
f 3921/4732/3003 3822/4623/2914 3819/4619/2910
f 3909/4736/3007 3924/4737/3008 3922/4734/3005
f 3922/4734/3005 3925/4738/3009 3923/4735/3006
f 3923/4735/3006 3825/4627/3 3822/4623/2914
f 3911/4739/3010 3924/4737/3008 3910/4740/3011
f 3926/4741/3012 3925/4738/3009 3924/4737/3008
f 3927/4742/3013 3825/4627/3 3925/4738/3009
f 3912/4743/3014 3926/4741/3012 3911/4739/3010
f 3928/4744/3015 3927/4742/3013 3926/4741/3012
f 3929/4745/3016 3828/4633/2923 3927/4742/3013
f 3880/4664/2950 3928/4744/3015 3912/4743/3014
f 3881/4666/2952 3929/4745/3016 3928/4744/3015
f 3882/4668/2954 3831/4635/2925 3929/4745/3016
f 3930/4683/2968 3934/4746/3017 3931/4684/2969
f 3931/4684/2969 3935/4747/3018 3932/4685/2970
f 3932/4685/2970 3839/4638/2928 3835/4748/257
f 3933/4730/3001 3937/4749/3019 3934/4746/3017
f 3934/4746/3017 3938/4750/3020 3935/4747/3018
f 3935/4747/3018 3843/4641/2931 3839/4638/2928
f 3936/4727/2998 3940/4751/3021 3937/4749/3019
f 3937/4749/3019 3941/4752/3022 3938/4750/3020
f 3938/4750/3020 3847/4644/14 3843/4641/2931
f 3942/4720/2993 3940/4753/3021 3939/4722/2995
f 3943/4754/3023 3941/4755/3022 3940/4753/3021
f 3944/4756/3024 3847/4648/14 3941/4755/3022
f 3945/4757/3025 3943/4754/3023 3942/4720/2993
f 3946/4758/3026 3944/4756/3024 3943/4754/3023
f 3947/4759/3027 3851/4651/2937 3944/4756/3024
f 3948/4760/3028 3946/4758/3026 3945/4757/3025
f 3949/4708/2981 3947/4759/3027 3946/4758/3026
f 3950/4706/2980 3855/4654/2940 3947/4759/3027
f 3967/4761/3029 3914/4698/2977 3972/4715/2988
f 3912/4743/3014 3918/4762/3030 3880/4664/2950
f 3965/4729/3000 3895/4680/2965 3966/4712/2985
f 3917/4709/2982 3919/4763/3031 3968/4710/2983
f 3913/4690/2974 3964/4764/3032 3907/4691/2975
f 3945/4757/3025 3919/4763/3031 3948/4760/3028
f 3918/4762/3030 3883/4670/2955 3880/4664/2950
f 3911/4739/3010 3955/4765/3033 3912/4743/3014
f 3910/4740/3011 3951/4766/3034 3911/4739/3010
f 3957/4767/3035 3910/4740/3011 3909/4736/3007
f 3954/4768/3036 3909/4736/3007 3908/4733/3004
f 3964/4764/3032 3908/4733/3004 3907/4691/2975
f 3816/4769/2904 3877/4770/2887 3860/4771/2946
f 3877/4770/2887 3815/4772/2944 3869/4773/2886
f 3815/4772/2944 3877/4770/2887 3873/4774/2895
f 3873/4774/2895 3877/4770/2887 3862/4775/2898
f 3862/4775/2898 3870/4776/2900 3865/4777/2901
f 3870/4776/2900 3816/4769/2904 3872/4778/2902
f 3816/4769/2904 3879/4779/2889 3866/4780/2888
f 3879/4779/2889 3816/4769/2904 3878/4781/2893
f 3878/4781/2893 3816/4769/2904 3875/4782/2891
f 3875/4782/2891 3814/4783/2942 3861/4784/2890
f 3814/4783/2942 3860/4771/2946 3864/4785/2943
f 3860/4771/2946 3813/4786/2945 3871/4787/2947
f 3871/4787/2947 3813/4786/2945 3868/4788/2948
f 3868/4788/2948 3813/4786/2945 3863/4789/2949
f 3813/4786/2945 3876/4790/2892 3867/4791/2941
f 3876/4790/2892 3877/4770/2887 3874/4792/2894
f 3862/4775/2898 3816/4769/2904 3870/4776/2900
f 3875/4782/2891 3860/4771/2946 3814/4783/2942
f 3813/4786/2945 3860/4771/2946 3876/4790/2892
f 3876/4790/2892 3860/4771/2946 3877/4770/2887
f 3877/4770/2887 3816/4769/2904 3862/4775/2898
f 3816/4769/2904 3860/4771/2946 3875/4782/2891
f 3796/4573/2869 3800/4584/2878 3904/4574/2870
f 3976/4793/9 3992/4794/9 3977/4795/9
f 3994/4796/9 3979/4797/9 3976/4793/9
f 3993/4798/9 3994/4796/9 3977/4795/9
f 3973/4799/9 3993/4798/9 3977/4795/9
f 3992/4794/9 3974/4800/9 3977/4795/9
f 3979/4797/9 3987/4801/9 3976/4793/9
f 3993/4798/9 3991/4802/9 3994/4796/9
f 3973/4799/9 3984/4803/9 3993/4798/9
f 3985/4804/9 3980/4805/9 3973/4799/9
f 3988/4806/9 3985/4804/9 3973/4799/9
f 3977/4795/9 3988/4806/9 3973/4799/9
f 3974/4800/9 3981/4807/9 3977/4795/9
f 3992/4794/9 3978/4808/9 3974/4800/9
f 3995/4809/9 3992/4794/9 3976/4793/9
f 3996/4810/9 3995/4809/9 3976/4793/9
f 3976/4793/9 3983/4811/9 3996/4810/9
f 3987/4801/9 3989/4812/9 3976/4793/9
f 3979/4797/9 3982/4813/9 3987/4801/9
f 3990/4814/9 3979/4797/9 3994/4796/9
f 3975/4815/9 3990/4814/9 3994/4796/9
f 3994/4796/9 3986/4816/9 3975/4815/9
f 3976/4793/9 3977/4795/9 3994/4796/9
f 3766/4539/2836 3767/4542/2839 3771/4540/2837
f 3767/4542/2839 3768/4544/2841 3772/4543/2840
f 3768/4544/2841 3769/4669/259 3773/4545/2842
f 3770/4541/2838 3771/4540/2837 3775/4546/2843
f 3771/4540/2837 3772/4543/2840 3776/4548/2845
f 3772/4543/2840 3773/4545/2842 3777/4549/2846
f 3774/4547/2844 3775/4546/2843 3779/4550/2847
f 3775/4546/2843 3776/4548/2845 3780/4552/2849
f 3776/4548/2845 3777/4549/2846 3781/4553/44
f 3779/4550/2847 3783/4555/2851 3782/4554/2850
f 3780/4552/2849 3784/4556/2852 3783/4555/2851
f 3781/4553/44 3785/4559/2855 3784/4556/2852
f 3783/4555/2851 3787/4558/2854 3786/4557/2853
f 3784/4556/2852 3788/4560/2856 3787/4558/2854
f 3785/4559/2855 3789/4563/2859 3788/4560/2856
f 3787/4558/2854 3833/4562/2858 3832/4561/2857
f 3788/4560/2856 3834/4564/2860 3833/4562/2858
f 3789/4563/2859 3835/4748/257 3834/4564/2860
f 3791/4565/2861 3794/4569/2865 3793/4566/2862
f 3792/4568/2864 3795/4571/2867 3794/4569/2865
f 3792/4568/2864 3802/4615/2906 3808/4570/2866
f 3808/4570/2866 3809/4576/2871 3796/4575/2869
f 3809/4576/2871 3810/4581/2876 3797/4577/2872
f 3810/4581/2876 3811/4586/2879 3798/4582/2877
f 3811/4586/2879 3812/4593/2885 3801/4587/2880
f 3799/4588/2881 3800/4591/2878 3858/4589/2882
f 3800/4591/2878 3801/4587/2880 3857/4592/2884
f 3812/4593/2885 3856/4653/2939 3857/4592/2884
f 3869/4594/2886 3812/4593/2885 3811/4586/2879
f 3782/4554/2850 3786/4557/2853 3866/4596/2888
f 3861/4598/2890 3770/4541/2838 3774/4547/2844
f 3876/4600/2892 3874/4602/2894 3810/4581/2876
f 3875/4599/2891 3774/4547/2844 3778/4551/2848
f 3877/4595/2887 3811/4586/2879 3810/4581/2876
f 3778/4551/2848 3782/4554/2850 3879/4597/2889
f 3873/4603/2895 3862/4606/2898 3848/4604/2896
f 3862/4606/2898 3865/4817/2901 3844/4607/2899
f 3870/4608/2900 3840/4612/2903 3844/4609/2899
f 3872/4611/2902 3836/4614/2905 3840/4612/2903
f 3816/4613/2904 3832/4561/2857 3836/4614/2905
f 3802/4615/2906 3792/4568/2864 3817/4616/2907
f 3792/4568/2864 3791/4565/2861 3818/4618/2909
f 3791/4565/2861 3790/4567/2863 3819/4619/2910
f 3803/4617/2908 3817/4616/2907 3820/4620/2911
f 3817/4616/2907 3818/4618/2909 3821/4622/2913
f 3818/4618/2909 3819/4619/2910 3822/4623/2914
f 3804/4621/2912 3820/4620/2911 3823/4624/2915
f 3820/4620/2911 3821/4622/2913 3824/4626/2917
f 3821/4622/2913 3822/4623/2914 3825/4627/3
f 3823/4624/2915 3826/4629/2919 3806/4628/2918
f 3824/4626/2917 3827/4630/2920 3826/4629/2919
f 3825/4627/3 3828/4633/2923 3827/4630/2920
f 3826/4629/2919 3829/4632/2922 3807/4631/2921
f 3827/4630/2920 3830/4634/2924 3829/4632/2922
f 3828/4633/2923 3831/4635/2925 3830/4634/2924
f 3829/4632/2922 3767/4542/2839 3766/4539/2836
f 3830/4634/2924 3768/4544/2841 3767/4542/2839
f 3831/4635/2925 3769/4669/259 3768/4544/2841
f 3832/4561/2857 3833/4562/2858 3837/4636/2926
f 3833/4562/2858 3834/4564/2860 3838/4637/2927
f 3834/4564/2860 3835/4748/257 3839/4638/2928
f 3836/4614/2905 3837/4636/2926 3841/4639/2929
f 3837/4636/2926 3838/4637/2927 3842/4640/2930
f 3838/4637/2927 3839/4638/2928 3843/4641/2931
f 3840/4612/2903 3841/4639/2929 3845/4642/2932
f 3841/4639/2929 3842/4640/2930 3846/4643/2933
f 3842/4640/2930 3843/4641/2931 3847/4644/14
f 3845/4645/2932 3849/4647/2934 3848/4604/2896
f 3846/4646/2933 3850/4649/2935 3849/4647/2934
f 3847/4648/14 3851/4651/2937 3850/4649/2935
f 3849/4647/2934 3853/4650/2936 3852/4605/2897
f 3850/4649/2935 3854/4652/2938 3853/4650/2936
f 3851/4651/2937 3855/4654/2940 3854/4652/2938
f 3853/4650/2936 3857/4592/2884 3856/4653/2939
f 3854/4652/2938 3858/4589/2882 3857/4592/2884
f 3855/4654/2940 3859/4590/2883 3858/4589/2882
f 3867/4655/2941 3876/4600/2892 3809/4576/2871
f 3807/4631/2921 3766/4539/2836 3814/4656/2942
f 3786/4557/2853 3832/4561/2857 3816/4613/2904
f 3812/4593/2885 3869/4594/2886 3815/4658/2944
f 3808/4570/2866 3802/4615/2906 3813/4659/2945
f 3815/4658/2944 3873/4603/2895 3852/4605/2897
f 3770/4541/2838 3861/4598/2890 3814/4656/2942
f 3806/4628/2918 3807/4631/2921 3864/4657/2943
f 3805/4625/2916 3806/4628/2918 3860/4660/2946
f 3805/4625/2916 3871/4661/2947 3868/4662/2948
f 3804/4621/2912 3868/4662/2948 3863/4663/2949
f 3803/4617/2908 3863/4663/2949 3813/4659/2945
f 3880/4664/2950 3883/4670/2955 3884/4665/2951
f 3881/4666/2952 3884/4665/2951 3885/4667/2953
f 3882/4668/2954 3885/4667/2953 3773/4545/2842
f 3883/4670/2955 3886/4673/2958 3887/4671/2956
f 3884/4665/2951 3887/4671/2956 3888/4672/2957
f 3885/4667/2953 3888/4672/2957 3777/4549/2846
f 3886/4673/2958 3889/4677/2962 3890/4674/2959
f 3887/4671/2956 3890/4674/2959 3891/4675/2960
f 3888/4672/2957 3891/4675/2960 3781/4553/44
f 3892/4676/2961 3893/4678/2963 3890/4674/2959
f 3893/4678/2963 3894/4679/2964 3891/4675/2960
f 3894/4679/2964 3785/4559/2855 3781/4553/44
f 3895/4680/2965 3896/4681/2966 3893/4678/2963
f 3896/4681/2966 3897/4682/2967 3894/4679/2964
f 3897/4682/2967 3789/4563/2859 3785/4559/2855
f 3930/4683/2968 3931/4684/2969 3896/4681/2966
f 3931/4684/2969 3932/4685/2970 3897/4682/2967
f 3932/4685/2970 3835/4748/257 3789/4563/2859
f 3790/4567/2863 3793/4566/2862 3900/4686/2868
f 3898/4687/2971 3900/4686/2868 3901/4688/2972
f 3899/4689/2973 3901/4688/2972 3913/4690/2974
f 3902/4695/2976 3914/4698/2977 3913/4690/2974
f 3903/4697/2873 3915/4702/2978 3914/4698/2977
f 3904/4701/2870 3916/4705/2979 3915/4702/2978
f 3906/4704/2875 3917/4709/2982 3916/4705/2979
f 3799/4588/2881 3859/4590/2883 3950/4706/2980
f 3905/4707/2874 3950/4706/2980 3949/4708/2981
f 3949/4708/2981 3948/4760/3028 3917/4709/2982
f 3916/4705/2979 3917/4709/2982 3968/4710/2983
f 3966/4712/2985 3895/4680/2965 3892/4676/2961
f 3952/4714/2987 3971/4717/2990 3886/4673/2958
f 3972/4715/2988 3914/4698/2977 3915/4702/2978
f 3971/4717/2990 3962/4718/2991 3889/4677/2962
f 3915/4702/2978 3916/4705/2979 3961/4711/2984
f 3963/4713/2986 3892/4676/2961 3889/4677/2962
f 3959/4719/2992 3945/4757/3025 3942/4720/2993
f 3953/4721/2994 3942/4720/2993 3939/4722/2995
f 3939/4724/2995 3936/4727/2998 3969/4725/2997
f 3936/4727/2998 3933/4730/3001 3970/4728/2999
f 3965/4729/3000 3970/4728/2999 3933/4730/3001
f 3907/4691/2975 3908/4733/3004 3920/4731/3002
f 3899/4689/2973 3920/4731/3002 3921/4732/3003
f 3898/4687/2971 3921/4732/3003 3819/4619/2910
f 3908/4733/3004 3909/4736/3007 3922/4734/3005
f 3920/4731/3002 3922/4734/3005 3923/4735/3006
f 3921/4732/3003 3923/4735/3006 3822/4623/2914
f 3909/4736/3007 3910/4740/3011 3924/4737/3008
f 3922/4734/3005 3924/4737/3008 3925/4738/3009
f 3923/4735/3006 3925/4738/3009 3825/4627/3
f 3911/4739/3010 3926/4741/3012 3924/4737/3008
f 3926/4741/3012 3927/4742/3013 3925/4738/3009
f 3927/4742/3013 3828/4633/2923 3825/4627/3
f 3912/4743/3014 3928/4744/3015 3926/4741/3012
f 3928/4744/3015 3929/4745/3016 3927/4742/3013
f 3929/4745/3016 3831/4635/2925 3828/4633/2923
f 3880/4664/2950 3881/4666/2952 3928/4744/3015
f 3881/4666/2952 3882/4668/2954 3929/4745/3016
f 3882/4668/2954 3769/4669/259 3831/4635/2925
f 3930/4683/2968 3933/4730/3001 3934/4746/3017
f 3931/4684/2969 3934/4746/3017 3935/4747/3018
f 3932/4685/2970 3935/4747/3018 3839/4638/2928
f 3933/4730/3001 3936/4727/2998 3937/4749/3019
f 3934/4746/3017 3937/4749/3019 3938/4750/3020
f 3935/4747/3018 3938/4750/3020 3843/4641/2931
f 3936/4727/2998 3939/4724/2995 3940/4751/3021
f 3937/4749/3019 3940/4751/3021 3941/4752/3022
f 3938/4750/3020 3941/4752/3022 3847/4644/14
f 3942/4720/2993 3943/4754/3023 3940/4753/3021
f 3943/4754/3023 3944/4756/3024 3941/4755/3022
f 3944/4756/3024 3851/4651/2937 3847/4648/14
f 3945/4757/3025 3946/4758/3026 3943/4754/3023
f 3946/4758/3026 3947/4759/3027 3944/4756/3024
f 3947/4759/3027 3855/4654/2940 3851/4651/2937
f 3948/4760/3028 3949/4708/2981 3946/4758/3026
f 3949/4708/2981 3950/4706/2980 3947/4759/3027
f 3950/4706/2980 3859/4590/2883 3855/4654/2940
f 3967/4761/3029 3913/4690/2974 3914/4698/2977
f 3912/4743/3014 3955/4765/3033 3918/4762/3030
f 3965/4729/3000 3930/4683/2968 3895/4680/2965
f 3917/4709/2982 3948/4760/3028 3919/4763/3031
f 3913/4690/2974 3967/4761/3029 3964/4764/3032
f 3945/4757/3025 3959/4719/2992 3919/4763/3031
f 3918/4762/3030 3952/4714/2987 3883/4670/2955
f 3911/4739/3010 3951/4766/3034 3955/4765/3033
f 3910/4740/3011 3958/4818/3037 3951/4766/3034
f 3957/4767/3035 3958/4818/3037 3910/4740/3011
f 3954/4768/3036 3957/4767/3035 3909/4736/3007
f 3964/4764/3032 3954/4768/3036 3908/4733/3004
