# R-360 Neptune by MrZeuglodon, CC BY 4.0.
# Adaptation: one copy, centred; X/right Y/up Z/nose. Separate booster.
# https://sketchfab.com/3d-models/r-360-neptune-anti-ship-cruise-missile-a64c109936da417eb7ce4346a801a276
g booster_circle_003
v 0.23448452 0.26017094 -3.21691227
v 0.20300262 0.25117314 -3.21691227
v 0.21424471 0.23993099 -3.21691227
v 0.22390996 0.28620124 -3.21691227
v 0.21618201 0.27847338 -3.29389811
v 0.21618198 0.27847338 -3.21691227
v 0.23097038 0.27914095 -3.21691227
v 0.22324243 0.27141285 -3.21691227
v 0.20300259 0.25117314 -3.29389811
v 0.22324242 0.27141309 -3.29389811
v 0.24315642 0.30544782 -3.28262424
v 0.25112861 0.31342006 -3.25540543
v 0.22390993 0.28620124 -3.29389811
v 0.24315645 0.30544782 -3.22818661
v 0.23432609 0.29661751 -3.21984196
v 0.24905668 0.31134820 -3.24067450
v 0.24905668 0.31134820 -3.27013588
v 0.23432606 0.29661751 -3.29096842
v 0.23097035 0.27914095 -3.29389811
v 0.25021684 0.29838753 -3.28262424
v 0.25611714 0.30428767 -3.27013588
v 0.25021687 0.29838753 -3.22818661
v 0.25611717 0.30428767 -3.24067450
v 0.19594218 0.25823355 -3.21691227
v 0.24138649 0.28955698 -3.29096842
v 0.25818902 0.30635953 -3.25540543
v 0.24138652 0.28955698 -3.21984196
v 0.19594215 0.25823355 -3.29389811
v 0.26145899 0.28714538 -3.22818661
v 0.26145896 0.28714538 -3.28262424
v 0.25262862 0.27831483 -3.21984196
v 0.26943111 0.29511738 -3.25540543
v 0.26735929 0.29304552 -3.24067450
v 0.26735926 0.29304552 -3.27013588
v 0.24221246 0.26789880 -3.29389811
v 0.25262859 0.27831483 -3.29096842
v 0.23448452 0.26017094 -3.29389811
v 0.24221249 0.26789880 -3.21691227
v 0.21424468 0.23993099 -3.29389811
v 0.24154498 0.25311041 -3.29389811
v 0.24927291 0.26083827 -3.21691227
v 0.24154496 0.25311041 -3.21691227
v 0.27441964 0.28598523 -3.27013588
v 0.24927288 0.26083827 -3.29389811
v 0.26851937 0.28008485 -3.28262424
v 0.27441967 0.28598523 -3.24067450
v 0.27649152 0.28805709 -3.25540543
v 0.25968909 0.27125454 -3.21984196
v 0.26851940 0.28008485 -3.22818661
v 0.25968906 0.27125454 -3.29096842
v 0.22130512 0.23287058 -3.21691227
v 0.22130509 0.23287058 -3.29389811
v -0.23448709 0.26017094 -3.21691227
v -0.21424727 0.23993111 -3.21691227
v -0.20300518 0.25117314 -3.21691227
v -0.22391252 0.28620148 -3.21691227
v -0.21618454 0.27847338 -3.21691227
v -0.21618463 0.27847338 -3.29389811
v -0.23097295 0.27914095 -3.21691227
v -0.22324499 0.27141309 -3.21691227
v -0.20300521 0.25117314 -3.29389811
v -0.22324504 0.27141309 -3.29389811
v -0.24315904 0.30544782 -3.28262401
v -0.25113118 0.31342006 -3.25540519
v -0.22391255 0.28620148 -3.29389811
v -0.24315901 0.30544782 -3.22818637
v -0.23432866 0.29661751 -3.21984196
v -0.24905927 0.31134820 -3.24067450
v -0.24905927 0.31134820 -3.27013588
v -0.23432869 0.29661751 -3.29096818
v -0.23097298 0.27914095 -3.29389811
v -0.25021946 0.29838753 -3.28262401
v -0.25611976 0.30428767 -3.27013588
v -0.25611973 0.30428767 -3.24067450
v -0.25021943 0.29838753 -3.22818637
v -0.19594474 0.25823355 -3.21691227
v -0.24138911 0.28955722 -3.29096818
v -0.25819159 0.30635953 -3.25540519
v -0.24138908 0.28955722 -3.21984196
v -0.19594477 0.25823355 -3.29389811
v -0.26146156 0.28714538 -3.22818661
v -0.25263119 0.27831507 -3.21984196
v -0.26146159 0.28714538 -3.28262401
v -0.26943374 0.29511762 -3.25540519
v -0.26736185 0.29304552 -3.24067450
v -0.26736188 0.29304552 -3.27013588
v -0.24221508 0.26789880 -3.29389811
v -0.25263122 0.27831507 -3.29096818
v -0.23448715 0.26017094 -3.29389811
v -0.24221505 0.26789880 -3.21691227
v -0.21424730 0.23993111 -3.29389811
v -0.24154760 0.25311053 -3.29389811
v -0.24154752 0.25311041 -3.21691227
v -0.24927548 0.26083851 -3.21691227
v -0.27442226 0.28598523 -3.27013588
v -0.26852199 0.28008485 -3.28262401
v -0.24927551 0.26083851 -3.29389811
v -0.27442223 0.28598523 -3.24067450
v -0.27649415 0.28805709 -3.25540519
v -0.25969166 0.27125454 -3.21984196
v -0.26852196 0.28008485 -3.22818661
v -0.25969169 0.27125454 -3.29096818
v -0.22130768 0.23287070 -3.21691227
v -0.22130771 0.23287070 -3.29389811
v 0.23448448 -0.18631661 -3.21691251
v 0.21424466 -0.16607678 -3.21691251
v 0.20300257 -0.17731893 -3.21691251
v 0.22390991 -0.21234703 -3.21691251
v 0.21618193 -0.20461917 -3.21691251
v 0.21618196 -0.20461917 -3.29389834
v 0.23097034 -0.20528662 -3.21691251
v 0.22324239 -0.19755876 -3.21691251
v 0.20300254 -0.17731893 -3.29389834
v 0.22324237 -0.19755876 -3.29389834
v 0.24315637 -0.23159361 -3.28262424
v 0.25112855 -0.23956573 -3.25540519
v 0.22390988 -0.21234703 -3.29389834
v 0.24315640 -0.23159349 -3.22818661
v 0.23432605 -0.22276318 -3.21984220
v 0.24905664 -0.23749375 -3.24067473
v 0.24905662 -0.23749375 -3.27013612
v 0.23432602 -0.22276318 -3.29096818
v 0.23097031 -0.20528662 -3.29389834
v 0.25021681 -0.22453320 -3.28262424
v 0.25611711 -0.23043334 -3.27013612
v 0.25611711 -0.23043334 -3.24067473
v 0.25021681 -0.22453308 -3.22818661
v 0.19594213 -0.18437934 -3.21691251
v 0.24138644 -0.21570277 -3.29096818
v 0.25818896 -0.23250520 -3.25540519
v 0.24138647 -0.21570277 -3.21984220
v 0.19594210 -0.18437934 -3.29389834
v 0.26145893 -0.21329105 -3.22818661
v 0.25262856 -0.20446062 -3.21984220
v 0.26145893 -0.21329105 -3.28262401
v 0.26943108 -0.22126317 -3.25540519
v 0.26735923 -0.21919131 -3.24067473
v 0.26735923 -0.21919131 -3.27013612
v 0.24221241 -0.19404459 -3.29389834
v 0.25262856 -0.20446062 -3.29096818
v 0.23448448 -0.18631661 -3.29389834
v 0.24221244 -0.19404459 -3.21691251
v 0.21424463 -0.16607678 -3.29389811
v 0.24154493 -0.17925620 -3.29389834
v 0.24154492 -0.17925620 -3.21691251
v 0.24927287 -0.18698406 -3.21691251
v 0.27441961 -0.21213090 -3.27013612
v 0.26851934 -0.20623064 -3.28262401
v 0.24927284 -0.18698406 -3.29389834
v 0.27441961 -0.21213090 -3.24067473
v 0.27649149 -0.21420276 -3.25540519
v 0.25968903 -0.19740033 -3.21984220
v 0.26851934 -0.20623064 -3.22818661
v 0.25968903 -0.19740033 -3.29096818
v 0.22130507 -0.15901637 -3.21691251
v 0.22130504 -0.15901637 -3.29389811
v -0.23448713 -0.18631649 -3.21691227
v -0.20300522 -0.17731881 -3.21691227
v -0.21424732 -0.16607678 -3.21691227
v -0.22391257 -0.21234703 -3.21691227
v -0.21618468 -0.20461917 -3.29389811
v -0.21618459 -0.20461905 -3.21691227
v -0.23097299 -0.20528662 -3.21691227
v -0.22324504 -0.19755864 -3.21691227
v -0.20300525 -0.17731881 -3.29389811
v -0.22324508 -0.19755864 -3.29389811
v -0.24315909 -0.23159349 -3.28262424
v -0.25113124 -0.23956561 -3.25540495
v -0.22391260 -0.21234703 -3.29389811
v -0.24315906 -0.23159349 -3.22818661
v -0.23432870 -0.22276318 -3.21984196
v -0.24905932 -0.23749375 -3.24067450
v -0.24905933 -0.23749375 -3.27013588
v -0.23432873 -0.22276318 -3.29096794
v -0.23097302 -0.20528662 -3.29389811
v -0.25021949 -0.22453308 -3.28262424
v -0.25611979 -0.23043334 -3.27013588
v -0.25021949 -0.22453308 -3.22818661
v -0.25611979 -0.23043334 -3.24067450
v -0.19594479 -0.18437922 -3.21691227
v -0.24138916 -0.21570277 -3.29096794
v -0.25819165 -0.23250520 -3.25540495
v -0.24138913 -0.21570277 -3.21984196
v -0.19594482 -0.18437922 -3.29389811
v -0.26146162 -0.21329093 -3.22818661
v -0.26146162 -0.21329093 -3.28262377
v -0.25263125 -0.20446062 -3.21984196
v -0.26943377 -0.22126317 -3.25540495
v -0.26736191 -0.21919119 -3.24067450
v -0.26736191 -0.21919119 -3.27013588
v -0.24221513 -0.19404447 -3.29389811
v -0.25263125 -0.20446062 -3.29096794
v -0.23448719 -0.18631661 -3.29389811
v -0.24221510 -0.19404447 -3.21691227
v -0.21424735 -0.16607678 -3.29389811
v -0.24154764 -0.17925620 -3.29389811
v -0.24927552 -0.18698406 -3.21691227
v -0.24154757 -0.17925608 -3.21691227
v -0.27442229 -0.21213078 -3.27013588
v -0.24927555 -0.18698406 -3.29389811
v -0.26852202 -0.20623064 -3.28262377
v -0.27442229 -0.21213078 -3.24067450
v -0.27649418 -0.21420264 -3.25540495
v -0.25969172 -0.19740021 -3.21984196
v -0.26852202 -0.20623064 -3.22818661
v -0.25969172 -0.19740021 -3.29096794
v -0.22130772 -0.15901625 -3.21691227
v -0.22130775 -0.15901625 -3.29389811
vt 0.87058604 0.47549888
vt 0.88659012 0.48438835
vt 0.88659012 0.47549903
vt 0.96101975 0.90719628
vt 0.91797513 0.91330689
vt 0.96101975 0.91330689
vt 0.86447531 0.48438835
vt 0.87058604 0.48997104
vt 0.87058604 0.48438850
vt 0.77517974 0.48438835
vt 0.79118383 0.48997104
vt 0.79118383 0.48438835
vt 0.92427874 0.89197761
vt 0.96101975 0.90719628
vt 0.93949741 0.88567388
vt 0.96101975 0.90719628
vt 0.92427874 0.89197761
vt 0.91797513 0.90719628
vt 0.95471597 0.89197761
vt 0.96101975 0.90719628
vt 0.95938158 0.89895999
vt 0.93949741 0.88567388
vt 0.95471597 0.89197761
vt 0.94773364 0.88731217
vt 0.92427874 0.89197761
vt 0.93949741 0.88567388
vt 0.93126112 0.88731217
vt 0.91797513 0.90719628
vt 0.92427874 0.89197761
vt 0.91961324 0.89895999
vt 0.79118383 0.48438835
vt 0.79729438 0.48997104
vt 0.79729438 0.48438823
vt 0.81408948 0.48438835
vt 0.82248712 0.48997104
vt 0.82248712 0.48438823
vt 0.83928233 0.48997104
vt 0.84768003 0.48438835
vt 0.83928233 0.48438835
vt 0.87058604 0.48438850
vt 0.88659012 0.48997131
vt 0.88659012 0.48438835
vt 0.80569196 0.48438835
vt 0.81408948 0.48997104
vt 0.81408948 0.48438835
vt 0.83088470 0.48438835
vt 0.83928233 0.48997104
vt 0.83928233 0.48438835
vt 0.85607767 0.48997131
vt 0.86447531 0.48438835
vt 0.85607767 0.48438835
vt 0.79729438 0.48997104
vt 0.80569196 0.48438835
vt 0.79729438 0.48438823
vt 0.82248712 0.48997104
vt 0.83088470 0.48438835
vt 0.82248712 0.48438823
vt 0.84768003 0.48438835
vt 0.85607767 0.48997131
vt 0.85607767 0.48438835
vt 0.96101975 0.91330689
vt 0.91797513 0.92931098
vt 0.96101975 0.92931098
vt 0.87487555 0.86005044
vt 0.87487561 0.89048773
vt 0.88185793 0.85538501
vt 0.86857188 0.87526900
vt 0.87487555 0.86005044
vt 0.87021011 0.86703295
vt 0.87487561 0.89048773
vt 0.86857188 0.87526900
vt 0.87021017 0.88350546
vt 0.89009428 0.89679146
vt 0.87487561 0.89048773
vt 0.88185799 0.89515316
vt 0.89620477 0.85374683
vt 0.89009428 0.89679146
vt 0.89620477 0.89679146
vt 0.87487561 0.89048773
vt 0.89009428 0.89679146
vt 0.89009422 0.85374683
vt 0.89009422 0.85374683
vt 0.89009428 0.89679146
vt 0.89620477 0.85374683
vt 0.88185793 0.85538501
vt 0.87487561 0.89048773
vt 0.89009422 0.85374683
vt 0.79118383 0.48438835
vt 0.77517986 0.47549888
vt 0.77517974 0.48438835
vt 0.83015049 0.69449699
vt 0.78710598 0.68560761
vt 0.78710598 0.69449699
vt 0.71294224 0.89780194
vt 0.70683163 0.94084662
vt 0.71294236 0.94084662
vt 0.87058598 0.46991608
vt 0.86447531 0.47549903
vt 0.87058604 0.47549888
vt 0.79118389 0.46991608
vt 0.77517986 0.47549888
vt 0.79118389 0.47549903
vt 0.68694758 0.91108793
vt 0.70683163 0.89780182
vt 0.69161302 0.90410560
vt 0.68694758 0.92756045
vt 0.68694758 0.91108793
vt 0.68530929 0.91932428
vt 0.69859540 0.93920833
vt 0.68694758 0.92756045
vt 0.69161302 0.93454283
vt 0.70683163 0.94084662
vt 0.68694758 0.92756045
vt 0.69859540 0.93920833
vt 0.70683163 0.89780182
vt 0.68694758 0.92756045
vt 0.70683163 0.94084662
vt 0.69161302 0.90410560
vt 0.70683163 0.89780182
vt 0.69859540 0.89944029
vt 0.87021011 0.81769460
vt 0.87487555 0.84114951
vt 0.87487555 0.81071210
vt 0.86857188 0.82593095
vt 0.87487555 0.84114951
vt 0.87021011 0.81769460
vt 0.87487555 0.84114951
vt 0.86857188 0.82593095
vt 0.87021011 0.83416712
vt 0.89009422 0.84745312
vt 0.87487555 0.84114951
vt 0.88185793 0.84581482
vt 0.89620477 0.80440849
vt 0.89009422 0.84745312
vt 0.89620477 0.84745312
vt 0.87487555 0.84114951
vt 0.89009422 0.84745312
vt 0.89009422 0.80440849
vt 0.89009422 0.80440849
vt 0.89009422 0.84745312
vt 0.89620477 0.80440849
vt 0.88185793 0.80604661
vt 0.87487555 0.84114951
vt 0.89009422 0.80440849
vt 0.79729438 0.46991608
vt 0.79118389 0.47549903
vt 0.79729438 0.47549903
vt 0.81408954 0.46991608
vt 0.82248712 0.47549903
vt 0.82248712 0.46991593
vt 0.84768003 0.46991593
vt 0.83928233 0.47549888
vt 0.84768003 0.47549903
vt 0.88659006 0.46991593
vt 0.87058604 0.47549888
vt 0.88659012 0.47549903
vt 0.81408954 0.46991608
vt 0.80569196 0.47549903
vt 0.81408948 0.47549903
vt 0.83088481 0.46991608
vt 0.83928233 0.47549888
vt 0.83928233 0.46991608
vt 0.86447531 0.46991608
vt 0.85607767 0.47549903
vt 0.86447531 0.47549903
vt 0.80569196 0.46991634
vt 0.79729438 0.47549903
vt 0.80569196 0.47549903
vt 0.83088481 0.46991608
vt 0.82248712 0.47549903
vt 0.83088481 0.47549874
vt 0.85607767 0.46991608
vt 0.84768003 0.47549903
vt 0.85607767 0.47549903
vt 0.72894639 0.89780194
vt 0.71294236 0.94084662
vt 0.72894639 0.94084662
vt 0.87058604 0.47549888
vt 0.87058604 0.48438850
vt 0.88659012 0.48438835
vt 0.96101975 0.90719628
vt 0.91797513 0.90719628
vt 0.91797513 0.91330689
vt 0.86447531 0.48438835
vt 0.86447531 0.48997131
vt 0.87058604 0.48997104
vt 0.77517974 0.48438835
vt 0.77517986 0.48997089
vt 0.79118383 0.48997104
vt 0.93949741 0.88567388
vt 0.96101975 0.90719628
vt 0.95471597 0.89197761
vt 0.79118383 0.48438835
vt 0.79118383 0.48997104
vt 0.79729438 0.48997104
vt 0.81408948 0.48438835
vt 0.81408948 0.48997104
vt 0.82248712 0.48997104
vt 0.83928233 0.48997104
vt 0.84768003 0.48997104
vt 0.84768003 0.48438835
vt 0.87058604 0.48438850
vt 0.87058604 0.48997104
vt 0.88659012 0.48997131
vt 0.80569196 0.48438835
vt 0.80569196 0.48997104
vt 0.81408948 0.48997104
vt 0.83088470 0.48438835
vt 0.83088470 0.48997131
vt 0.83928233 0.48997104
vt 0.85607767 0.48997131
vt 0.86447531 0.48997131
vt 0.86447531 0.48438835
vt 0.79729438 0.48997104
vt 0.80569196 0.48997104
vt 0.80569196 0.48438835
vt 0.82248712 0.48997104
vt 0.83088470 0.48997131
vt 0.83088470 0.48438835
vt 0.84768003 0.48438835
vt 0.84768003 0.48997104
vt 0.85607767 0.48997131
vt 0.96101975 0.91330689
vt 0.91797513 0.91330689
vt 0.91797513 0.92931098
vt 0.87487561 0.89048773
vt 0.87487555 0.86005044
vt 0.86857188 0.87526900
vt 0.79118383 0.48438835
vt 0.79118389 0.47549903
vt 0.77517986 0.47549888
vt 0.83015049 0.69449699
vt 0.83015049 0.68560761
vt 0.78710598 0.68560761
vt 0.71294224 0.89780194
vt 0.70683163 0.89780182
vt 0.70683163 0.94084662
vt 0.87058598 0.46991608
vt 0.86447531 0.46991608
vt 0.86447531 0.47549903
vt 0.79118389 0.46991608
vt 0.77517986 0.46991593
vt 0.77517986 0.47549888
vt 0.70683163 0.89780182
vt 0.68694758 0.91108793
vt 0.68694758 0.92756045
vt 0.87487555 0.81071210
vt 0.87487555 0.84114951
vt 0.88185793 0.80604661
vt 0.79729438 0.46991608
vt 0.79118389 0.46991608
vt 0.79118389 0.47549903
vt 0.81408954 0.46991608
vt 0.81408948 0.47549903
vt 0.82248712 0.47549903
vt 0.84768003 0.46991593
vt 0.83928233 0.46991608
vt 0.83928233 0.47549888
vt 0.88659006 0.46991593
vt 0.87058598 0.46991608
vt 0.87058604 0.47549888
vt 0.81408954 0.46991608
vt 0.80569196 0.46991634
vt 0.80569196 0.47549903
vt 0.83088481 0.46991608
vt 0.83088481 0.47549874
vt 0.83928233 0.47549888
vt 0.86447531 0.46991608
vt 0.85607767 0.46991608
vt 0.85607767 0.47549903
vt 0.80569196 0.46991634
vt 0.79729438 0.46991608
vt 0.79729438 0.47549903
vt 0.83088481 0.46991608
vt 0.82248712 0.46991593
vt 0.82248712 0.47549903
vt 0.85607767 0.46991608
vt 0.84768003 0.46991593
vt 0.84768003 0.47549903
vt 0.72894639 0.89780194
vt 0.71294224 0.89780194
vt 0.71294236 0.94084662
vt 0.87058604 0.47549888
vt 0.88659012 0.47549903
vt 0.88659012 0.48438835
vt 0.96101975 0.90719628
vt 0.96101975 0.91330689
vt 0.91797513 0.91330689
vt 0.86447531 0.48438835
vt 0.87058604 0.48438850
vt 0.87058604 0.48997104
vt 0.77517974 0.48438835
vt 0.79118383 0.48438835
vt 0.79118383 0.48997104
vt 0.92427874 0.89197761
vt 0.93949741 0.88567388
vt 0.96101975 0.90719628
vt 0.96101975 0.90719628
vt 0.91797513 0.90719628
vt 0.92427874 0.89197761
vt 0.95471597 0.89197761
vt 0.95938158 0.89895999
vt 0.96101975 0.90719628
vt 0.93949741 0.88567388
vt 0.94773364 0.88731217
vt 0.95471597 0.89197761
vt 0.92427874 0.89197761
vt 0.93126112 0.88731217
vt 0.93949741 0.88567388
vt 0.91797513 0.90719628
vt 0.91961324 0.89895999
vt 0.92427874 0.89197761
vt 0.79118383 0.48438835
vt 0.79729438 0.48438823
vt 0.79729438 0.48997104
vt 0.81408948 0.48438835
vt 0.82248712 0.48438823
vt 0.82248712 0.48997104
vt 0.83928233 0.48997104
vt 0.83928233 0.48438835
vt 0.84768003 0.48438835
vt 0.87058604 0.48438850
vt 0.88659012 0.48438835
vt 0.88659012 0.48997131
vt 0.80569196 0.48438835
vt 0.81408948 0.48438835
vt 0.81408948 0.48997104
vt 0.83088470 0.48438835
vt 0.83928233 0.48438835
vt 0.83928233 0.48997104
vt 0.85607767 0.48997131
vt 0.85607767 0.48438835
vt 0.86447531 0.48438835
vt 0.79729438 0.48997104
vt 0.79729438 0.48438823
vt 0.80569196 0.48438835
vt 0.82248712 0.48997104
vt 0.82248712 0.48438823
vt 0.83088470 0.48438835
vt 0.84768003 0.48438835
vt 0.85607767 0.48438835
vt 0.85607767 0.48997131
vt 0.96101975 0.91330689
vt 0.96101975 0.92931098
vt 0.91797513 0.92931098
vt 0.87487555 0.86005044
vt 0.88185793 0.85538501
vt 0.87487561 0.89048773
vt 0.86857188 0.87526900
vt 0.87021011 0.86703295
vt 0.87487555 0.86005044
vt 0.87487561 0.89048773
vt 0.87021017 0.88350546
vt 0.86857188 0.87526900
vt 0.89009428 0.89679146
vt 0.88185799 0.89515316
vt 0.87487561 0.89048773
vt 0.89620477 0.85374683
vt 0.89620477 0.89679146
vt 0.89009428 0.89679146
vt 0.87487561 0.89048773
vt 0.89009422 0.85374683
vt 0.89009428 0.89679146
vt 0.89009422 0.85374683
vt 0.89620477 0.85374683
vt 0.89009428 0.89679146
vt 0.88185793 0.85538501
vt 0.89009422 0.85374683
vt 0.87487561 0.89048773
vt 0.79118383 0.48438835
vt 0.77517974 0.48438835
vt 0.77517986 0.47549888
vt 0.83015049 0.69449699
vt 0.78710598 0.69449699
vt 0.78710598 0.68560761
vt 0.71294224 0.89780194
vt 0.71294236 0.94084662
vt 0.70683163 0.94084662
vt 0.87058598 0.46991608
vt 0.87058604 0.47549888
vt 0.86447531 0.47549903
vt 0.79118389 0.46991608
vt 0.79118389 0.47549903
vt 0.77517986 0.47549888
vt 0.68694758 0.91108793
vt 0.69161302 0.90410560
vt 0.70683163 0.89780182
vt 0.68694758 0.92756045
vt 0.68530929 0.91932428
vt 0.68694758 0.91108793
vt 0.69859540 0.93920833
vt 0.69161302 0.93454283
vt 0.68694758 0.92756045
vt 0.70683163 0.94084662
vt 0.69859540 0.93920833
vt 0.68694758 0.92756045
vt 0.70683163 0.89780182
vt 0.70683163 0.94084662
vt 0.68694758 0.92756045
vt 0.69161302 0.90410560
vt 0.69859540 0.89944029
vt 0.70683163 0.89780182
vt 0.87021011 0.81769460
vt 0.87487555 0.81071210
vt 0.87487555 0.84114951
vt 0.86857188 0.82593095
vt 0.87021011 0.81769460
vt 0.87487555 0.84114951
vt 0.87487555 0.84114951
vt 0.87021011 0.83416712
vt 0.86857188 0.82593095
vt 0.89009422 0.84745312
vt 0.88185793 0.84581482
vt 0.87487555 0.84114951
vt 0.89620477 0.80440849
vt 0.89620477 0.84745312
vt 0.89009422 0.84745312
vt 0.87487555 0.84114951
vt 0.89009422 0.80440849
vt 0.89009422 0.84745312
vt 0.89009422 0.80440849
vt 0.89620477 0.80440849
vt 0.89009422 0.84745312
vt 0.88185793 0.80604661
vt 0.89009422 0.80440849
vt 0.87487555 0.84114951
vt 0.79729438 0.46991608
vt 0.79729438 0.47549903
vt 0.79118389 0.47549903
vt 0.81408954 0.46991608
vt 0.82248712 0.46991593
vt 0.82248712 0.47549903
vt 0.84768003 0.46991593
vt 0.84768003 0.47549903
vt 0.83928233 0.47549888
vt 0.88659006 0.46991593
vt 0.88659012 0.47549903
vt 0.87058604 0.47549888
vt 0.81408954 0.46991608
vt 0.81408948 0.47549903
vt 0.80569196 0.47549903
vt 0.83088481 0.46991608
vt 0.83928233 0.46991608
vt 0.83928233 0.47549888
vt 0.86447531 0.46991608
vt 0.86447531 0.47549903
vt 0.85607767 0.47549903
vt 0.80569196 0.46991634
vt 0.80569196 0.47549903
vt 0.79729438 0.47549903
vt 0.83088481 0.46991608
vt 0.83088481 0.47549874
vt 0.82248712 0.47549903
vt 0.85607767 0.46991608
vt 0.85607767 0.47549903
vt 0.84768003 0.47549903
vt 0.72894639 0.89780194
vt 0.72894639 0.94084662
vt 0.71294236 0.94084662
vt 0.87058604 0.47549888
vt 0.88659012 0.48438835
vt 0.87058604 0.48438850
vt 0.96101975 0.90719628
vt 0.91797513 0.91330689
vt 0.91797513 0.90719628
vt 0.86447531 0.48438835
vt 0.87058604 0.48997104
vt 0.86447531 0.48997131
vt 0.77517974 0.48438835
vt 0.79118383 0.48997104
vt 0.77517986 0.48997089
vt 0.93949741 0.88567388
vt 0.95471597 0.89197761
vt 0.96101975 0.90719628
vt 0.79118383 0.48438835
vt 0.79729438 0.48997104
vt 0.79118383 0.48997104
vt 0.81408948 0.48438835
vt 0.82248712 0.48997104
vt 0.81408948 0.48997104
vt 0.83928233 0.48997104
vt 0.84768003 0.48438835
vt 0.84768003 0.48997104
vt 0.87058604 0.48438850
vt 0.88659012 0.48997131
vt 0.87058604 0.48997104
vt 0.80569196 0.48438835
vt 0.81408948 0.48997104
vt 0.80569196 0.48997104
vt 0.83088470 0.48438835
vt 0.83928233 0.48997104
vt 0.83088470 0.48997131
vt 0.85607767 0.48997131
vt 0.86447531 0.48438835
vt 0.86447531 0.48997131
vt 0.79729438 0.48997104
vt 0.80569196 0.48438835
vt 0.80569196 0.48997104
vt 0.82248712 0.48997104
vt 0.83088470 0.48438835
vt 0.83088470 0.48997131
vt 0.84768003 0.48438835
vt 0.85607767 0.48997131
vt 0.84768003 0.48997104
vt 0.96101975 0.91330689
vt 0.91797513 0.92931098
vt 0.91797513 0.91330689
vt 0.87487561 0.89048773
vt 0.86857188 0.87526900
vt 0.87487555 0.86005044
vt 0.79118383 0.48438835
vt 0.77517986 0.47549888
vt 0.79118389 0.47549903
vt 0.83015049 0.69449699
vt 0.78710598 0.68560761
vt 0.83015049 0.68560761
vt 0.71294224 0.89780194
vt 0.70683163 0.94084662
vt 0.70683163 0.89780182
vt 0.87058598 0.46991608
vt 0.86447531 0.47549903
vt 0.86447531 0.46991608
vt 0.79118389 0.46991608
vt 0.77517986 0.47549888
vt 0.77517986 0.46991593
vt 0.70683163 0.89780182
vt 0.68694758 0.92756045
vt 0.68694758 0.91108793
vt 0.87487555 0.81071210
vt 0.88185793 0.80604661
vt 0.87487555 0.84114951
vt 0.79729438 0.46991608
vt 0.79118389 0.47549903
vt 0.79118389 0.46991608
vt 0.81408954 0.46991608
vt 0.82248712 0.47549903
vt 0.81408948 0.47549903
vt 0.84768003 0.46991593
vt 0.83928233 0.47549888
vt 0.83928233 0.46991608
vt 0.88659006 0.46991593
vt 0.87058604 0.47549888
vt 0.87058598 0.46991608
vt 0.81408954 0.46991608
vt 0.80569196 0.47549903
vt 0.80569196 0.46991634
vt 0.83088481 0.46991608
vt 0.83928233 0.47549888
vt 0.83088481 0.47549874
vt 0.86447531 0.46991608
vt 0.85607767 0.47549903
vt 0.85607767 0.46991608
vt 0.80569196 0.46991634
vt 0.79729438 0.47549903
vt 0.79729438 0.46991608
vt 0.83088481 0.46991608
vt 0.82248712 0.47549903
vt 0.82248712 0.46991593
vt 0.85607767 0.46991608
vt 0.84768003 0.47549903
vt 0.84768003 0.46991593
vt 0.72894639 0.89780194
vt 0.71294236 0.94084662
vt 0.71294224 0.89780194
vt 0.87058604 0.47549888
vt 0.88659012 0.47549903
vt 0.88659012 0.48438835
vt 0.96101975 0.90719628
vt 0.96101975 0.91330689
vt 0.91797513 0.91330689
vt 0.86447531 0.48438835
vt 0.87058604 0.48438850
vt 0.87058604 0.48997104
vt 0.77517974 0.48438835
vt 0.79118383 0.48438835
vt 0.79118383 0.48997104
vt 0.92427874 0.89197761
vt 0.93949741 0.88567388
vt 0.96101975 0.90719628
vt 0.96101975 0.90719628
vt 0.91797513 0.90719628
vt 0.92427874 0.89197761
vt 0.95471597 0.89197761
vt 0.95938158 0.89895999
vt 0.96101975 0.90719628
vt 0.93949741 0.88567388
vt 0.94773364 0.88731217
vt 0.95471597 0.89197761
vt 0.92427874 0.89197761
vt 0.93126112 0.88731217
vt 0.93949741 0.88567388
vt 0.91797513 0.90719628
vt 0.91961324 0.89895999
vt 0.92427874 0.89197761
vt 0.79118383 0.48438835
vt 0.79729438 0.48438823
vt 0.79729438 0.48997104
vt 0.81408948 0.48438835
vt 0.82248712 0.48438823
vt 0.82248712 0.48997104
vt 0.83928233 0.48997104
vt 0.83928233 0.48438835
vt 0.84768003 0.48438835
vt 0.87058604 0.48438850
vt 0.88659012 0.48438835
vt 0.88659012 0.48997131
vt 0.80569196 0.48438835
vt 0.81408948 0.48438835
vt 0.81408948 0.48997104
vt 0.83088470 0.48438835
vt 0.83928233 0.48438835
vt 0.83928233 0.48997104
vt 0.85607767 0.48997131
vt 0.85607767 0.48438835
vt 0.86447531 0.48438835
vt 0.79729438 0.48997104
vt 0.79729438 0.48438823
vt 0.80569196 0.48438835
vt 0.82248712 0.48997104
vt 0.82248712 0.48438823
vt 0.83088470 0.48438835
vt 0.84768003 0.48438835
vt 0.85607767 0.48438835
vt 0.85607767 0.48997131
vt 0.96101975 0.91330689
vt 0.96101975 0.92931098
vt 0.91797513 0.92931098
vt 0.87487555 0.86005044
vt 0.88185793 0.85538501
vt 0.87487561 0.89048773
vt 0.86857188 0.87526900
vt 0.87021011 0.86703295
vt 0.87487555 0.86005044
vt 0.87487561 0.89048773
vt 0.87021017 0.88350546
vt 0.86857188 0.87526900
vt 0.89009428 0.89679146
vt 0.88185799 0.89515316
vt 0.87487561 0.89048773
vt 0.89620477 0.85374683
vt 0.89620477 0.89679146
vt 0.89009428 0.89679146
vt 0.87487561 0.89048773
vt 0.89009422 0.85374683
vt 0.89009428 0.89679146
vt 0.89009422 0.85374683
vt 0.89620477 0.85374683
vt 0.89009428 0.89679146
vt 0.88185793 0.85538501
vt 0.89009422 0.85374683
vt 0.87487561 0.89048773
vt 0.79118383 0.48438835
vt 0.77517974 0.48438835
vt 0.77517986 0.47549888
vt 0.83015049 0.69449699
vt 0.78710598 0.69449699
vt 0.78710598 0.68560761
vt 0.71294224 0.89780194
vt 0.71294236 0.94084662
vt 0.70683163 0.94084662
vt 0.87058598 0.46991608
vt 0.87058604 0.47549888
vt 0.86447531 0.47549903
vt 0.79118389 0.46991608
vt 0.79118389 0.47549903
vt 0.77517986 0.47549888
vt 0.68694758 0.91108793
vt 0.69161302 0.90410560
vt 0.70683163 0.89780182
vt 0.68694758 0.92756045
vt 0.68530929 0.91932428
vt 0.68694758 0.91108793
vt 0.69859540 0.93920833
vt 0.69161302 0.93454283
vt 0.68694758 0.92756045
vt 0.70683163 0.94084662
vt 0.69859540 0.93920833
vt 0.68694758 0.92756045
vt 0.70683163 0.89780182
vt 0.70683163 0.94084662
vt 0.68694758 0.92756045
vt 0.69161302 0.90410560
vt 0.69859540 0.89944029
vt 0.70683163 0.89780182
vt 0.87021011 0.81769460
vt 0.87487555 0.81071210
vt 0.87487555 0.84114951
vt 0.86857188 0.82593095
vt 0.87021011 0.81769460
vt 0.87487555 0.84114951
vt 0.87487555 0.84114951
vt 0.87021011 0.83416712
vt 0.86857188 0.82593095
vt 0.89009422 0.84745312
vt 0.88185793 0.84581482
vt 0.87487555 0.84114951
vt 0.89620477 0.80440849
vt 0.89620477 0.84745312
vt 0.89009422 0.84745312
vt 0.87487555 0.84114951
vt 0.89009422 0.80440849
vt 0.89009422 0.84745312
vt 0.89009422 0.80440849
vt 0.89620477 0.80440849
vt 0.89009422 0.84745312
vt 0.88185793 0.80604661
vt 0.89009422 0.80440849
vt 0.87487555 0.84114951
vt 0.79729438 0.46991608
vt 0.79729438 0.47549903
vt 0.79118389 0.47549903
vt 0.81408954 0.46991608
vt 0.82248712 0.46991593
vt 0.82248712 0.47549903
vt 0.84768003 0.46991593
vt 0.84768003 0.47549903
vt 0.83928233 0.47549888
vt 0.88659006 0.46991593
vt 0.88659012 0.47549903
vt 0.87058604 0.47549888
vt 0.81408954 0.46991608
vt 0.81408948 0.47549903
vt 0.80569196 0.47549903
vt 0.83088481 0.46991608
vt 0.83928233 0.46991608
vt 0.83928233 0.47549888
vt 0.86447531 0.46991608
vt 0.86447531 0.47549903
vt 0.85607767 0.47549903
vt 0.80569196 0.46991634
vt 0.80569196 0.47549903
vt 0.79729438 0.47549903
vt 0.83088481 0.46991608
vt 0.83088481 0.47549874
vt 0.82248712 0.47549903
vt 0.85607767 0.46991608
vt 0.85607767 0.47549903
vt 0.84768003 0.47549903
vt 0.72894639 0.89780194
vt 0.72894639 0.94084662
vt 0.71294236 0.94084662
vt 0.87058604 0.47549888
vt 0.88659012 0.48438835
vt 0.87058604 0.48438850
vt 0.96101975 0.90719628
vt 0.91797513 0.91330689
vt 0.91797513 0.90719628
vt 0.86447531 0.48438835
vt 0.87058604 0.48997104
vt 0.86447531 0.48997131
vt 0.77517974 0.48438835
vt 0.79118383 0.48997104
vt 0.77517986 0.48997089
vt 0.93949741 0.88567388
vt 0.95471597 0.89197761
vt 0.96101975 0.90719628
vt 0.79118383 0.48438835
vt 0.79729438 0.48997104
vt 0.79118383 0.48997104
vt 0.81408948 0.48438835
vt 0.82248712 0.48997104
vt 0.81408948 0.48997104
vt 0.83928233 0.48997104
vt 0.84768003 0.48438835
vt 0.84768003 0.48997104
vt 0.87058604 0.48438850
vt 0.88659012 0.48997131
vt 0.87058604 0.48997104
vt 0.80569196 0.48438835
vt 0.81408948 0.48997104
vt 0.80569196 0.48997104
vt 0.83088470 0.48438835
vt 0.83928233 0.48997104
vt 0.83088470 0.48997131
vt 0.85607767 0.48997131
vt 0.86447531 0.48438835
vt 0.86447531 0.48997131
vt 0.79729438 0.48997104
vt 0.80569196 0.48438835
vt 0.80569196 0.48997104
vt 0.82248712 0.48997104
vt 0.83088470 0.48438835
vt 0.83088470 0.48997131
vt 0.84768003 0.48438835
vt 0.85607767 0.48997131
vt 0.84768003 0.48997104
vt 0.96101975 0.91330689
vt 0.91797513 0.92931098
vt 0.91797513 0.91330689
vt 0.87487561 0.89048773
vt 0.86857188 0.87526900
vt 0.87487555 0.86005044
vt 0.79118383 0.48438835
vt 0.77517986 0.47549888
vt 0.79118389 0.47549903
vt 0.83015049 0.69449699
vt 0.78710598 0.68560761
vt 0.83015049 0.68560761
vt 0.71294224 0.89780194
vt 0.70683163 0.94084662
vt 0.70683163 0.89780182
vt 0.87058598 0.46991608
vt 0.86447531 0.47549903
vt 0.86447531 0.46991608
vt 0.79118389 0.46991608
vt 0.77517986 0.47549888
vt 0.77517986 0.46991593
vt 0.70683163 0.89780182
vt 0.68694758 0.92756045
vt 0.68694758 0.91108793
vt 0.87487555 0.81071210
vt 0.88185793 0.80604661
vt 0.87487555 0.84114951
vt 0.79729438 0.46991608
vt 0.79118389 0.47549903
vt 0.79118389 0.46991608
vt 0.81408954 0.46991608
vt 0.82248712 0.47549903
vt 0.81408948 0.47549903
vt 0.84768003 0.46991593
vt 0.83928233 0.47549888
vt 0.83928233 0.46991608
vt 0.88659006 0.46991593
vt 0.87058604 0.47549888
vt 0.87058598 0.46991608
vt 0.81408954 0.46991608
vt 0.80569196 0.47549903
vt 0.80569196 0.46991634
vt 0.83088481 0.46991608
vt 0.83928233 0.47549888
vt 0.83088481 0.47549874
vt 0.86447531 0.46991608
vt 0.85607767 0.47549903
vt 0.85607767 0.46991608
vt 0.80569196 0.46991634
vt 0.79729438 0.47549903
vt 0.79729438 0.46991608
vt 0.83088481 0.46991608
vt 0.82248712 0.47549903
vt 0.82248712 0.46991593
vt 0.85607767 0.46991608
vt 0.84768003 0.47549903
vt 0.84768003 0.46991593
vt 0.72894639 0.89780194
vt 0.71294236 0.94084662
vt 0.71294224 0.89780194
vt 0.87058604 0.47549888
vt 0.88659012 0.48438835
vt 0.88659012 0.47549903
vt 0.96101975 0.90719628
vt 0.91797513 0.91330689
vt 0.96101975 0.91330689
vt 0.86447531 0.48438835
vt 0.87058604 0.48997104
vt 0.87058604 0.48438850
vt 0.77517974 0.48438835
vt 0.79118383 0.48997104
vt 0.79118383 0.48438835
vt 0.92427874 0.89197761
vt 0.96101975 0.90719628
vt 0.93949741 0.88567388
vt 0.96101975 0.90719628
vt 0.92427874 0.89197761
vt 0.91797513 0.90719628
vt 0.95471597 0.89197761
vt 0.96101975 0.90719628
vt 0.95938158 0.89895999
vt 0.93949741 0.88567388
vt 0.95471597 0.89197761
vt 0.94773364 0.88731217
vt 0.92427874 0.89197761
vt 0.93949741 0.88567388
vt 0.93126112 0.88731217
vt 0.91797513 0.90719628
vt 0.92427874 0.89197761
vt 0.91961324 0.89895999
vt 0.79118383 0.48438835
vt 0.79729438 0.48997104
vt 0.79729438 0.48438823
vt 0.81408948 0.48438835
vt 0.82248712 0.48997104
vt 0.82248712 0.48438823
vt 0.83928233 0.48997104
vt 0.84768003 0.48438835
vt 0.83928233 0.48438835
vt 0.87058604 0.48438850
vt 0.88659012 0.48997131
vt 0.88659012 0.48438835
vt 0.80569196 0.48438835
vt 0.81408948 0.48997104
vt 0.81408948 0.48438835
vt 0.83088470 0.48438835
vt 0.83928233 0.48997104
vt 0.83928233 0.48438835
vt 0.85607767 0.48997131
vt 0.86447531 0.48438835
vt 0.85607767 0.48438835
vt 0.79729438 0.48997104
vt 0.80569196 0.48438835
vt 0.79729438 0.48438823
vt 0.82248712 0.48997104
vt 0.83088470 0.48438835
vt 0.82248712 0.48438823
vt 0.84768003 0.48438835
vt 0.85607767 0.48997131
vt 0.85607767 0.48438835
vt 0.96101975 0.91330689
vt 0.91797513 0.92931098
vt 0.96101975 0.92931098
vt 0.87487555 0.86005044
vt 0.87487561 0.89048773
vt 0.88185793 0.85538501
vt 0.86857188 0.87526900
vt 0.87487555 0.86005044
vt 0.87021011 0.86703295
vt 0.87487561 0.89048773
vt 0.86857188 0.87526900
vt 0.87021017 0.88350546
vt 0.89009428 0.89679146
vt 0.87487561 0.89048773
vt 0.88185799 0.89515316
vt 0.89620477 0.85374683
vt 0.89009428 0.89679146
vt 0.89620477 0.89679146
vt 0.87487561 0.89048773
vt 0.89009428 0.89679146
vt 0.89009422 0.85374683
vt 0.89009422 0.85374683
vt 0.89009428 0.89679146
vt 0.89620477 0.85374683
vt 0.88185793 0.85538501
vt 0.87487561 0.89048773
vt 0.89009422 0.85374683
vt 0.79118383 0.48438835
vt 0.77517986 0.47549888
vt 0.77517974 0.48438835
vt 0.83015049 0.69449699
vt 0.78710598 0.68560761
vt 0.78710598 0.69449699
vt 0.71294224 0.89780194
vt 0.70683163 0.94084662
vt 0.71294236 0.94084662
vt 0.87058598 0.46991608
vt 0.86447531 0.47549903
vt 0.87058604 0.47549888
vt 0.79118389 0.46991608
vt 0.77517986 0.47549888
vt 0.79118389 0.47549903
vt 0.68694758 0.91108793
vt 0.70683163 0.89780182
vt 0.69161302 0.90410560
vt 0.68694758 0.92756045
vt 0.68694758 0.91108793
vt 0.68530929 0.91932428
vt 0.69859540 0.93920833
vt 0.68694758 0.92756045
vt 0.69161302 0.93454283
vt 0.70683163 0.94084662
vt 0.68694758 0.92756045
vt 0.69859540 0.93920833
vt 0.70683163 0.89780182
vt 0.68694758 0.92756045
vt 0.70683163 0.94084662
vt 0.69161302 0.90410560
vt 0.70683163 0.89780182
vt 0.69859540 0.89944029
vt 0.87021011 0.81769460
vt 0.87487555 0.84114951
vt 0.87487555 0.81071210
vt 0.86857188 0.82593095
vt 0.87487555 0.84114951
vt 0.87021011 0.81769460
vt 0.87487555 0.84114951
vt 0.86857188 0.82593095
vt 0.87021011 0.83416712
vt 0.89009422 0.84745312
vt 0.87487555 0.84114951
vt 0.88185793 0.84581482
vt 0.89620477 0.80440849
vt 0.89009422 0.84745312
vt 0.89620477 0.84745312
vt 0.87487555 0.84114951
vt 0.89009422 0.84745312
vt 0.89009422 0.80440849
vt 0.89009422 0.80440849
vt 0.89009422 0.84745312
vt 0.89620477 0.80440849
vt 0.88185793 0.80604661
vt 0.87487555 0.84114951
vt 0.89009422 0.80440849
vt 0.79729438 0.46991608
vt 0.79118389 0.47549903
vt 0.79729438 0.47549903
vt 0.81408954 0.46991608
vt 0.82248712 0.47549903
vt 0.82248712 0.46991593
vt 0.84768003 0.46991593
vt 0.83928233 0.47549888
vt 0.84768003 0.47549903
vt 0.88659006 0.46991593
vt 0.87058604 0.47549888
vt 0.88659012 0.47549903
vt 0.81408954 0.46991608
vt 0.80569196 0.47549903
vt 0.81408948 0.47549903
vt 0.83088481 0.46991608
vt 0.83928233 0.47549888
vt 0.83928233 0.46991608
vt 0.86447531 0.46991608
vt 0.85607767 0.47549903
vt 0.86447531 0.47549903
vt 0.80569196 0.46991634
vt 0.79729438 0.47549903
vt 0.80569196 0.47549903
vt 0.83088481 0.46991608
vt 0.82248712 0.47549903
vt 0.83088481 0.47549874
vt 0.85607767 0.46991608
vt 0.84768003 0.47549903
vt 0.85607767 0.47549903
vt 0.72894639 0.89780194
vt 0.71294236 0.94084662
vt 0.72894639 0.94084662
vt 0.87058604 0.47549888
vt 0.87058604 0.48438850
vt 0.88659012 0.48438835
vt 0.96101975 0.90719628
vt 0.91797513 0.90719628
vt 0.91797513 0.91330689
vt 0.86447531 0.48438835
vt 0.86447531 0.48997131
vt 0.87058604 0.48997104
vt 0.77517974 0.48438835
vt 0.77517986 0.48997089
vt 0.79118383 0.48997104
vt 0.93949741 0.88567388
vt 0.96101975 0.90719628
vt 0.95471597 0.89197761
vt 0.79118383 0.48438835
vt 0.79118383 0.48997104
vt 0.79729438 0.48997104
vt 0.81408948 0.48438835
vt 0.81408948 0.48997104
vt 0.82248712 0.48997104
vt 0.83928233 0.48997104
vt 0.84768003 0.48997104
vt 0.84768003 0.48438835
vt 0.87058604 0.48438850
vt 0.87058604 0.48997104
vt 0.88659012 0.48997131
vt 0.80569196 0.48438835
vt 0.80569196 0.48997104
vt 0.81408948 0.48997104
vt 0.83088470 0.48438835
vt 0.83088470 0.48997131
vt 0.83928233 0.48997104
vt 0.85607767 0.48997131
vt 0.86447531 0.48997131
vt 0.86447531 0.48438835
vt 0.79729438 0.48997104
vt 0.80569196 0.48997104
vt 0.80569196 0.48438835
vt 0.82248712 0.48997104
vt 0.83088470 0.48997131
vt 0.83088470 0.48438835
vt 0.84768003 0.48438835
vt 0.84768003 0.48997104
vt 0.85607767 0.48997131
vt 0.96101975 0.91330689
vt 0.91797513 0.91330689
vt 0.91797513 0.92931098
vt 0.87487561 0.89048773
vt 0.87487555 0.86005044
vt 0.86857188 0.87526900
vt 0.79118383 0.48438835
vt 0.79118389 0.47549903
vt 0.77517986 0.47549888
vt 0.83015049 0.69449699
vt 0.83015049 0.68560761
vt 0.78710598 0.68560761
vt 0.71294224 0.89780194
vt 0.70683163 0.89780182
vt 0.70683163 0.94084662
vt 0.87058598 0.46991608
vt 0.86447531 0.46991608
vt 0.86447531 0.47549903
vt 0.79118389 0.46991608
vt 0.77517986 0.46991593
vt 0.77517986 0.47549888
vt 0.70683163 0.89780182
vt 0.68694758 0.91108793
vt 0.68694758 0.92756045
vt 0.87487555 0.81071210
vt 0.87487555 0.84114951
vt 0.88185793 0.80604661
vt 0.79729438 0.46991608
vt 0.79118389 0.46991608
vt 0.79118389 0.47549903
vt 0.81408954 0.46991608
vt 0.81408948 0.47549903
vt 0.82248712 0.47549903
vt 0.84768003 0.46991593
vt 0.83928233 0.46991608
vt 0.83928233 0.47549888
vt 0.88659006 0.46991593
vt 0.87058598 0.46991608
vt 0.87058604 0.47549888
vt 0.81408954 0.46991608
vt 0.80569196 0.46991634
vt 0.80569196 0.47549903
vt 0.83088481 0.46991608
vt 0.83088481 0.47549874
vt 0.83928233 0.47549888
vt 0.86447531 0.46991608
vt 0.85607767 0.46991608
vt 0.85607767 0.47549903
vt 0.80569196 0.46991634
vt 0.79729438 0.46991608
vt 0.79729438 0.47549903
vt 0.83088481 0.46991608
vt 0.82248712 0.46991593
vt 0.82248712 0.47549903
vt 0.85607767 0.46991608
vt 0.84768003 0.46991593
vt 0.84768003 0.47549903
vt 0.72894639 0.89780194
vt 0.71294224 0.89780194
vt 0.71294236 0.94084662
vn 0.00000039 -0.00002290 1.00000000
vn 0.00000039 0.00001349 1.00000000
vn 0.00000039 -0.00001769 1.00000000
vn -0.70710236 0.70711124 -0.00000059
vn -0.70710659 0.70710701 0.00000027
vn -0.70710611 0.70710748 0.00000030
vn 0.06929770 0.06929868 0.99518615
vn 0.00000039 0.00000019 1.00000000
vn 0.00000039 -0.00000886 1.00000000
vn -0.00000039 -0.00000420 -1.00000000
vn -0.00000039 -0.00000189 -1.00000000
vn -0.00000039 0.00000506 -1.00000000
vn -0.70710564 0.70710790 0.00000115
vn -0.70710236 0.70711124 -0.00000059
vn -0.70710826 0.70710528 0.00000037
vn -0.70710236 0.70711124 -0.00000059
vn -0.70710564 0.70710790 0.00000115
vn -0.70710522 0.70710832 0.00000082
vn -0.70710921 0.70710433 -0.00000213
vn -0.70710236 0.70711124 -0.00000059
vn -0.70704740 0.70716614 -0.00001065
vn -0.70710826 0.70710528 0.00000037
vn -0.70710921 0.70710433 -0.00000213
vn -0.70712292 0.70709068 -0.00000256
vn -0.70710564 0.70710790 0.00000115
vn -0.70710826 0.70710528 0.00000037
vn -0.70711213 0.70710146 0.00000283
vn -0.70710522 0.70710832 0.00000082
vn -0.70710564 0.70710790 0.00000115
vn -0.70706356 0.70714998 0.00000553
vn -0.00000039 0.00000506 -1.00000000
vn 0.06930234 0.06930240 -0.99518561
vn 0.06930394 0.06931660 -0.99518448
vn 0.50000042 0.49999726 -0.70710844
vn 0.65328252 0.65328181 -0.38268113
vn 0.65328449 0.65328133 -0.38267863
vn 0.65327936 0.65328592 0.38267940
vn 0.50000316 0.50000548 0.70710075
vn 0.65327746 0.65328997 0.38267595
vn 0.00000039 -0.00000886 1.00000000
vn 0.00000039 0.00002069 1.00000000
vn 0.00000039 0.00001349 1.00000000
vn 0.27059218 0.27059945 -0.92388093
vn 0.49999988 0.49999616 -0.70710957
vn 0.50000042 0.49999726 -0.70710844
vn 0.70710665 0.70710695 -0.00000067
vn 0.65327936 0.65328592 0.38267940
vn 0.65327746 0.65328997 0.38267595
vn 0.27059326 0.27059159 0.92388290
vn 0.06929770 0.06929868 0.99518615
vn 0.27059340 0.27058643 0.92388433
vn 0.06930234 0.06930240 -0.99518561
vn 0.27059218 0.27059945 -0.92388093
vn 0.06930394 0.06931660 -0.99518448
vn 0.65328252 0.65328181 -0.38268113
vn 0.70710665 0.70710695 -0.00000067
vn 0.65328449 0.65328133 -0.38267863
vn 0.50000316 0.50000548 0.70710075
vn 0.27059326 0.27059159 0.92388290
vn 0.27059340 0.27058643 0.92388433
vn -0.70710611 0.70710748 0.00000030
vn -0.70710725 0.70710629 0.00000021
vn -0.70710927 0.70710433 0.00000045
vn -0.70710397 0.70710957 0.00000014
vn -0.70710307 0.70711052 0.00000037
vn -0.70710337 0.70711023 0.00000089
vn -0.70710528 0.70710826 0.00000023
vn -0.70710397 0.70710957 0.00000014
vn -0.70707703 0.70713651 0.00000014
vn -0.70710307 0.70711052 0.00000037
vn -0.70710528 0.70710826 0.00000023
vn -0.70707977 0.70713383 0.00000149
vn -0.70710570 0.70710784 0.00000032
vn -0.70710307 0.70711052 0.00000037
vn -0.70706087 0.70715272 0.00000014
vn -0.70710498 0.70710862 0.00000016
vn -0.70710570 0.70710784 0.00000032
vn -0.70710891 0.70710462 0.00000041
vn -0.70710307 0.70711052 0.00000037
vn -0.70710570 0.70710784 0.00000032
vn -0.70710450 0.70710909 0.00000050
vn -0.70710450 0.70710909 0.00000050
vn -0.70710570 0.70710784 0.00000032
vn -0.70710498 0.70710862 0.00000016
vn -0.70710337 0.70711023 0.00000089
vn -0.70710307 0.70711052 0.00000037
vn -0.70710450 0.70710909 0.00000050
vn -0.00000039 0.00000506 -1.00000000
vn -0.00000039 -0.00000061 -1.00000000
vn -0.00000039 -0.00000420 -1.00000000
vn 0.70710844 0.70710510 -0.00000003
vn 0.70710713 0.70710647 -0.00000003
vn 0.70710683 0.70710671 -0.00000003
vn 0.70710737 -0.70710623 -0.00000049
vn 0.70710617 -0.70710742 -0.00000089
vn 0.70710874 -0.70710486 -0.00000049
vn 0.00000039 0.00000019 1.00000000
vn 0.06929756 0.06929034 0.99518681
vn 0.00000039 0.00000019 1.00000000
vn -0.00000039 0.00000120 -1.00000000
vn -0.00000039 -0.00000061 -1.00000000
vn -0.00000039 -0.00000019 -1.00000000
vn 0.70710617 -0.70710742 -0.00000008
vn 0.70710307 -0.70711046 0.00000055
vn 0.70709532 -0.70711821 0.00000063
vn 0.70710725 -0.70710629 -0.00000008
vn 0.70710617 -0.70710742 -0.00000008
vn 0.70709592 -0.70711762 -0.00000149
vn 0.70709813 -0.70711547 -0.00000308
vn 0.70710725 -0.70710629 -0.00000008
vn 0.70713371 -0.70707989 0.00000795
vn 0.70710617 -0.70710742 -0.00000089
vn 0.70710725 -0.70710629 -0.00000008
vn 0.70709813 -0.70711547 -0.00000308
vn 0.70710307 -0.70711046 0.00000055
vn 0.70710725 -0.70710629 -0.00000008
vn 0.70710617 -0.70710742 -0.00000089
vn 0.70709532 -0.70711821 0.00000063
vn 0.70710307 -0.70711046 0.00000055
vn 0.70705819 -0.70715541 0.00001065
vn 0.70710391 -0.70710969 -0.00000000
vn 0.70710450 -0.70710903 -0.00000055
vn 0.70710629 -0.70710731 -0.00000014
vn 0.70709968 -0.70711386 0.00000055
vn 0.70710450 -0.70710903 -0.00000055
vn 0.70710391 -0.70710969 -0.00000000
vn 0.70710450 -0.70710903 -0.00000055
vn 0.70709968 -0.70711386 0.00000055
vn 0.70710671 -0.70710683 -0.00000283
vn 0.70710528 -0.70710832 -0.00000044
vn 0.70710450 -0.70710903 -0.00000055
vn 0.70706356 -0.70714998 -0.00000553
vn 0.70710671 -0.70710683 -0.00000039
vn 0.70710528 -0.70710832 -0.00000044
vn 0.70710671 -0.70710683 -0.00000014
vn 0.70710450 -0.70710903 -0.00000055
vn 0.70710528 -0.70710832 -0.00000044
vn 0.70710510 -0.70710844 -0.00000026
vn 0.70710510 -0.70710844 -0.00000026
vn 0.70710528 -0.70710832 -0.00000044
vn 0.70710671 -0.70710683 -0.00000039
vn 0.70710224 -0.70711136 -0.00000014
vn 0.70710450 -0.70710903 -0.00000055
vn 0.70710510 -0.70710844 -0.00000026
vn 0.06930198 0.06930255 -0.99518561
vn -0.00000039 -0.00000019 -1.00000000
vn 0.06930424 0.06930932 -0.99518502
vn 0.50000346 0.49998921 -0.70711201
vn 0.65328640 0.65327752 -0.38268194
vn 0.65328902 0.65327483 -0.38268206
vn 0.50000781 0.50000244 0.70709962
vn 0.65328342 0.65327942 0.38268375
vn 0.50000572 0.50000387 0.70710009
vn 0.00000039 -0.00005194 1.00000000
vn 0.00000039 -0.00002290 1.00000000
vn 0.00000039 -0.00001769 1.00000000
vn 0.50000346 0.49998921 -0.70711201
vn 0.27059358 0.27060324 -0.92387933
vn 0.50000507 0.49998134 -0.70711648
vn 0.70710742 0.70710611 -0.00000007
vn 0.65328342 0.65327942 0.38268375
vn 0.65328509 0.65327704 0.38268498
vn 0.06930001 0.06929745 0.99518615
vn 0.27059469 0.27060318 0.92387897
vn 0.06929756 0.06929034 0.99518681
vn 0.27059165 0.27060619 -0.92387909
vn 0.06930424 0.06930932 -0.99518502
vn 0.27059358 0.27060324 -0.92387933
vn 0.70710742 0.70710611 -0.00000007
vn 0.65328640 0.65327752 -0.38268194
vn 0.70710212 0.70711142 -0.00000041
vn 0.27059808 0.27060658 0.92387706
vn 0.50000572 0.50000387 0.70710009
vn 0.27059469 0.27060318 0.92387897
vn 0.70710504 -0.70710856 -0.00000014
vn 0.70710504 -0.70710856 -0.00000014
vn 0.70710504 -0.70710856 -0.00000014
vn 0.00000039 -0.00002290 1.00000000
vn 0.00000039 -0.00000886 1.00000000
vn 0.00000039 0.00001349 1.00000000
vn -0.70710236 0.70711124 -0.00000059
vn -0.70710522 0.70710832 0.00000082
vn -0.70710659 0.70710701 0.00000027
vn 0.06929770 0.06929868 0.99518615
vn 0.06929906 0.06930470 0.99518573
vn 0.00000039 0.00000019 1.00000000
vn -0.00000039 -0.00000420 -1.00000000
vn -0.00000039 -0.00000019 -1.00000000
vn -0.00000039 -0.00000189 -1.00000000
vn -0.70710826 0.70710528 0.00000037
vn -0.70710236 0.70711124 -0.00000059
vn -0.70710921 0.70710433 -0.00000213
vn -0.00000039 0.00000506 -1.00000000
vn -0.00000039 -0.00000189 -1.00000000
vn 0.06930234 0.06930240 -0.99518561
vn 0.50000042 0.49999726 -0.70710844
vn 0.49999988 0.49999616 -0.70710957
vn 0.65328252 0.65328181 -0.38268113
vn 0.65327936 0.65328592 0.38267940
vn 0.50000411 0.50000232 0.70710230
vn 0.50000316 0.50000548 0.70710075
vn 0.00000039 -0.00000886 1.00000000
vn 0.00000039 0.00000019 1.00000000
vn 0.00000039 0.00002069 1.00000000
vn 0.27059218 0.27059945 -0.92388093
vn 0.27059248 0.27059934 -0.92388082
vn 0.49999988 0.49999616 -0.70710957
vn 0.70710665 0.70710695 -0.00000067
vn 0.70710367 0.70710993 0.00000045
vn 0.65327936 0.65328592 0.38267940
vn 0.27059326 0.27059159 0.92388290
vn 0.06929906 0.06930470 0.99518573
vn 0.06929770 0.06929868 0.99518615
vn 0.06930234 0.06930240 -0.99518561
vn 0.27059248 0.27059934 -0.92388082
vn 0.27059218 0.27059945 -0.92388093
vn 0.65328252 0.65328181 -0.38268113
vn 0.70710367 0.70710993 0.00000045
vn 0.70710665 0.70710695 -0.00000067
vn 0.50000316 0.50000548 0.70710075
vn 0.50000411 0.50000232 0.70710230
vn 0.27059326 0.27059159 0.92388290
vn -0.70710611 0.70710748 0.00000030
vn -0.70710659 0.70710701 0.00000027
vn -0.70710725 0.70710629 0.00000021
vn -0.70710307 0.70711052 0.00000037
vn -0.70710397 0.70710957 0.00000014
vn -0.70710528 0.70710826 0.00000023
vn -0.00000039 0.00000506 -1.00000000
vn -0.00000039 -0.00000019 -1.00000000
vn -0.00000039 -0.00000061 -1.00000000
vn 0.70710844 0.70710510 -0.00000003
vn 0.70710868 0.70710486 -0.00000003
vn 0.70710713 0.70710647 -0.00000003
vn 0.70710737 -0.70710623 -0.00000049
vn 0.70710307 -0.70711046 0.00000055
vn 0.70710617 -0.70710742 -0.00000089
vn 0.00000039 0.00000019 1.00000000
vn 0.06930001 0.06929745 0.99518615
vn 0.06929756 0.06929034 0.99518681
vn -0.00000039 0.00000120 -1.00000000
vn -0.00000039 0.00001284 -1.00000000
vn -0.00000039 -0.00000061 -1.00000000
vn 0.70710307 -0.70711046 0.00000055
vn 0.70710617 -0.70710742 -0.00000008
vn 0.70710725 -0.70710629 -0.00000008
vn 0.70710629 -0.70710731 -0.00000014
vn 0.70710450 -0.70710903 -0.00000055
vn 0.70710224 -0.70711136 -0.00000014
vn 0.06930198 0.06930255 -0.99518561
vn -0.00000039 0.00000120 -1.00000000
vn -0.00000039 -0.00000019 -1.00000000
vn 0.50000346 0.49998921 -0.70711201
vn 0.50000507 0.49998134 -0.70711648
vn 0.65328640 0.65327752 -0.38268194
vn 0.50000781 0.50000244 0.70709962
vn 0.65328509 0.65327704 0.38268498
vn 0.65328342 0.65327942 0.38268375
vn 0.00000039 0.00000019 1.00000000
vn 0.00000039 0.00000019 1.00000000
vn 0.00000039 0.00000019 1.00000000
vn 0.50000346 0.49998921 -0.70711201
vn 0.27059165 0.27060619 -0.92387909
vn 0.27059358 0.27060324 -0.92387933
vn 0.70710742 0.70710611 -0.00000007
vn 0.70710212 0.70711142 -0.00000041
vn 0.65328342 0.65327942 0.38268375
vn 0.06930001 0.06929745 0.99518615
vn 0.27059808 0.27060658 0.92387706
vn 0.27059469 0.27060318 0.92387897
vn 0.27059165 0.27060619 -0.92387909
vn 0.06930198 0.06930255 -0.99518561
vn 0.06930424 0.06930932 -0.99518502
vn 0.70710742 0.70710611 -0.00000007
vn 0.65328902 0.65327483 -0.38268206
vn 0.65328640 0.65327752 -0.38268194
vn 0.27059808 0.27060658 0.92387706
vn 0.50000781 0.50000244 0.70709962
vn 0.50000572 0.50000387 0.70710009
vn 0.70710784 -0.70710570 -0.00000083
vn 0.70710737 -0.70710623 -0.00000049
vn 0.70710874 -0.70710486 -0.00000049
vn 0.00000039 -0.00000915 1.00000000
vn 0.00000039 -0.00001769 1.00000000
vn 0.00000039 0.00001349 1.00000000
vn 0.70710248 0.70711112 -0.00000114
vn 0.70710421 0.70710933 -0.00000034
vn 0.70710671 0.70710689 -0.00000028
vn -0.06929692 0.06929869 0.99518621
vn 0.00000039 0.00000019 1.00000000
vn 0.00000039 0.00000019 1.00000000
vn -0.00000039 -0.00000420 -1.00000000
vn -0.00000039 0.00000506 -1.00000000
vn -0.00000039 -0.00000189 -1.00000000
vn 0.70710570 0.70710784 0.00000060
vn 0.70710844 0.70710516 -0.00000018
vn 0.70710248 0.70711112 -0.00000114
vn 0.70710248 0.70711112 -0.00000114
vn 0.70710540 0.70710814 0.00000027
vn 0.70710570 0.70710784 0.00000060
vn 0.70710933 0.70710421 -0.00000268
vn 0.70704752 0.70716602 -0.00001120
vn 0.70710248 0.70711112 -0.00000114
vn 0.70710844 0.70710516 -0.00000018
vn 0.70712304 0.70709056 -0.00000311
vn 0.70710933 0.70710421 -0.00000268
vn 0.70710570 0.70710784 0.00000060
vn 0.70711225 0.70710135 0.00000228
vn 0.70710844 0.70710516 -0.00000018
vn 0.70710540 0.70710814 0.00000027
vn 0.70706367 0.70714986 0.00000498
vn 0.70710570 0.70710784 0.00000060
vn -0.00000039 0.00000506 -1.00000000
vn -0.06930470 0.06931662 -0.99518442
vn -0.06930310 0.06930242 -0.99518555
vn -0.50000089 0.49999735 -0.70710802
vn -0.65328467 0.65328139 -0.38267806
vn -0.65328282 0.65328187 -0.38268062
vn -0.65327901 0.65328604 0.38267988
vn -0.65327704 0.65329003 0.38267639
vn -0.50000250 0.50000554 0.70710111
vn 0.00000039 -0.00002220 1.00000000
vn 0.00000039 0.00001349 1.00000000
vn 0.00000039 0.00002626 1.00000000
vn -0.27059281 0.27059951 -0.92388070
vn -0.50000089 0.49999735 -0.70710802
vn -0.50000036 0.49999624 -0.70710915
vn -0.70710647 0.70710707 -0.00000012
vn -0.65327704 0.65329003 0.38267639
vn -0.65327901 0.65328604 0.38267988
vn -0.27059245 0.27059162 0.92388314
vn -0.27059260 0.27058646 0.92388445
vn -0.06929692 0.06929869 0.99518621
vn -0.06930310 0.06930242 -0.99518555
vn -0.06930470 0.06931662 -0.99518442
vn -0.27059281 0.27059951 -0.92388070
vn -0.65328282 0.65328187 -0.38268062
vn -0.65328467 0.65328139 -0.38267806
vn -0.70710647 0.70710707 -0.00000012
vn -0.50000250 0.50000554 0.70710111
vn -0.27059260 0.27058646 0.92388445
vn -0.27059245 0.27059162 0.92388314
vn 0.70710939 0.70710421 -0.00000010
vn 0.70710939 0.70710421 -0.00000010
vn 0.70710939 0.70710421 -0.00000010
vn 0.70710409 0.70710945 -0.00000041
vn 0.70710349 0.70711011 0.00000034
vn 0.70710319 0.70711035 -0.00000018
vn 0.70710540 0.70710820 -0.00000032
vn 0.70707715 0.70713639 -0.00000041
vn 0.70710409 0.70710945 -0.00000041
vn 0.70710319 0.70711035 -0.00000018
vn 0.70707989 0.70713371 0.00000094
vn 0.70710540 0.70710820 -0.00000032
vn 0.70710582 0.70710778 -0.00000023
vn 0.70706099 0.70715261 -0.00000041
vn 0.70710319 0.70711035 -0.00000018
vn 0.70710510 0.70710850 -0.00000039
vn 0.70710903 0.70710450 -0.00000014
vn 0.70710582 0.70710778 -0.00000023
vn 0.70710319 0.70711035 -0.00000018
vn 0.70710462 0.70710897 -0.00000005
vn 0.70710582 0.70710778 -0.00000023
vn 0.70710462 0.70710897 -0.00000005
vn 0.70710510 0.70710850 -0.00000039
vn 0.70710582 0.70710778 -0.00000023
vn 0.70710349 0.70711011 0.00000034
vn 0.70710462 0.70710897 -0.00000005
vn 0.70710319 0.70711035 -0.00000018
vn -0.00000039 0.00000506 -1.00000000
vn -0.00000039 -0.00000420 -1.00000000
vn -0.00000039 -0.00000061 -1.00000000
vn -0.70710832 0.70710522 0.00000052
vn -0.70710671 0.70710683 0.00000052
vn -0.70710701 0.70710659 0.00000052
vn -0.70710748 -0.70710611 0.00000006
vn -0.70710742 -0.70710617 0.00000020
vn -0.70710629 -0.70710731 -0.00000034
vn 0.00000039 0.00000019 1.00000000
vn 0.00000039 -0.00000915 1.00000000
vn -0.06929677 0.06929035 0.99518687
vn -0.00000039 0.00000120 -1.00000000
vn -0.00000039 -0.00000019 -1.00000000
vn -0.00000039 -0.00000061 -1.00000000
vn -0.70710629 -0.70710731 0.00000047
vn -0.70709544 -0.70711809 0.00000118
vn -0.70710325 -0.70711035 0.00000110
vn -0.70710737 -0.70710617 0.00000047
vn -0.70709604 -0.70711750 -0.00000094
vn -0.70710629 -0.70710731 0.00000047
vn -0.70709825 -0.70711535 -0.00000253
vn -0.70713383 -0.70707977 0.00000851
vn -0.70710737 -0.70710617 0.00000047
vn -0.70710629 -0.70710731 -0.00000034
vn -0.70709825 -0.70711535 -0.00000253
vn -0.70710737 -0.70710617 0.00000047
vn -0.70710325 -0.70711035 0.00000110
vn -0.70710629 -0.70710731 -0.00000034
vn -0.70710737 -0.70710617 0.00000047
vn -0.70709544 -0.70711809 0.00000118
vn -0.70705831 -0.70715529 0.00001120
vn -0.70710325 -0.70711035 0.00000110
vn -0.70710403 -0.70710957 0.00000055
vn -0.70710641 -0.70710719 0.00000041
vn -0.70710462 -0.70710891 0.00000000
vn -0.70709980 -0.70711374 0.00000110
vn -0.70710403 -0.70710957 0.00000055
vn -0.70710462 -0.70710891 0.00000000
vn -0.70710462 -0.70710891 0.00000000
vn -0.70710683 -0.70710671 -0.00000228
vn -0.70709980 -0.70711374 0.00000110
vn -0.70710540 -0.70710820 0.00000011
vn -0.70706367 -0.70714986 -0.00000498
vn -0.70710462 -0.70710891 0.00000000
vn -0.70710683 -0.70710671 0.00000016
vn -0.70710683 -0.70710671 0.00000041
vn -0.70710540 -0.70710820 0.00000011
vn -0.70710462 -0.70710891 0.00000000
vn -0.70710522 -0.70710832 0.00000029
vn -0.70710540 -0.70710820 0.00000011
vn -0.70710522 -0.70710832 0.00000029
vn -0.70710683 -0.70710671 0.00000016
vn -0.70710540 -0.70710820 0.00000011
vn -0.70710236 -0.70711124 0.00000041
vn -0.70710522 -0.70710832 0.00000029
vn -0.70710462 -0.70710891 0.00000000
vn -0.06930274 0.06930256 -0.99518555
vn -0.06930500 0.06930934 -0.99518496
vn -0.00000039 -0.00000019 -1.00000000
vn -0.50000393 0.49998930 -0.70711160
vn -0.65328920 0.65327489 -0.38268149
vn -0.65328658 0.65327758 -0.38268137
vn -0.50000715 0.50000244 0.70709997
vn -0.50000507 0.50000387 0.70710051
vn -0.65328300 0.65327948 0.38268420
vn 0.00000039 -0.00004080 1.00000000
vn 0.00000039 -0.00001769 1.00000000
vn 0.00000039 -0.00000915 1.00000000
vn -0.50000393 0.49998930 -0.70711160
vn -0.50000554 0.49998143 -0.70711607
vn -0.27059427 0.27060330 -0.92387909
vn -0.70710731 0.70710623 0.00000048
vn -0.65328467 0.65327710 0.38268542
vn -0.65328300 0.65327948 0.38268420
vn -0.06929922 0.06929746 0.99518621
vn -0.06929677 0.06929035 0.99518687
vn -0.27059391 0.27060321 0.92387921
vn -0.27059230 0.27060625 -0.92387879
vn -0.27059427 0.27060330 -0.92387909
vn -0.06930500 0.06930934 -0.99518496
vn -0.70710731 0.70710623 0.00000048
vn -0.70710200 0.70711154 0.00000014
vn -0.65328658 0.65327758 -0.38268137
vn -0.27059731 0.27060664 0.92387730
vn -0.27059391 0.27060321 0.92387921
vn -0.50000507 0.50000387 0.70710051
vn -0.70710731 -0.70710623 -0.00000013
vn -0.70710516 -0.70710844 0.00000041
vn -0.70710742 -0.70710617 0.00000020
vn 0.00000039 -0.00000915 1.00000000
vn 0.00000039 0.00001349 1.00000000
vn 0.00000039 -0.00002220 1.00000000
vn 0.70710248 0.70711112 -0.00000114
vn 0.70710671 0.70710689 -0.00000028
vn 0.70710540 0.70710814 0.00000027
vn -0.06929692 0.06929869 0.99518621
vn 0.00000039 0.00000019 1.00000000
vn -0.06929827 0.06930472 0.99518579
vn -0.00000039 -0.00000420 -1.00000000
vn -0.00000039 -0.00000189 -1.00000000
vn -0.00000039 -0.00000019 -1.00000000
vn 0.70710844 0.70710516 -0.00000018
vn 0.70710933 0.70710421 -0.00000268
vn 0.70710248 0.70711112 -0.00000114
vn -0.00000039 0.00000506 -1.00000000
vn -0.06930310 0.06930242 -0.99518555
vn -0.00000039 -0.00000189 -1.00000000
vn -0.50000089 0.49999735 -0.70710802
vn -0.65328282 0.65328187 -0.38268062
vn -0.50000036 0.49999624 -0.70710915
vn -0.65327901 0.65328604 0.38267988
vn -0.50000250 0.50000554 0.70710111
vn -0.50000346 0.50000232 0.70710266
vn 0.00000039 0.00000019 1.00000000
vn 0.00000039 0.00000019 1.00000000
vn 0.00000039 0.00000019 1.00000000
vn -0.27059281 0.27059951 -0.92388070
vn -0.50000036 0.49999624 -0.70710915
vn -0.27059314 0.27059940 -0.92388058
vn -0.70710647 0.70710707 -0.00000012
vn -0.65327901 0.65328604 0.38267988
vn -0.70710355 0.70711005 0.00000100
vn -0.27059245 0.27059162 0.92388314
vn -0.06929692 0.06929869 0.99518621
vn -0.06929827 0.06930472 0.99518579
vn -0.06930310 0.06930242 -0.99518555
vn -0.27059281 0.27059951 -0.92388070
vn -0.27059314 0.27059940 -0.92388058
vn -0.65328282 0.65328187 -0.38268062
vn -0.70710647 0.70710707 -0.00000012
vn -0.70710355 0.70711005 0.00000100
vn -0.50000250 0.50000554 0.70710111
vn -0.27059245 0.27059162 0.92388314
vn -0.50000346 0.50000232 0.70710266
vn 0.70710421 0.70710933 -0.00000034
vn 0.70710683 0.70710671 -0.00000041
vn 0.70710671 0.70710689 -0.00000028
vn 0.70710319 0.70711035 -0.00000018
vn 0.70710540 0.70710820 -0.00000032
vn 0.70710409 0.70710945 -0.00000041
vn -0.00000039 0.00000506 -1.00000000
vn -0.00000039 -0.00000061 -1.00000000
vn -0.00000039 -0.00000019 -1.00000000
vn -0.70710832 0.70710522 0.00000052
vn -0.70710701 0.70710659 0.00000052
vn -0.70710856 0.70710498 0.00000052
vn -0.70710748 -0.70710611 0.00000006
vn -0.70710629 -0.70710731 -0.00000034
vn -0.70710325 -0.70711035 0.00000110
vn 0.00000039 0.00000019 1.00000000
vn -0.06929677 0.06929035 0.99518687
vn -0.06929922 0.06929746 0.99518621
vn -0.00000039 0.00000120 -1.00000000
vn -0.00000039 -0.00000061 -1.00000000
vn -0.00000039 0.00001284 -1.00000000
vn -0.70710325 -0.70711035 0.00000110
vn -0.70710737 -0.70710617 0.00000047
vn -0.70710629 -0.70710731 0.00000047
vn -0.70710641 -0.70710719 0.00000041
vn -0.70710236 -0.70711124 0.00000041
vn -0.70710462 -0.70710891 0.00000000
vn -0.06930274 0.06930256 -0.99518555
vn -0.00000039 -0.00000019 -1.00000000
vn -0.00000039 0.00000120 -1.00000000
vn -0.50000393 0.49998930 -0.70711160
vn -0.65328658 0.65327758 -0.38268137
vn -0.50000554 0.49998143 -0.70711607
vn -0.50000715 0.50000244 0.70709997
vn -0.65328300 0.65327948 0.38268420
vn -0.65328467 0.65327710 0.38268542
vn 0.00000039 -0.00004080 1.00000000
vn 0.00000039 -0.00000915 1.00000000
vn 0.00000039 0.00000019 1.00000000
vn -0.50000393 0.49998930 -0.70711160
vn -0.27059427 0.27060330 -0.92387909
vn -0.27059230 0.27060625 -0.92387879
vn -0.70710731 0.70710623 0.00000048
vn -0.65328300 0.65327948 0.38268420
vn -0.70710200 0.70711154 0.00000014
vn -0.06929922 0.06929746 0.99518621
vn -0.27059391 0.27060321 0.92387921
vn -0.27059731 0.27060664 0.92387730
vn -0.27059230 0.27060625 -0.92387879
vn -0.06930500 0.06930934 -0.99518496
vn -0.06930274 0.06930256 -0.99518555
vn -0.70710731 0.70710623 0.00000048
vn -0.65328658 0.65327758 -0.38268137
vn -0.65328920 0.65327489 -0.38268149
vn -0.27059731 0.27060664 0.92387730
vn -0.50000507 0.50000387 0.70710051
vn -0.50000715 0.50000244 0.70709997
vn -0.70710731 -0.70710623 -0.00000013
vn -0.70710742 -0.70710617 0.00000020
vn -0.70710748 -0.70710611 0.00000006
vn 0.00000039 -0.00000498 1.00000000
vn 0.00000039 -0.00000799 1.00000000
vn 0.00000039 -0.00001187 1.00000000
vn -0.70710456 -0.70710903 -0.00000001
vn -0.70710588 -0.70710772 0.00000034
vn -0.70710540 -0.70710820 0.00000028
vn 0.06929795 -0.06929857 0.99518621
vn 0.00000039 0.00002314 1.00000000
vn 0.00000039 0.00002626 1.00000000
vn 0.00000491 0.00000799 -1.00000000
vn -0.00000058 0.00001497 -1.00000000
vn -0.00000039 0.00001687 -1.00000000
vn -0.70710838 -0.70710522 0.00000080
vn -0.70710623 -0.70710731 0.00000041
vn -0.70710456 -0.70710903 -0.00000001
vn -0.70710456 -0.70710903 -0.00000001
vn -0.70710647 -0.70710707 0.00000027
vn -0.70710838 -0.70710522 0.00000080
vn -0.70710778 -0.70710582 -0.00000036
vn -0.70708525 -0.70712829 -0.00000498
vn -0.70710456 -0.70710903 -0.00000001
vn -0.70710623 -0.70710731 0.00000041
vn -0.70710957 -0.70710403 -0.00000498
vn -0.70710778 -0.70710582 -0.00000036
vn -0.70710838 -0.70710522 0.00000080
vn -0.70713383 -0.70707977 0.00000581
vn -0.70710623 -0.70710731 0.00000041
vn -0.70710647 -0.70710707 0.00000027
vn -0.70712036 -0.70709324 0.00000041
vn -0.70710838 -0.70710522 0.00000080
vn -0.00000058 0.00001497 -1.00000000
vn 0.06930962 -0.06931724 -0.99518406
vn 0.06930801 -0.06930288 -0.99518514
vn 0.49999860 -0.49999020 -0.70711470
vn 0.65328515 -0.65327919 -0.38268116
vn 0.65328348 -0.65328151 -0.38268015
vn 0.65327990 -0.65328521 0.38267973
vn 0.65327811 -0.65328759 0.38267881
vn 0.49999982 -0.50001276 0.70709795
vn 0.00000039 -0.00000210 1.00000000
vn 0.00000039 -0.00001187 1.00000000
vn 0.00000039 -0.00001284 1.00000000
vn 0.27059343 -0.27059639 -0.92388141
vn 0.49999860 -0.49999020 -0.70711470
vn 0.49999422 -0.49999943 -0.70711130
vn 0.70711130 -0.70710230 0.00000300
vn 0.65327811 -0.65328759 0.38267881
vn 0.65327990 -0.65328521 0.38267973
vn 0.27059278 -0.27058870 0.92388380
vn 0.27059400 -0.27057570 0.92388719
vn 0.06929795 -0.06929857 0.99518621
vn 0.06930801 -0.06930288 -0.99518514
vn 0.06930962 -0.06931724 -0.99518406
vn 0.27059343 -0.27059639 -0.92388141
vn 0.65328348 -0.65328151 -0.38268015
vn 0.65328515 -0.65327919 -0.38268116
vn 0.70711130 -0.70710230 0.00000300
vn 0.49999982 -0.50001276 0.70709795
vn 0.27059400 -0.27057570 0.92388719
vn 0.27059278 -0.27058870 0.92388380
vn -0.70710516 -0.70710844 0.00000010
vn -0.70710516 -0.70710844 0.00000010
vn -0.70710516 -0.70710844 0.00000010
vn -0.70710433 -0.70710927 0.00000041
vn -0.70710117 -0.70711237 0.00000041
vn -0.70710158 -0.70711195 0.00000019
vn -0.70710695 -0.70710659 0.00000051
vn -0.70711493 -0.70709860 0.00000041
vn -0.70710433 -0.70710927 0.00000041
vn -0.70710158 -0.70711195 0.00000019
vn -0.70709068 -0.70712292 0.00000176
vn -0.70710695 -0.70710659 0.00000051
vn -0.70710343 -0.70711011 0.00000031
vn -0.70704478 -0.70716876 0.00000041
vn -0.70710158 -0.70711195 0.00000019
vn -0.70710683 -0.70710671 0.00000019
vn -0.70710683 -0.70710671 0.00000069
vn -0.70710343 -0.70711011 0.00000031
vn -0.70710158 -0.70711195 0.00000019
vn -0.70710498 -0.70710862 0.00000019
vn -0.70710343 -0.70711011 0.00000031
vn -0.70710498 -0.70710862 0.00000019
vn -0.70710683 -0.70710671 0.00000019
vn -0.70710343 -0.70711011 0.00000031
vn -0.70710117 -0.70711237 0.00000041
vn -0.70710498 -0.70710862 0.00000019
vn -0.70710158 -0.70711195 0.00000019
vn -0.00000058 0.00001497 -1.00000000
vn 0.00000491 0.00000799 -1.00000000
vn -0.00000069 0.00000551 -1.00000000
vn 0.70710790 -0.70710564 0.00000025
vn 0.70710367 -0.70710987 0.00000024
vn 0.70710427 -0.70710927 0.00000024
vn 0.70710742 0.70710617 -0.00000034
vn 0.70710635 0.70710725 -0.00000026
vn 0.70710540 0.70710820 -0.00000091
vn 0.00000039 -0.00000632 1.00000000
vn 0.00000039 -0.00000498 1.00000000
vn 0.06929782 -0.06928984 0.99518681
vn -0.00000333 -0.00000159 -1.00000000
vn -0.00000432 0.00001072 -1.00000000
vn -0.00000069 0.00000551 -1.00000000
vn 0.70710433 0.70710921 0.00000013
vn 0.70709026 0.70712334 -0.00000003
vn 0.70710742 0.70710617 0.00000017
vn 0.70710653 0.70710707 -0.00000015
vn 0.70710146 0.70711213 -0.00000041
vn 0.70710433 0.70710921 0.00000013
vn 0.70709687 0.70711666 -0.00000355
vn 0.70711493 0.70709860 0.00000498
vn 0.70710653 0.70710707 -0.00000015
vn 0.70710540 0.70710820 -0.00000091
vn 0.70709687 0.70711666 -0.00000355
vn 0.70710653 0.70710707 -0.00000015
vn 0.70710742 0.70710617 0.00000017
vn 0.70710540 0.70710820 -0.00000091
vn 0.70710653 0.70710707 -0.00000015
vn 0.70709026 0.70712334 -0.00000003
vn 0.70713246 0.70708108 0.00000498
vn 0.70710742 0.70710617 0.00000017
vn 0.70710391 0.70710969 -0.00000014
vn 0.70710599 0.70710760 -0.00000041
vn 0.70710534 0.70710826 -0.00000080
vn 0.70711040 0.70710313 0.00000106
vn 0.70710391 0.70710969 -0.00000014
vn 0.70710534 0.70710826 -0.00000080
vn 0.70710534 0.70710826 -0.00000080
vn 0.70710683 0.70710671 -0.00000446
vn 0.70711040 0.70710313 0.00000106
vn 0.70710599 0.70710754 -0.00000052
vn 0.70710415 0.70710945 -0.00000581
vn 0.70710534 0.70710826 -0.00000080
vn 0.70710880 0.70710474 -0.00000014
vn 0.70710683 0.70710671 -0.00000014
vn 0.70710599 0.70710754 -0.00000052
vn 0.70710534 0.70710826 -0.00000080
vn 0.70710641 0.70710719 -0.00000023
vn 0.70710599 0.70710754 -0.00000052
vn 0.70710641 0.70710719 -0.00000023
vn 0.70710880 0.70710474 -0.00000014
vn 0.70710599 0.70710754 -0.00000052
vn 0.70710385 0.70710975 -0.00000041
vn 0.70710641 0.70710719 -0.00000023
vn 0.70710534 0.70710826 -0.00000080
vn 0.06930753 -0.06931476 -0.99518436
vn 0.06930977 -0.06931729 -0.99518412
vn -0.00000432 0.00001072 -1.00000000
vn 0.49999833 -0.49999306 -0.70711291
vn 0.65328646 -0.65327728 -0.38268203
vn 0.65328360 -0.65327972 -0.38268274
vn 0.50000280 -0.50000983 0.70709789
vn 0.49999800 -0.50001091 0.70710045
vn 0.65328413 -0.65328014 0.38268128
vn 0.00000039 -0.00000259 1.00000000
vn 0.00000039 -0.00000799 1.00000000
vn 0.00000039 -0.00000498 1.00000000
vn 0.49999833 -0.49999306 -0.70711291
vn 0.49999997 -0.49998465 -0.70711768
vn 0.27059755 -0.27060413 -0.92387784
vn 0.70710826 -0.70710528 0.00000223
vn 0.65329057 -0.65327305 0.38268238
vn 0.65328413 -0.65328014 0.38268128
vn 0.06929974 -0.06929685 0.99518615
vn 0.06929782 -0.06928984 0.99518681
vn 0.27058911 -0.27059296 0.92388362
vn 0.27059558 -0.27061135 -0.92387635
vn 0.27059755 -0.27060413 -0.92387784
vn 0.06930977 -0.06931729 -0.99518412
vn 0.70710826 -0.70710528 0.00000223
vn 0.70710117 -0.70711243 0.00000222
vn 0.65328360 -0.65327972 -0.38268274
vn 0.27059251 -0.27060094 0.92388040
vn 0.27058911 -0.27059296 0.92388362
vn 0.49999800 -0.50001091 0.70710045
vn 0.70710731 0.70710623 -0.00000038
vn 0.70710516 0.70710844 0.00000001
vn 0.70710635 0.70710725 -0.00000026
vn 0.00000039 -0.00000498 1.00000000
vn 0.00000039 -0.00001187 1.00000000
vn 0.00000039 -0.00000210 1.00000000
vn -0.70710456 -0.70710903 -0.00000001
vn -0.70710540 -0.70710820 0.00000028
vn -0.70710647 -0.70710707 0.00000027
vn 0.06929795 -0.06929857 0.99518621
vn 0.00000039 0.00002626 1.00000000
vn 0.06929895 -0.06930423 0.99518567
vn 0.00000491 0.00000799 -1.00000000
vn -0.00000039 0.00001687 -1.00000000
vn -0.00000039 -0.00000019 -1.00000000
vn -0.70710623 -0.70710731 0.00000041
vn -0.70710778 -0.70710582 -0.00000036
vn -0.70710456 -0.70710903 -0.00000001
vn -0.00000058 0.00001497 -1.00000000
vn 0.06930801 -0.06930288 -0.99518514
vn -0.00000039 0.00001687 -1.00000000
vn 0.49999860 -0.49999020 -0.70711470
vn 0.65328348 -0.65328151 -0.38268015
vn 0.49999422 -0.49999943 -0.70711130
vn 0.65327990 -0.65328521 0.38267973
vn 0.49999982 -0.50001276 0.70709795
vn 0.49999827 -0.50002015 0.70709383
vn 0.00000039 0.00002314 1.00000000
vn 0.00000039 0.00005233 1.00000000
vn 0.00000039 0.00002626 1.00000000
vn 0.27059343 -0.27059639 -0.92388141
vn 0.49999422 -0.49999943 -0.70711130
vn 0.27059263 -0.27060038 -0.92388046
vn 0.70711130 -0.70710230 0.00000300
vn 0.65327990 -0.65328521 0.38267973
vn 0.70711303 -0.70710051 0.00000329
vn 0.27059278 -0.27058870 0.92388380
vn 0.06929795 -0.06929857 0.99518621
vn 0.06929895 -0.06930423 0.99518567
vn 0.06930801 -0.06930288 -0.99518514
vn 0.27059343 -0.27059639 -0.92388141
vn 0.27059263 -0.27060038 -0.92388046
vn 0.65328348 -0.65328151 -0.38268015
vn 0.70711130 -0.70710230 0.00000300
vn 0.70711303 -0.70710051 0.00000329
vn 0.49999982 -0.50001276 0.70709795
vn 0.27059278 -0.27058870 0.92388380
vn 0.49999827 -0.50002015 0.70709383
vn -0.70710588 -0.70710772 0.00000034
vn -0.70710599 -0.70710754 0.00000041
vn -0.70710540 -0.70710820 0.00000028
vn -0.70710158 -0.70711195 0.00000019
vn -0.70710695 -0.70710659 0.00000051
vn -0.70710433 -0.70710927 0.00000041
vn -0.00000058 0.00001497 -1.00000000
vn -0.00000069 0.00000551 -1.00000000
vn -0.00000432 0.00001072 -1.00000000
vn 0.70710790 -0.70710564 0.00000025
vn 0.70710427 -0.70710927 0.00000024
vn 0.70710856 -0.70710498 0.00000025
vn 0.70710742 0.70710617 -0.00000034
vn 0.70710540 0.70710820 -0.00000091
vn 0.70710742 0.70710617 0.00000017
vn 0.00000039 -0.00000632 1.00000000
vn 0.06929782 -0.06928984 0.99518681
vn 0.06929974 -0.06929685 0.99518615
vn -0.00000333 -0.00000159 -1.00000000
vn -0.00000069 0.00000551 -1.00000000
vn -0.00000628 -0.00001323 -1.00000000
vn 0.70710742 0.70710617 0.00000017
vn 0.70710653 0.70710707 -0.00000015
vn 0.70710433 0.70710921 0.00000013
vn 0.70710599 0.70710760 -0.00000041
vn 0.70710385 0.70710975 -0.00000041
vn 0.70710534 0.70710826 -0.00000080
vn 0.06930753 -0.06931476 -0.99518436
vn -0.00000432 0.00001072 -1.00000000
vn -0.00000333 -0.00000159 -1.00000000
vn 0.49999833 -0.49999306 -0.70711291
vn 0.65328360 -0.65327972 -0.38268274
vn 0.49999997 -0.49998465 -0.70711768
vn 0.50000280 -0.50000983 0.70709789
vn 0.65328413 -0.65328014 0.38268128
vn 0.65329057 -0.65327305 0.38268238
vn 0.00000039 -0.00000259 1.00000000
vn 0.00000039 -0.00000498 1.00000000
vn 0.00000039 -0.00000632 1.00000000
vn 0.49999833 -0.49999306 -0.70711291
vn 0.27059755 -0.27060413 -0.92387784
vn 0.27059558 -0.27061135 -0.92387635
vn 0.70710826 -0.70710528 0.00000223
vn 0.65328413 -0.65328014 0.38268128
vn 0.70710117 -0.70711243 0.00000222
vn 0.06929974 -0.06929685 0.99518615
vn 0.27058911 -0.27059296 0.92388362
vn 0.27059251 -0.27060094 0.92388040
vn 0.27059558 -0.27061135 -0.92387635
vn 0.06930977 -0.06931729 -0.99518412
vn 0.06930753 -0.06931476 -0.99518436
vn 0.70710826 -0.70710528 0.00000223
vn 0.65328360 -0.65327972 -0.38268274
vn 0.65328646 -0.65327728 -0.38268203
vn 0.27059251 -0.27060094 0.92388040
vn 0.49999800 -0.50001091 0.70710045
vn 0.50000280 -0.50000983 0.70709789
vn 0.70710731 0.70710623 -0.00000038
vn 0.70710635 0.70710725 -0.00000026
vn 0.70710742 0.70710617 -0.00000034
vn 0.00000039 -0.00000416 1.00000000
vn 0.00000039 -0.00001187 1.00000000
vn 0.00000039 -0.00000799 1.00000000
vn 0.70710444 -0.70710915 -0.00000056
vn 0.70710528 -0.70710832 -0.00000027
vn 0.70710546 -0.70710808 -0.00000030
vn -0.06929719 -0.06929855 0.99518627
vn 0.00000039 0.00002626 1.00000000
vn 0.00000039 0.00001293 1.00000000
vn -0.00000569 0.00000799 -1.00000000
vn -0.00000039 0.00001687 -1.00000000
vn -0.00000020 0.00001497 -1.00000000
vn 0.70710826 -0.70710534 0.00000025
vn 0.70710444 -0.70710915 -0.00000056
vn 0.70710611 -0.70710748 -0.00000014
vn 0.70710444 -0.70710915 -0.00000056
vn 0.70710826 -0.70710534 0.00000025
vn 0.70710635 -0.70710719 -0.00000029
vn 0.70710766 -0.70710593 -0.00000091
vn 0.70710444 -0.70710915 -0.00000056
vn 0.70708513 -0.70712841 -0.00000553
vn 0.70710611 -0.70710748 -0.00000014
vn 0.70710766 -0.70710593 -0.00000091
vn 0.70710945 -0.70710415 -0.00000553
vn 0.70710826 -0.70710534 0.00000025
vn 0.70710611 -0.70710748 -0.00000014
vn 0.70713371 -0.70707989 0.00000526
vn 0.70710635 -0.70710719 -0.00000029
vn 0.70710826 -0.70710534 0.00000025
vn 0.70712024 -0.70709336 -0.00000014
vn -0.00000020 0.00001497 -1.00000000
vn -0.06930881 -0.06930287 -0.99518520
vn -0.06931041 -0.06931723 -0.99518400
vn -0.49999925 -0.49999014 -0.70711428
vn -0.65328377 -0.65328145 -0.38267964
vn -0.65328550 -0.65327907 -0.38268065
vn -0.65327972 -0.65328509 0.38268024
vn -0.49999934 -0.50001270 0.70709831
vn -0.65327787 -0.65328747 0.38267931
vn 0.00000039 0.00001293 1.00000000
vn 0.00000039 0.00000108 1.00000000
vn 0.00000039 -0.00001187 1.00000000
vn -0.27059418 -0.27059633 -0.92388123
vn -0.49999487 -0.49999934 -0.70711088
vn -0.49999925 -0.49999014 -0.70711428
vn -0.70711142 -0.70710218 0.00000356
vn -0.65327972 -0.65328509 0.38268024
vn -0.65327787 -0.65328747 0.38267931
vn -0.27059215 -0.27058864 0.92388403
vn -0.06929719 -0.06929855 0.99518627
vn -0.27059335 -0.27057564 0.92388743
vn -0.06930881 -0.06930287 -0.99518520
vn -0.27059418 -0.27059633 -0.92388123
vn -0.06931041 -0.06931723 -0.99518400
vn -0.65328377 -0.65328145 -0.38267964
vn -0.70711142 -0.70710218 0.00000356
vn -0.65328550 -0.65327907 -0.38268065
vn -0.49999934 -0.50001270 0.70709831
vn -0.27059215 -0.27058864 0.92388403
vn -0.27059335 -0.27057564 0.92388743
vn 0.70710546 -0.70710808 -0.00000030
vn 0.70710570 -0.70710784 -0.00000021
vn 0.70710504 -0.70710856 -0.00000045
vn 0.70710415 -0.70710939 -0.00000014
vn 0.70710152 -0.70711207 -0.00000036
vn 0.70710105 -0.70711249 -0.00000014
vn 0.70710683 -0.70710671 -0.00000004
vn 0.70710415 -0.70710939 -0.00000014
vn 0.70711482 -0.70709872 -0.00000014
vn 0.70710152 -0.70711207 -0.00000036
vn 0.70710683 -0.70710671 -0.00000004
vn 0.70709056 -0.70712304 0.00000121
vn 0.70710325 -0.70711029 -0.00000024
vn 0.70710152 -0.70711207 -0.00000036
vn 0.70704466 -0.70716888 -0.00000014
vn 0.70710671 -0.70710683 -0.00000036
vn 0.70710325 -0.70711029 -0.00000024
vn 0.70710671 -0.70710683 0.00000014
vn 0.70710152 -0.70711207 -0.00000036
vn 0.70710325 -0.70711029 -0.00000024
vn 0.70710486 -0.70710874 -0.00000036
vn 0.70710486 -0.70710874 -0.00000036
vn 0.70710325 -0.70711029 -0.00000024
vn 0.70710671 -0.70710683 -0.00000036
vn 0.70710105 -0.70711249 -0.00000014
vn 0.70710152 -0.70711207 -0.00000036
vn 0.70710486 -0.70710874 -0.00000036
vn -0.00000020 0.00001497 -1.00000000
vn -0.00000008 0.00000551 -1.00000000
vn -0.00000569 0.00000799 -1.00000000
vn -0.70710802 -0.70710552 0.00000080
vn -0.70710438 -0.70710915 0.00000079
vn -0.70710379 -0.70710975 0.00000079
vn -0.70710731 0.70710629 0.00000021
vn -0.70710528 0.70710832 -0.00000036
vn -0.70710695 0.70710665 0.00000012
vn 0.00000039 -0.00000632 1.00000000
vn -0.06929706 -0.06928983 0.99518687
vn 0.00000039 -0.00000554 1.00000000
vn 0.00000256 -0.00000159 -1.00000000
vn -0.00000008 0.00000551 -1.00000000
vn 0.00000354 0.00001072 -1.00000000
vn -0.70710421 0.70710933 0.00000068
vn -0.70710725 0.70710635 0.00000072
vn -0.70709014 0.70712346 0.00000052
vn -0.70710641 0.70710719 0.00000040
vn -0.70710421 0.70710933 0.00000068
vn -0.70710135 0.70711225 0.00000014
vn -0.70709676 0.70711678 -0.00000299
vn -0.70710641 0.70710719 0.00000040
vn -0.70711482 0.70709872 0.00000553
vn -0.70710528 0.70710832 -0.00000036
vn -0.70710641 0.70710719 0.00000040
vn -0.70709676 0.70711678 -0.00000299
vn -0.70710725 0.70710635 0.00000072
vn -0.70710641 0.70710719 0.00000040
vn -0.70710528 0.70710832 -0.00000036
vn -0.70709014 0.70712346 0.00000052
vn -0.70710725 0.70710635 0.00000072
vn -0.70713234 0.70708120 0.00000553
vn -0.70710379 0.70710981 0.00000041
vn -0.70710522 0.70710838 -0.00000025
vn -0.70710588 0.70710772 0.00000014
vn -0.70711029 0.70710325 0.00000161
vn -0.70710522 0.70710838 -0.00000025
vn -0.70710379 0.70710981 0.00000041
vn -0.70710522 0.70710838 -0.00000025
vn -0.70711029 0.70710325 0.00000161
vn -0.70710671 0.70710683 -0.00000391
vn -0.70710588 0.70710766 0.00000003
vn -0.70710522 0.70710838 -0.00000025
vn -0.70710403 0.70710957 -0.00000526
vn -0.70710868 0.70710486 0.00000041
vn -0.70710588 0.70710766 0.00000003
vn -0.70710671 0.70710683 0.00000041
vn -0.70710522 0.70710838 -0.00000025
vn -0.70710588 0.70710766 0.00000003
vn -0.70710623 0.70710737 0.00000032
vn -0.70710623 0.70710737 0.00000032
vn -0.70710588 0.70710766 0.00000003
vn -0.70710868 0.70710486 0.00000041
vn -0.70710373 0.70710987 0.00000014
vn -0.70710522 0.70710838 -0.00000025
vn -0.70710623 0.70710737 0.00000032
vn -0.06930832 -0.06931474 -0.99518430
vn 0.00000354 0.00001072 -1.00000000
vn -0.06931057 -0.06931728 -0.99518406
vn -0.49999902 -0.49999297 -0.70711249
vn -0.65328395 -0.65327966 -0.38268226
vn -0.65328687 -0.65327722 -0.38268158
vn -0.50000232 -0.50000972 0.70709825
vn -0.65328383 -0.65328008 0.38268179
vn -0.49999753 -0.50001085 0.70710087
vn 0.00000039 0.00000019 1.00000000
vn 0.00000039 -0.00000416 1.00000000
vn 0.00000039 -0.00000799 1.00000000
vn -0.49999902 -0.49999297 -0.70711249
vn -0.27059835 -0.27060410 -0.92387772
vn -0.50000060 -0.49998456 -0.70711726
vn -0.70710838 -0.70710516 0.00000277
vn -0.65328383 -0.65328008 0.38268179
vn -0.65329033 -0.65327293 0.38268289
vn -0.06929898 -0.06929684 0.99518621
vn -0.27058846 -0.27059290 0.92388386
vn -0.06929706 -0.06928983 0.99518687
vn -0.27059639 -0.27061132 -0.92387623
vn -0.06931057 -0.06931728 -0.99518406
vn -0.27059835 -0.27060410 -0.92387772
vn -0.70710838 -0.70710516 0.00000277
vn -0.65328395 -0.65327966 -0.38268226
vn -0.70710129 -0.70711231 0.00000277
vn -0.27059183 -0.27060086 0.92388052
vn -0.49999753 -0.50001085 0.70710087
vn -0.27058846 -0.27059290 0.92388386
vn -0.70710504 0.70710856 0.00000056
vn -0.70710504 0.70710856 0.00000056
vn -0.70710504 0.70710856 0.00000056
vn 0.00000039 -0.00000416 1.00000000
vn 0.00000039 0.00001293 1.00000000
vn 0.00000039 -0.00001187 1.00000000
vn 0.70710444 -0.70710915 -0.00000056
vn 0.70710635 -0.70710719 -0.00000029
vn 0.70710528 -0.70710832 -0.00000027
vn -0.06929719 -0.06929855 0.99518627
vn -0.06929819 -0.06930421 0.99518573
vn 0.00000039 0.00002626 1.00000000
vn -0.00000569 0.00000799 -1.00000000
vn -0.00000039 -0.00000019 -1.00000000
vn -0.00000039 0.00001687 -1.00000000
vn 0.70710611 -0.70710748 -0.00000014
vn 0.70710444 -0.70710915 -0.00000056
vn 0.70710766 -0.70710593 -0.00000091
vn -0.00000020 0.00001497 -1.00000000
vn -0.00000039 0.00001687 -1.00000000
vn -0.06930881 -0.06930287 -0.99518520
vn -0.49999925 -0.49999014 -0.70711428
vn -0.49999487 -0.49999934 -0.70711088
vn -0.65328377 -0.65328145 -0.38267964
vn -0.65327972 -0.65328509 0.38268024
vn -0.49999774 -0.50002003 0.70709419
vn -0.49999934 -0.50001270 0.70709831
vn 0.00000039 0.00001293 1.00000000
vn 0.00000039 0.00002626 1.00000000
vn 0.00000039 0.00000108 1.00000000
vn -0.27059418 -0.27059633 -0.92388123
vn -0.27059340 -0.27060032 -0.92388022
vn -0.49999487 -0.49999934 -0.70711088
vn -0.70711142 -0.70710218 0.00000356
vn -0.70711315 -0.70710039 0.00000384
vn -0.65327972 -0.65328509 0.38268024
vn -0.27059215 -0.27058864 0.92388403
vn -0.06929819 -0.06930421 0.99518573
vn -0.06929719 -0.06929855 0.99518627
vn -0.06930881 -0.06930287 -0.99518520
vn -0.27059340 -0.27060032 -0.92388022
vn -0.27059418 -0.27059633 -0.92388123
vn -0.65328377 -0.65328145 -0.38267964
vn -0.70711315 -0.70710039 0.00000384
vn -0.70711142 -0.70710218 0.00000356
vn -0.49999934 -0.50001270 0.70709831
vn -0.49999774 -0.50002003 0.70709419
vn -0.27059215 -0.27058864 0.92388403
vn 0.70710546 -0.70710808 -0.00000030
vn 0.70710528 -0.70710832 -0.00000027
vn 0.70710570 -0.70710784 -0.00000021
vn 0.70710152 -0.70711207 -0.00000036
vn 0.70710415 -0.70710939 -0.00000014
vn 0.70710683 -0.70710671 -0.00000004
vn -0.00000020 0.00001497 -1.00000000
vn 0.00000354 0.00001072 -1.00000000
vn -0.00000008 0.00000551 -1.00000000
vn -0.70710802 -0.70710552 0.00000080
vn -0.70710868 -0.70710486 0.00000080
vn -0.70710438 -0.70710915 0.00000079
vn -0.70710731 0.70710629 0.00000021
vn -0.70710725 0.70710635 0.00000072
vn -0.70710528 0.70710832 -0.00000036
vn 0.00000039 -0.00000632 1.00000000
vn -0.06929898 -0.06929684 0.99518621
vn -0.06929706 -0.06928983 0.99518687
vn 0.00000256 -0.00000159 -1.00000000
vn 0.00000550 -0.00001323 -1.00000000
vn -0.00000008 0.00000551 -1.00000000
vn -0.70710725 0.70710635 0.00000072
vn -0.70710421 0.70710933 0.00000068
vn -0.70710641 0.70710719 0.00000040
vn -0.70710588 0.70710772 0.00000014
vn -0.70710522 0.70710838 -0.00000025
vn -0.70710373 0.70710987 0.00000014
vn -0.06930832 -0.06931474 -0.99518430
vn 0.00000256 -0.00000159 -1.00000000
vn 0.00000354 0.00001072 -1.00000000
vn -0.49999902 -0.49999297 -0.70711249
vn -0.50000060 -0.49998456 -0.70711726
vn -0.65328395 -0.65327966 -0.38268226
vn -0.50000232 -0.50000972 0.70709825
vn -0.65329033 -0.65327293 0.38268289
vn -0.65328383 -0.65328008 0.38268179
vn 0.00000039 -0.00001284 1.00000000
vn 0.00000039 -0.00000632 1.00000000
vn 0.00000039 -0.00000554 1.00000000
vn -0.49999902 -0.49999297 -0.70711249
vn -0.27059639 -0.27061132 -0.92387623
vn -0.27059835 -0.27060410 -0.92387772
vn -0.70710838 -0.70710516 0.00000277
vn -0.70710129 -0.70711231 0.00000277
vn -0.65328383 -0.65328008 0.38268179
vn -0.06929898 -0.06929684 0.99518621
vn -0.27059183 -0.27060086 0.92388052
vn -0.27058846 -0.27059290 0.92388386
vn -0.27059639 -0.27061132 -0.92387623
vn -0.06930832 -0.06931474 -0.99518430
vn -0.06931057 -0.06931728 -0.99518406
vn -0.70710838 -0.70710516 0.00000277
vn -0.65328687 -0.65327722 -0.38268158
vn -0.65328395 -0.65327966 -0.38268226
vn -0.27059183 -0.27060086 0.92388052
vn -0.50000232 -0.50000972 0.70709825
vn -0.49999753 -0.50001085 0.70710087
vn -0.70710784 0.70710570 0.00000006
vn -0.70710731 0.70710629 0.00000021
vn -0.70710695 0.70710665 0.00000012
f 1/1/1 2/2/2 3/3/3
f 4/4/4 5/5/5 6/6/6
f 7/7/7 6/8/8 8/9/9
f 9/10/10 5/11/11 10/12/12
f 11/13/13 4/14/14 12/15/15
f 4/16/16 11/17/17 13/18/18
f 14/19/19 4/20/20 15/21/21
f 12/22/22 14/23/23 16/24/24
f 11/25/25 12/26/26 17/27/27
f 13/28/28 11/29/29 18/30/30
f 10/31/31 13/32/32 19/33/33
f 20/34/34 17/35/35 21/36/36
f 16/37/37 22/38/38 23/39/39
f 8/40/40 24/41/41 2/42/42
f 25/43/43 11/44/44 20/45/45
f 26/46/46 16/47/47 23/48/48
f 15/49/49 7/50/50 27/51/51
f 13/52/52 25/53/53 19/54/54
f 17/55/55 26/56/56 21/57/57
f 22/58/58 15/59/59 27/60/60
f 6/61/61 28/62/62 24/63/63
f 29/64/64 30/65/65 31/66/66
f 32/67/67 29/68/68 33/69/69
f 30/70/70 32/71/71 34/72/72
f 35/73/73 30/74/74 36/75/75
f 1/76/76 35/77/77 37/78/78
f 30/79/79 35/80/80 38/81/81
f 38/82/82 35/83/83 1/84/84
f 31/85/85 30/86/86 38/87/87
f 10/88/88 39/89/89 9/90/90
f 8/91/91 37/92/92 10/93/93
f 40/94/94 41/95/95 42/96/96
f 42/97/97 38/98/98 1/99/99
f 40/100/100 39/101/101 37/102/102
f 43/103/103 44/104/104 45/105/105
f 46/106/106 43/107/107 47/108/108
f 48/109/109 46/110/110 49/111/111
f 41/112/112 46/113/113 48/114/114
f 44/115/115 46/116/116 41/117/117
f 45/118/118 44/119/119 50/120/120
f 21/121/121 22/122/122 20/123/123
f 26/124/124 22/125/125 21/126/126
f 22/127/127 26/128/128 23/129/129
f 7/130/130 22/131/131 27/132/132
f 10/133/133 7/134/134 8/135/135
f 22/136/136 7/137/137 19/138/138
f 19/139/139 7/140/140 10/141/141
f 25/142/142 22/143/143 19/144/144
f 44/145/145 37/146/146 35/147/147
f 45/148/148 34/149/149 43/150/150
f 49/151/151 33/152/152 29/153/153
f 51/154/154 1/155/155 3/156/156
f 45/157/157 36/158/158 30/159/159
f 47/160/160 33/161/161 46/162/162
f 41/163/163 31/164/164 38/165/165
f 50/166/166 35/167/167 36/168/168
f 47/169/169 34/170/170 32/171/171
f 48/172/172 29/173/173 31/174/174
f 52/175/175 42/176/176 51/177/177
f 1/178/178 8/179/179 2/180/180
f 4/181/181 13/182/182 5/183/183
f 7/184/184 4/185/185 6/186/186
f 9/187/187 28/188/188 5/189/189
f 12/190/190 4/191/191 14/192/192
f 10/193/193 5/194/194 13/195/195
f 20/196/196 11/197/197 17/198/198
f 16/199/199 14/200/200 22/201/201
f 8/202/202 6/203/203 24/204/204
f 25/205/205 18/206/206 11/207/207
f 26/208/208 12/209/209 16/210/210
f 15/211/211 4/212/212 7/213/213
f 13/214/214 18/215/215 25/216/216
f 17/217/217 12/218/218 26/219/219
f 22/220/220 14/221/221 15/222/222
f 6/223/223 5/224/224 28/225/225
f 30/226/226 29/227/227 32/228/228
f 10/229/229 37/230/230 39/231/231
f 8/232/232 1/233/233 37/234/234
f 40/235/235 44/236/236 41/237/237
f 42/238/238 41/239/239 38/240/240
f 40/241/241 52/242/242 39/243/243
f 44/244/244 43/245/245 46/246/246
f 20/247/247 22/248/248 25/249/249
f 44/250/250 40/251/251 37/252/252
f 45/253/253 30/254/254 34/255/255
f 49/256/256 46/257/257 33/258/258
f 51/259/259 42/260/260 1/261/261
f 45/262/262 50/263/263 36/264/264
f 47/265/265 32/266/266 33/267/267
f 41/268/268 48/269/269 31/270/270
f 50/271/271 44/272/272 35/273/273
f 47/274/274 43/275/275 34/276/276
f 48/277/277 49/278/278 29/279/279
f 52/280/280 40/281/281 42/282/282
f 53/283/283 54/284/284 55/285/285
f 56/286/286 57/287/287 58/288/288
f 59/289/289 60/290/290 57/291/291
f 61/292/292 62/293/293 58/294/294
f 63/295/295 64/296/296 56/297/297
f 56/298/298 65/299/299 63/300/300
f 66/301/301 67/302/302 56/303/303
f 64/304/304 68/305/305 66/306/306
f 63/307/307 69/308/308 64/309/309
f 65/310/310 70/311/311 63/312/312
f 62/313/313 71/314/314 65/315/315
f 72/316/316 73/317/317 69/318/318
f 68/319/319 74/320/320 75/321/321
f 60/322/322 55/323/323 76/324/324
f 77/325/325 72/326/326 63/327/327
f 78/328/328 74/329/329 68/330/330
f 67/331/331 79/332/332 59/333/333
f 65/334/334 71/335/335 77/336/336
f 69/337/337 73/338/338 78/339/339
f 75/340/340 79/341/341 67/342/342
f 57/343/343 76/344/344 80/345/345
f 81/346/346 82/347/347 83/348/348
f 84/349/349 85/350/350 81/351/351
f 83/352/352 86/353/353 84/354/354
f 87/355/355 88/356/356 83/357/357
f 53/358/358 89/359/359 87/360/360
f 83/361/361 90/362/362 87/363/363
f 90/364/364 53/365/365 87/366/366
f 82/367/367 90/368/368 83/369/369
f 62/370/370 61/371/371 91/372/372
f 60/373/373 62/374/374 89/375/375
f 92/376/376 93/377/377 94/378/378
f 93/379/379 53/380/380 90/381/381
f 92/382/382 89/383/383 91/384/384
f 95/385/385 96/386/386 97/387/387
f 98/388/388 99/389/389 95/390/390
f 100/391/391 101/392/392 98/393/393
f 94/394/394 100/395/395 98/396/396
f 97/397/397 94/398/398 98/399/399
f 96/400/400 102/401/401 97/402/402
f 73/403/403 72/404/404 75/405/405
f 78/406/406 73/407/407 75/408/408
f 75/409/409 74/410/410 78/411/411
f 59/412/412 79/413/413 75/414/414
f 62/415/415 60/416/416 59/417/417
f 75/418/418 71/419/419 59/420/420
f 71/421/421 62/422/422 59/423/423
f 77/424/424 71/425/425 75/426/426
f 97/427/427 87/428/428 89/429/429
f 96/430/430 95/431/431 86/432/432
f 101/433/433 81/434/434 85/435/435
f 103/436/436 54/437/437 53/438/438
f 96/439/439 83/440/440 88/441/441
f 99/442/442 98/443/443 85/444/444
f 94/445/445 90/446/446 82/447/447
f 102/448/448 88/449/449 87/450/450
f 99/451/451 84/452/452 86/453/453
f 100/454/454 82/455/455 81/456/456
f 104/457/457 103/458/458 93/459/459
f 53/460/460 55/461/461 60/462/462
f 56/463/463 58/464/464 65/465/465
f 59/466/466 57/467/467 56/468/468
f 61/469/469 58/470/470 80/471/471
f 64/472/472 66/473/473 56/474/474
f 62/475/475 65/476/476 58/477/477
f 72/478/478 69/479/479 63/480/480
f 68/481/481 75/482/482 66/483/483
f 60/484/484 76/485/485 57/486/486
f 77/487/487 63/488/488 70/489/489
f 78/490/490 68/491/491 64/492/492
f 67/493/493 59/494/494 56/495/495
f 65/496/496 77/497/497 70/498/498
f 69/499/499 78/500/500 64/501/501
f 75/502/502 67/503/503 66/504/504
f 57/505/505 80/506/506 58/507/507
f 83/508/508 84/509/509 81/510/510
f 62/511/511 91/512/512 89/513/513
f 60/514/514 89/515/515 53/516/516
f 92/517/517 94/518/518 97/519/519
f 93/520/520 90/521/521 94/522/522
f 92/523/523 91/524/524 104/525/525
f 97/526/526 98/527/527 95/528/528
f 72/529/529 77/530/530 75/531/531
f 97/532/532 89/533/533 92/534/534
f 96/535/535 86/536/536 83/537/537
f 101/538/538 85/539/539 98/540/540
f 103/541/541 53/542/542 93/543/543
f 96/544/544 88/545/545 102/546/546
f 99/547/547 85/548/548 84/549/549
f 94/550/550 82/551/551 100/552/552
f 102/553/553 87/554/554 97/555/555
f 99/556/556 86/557/557 95/558/558
f 100/559/559 81/560/560 101/561/561
f 104/562/562 93/563/563 92/564/564
f 105/565/565 106/566/566 107/567/567
f 108/568/568 109/569/569 110/570/570
f 111/571/571 112/572/572 109/573/573
f 113/574/574 114/575/575 110/576/576
f 115/577/577 116/578/578 108/579/579
f 108/580/580 117/581/581 115/582/582
f 118/583/583 119/584/584 108/585/585
f 116/586/586 120/587/587 118/588/588
f 115/589/589 121/590/590 116/591/591
f 117/592/592 122/593/593 115/594/594
f 114/595/595 123/596/596 117/597/597
f 124/598/598 125/599/599 121/600/600
f 120/601/601 126/602/602 127/603/603
f 112/604/604 107/605/605 128/606/606
f 129/607/607 124/608/608 115/609/609
f 130/610/610 126/611/611 120/612/612
f 119/613/613 131/614/614 111/615/615
f 117/616/616 123/617/617 129/618/618
f 121/619/619 125/620/620 130/621/621
f 127/622/622 131/623/623 119/624/624
f 109/625/625 128/626/626 132/627/627
f 133/628/628 134/629/629 135/630/630
f 136/631/631 137/632/632 133/633/633
f 135/634/634 138/635/635 136/636/636
f 139/637/637 140/638/638 135/639/639
f 105/640/640 141/641/641 139/642/642
f 135/643/643 142/644/644 139/645/645
f 142/646/646 105/647/647 139/648/648
f 134/649/649 142/650/650 135/651/651
f 114/652/652 113/653/653 143/654/654
f 112/655/655 114/656/656 141/657/657
f 144/658/658 145/659/659 146/660/660
f 145/661/661 105/662/662 142/663/663
f 144/664/664 141/665/665 143/666/666
f 147/667/667 148/668/668 149/669/669
f 150/670/670 151/671/671 147/672/672
f 152/673/673 153/674/674 150/675/675
f 146/676/676 152/677/677 150/678/678
f 149/679/679 146/680/680 150/681/681
f 148/682/682 154/683/683 149/684/684
f 125/685/685 124/686/686 127/687/687
f 130/688/688 125/689/689 127/690/690
f 127/691/691 126/692/692 130/693/693
f 111/694/694 131/695/695 127/696/696
f 114/697/697 112/698/698 111/699/699
f 127/700/700 123/701/701 111/702/702
f 123/703/703 114/704/704 111/705/705
f 129/706/706 123/707/707 127/708/708
f 149/709/709 139/710/710 141/711/711
f 148/712/712 147/713/713 138/714/714
f 153/715/715 133/716/716 137/717/717
f 155/718/718 106/719/719 105/720/720
f 148/721/721 135/722/722 140/723/723
f 151/724/724 150/725/725 137/726/726
f 146/727/727 142/728/728 134/729/729
f 154/730/730 140/731/731 139/732/732
f 151/733/733 136/734/734 138/735/735
f 152/736/736 134/737/737 133/738/738
f 156/739/739 155/740/740 145/741/741
f 105/742/742 107/743/743 112/744/744
f 108/745/745 110/746/746 117/747/747
f 111/748/748 109/749/749 108/750/750
f 113/751/751 110/752/752 132/753/753
f 116/754/754 118/755/755 108/756/756
f 114/757/757 117/758/758 110/759/759
f 124/760/760 121/761/761 115/762/762
f 120/763/763 127/764/764 118/765/765
f 112/766/766 128/767/767 109/768/768
f 129/769/769 115/770/770 122/771/771
f 130/772/772 120/773/773 116/774/774
f 119/775/775 111/776/776 108/777/777
f 117/778/778 129/779/779 122/780/780
f 121/781/781 130/782/782 116/783/783
f 127/784/784 119/785/785 118/786/786
f 109/787/787 132/788/788 110/789/789
f 135/790/790 136/791/791 133/792/792
f 114/793/793 143/794/794 141/795/795
f 112/796/796 141/797/797 105/798/798
f 144/799/799 146/800/800 149/801/801
f 145/802/802 142/803/803 146/804/804
f 144/805/805 143/806/806 156/807/807
f 149/808/808 150/809/809 147/810/810
f 124/811/811 129/812/812 127/813/813
f 149/814/814 141/815/815 144/816/816
f 148/817/817 138/818/818 135/819/819
f 153/820/820 137/821/821 150/822/822
f 155/823/823 105/824/824 145/825/825
f 148/826/826 140/827/827 154/828/828
f 151/829/829 137/830/830 136/831/831
f 146/832/832 134/833/833 152/834/834
f 154/835/835 139/836/836 149/837/837
f 151/838/838 138/839/839 147/840/840
f 152/841/841 133/842/842 153/843/843
f 156/844/844 145/845/845 144/846/846
f 157/847/847 158/848/848 159/849/849
f 160/850/850 161/851/851 162/852/852
f 163/853/853 162/854/854 164/855/855
f 165/856/856 161/857/857 166/858/858
f 167/859/859 160/860/860 168/861/861
f 160/862/862 167/863/863 169/864/864
f 170/865/865 160/866/866 171/867/867
f 168/868/868 170/869/869 172/870/870
f 167/871/871 168/872/872 173/873/873
f 169/874/874 167/875/875 174/876/876
f 166/877/877 169/878/878 175/879/879
f 176/880/880 173/881/881 177/882/882
f 172/883/883 178/884/884 179/885/885
f 164/886/886 180/887/887 158/888/888
f 181/889/889 167/890/890 176/891/891
f 182/892/892 172/893/893 179/894/894
f 171/895/895 163/896/896 183/897/897
f 169/898/898 181/899/899 175/900/900
f 173/901/901 182/902/902 177/903/903
f 178/904/904 171/905/905 183/906/906
f 162/907/907 184/908/908 180/909/909
f 185/910/910 186/911/911 187/912/912
f 188/913/913 185/914/914 189/915/915
f 186/916/916 188/917/917 190/918/918
f 191/919/919 186/920/920 192/921/921
f 157/922/922 191/923/923 193/924/924
f 186/925/925 191/926/926 194/927/927
f 194/928/928 191/929/929 157/930/930
f 187/931/931 186/932/932 194/933/933
f 166/934/934 195/935/935 165/936/936
f 164/937/937 193/938/938 166/939/939
f 196/940/940 197/941/941 198/942/942
f 198/943/943 194/944/944 157/945/945
f 196/946/946 195/947/947 193/948/948
f 199/949/949 200/950/950 201/951/951
f 202/952/952 199/953/953 203/954/954
f 204/955/955 202/956/956 205/957/957
f 197/958/958 202/959/959 204/960/960
f 200/961/961 202/962/962 197/963/963
f 201/964/964 200/965/965 206/966/966
f 177/967/967 178/968/968 176/969/969
f 182/970/970 178/971/971 177/972/972
f 178/973/973 182/974/974 179/975/975
f 163/976/976 178/977/977 183/978/978
f 166/979/979 163/980/980 164/981/981
f 178/982/982 163/983/983 175/984/984
f 175/985/985 163/986/986 166/987/987
f 181/988/988 178/989/989 175/990/990
f 200/991/991 193/992/992 191/993/993
f 201/994/994 190/995/995 199/996/996
f 205/997/997 189/998/998 185/999/999
f 207/1000/1000 157/1001/1001 159/1002/1002
f 201/1003/1003 192/1004/1004 186/1005/1005
f 203/1006/1006 189/1007/1007 202/1008/1008
f 197/1009/1009 187/1010/1010 194/1011/1011
f 206/1012/1012 191/1013/1013 192/1014/1014
f 203/1015/1015 190/1016/1016 188/1017/1017
f 204/1018/1018 185/1019/1019 187/1020/1020
f 208/1021/1021 198/1022/1022 207/1023/1023
f 157/1024/1024 164/1025/1025 158/1026/1026
f 160/1027/1027 169/1028/1028 161/1029/1029
f 163/1030/1030 160/1031/1031 162/1032/1032
f 165/1033/1033 184/1034/1034 161/1035/1035
f 168/1036/1036 160/1037/1037 170/1038/1038
f 166/1039/1039 161/1040/1040 169/1041/1041
f 176/1042/1042 167/1043/1043 173/1044/1044
f 172/1045/1045 170/1046/1046 178/1047/1047
f 164/1048/1048 162/1049/1049 180/1050/1050
f 181/1051/1051 174/1052/1052 167/1053/1053
f 182/1054/1054 168/1055/1055 172/1056/1056
f 171/1057/1057 160/1058/1058 163/1059/1059
f 169/1060/1060 174/1061/1061 181/1062/1062
f 173/1063/1063 168/1064/1064 182/1065/1065
f 178/1066/1066 170/1067/1067 171/1068/1068
f 162/1069/1069 161/1070/1070 184/1071/1071
f 186/1072/1072 185/1073/1073 188/1074/1074
f 166/1075/1075 193/1076/1076 195/1077/1077
f 164/1078/1078 157/1079/1079 193/1080/1080
f 196/1081/1081 200/1082/1082 197/1083/1083
f 198/1084/1084 197/1085/1085 194/1086/1086
f 196/1087/1087 208/1088/1088 195/1089/1089
f 200/1090/1090 199/1091/1091 202/1092/1092
f 176/1093/1093 178/1094/1094 181/1095/1095
f 200/1096/1096 196/1097/1097 193/1098/1098
f 201/1099/1099 186/1100/1100 190/1101/1101
f 205/1102/1102 202/1103/1103 189/1104/1104
f 207/1105/1105 198/1106/1106 157/1107/1107
f 201/1108/1108 206/1109/1109 192/1110/1110
f 203/1111/1111 188/1112/1112 189/1113/1113
f 197/1114/1114 204/1115/1115 187/1116/1116
f 206/1117/1117 200/1118/1118 191/1119/1119
f 203/1120/1120 199/1121/1121 190/1122/1122
f 204/1123/1123 205/1124/1124 185/1125/1125
f 208/1126/1126 196/1127/1127 198/1128/1128
g booster_cylinder_007
v -0.09616397 0.05605519 -2.64537716
v -0.09616396 0.05605519 -2.62161446
v -0.09058450 0.07444823 -2.62161446
v 0.08152187 -0.01754463 -2.64537716
v 0.08152188 -0.01754463 -2.62161446
v 0.06932850 -0.03240228 -2.62161446
v -0.09804790 0.03692722 -2.64537716
v -0.09804789 0.03692722 -2.62161446
v 0.09058236 -0.00059366 -2.64537716
v 0.09058238 -0.00059366 -2.62161446
v -0.09616397 0.01779926 -2.64537716
v -0.09616396 0.01779926 -2.62161446
v 0.09616182 0.01779926 -2.64537716
v 0.09616183 0.01779926 -2.62161446
v -0.09058454 -0.00059366 -2.64537716
v -0.09058452 -0.00059366 -2.62161446
v 0.09804576 0.03692722 -2.64537716
v 0.09804577 0.03692722 -2.62161446
v -0.08152404 -0.01754463 -2.64537716
v -0.08152404 -0.01754463 -2.62161446
v 0.09616182 0.05605519 -2.64537716
v 0.09616183 0.05605519 -2.62161446
v -0.06933067 -0.03240228 -2.64537716
v -0.06933066 -0.03240228 -2.62161446
v 0.09058237 0.07444811 -2.64537716
v 0.09058238 0.07444811 -2.62161446
v -0.05447300 -0.04459572 -2.64537716
v -0.05447299 -0.04459572 -2.62161446
v 0.08152185 0.09139919 -2.64537716
v 0.08152187 0.09139919 -2.62161446
v -0.03752196 -0.05365622 -2.64537716
v -0.03752195 -0.05365622 -2.62161446
v -0.01912905 0.13309014 -2.64537716
v -0.01912904 0.13309014 -2.62161446
v -0.00000109 0.13497412 -2.62161446
v 0.06932851 0.10625684 -2.64537716
v 0.06932852 0.10625684 -2.62161446
v -0.01912905 -0.05923557 -2.64537716
v -0.01912905 -0.05923557 -2.62161446
v -0.03752198 0.12751067 -2.64537716
v -0.03752197 0.12751067 -2.62161446
v 0.05447083 0.11845016 -2.64537716
v 0.05447084 0.11845016 -2.62161446
v -0.00000110 -0.06111956 -2.64537716
v -0.00000109 -0.06111956 -2.62161446
v -0.05447300 0.11845028 -2.64537716
v -0.05447299 0.11845028 -2.62161446
v 0.03751983 0.12751067 -2.64537716
v 0.03751984 0.12751067 -2.62161446
v 0.01912688 -0.05923557 -2.64537716
v 0.01912689 -0.05923557 -2.62161446
v -0.06933061 0.10625684 -2.64537716
v -0.06933060 0.10625684 -2.62161446
v 0.01912690 0.13309014 -2.64537716
v 0.01912691 0.13309014 -2.62161446
v 0.03751979 -0.05365622 -2.64537716
v 0.03751981 -0.05365622 -2.62161446
v -0.08152401 0.09139919 -2.64537716
v -0.08152399 0.09139919 -2.62161446
v -0.00000110 0.13497412 -2.64537716
v 0.05447080 -0.04459572 -2.64537716
v 0.05447081 -0.04459572 -2.62161446
v -0.09058451 0.07444811 -2.64537716
v -0.00000107 0.20422256 -2.64537716
v -0.03263876 0.20100808 -2.64537716
v -0.06402223 0.19148803 -2.64537716
v -0.09294540 0.17602825 -2.64537716
v -0.11829675 0.15522289 -2.64537716
v -0.13910207 0.12987161 -2.64537716
v -0.15456177 0.10094845 -2.64537716
v -0.16408187 0.06956494 -2.64537716
v -0.16729644 0.03692722 -2.64537716
v -0.16408189 0.00428951 -2.64537716
v -0.15456182 -0.02709389 -2.64537716
v -0.13910209 -0.05601704 -2.64537716
v -0.11829675 -0.08136833 -2.64537716
v -0.09294543 -0.10217369 -2.64537716
v -0.06402224 -0.11763346 -2.64537716
v -0.03263878 -0.12715352 -2.64537716
v -0.00000111 -0.13036811 -2.64537716
v 0.03263660 -0.12715352 -2.64537716
v 0.06402007 -0.11763346 -2.64537716
v 0.09294319 -0.10217369 -2.64537716
v 0.06932849 -0.03240228 -2.64537716
v 0.11829458 -0.08136845 -2.64537716
v 0.13909991 -0.05601704 -2.64537716
v 0.15455966 -0.02709389 -2.64537716
v 0.16407974 0.00428951 -2.64537716
v 0.16729426 0.03692722 -2.64537716
v 0.16407976 0.06956494 -2.64537716
v 0.15455966 0.10094845 -2.64537716
v 0.13909993 0.12987161 -2.64537716
v 0.11829460 0.15522289 -2.64537716
v 0.09294325 0.17602825 -2.64537716
v 0.06402010 0.19148803 -2.64537716
v 0.03263663 0.20100808 -2.64537716
v 0.11829459 -0.08136845 -2.63034987
v -0.16408187 0.06956494 -2.63034987
v 0.13909991 -0.05601704 -2.63034987
v -0.16729642 0.03692734 -2.63034964
v 0.15455966 -0.02709389 -2.63034987
v -0.16408187 0.00428963 -2.63034964
v 0.16407976 0.00428951 -2.63034987
v -0.15456182 -0.02709389 -2.63034964
v 0.16729428 0.03692722 -2.63035011
v -0.13910209 -0.05601704 -2.63034964
v 0.16407976 0.06956494 -2.63035011
v -0.11829674 -0.08136833 -2.63034964
v 0.15455966 0.10094845 -2.63035011
v -0.09294542 -0.10217369 -2.63034964
v 0.13909993 0.12987161 -2.63035011
v -0.06402224 -0.11763346 -2.63034987
v -0.03263875 0.20100808 -2.63034987
v 0.11829461 0.15522289 -2.63035011
v -0.03263878 -0.12715352 -2.63034987
v -0.06402223 0.19148803 -2.63034987
v 0.09294326 0.17602825 -2.63035011
v -0.00000111 -0.13036811 -2.63034987
v -0.09294540 0.17602825 -2.63034987
v 0.06402010 0.19148803 -2.63034987
v 0.03263661 -0.12715352 -2.63034987
v -0.11829674 0.15522289 -2.63034987
v 0.03263664 0.20100808 -2.63034987
v 0.06402007 -0.11763346 -2.63034987
v -0.13910207 0.12987161 -2.63034987
v -0.00000107 0.20422256 -2.63034987
v 0.09294320 -0.10217369 -2.63034987
v -0.00000106 0.23000526 -2.63034987
v -0.03766868 0.22629535 -2.63034987
v -0.07388879 0.21530807 -2.63034987
v -0.10726946 0.19746578 -2.63034987
v -0.13652782 0.17345405 -2.63034987
v -0.16053954 0.14419556 -2.63034987
v -0.15456177 0.10094845 -2.63034987
v -0.17838185 0.11081505 -2.63034987
v -0.18936910 0.07459497 -2.63034964
v -0.19307904 0.03692734 -2.63034964
v -0.18936910 -0.00074041 -2.63034964
v -0.17838186 -0.03696048 -2.63034964
v -0.16053954 -0.07034111 -2.63034964
v -0.13652781 -0.09959948 -2.63034964
v -0.10726948 -0.12361121 -2.63034964
v -0.07388883 -0.14145350 -2.63034964
v -0.03766872 -0.15244079 -2.63035011
v -0.00000111 -0.15615070 -2.63035011
v 0.03766655 -0.15244079 -2.63035011
v 0.07388666 -0.14145350 -2.63034987
v 0.10726727 -0.12361121 -2.63034987
v 0.13652565 -0.09959948 -2.63034987
v 0.16053738 -0.07034111 -2.63034987
v 0.17837968 -0.03696048 -2.63034987
v 0.18936697 -0.00074041 -2.63035011
v 0.19307689 0.03692722 -2.63035011
v 0.18936697 0.07459486 -2.63035011
v 0.17837970 0.11081505 -2.63035011
v 0.16053739 0.14419568 -2.63035011
v 0.13652568 0.17345405 -2.63035011
v 0.10726731 0.19746578 -2.63035011
v 0.07388669 0.21530807 -2.63035011
v 0.03766659 0.22629523 -2.63034987
v -0.08797266 0.07336605 -3.42441177
v -0.08797266 0.07336605 -3.43567944
v -0.09339121 0.05550361 -3.43567944
v 0.06732892 -0.03040314 -3.42441177
v 0.06732892 -0.03040314 -3.43567944
v 0.07917069 -0.01597393 -3.43567944
v -0.09339121 0.05550361 -3.42441177
v -0.09522083 0.03692710 -3.43567944
v 0.07917069 -0.01597393 -3.42441177
v 0.08796990 0.00048828 -3.43567944
v -0.09522083 0.03692710 -3.42441177
v -0.09339122 0.01835072 -3.43567944
v 0.09338844 0.01835072 -3.42441177
v 0.08796991 0.00048828 -3.42441177
v -0.09339121 0.01835072 -3.42441177
v -0.08797267 0.00048828 -3.43567944
v 0.09338843 0.01835072 -3.43567944
v 0.09521805 0.03692710 -3.43567944
v -0.08797266 0.00048828 -3.42441177
v -0.07917344 -0.01597393 -3.43567944
v 0.09521805 0.03692710 -3.42441177
v 0.09338844 0.05550349 -3.43567944
v -0.07917344 -0.01597393 -3.42441177
v -0.06733169 -0.03040314 -3.43567944
v 0.08796989 0.07336605 -3.42441177
v 0.09338844 0.05550349 -3.42441177
v -0.06733169 -0.03040314 -3.42441177
v -0.05290248 -0.04224491 -3.43567944
v 0.08796989 0.07336605 -3.43567944
v 0.07917069 0.08982825 -3.43567944
v -0.05290247 -0.04224491 -3.42441177
v -0.03644029 -0.05104411 -3.43567944
v -0.01857776 0.13031697 -3.42441177
v -0.00000138 0.13214660 -3.42441177
v -0.00000138 0.13214660 -3.43567944
v 0.07917070 0.08982825 -3.42441177
v 0.06732893 0.10425746 -3.43567944
v -0.03644029 -0.05104411 -3.42441177
v -0.01857778 -0.05646265 -3.43567944
v -0.01857776 0.13031697 -3.43567944
v -0.03644028 0.12489843 -3.43567944
v 0.06732894 0.10425746 -3.42441177
v 0.05289970 0.11609924 -3.43567944
v -0.01857777 -0.05646265 -3.42441177
v -0.00000141 -0.05829227 -3.43567944
v -0.03644027 0.12489843 -3.42441177
v -0.05290246 0.11609924 -3.43567944
v 0.05289971 0.11609924 -3.42441177
v 0.03643752 0.12489843 -3.43567944
v -0.00000140 -0.05829227 -3.42441177
v 0.01857499 -0.05646265 -3.43567944
v -0.05290246 0.11609924 -3.42441177
v -0.06733170 0.10425746 -3.43567944
v 0.03643752 0.12489843 -3.42441177
v 0.01857501 0.13031697 -3.43567944
v 0.01857500 -0.05646265 -3.42441177
v 0.03643750 -0.05104411 -3.43567944
v -0.06733169 0.10425746 -3.42441177
v -0.07917347 0.08982825 -3.43567944
v 0.01857501 0.13031697 -3.42441177
v 0.03643751 -0.05104411 -3.42441177
v 0.05289968 -0.04224491 -3.43567944
v -0.07917346 0.08982825 -3.42441177
v 0.03178958 0.19675100 -3.39400458
v -0.04529712 0.26464462 -3.35767555
v -0.00000134 0.26910591 -3.35767555
v -0.00000136 0.19988215 -3.39400458
v -0.03179229 0.19675100 -3.39400458
v -0.06236153 0.18747795 -3.39400458
v -0.08885224 0.25143218 -3.35767555
v -0.09053430 0.17241931 -3.39400458
v -0.12899289 0.22997665 -3.35767555
v -0.11522796 0.15215373 -3.39400458
v -0.16417646 0.20110226 -3.35767555
v -0.13549350 0.12746012 -3.39400458
v -0.19305086 0.16591871 -3.35767555
v -0.15055214 0.09928739 -3.39400458
v -0.22771876 0.08222306 -3.35767555
v -0.21450643 0.12577808 -3.35767555
v -0.15982522 0.06871808 -3.39400458
v -0.16295636 0.03692722 -3.39400434
v -0.23217998 0.03692722 -3.35767555
v -0.15982522 0.00513625 -3.39400434
v -0.22771877 -0.00836861 -3.35767555
v -0.15055215 -0.02543306 -3.39400434
v -0.19305080 -0.09206438 -3.35767555
v -0.21450645 -0.05192375 -3.35767555
v -0.13549349 -0.05360579 -3.39400482
v -0.11522795 -0.07829940 -3.39400482
v -0.16417643 -0.12724793 -3.35767555
v -0.09053432 -0.09856498 -3.39400482
v -0.08885228 -0.17757797 -3.35767555
v -0.12899292 -0.15612233 -3.35767555
v -0.06236156 -0.11362362 -3.39400482
v -0.03179232 -0.12289667 -3.39400482
v -0.04529717 -0.19079030 -3.35767555
v -0.00000140 -0.12602782 -3.39400482
v -0.00000140 -0.19525146 -3.35767579
v 0.03178955 -0.12289667 -3.39400482
v 0.08884954 -0.17757797 -3.35767579
v 0.04529442 -0.19079030 -3.35767579
v 0.06235880 -0.11362362 -3.39400482
v 0.09053155 -0.09856498 -3.39400482
v 0.16417371 -0.12724793 -3.35767579
v 0.12899014 -0.15612233 -3.35767579
v 0.11522521 -0.07829940 -3.39400482
v 0.13549075 -0.05360579 -3.39400482
v 0.21450371 -0.05192375 -3.35767555
v 0.19304815 -0.09206438 -3.35767579
v 0.15054940 -0.02543306 -3.39400458
v 0.15982248 0.00513613 -3.39400458
v 0.22771603 -0.00836861 -3.35767555
v 0.16295363 0.03692710 -3.39400482
v 0.22771604 0.08222294 -3.35767555
v 0.23217727 0.03692710 -3.35767555
v 0.21450372 0.12577808 -3.35767555
v 0.15982248 0.06871808 -3.39400482
v 0.15054940 0.09928727 -3.39400482
v 0.13549076 0.12746012 -3.39400482
v 0.19304813 0.16591871 -3.35767555
v 0.11522523 0.15215373 -3.39400482
v 0.16417374 0.20110226 -3.35767555
v 0.09053160 0.17241931 -3.39400482
v 0.12899020 0.22997665 -3.35767555
v 0.06235882 0.18747795 -3.39400458
v 0.08884958 0.25143218 -3.35767555
v 0.04529446 0.26464462 -3.35767555
v -0.11073541 -0.23040843 -3.32265282
v -0.16076230 -0.20366859 -3.32265282
v 0.24059439 0.19768798 -3.32265329
v -0.11073536 0.30426288 -3.32265306
v -0.05645303 0.32072926 -3.32265306
v 0.20460850 0.24153697 -3.32265329
v -0.00000140 -0.25243485 -3.32265306
v -0.05645308 -0.24687481 -3.32265282
v 0.16075958 0.27752280 -3.32265329
v -0.16076225 0.27752280 -3.32265306
v 0.11073272 0.30426264 -3.32265329
v 0.11073269 -0.23040843 -3.32265306
v 0.05645035 -0.24687481 -3.32265306
v -0.24059708 0.19768798 -3.32265282
v -0.20461118 0.24153697 -3.32265306
v -0.00000133 0.32628918 -3.32265306
v 0.16075951 -0.20366859 -3.32265306
v -0.26733696 0.14766133 -3.32265282
v 0.20460846 -0.16768277 -3.32265306
v -0.28380331 0.09337890 -3.32265282
v 0.26733428 -0.07380688 -3.32265329
v 0.24059437 -0.12383378 -3.32265329
v -0.28936332 0.03692722 -3.32265282
v -0.28380331 -0.01952457 -3.32265282
v 0.28936064 0.03692710 -3.32265329
v 0.28380063 -0.01952457 -3.32265329
v -0.26733696 -0.07380688 -3.32265282
v 0.28380063 0.09337890 -3.32265329
v -0.20461120 -0.16768265 -3.32265282
v -0.24059702 -0.12383378 -3.32265282
v 0.26733428 0.14766121 -3.32265329
v 0.05289968 -0.04224491 -3.42441177
v 0.05645040 0.32072902 -3.32265329
v 0.17123440 -0.21934533 -3.27940607
v -0.28475600 0.15487647 -3.27940607
v 0.21794046 -0.18101466 -3.27940607
v -0.30229527 0.09705722 -3.27940607
v 0.25627112 -0.13430858 -3.27940607
v -0.30229530 -0.02320290 -3.27940607
v -0.30821759 0.03692722 -3.27940607
v 0.30229262 -0.02320290 -3.27940607
v 0.28475335 -0.08102214 -3.27940607
v -0.28475603 -0.08102214 -3.27940607
v 0.30821490 0.03692710 -3.27940607
v -0.25627375 -0.13430870 -3.27940607
v 0.30229264 0.09705710 -3.27940607
v -0.21794312 -0.18101466 -3.27940607
v 0.25627112 0.20816290 -3.27940607
v 0.28475338 0.15487635 -3.27940607
v -0.11795061 -0.24782753 -3.27940607
v -0.17123716 -0.21934521 -3.27940607
v -0.06013129 0.33922124 -3.27940607
v -0.00000130 0.34514332 -3.27940607
v 0.17123447 0.29319954 -3.27940607
v 0.21794049 0.25486898 -3.27940607
v -0.00000139 -0.27128911 -3.27940607
v -0.06013134 -0.26536679 -3.27940607
v -0.11795056 0.32168198 -3.27940607
v 0.11794795 0.32168174 -3.27940607
v -0.17123711 0.29319954 -3.27940607
v 0.06012865 -0.26536679 -3.27940607
v -0.25627378 0.20816290 -3.27940607
v -0.21794316 0.25486898 -3.27940607
v 0.06012870 0.33922124 -3.27940607
v 0.11794791 -0.24782753 -3.27940607
v -0.28796831 0.15620708 -3.18887997
v -0.06080963 -0.26877701 -3.18887997
v 0.31169200 0.03692710 -3.18887997
v -0.11928111 0.32489419 -3.18887997
v -0.25916472 -0.13624036 -3.18887997
v 0.22039910 -0.18347323 -3.18887997
v 0.17316623 0.29609060 -3.18887997
v -0.30570543 0.09773552 -3.18887997
v 0.06080702 -0.26877701 -3.18887997
v -0.00000135 -0.27476609 -3.18887997
v 0.30570287 0.09773552 -3.18887997
v -0.17316879 0.29609060 -3.18887997
v -0.22040170 -0.18347323 -3.18887997
v 0.25916216 -0.13624036 -3.18887997
v 0.11927858 0.32489419 -3.18887997
v -0.31169456 0.03692722 -3.18887997
v 0.28796574 0.15620697 -3.18887997
v -0.22040173 0.25732756 -3.18887997
v -0.17316884 -0.22223628 -3.18887997
v 0.28796571 -0.08235264 -3.18887997
v -0.00000127 0.34862041 -3.18887997
v 0.06080707 0.34263134 -3.18887997
v -0.30570546 -0.02388120 -3.18887997
v 0.11927854 -0.25103986 -3.18887997
v 0.25916219 0.21009469 -3.18887997
v -0.25916481 0.21009469 -3.18887997
v -0.11928117 -0.25103986 -3.18887997
v 0.30570284 -0.02388120 -3.18887997
v -0.06080958 0.34263134 -3.18887973
v -0.28796834 -0.08235264 -3.18887997
v 0.17316617 -0.22223628 -3.18887997
v -0.00000109 0.32175779 -2.72168636
v -0.00000108 0.30791879 -2.70013189
v 0.05286675 0.30271173 -2.70013189
v -0.05915472 0.33431268 -2.76264381
v -0.05556875 0.31628489 -2.72168636
v -0.11603515 0.31705832 -2.76264381
v -0.10900103 0.30007648 -2.72168636
v -0.16845644 0.28903842 -2.76264381
v -0.15824451 0.27375531 -2.72168636
v -0.21440411 0.25133014 -2.76264381
v -0.20140673 0.23833287 -2.72168636
v -0.25211236 0.20538259 -2.76264381
v -0.23682909 0.19517064 -2.72168636
v -0.28013209 0.15296137 -2.76264381
v -0.26315019 0.14592731 -2.72168636
v -0.29738656 0.09608090 -2.76264381
v -0.27935874 0.09249496 -2.72168636
v -0.30321270 0.03692722 -2.76264381
v -0.28483167 0.03692722 -2.72168636
v -0.29738656 -0.02222633 -2.76264381
v -0.27935874 -0.01864040 -2.72168636
v -0.28013211 -0.07910681 -2.76264381
v -0.26315024 -0.07207274 -2.72168636
v -0.25211233 -0.13152814 -2.76264381
v -0.23682907 -0.12131619 -2.72168636
v -0.21440409 -0.17747569 -2.76264381
v -0.20140673 -0.16447830 -2.72168636
v -0.16845648 -0.21518397 -2.76264381
v -0.15824455 -0.19990063 -2.72168636
v -0.11603520 -0.24320364 -2.76264381
v -0.10900107 -0.22622180 -2.72168636
v -0.05915478 -0.26045823 -2.76264381
v -0.05556880 -0.24243033 -2.72168636
v -0.00000118 -0.26628435 -2.76264405
v -0.00000116 -0.24790323 -2.72168636
v 0.05915248 -0.26045823 -2.76264405
v 0.05556654 -0.24243033 -2.72168636
v 0.11603291 -0.24320376 -2.76264405
v 0.10899883 -0.22622180 -2.72168636
v 0.16845419 -0.21518397 -2.76264405
v 0.15824223 -0.19990075 -2.72168636
v 0.21440183 -0.17747569 -2.76264405
v 0.20140450 -0.16447842 -2.72168636
v 0.25211012 -0.13152814 -2.76264381
v 0.23682685 -0.12131619 -2.72168636
v 0.28012985 -0.07910681 -2.76264381
v 0.26314801 -0.07207274 -2.72168636
v 0.29738429 -0.02222645 -2.76264381
v 0.27935654 -0.01864052 -2.72168636
v 0.30321044 0.03692722 -2.76264381
v 0.28482947 0.03692722 -2.72168636
v 0.29738429 0.09608090 -2.76264381
v 0.27935654 0.09249496 -2.72168636
v 0.28012985 0.15296125 -2.76264381
v 0.26314801 0.14592719 -2.72168636
v 0.25211009 0.20538247 -2.76264381
v 0.23682685 0.19517064 -2.72168636
v 0.21440187 0.25133014 -2.76264381
v 0.20140454 0.23833287 -2.72168636
v 0.16845423 0.28903842 -2.76264381
v 0.15824230 0.27375531 -2.72168636
v 0.11603294 0.31705809 -2.76264381
v 0.10899886 0.30007648 -2.72168636
v 0.05915254 0.33431268 -2.76264381
v 0.05556660 0.31628489 -2.72168636
v -0.00000110 0.34013891 -2.76264381
v 0.04283223 0.25226474 -2.64582729
v -0.00000106 0.25648355 -2.64582729
v -0.00000107 0.29009962 -2.67510271
v -0.04939252 0.28523493 -2.67510271
v -0.04283433 0.25226474 -2.64582729
v -0.09688590 0.27082801 -2.67510271
v -0.08402159 0.23977077 -2.64582729
v -0.14065607 0.24743235 -2.67510271
v -0.12197997 0.21948159 -2.64582729
v -0.17902096 0.21594715 -2.67510271
v -0.15525077 0.19217694 -2.64582729
v -0.21050616 0.17758226 -2.67510271
v -0.18255539 0.15890610 -2.64582729
v -0.23390177 0.13381219 -2.67510271
v -0.20284456 0.12094784 -2.64582729
v -0.24830875 0.08631873 -2.67510271
v -0.21533857 0.07976055 -2.64582729
v -0.25317338 0.03692734 -2.67510271
v -0.21955732 0.03692734 -2.64582729
v -0.24830876 -0.01246417 -2.67510271
v -0.21533859 -0.00590599 -2.64582729
v -0.23390180 -0.05995762 -2.67510271
v -0.20284458 -0.04709327 -2.64582729
v -0.21050613 -0.10372782 -2.67510271
v -0.18255539 -0.08505166 -2.64582729
v -0.17902094 -0.14209259 -2.67510271
v -0.15525077 -0.11832237 -2.64582729
v -0.14065611 -0.17357779 -2.67510271
v -0.12198000 -0.14562702 -2.64582729
v -0.09688595 -0.19697344 -2.67510271
v -0.08402163 -0.16591620 -2.64582729
v -0.04939256 -0.21138036 -2.67510271
v -0.04283438 -0.17841029 -2.64582729
v -0.00000114 -0.21624506 -2.67510271
v -0.00000112 -0.18262899 -2.64582729
v 0.04939035 -0.21138036 -2.67510271
v 0.04283218 -0.17841029 -2.64582729
v 0.09688374 -0.19697344 -2.67510271
v 0.08401944 -0.16591620 -2.64582729
v 0.14065385 -0.17357790 -2.67510271
v 0.12197778 -0.14562714 -2.64582729
v 0.17901875 -0.14209259 -2.67510271
v 0.15524860 -0.11832249 -2.64582729
v 0.21050397 -0.10372770 -2.67510271
v 0.18255323 -0.08505166 -2.64582729
v 0.23389959 -0.05995762 -2.67510271
v 0.20284243 -0.04709327 -2.64582729
v 0.24830656 -0.01246428 -2.67510271
v 0.21533641 -0.00590599 -2.64582729
v 0.25317118 0.03692722 -2.67510271
v 0.21955514 0.03692722 -2.64582729
v 0.24830657 0.08631873 -2.67510271
v 0.21533643 0.07976055 -2.64582729
v 0.23389961 0.13381207 -2.67510271
v 0.20284241 0.12094772 -2.64582729
v 0.21050395 0.17758226 -2.67510271
v 0.18255325 0.15890610 -2.64582729
v 0.17901878 0.21594715 -2.67510271
v 0.15524863 0.19217694 -2.64582729
v 0.14065391 0.24743223 -2.67510271
v 0.12197783 0.21948159 -2.64582729
v 0.09688377 0.27082801 -2.67510271
v 0.08401946 0.23977077 -2.64582729
v 0.04939039 0.28523493 -2.67510271
v -0.26578563 -0.01594055 -2.70013189
v 0.26578343 -0.01594055 -2.70013189
v -0.25036466 -0.06677675 -2.70013189
v 0.27099049 0.03692722 -2.70013189
v -0.22532237 -0.11362767 -2.70013189
v 0.26578343 0.08979511 -2.70013189
v -0.19162108 -0.15469277 -2.70013189
v 0.25036246 0.14063120 -2.70013189
v -0.15055600 -0.18839395 -2.70013189
v 0.22532018 0.18748212 -2.70013189
v -0.10370511 -0.21343625 -2.70013189
v -0.05286890 0.30271196 -2.70013189
v 0.19161890 0.22854722 -2.70013189
v -0.05286894 -0.22885728 -2.70013189
v -0.10370506 0.28729081 -2.70013189
v 0.15055378 0.26224852 -2.70013189
v -0.00000115 -0.23406434 -2.70013213
v -0.15055597 0.26224852 -2.70013189
v 0.10370293 0.28729081 -2.70013189
v 0.05286670 -0.22885728 -2.70013213
v -0.19162112 0.22854722 -2.70013189
v 0.10370290 -0.21343625 -2.70013213
v -0.22532238 0.18748212 -2.70013189
v 0.15055372 -0.18839407 -2.70013213
v -0.25036466 0.14063132 -2.70013189
v 0.19161887 -0.15469277 -2.70013213
v -0.26578563 0.08979511 -2.70013189
v 0.22532018 -0.11362767 -2.70013189
v -0.27099270 0.03692722 -2.70013189
v 0.25036246 -0.06677675 -2.70013189
v -0.11928101 -0.25103974 -2.79464722
v -0.06080948 -0.26877689 -2.79464722
v -0.06080943 0.34263134 -2.79464698
v -0.11928096 0.32489419 -2.79464698
v 0.17316638 0.29609084 -2.79464722
v -0.00000119 -0.27476597 -2.79464722
v -0.17316864 0.29609084 -2.79464698
v 0.11927873 0.32489419 -2.79464722
v 0.06080717 -0.26877689 -2.79464722
v -0.22040157 0.25732756 -2.79464698
v 0.11927870 -0.25103974 -2.79464722
v -0.25916466 0.21009469 -2.79464722
v 0.06080722 0.34263134 -2.79464722
v 0.17316632 -0.22223628 -2.79464722
v -0.28796816 0.15620720 -2.79464722
v 0.22039925 -0.18347323 -2.79464722
v -0.30570528 0.09773564 -2.79464722
v 0.25916231 -0.13624024 -2.79464722
v -0.31169441 0.03692722 -2.79464722
v 0.28796586 -0.08235264 -2.79464722
v -0.30570528 -0.02388108 -2.79464722
v 0.30570301 -0.02388108 -2.79464722
v -0.28796819 -0.08235264 -2.79464722
v 0.31169215 0.03692722 -2.79464722
v -0.25916457 -0.13624024 -2.79464722
v 0.30570301 0.09773552 -2.79464722
v -0.22040156 -0.18347323 -2.79464722
v 0.28796589 0.15620708 -2.79464722
v -0.17316869 -0.22223616 -2.79464722
v 0.25916234 0.21009469 -2.79464722
v -0.00000111 0.34862041 -2.79464722
v 0.22039929 0.25732756 -2.79464722
v 0.22039913 0.25732756 -3.18887997
vt 0.91797513 0.64833659
vt 0.93039447 0.64833659
vt 0.93039447 0.65838200
vt 0.91797513 0.82915324
vt 0.93039447 0.82915324
vt 0.93039447 0.83919865
vt 0.91797513 0.63829124
vt 0.93039447 0.63829124
vt 0.93039447 0.64833659
vt 0.91797513 0.81910795
vt 0.93039447 0.81910789
vt 0.93039447 0.82915324
vt 0.91797513 0.62824589
vt 0.93039447 0.62824589
vt 0.93039447 0.63829124
vt 0.91797513 0.80906248
vt 0.93039447 0.80906248
vt 0.93039447 0.81910789
vt 0.91797513 0.61820048
vt 0.93039453 0.61820048
vt 0.93039447 0.62824589
vt 0.91797513 0.79901719
vt 0.93039447 0.79901719
vt 0.93039447 0.80906248
vt 0.91797513 0.60815513
vt 0.93039453 0.60815513
vt 0.93039453 0.61820048
vt 0.91797513 0.78897184
vt 0.93039447 0.78897178
vt 0.93039447 0.79901719
vt 0.91797513 0.59810978
vt 0.93039453 0.59810978
vt 0.93039453 0.60815513
vt 0.91797513 0.77892649
vt 0.93039447 0.77892649
vt 0.93039447 0.78897178
vt 0.91797513 0.58806437
vt 0.93039453 0.58806437
vt 0.93039453 0.59810978
vt 0.91797513 0.76888102
vt 0.93039447 0.76888102
vt 0.93039447 0.77892649
vt 0.91797513 0.57801902
vt 0.93039453 0.57801902
vt 0.93039453 0.58806437
vt 0.91797513 0.70860881
vt 0.93039447 0.70860881
vt 0.93039447 0.71865427
vt 0.91797513 0.75883573
vt 0.93039447 0.75883573
vt 0.93039447 0.76888102
vt 0.91797513 0.56797361
vt 0.93039453 0.56797361
vt 0.93039453 0.57801902
vt 0.91797513 0.69856346
vt 0.93039447 0.69856352
vt 0.93039447 0.70860881
vt 0.91797513 0.74879038
vt 0.93039447 0.74879038
vt 0.93039447 0.75883573
vt 0.91797513 0.55792820
vt 0.93039453 0.55792820
vt 0.93039453 0.56797361
vt 0.91797513 0.68851811
vt 0.93039447 0.68851811
vt 0.93039447 0.69856352
vt 0.91797513 0.73874497
vt 0.93039447 0.73874497
vt 0.93039447 0.74879038
vt 0.91797519 0.86933476
vt 0.93039453 0.86933470
vt 0.93039453 0.87938017
vt 0.91797513 0.67847276
vt 0.93039447 0.67847276
vt 0.93039447 0.68851811
vt 0.91797513 0.72869956
vt 0.93039447 0.72869956
vt 0.93039447 0.73874497
vt 0.91797513 0.85928941
vt 0.93039453 0.85928941
vt 0.93039453 0.86933470
vt 0.91797513 0.66842735
vt 0.93039447 0.66842735
vt 0.93039447 0.67847276
vt 0.91797513 0.71865422
vt 0.93039447 0.71865427
vt 0.93039447 0.72869956
vt 0.91797513 0.84924400
vt 0.93039453 0.84924400
vt 0.93039453 0.85928941
vt 0.91797513 0.65838206
vt 0.93039447 0.65838200
vt 0.93039447 0.66842735
vt 0.64282227 0.84968656
vt 0.65210301 0.85353070
vt 0.64159709 0.88816416
vt 0.64282227 0.84968656
vt 0.62576163 0.88160491
vt 0.61151004 0.87208235
vt 0.62736672 0.83700252
vt 0.63446993 0.84410566
vt 0.61151004 0.87208235
vt 0.62736672 0.83700252
vt 0.59939003 0.85996234
vt 0.58986747 0.84571081
vt 0.62178588 0.82865006
vt 0.58986747 0.84571081
vt 0.58330816 0.82987529
vt 0.61794168 0.81936938
vt 0.58330816 0.82987529
vt 0.57996434 0.81306446
vt 0.61598194 0.79947162
vt 0.61598194 0.80951703
vt 0.57996434 0.81306446
vt 0.61794168 0.78961927
vt 0.61598194 0.79947162
vt 0.57996434 0.79592419
vt 0.61794168 0.78961927
vt 0.58330816 0.77911335
vt 0.58986747 0.76327783
vt 0.62178588 0.78033859
vt 0.58986747 0.76327783
vt 0.59939009 0.74902624
vt 0.62736678 0.77198613
vt 0.59939009 0.74902624
vt 0.61151004 0.73690629
vt 0.63446993 0.76488298
vt 0.61151004 0.73690629
vt 0.62576163 0.72738373
vt 0.64282238 0.75930208
vt 0.62576163 0.72738373
vt 0.64159709 0.72082448
vt 0.65210307 0.75545788
vt 0.64159709 0.72082448
vt 0.65840793 0.71748054
vt 0.67200083 0.75349814
vt 0.66195542 0.75349814
vt 0.65840793 0.71748054
vt 0.67200083 0.75349814
vt 0.67554814 0.71748048
vt 0.69235903 0.72082436
vt 0.69113386 0.75930202
vt 0.68185318 0.75545776
vt 0.69235903 0.72082436
vt 0.69113386 0.75930202
vt 0.70819461 0.72738367
vt 0.72244620 0.73690623
vt 0.69948632 0.76488292
vt 0.72244620 0.73690623
vt 0.73456615 0.74902624
vt 0.71217036 0.78033847
vt 0.70658946 0.77198607
vt 0.73456615 0.74902624
vt 0.71217036 0.78033847
vt 0.74408877 0.76327783
vt 0.75064796 0.77911335
vt 0.71601450 0.78961927
vt 0.75064796 0.77911335
vt 0.75399190 0.79592419
vt 0.71797431 0.80951703
vt 0.71797431 0.79947162
vt 0.75399190 0.79592419
vt 0.71797431 0.80951703
vt 0.75399190 0.81306446
vt 0.75064796 0.82987529
vt 0.71217036 0.82865000
vt 0.71601450 0.81936938
vt 0.75064796 0.82987529
vt 0.71217036 0.82865000
vt 0.74408871 0.84571081
vt 0.73456609 0.85996234
vt 0.70658946 0.83700246
vt 0.73456609 0.85996234
vt 0.72244614 0.87208235
vt 0.69113386 0.84968650
vt 0.69948626 0.84410566
vt 0.72244614 0.87208235
vt 0.69113386 0.84968650
vt 0.70819455 0.88160491
vt 0.69235909 0.88816416
vt 0.68185312 0.85353070
vt 0.69235909 0.88816416
vt 0.67554814 0.89150810
vt 0.66195536 0.85549051
vt 0.67200071 0.85549051
vt 0.67554814 0.89150810
vt 0.66195536 0.85549051
vt 0.65840793 0.89150810
vt 0.64159709 0.88816416
vt 0.91797525 0.48307356
vt 0.92582917 0.48307365
vt 0.92582917 0.50021380
vt 0.91797525 0.15740919
vt 0.92582935 0.15740919
vt 0.92582935 0.17454948
vt 0.91797525 0.46593338
vt 0.92582917 0.46593338
vt 0.92582917 0.48307365
vt 0.91797525 0.14026895
vt 0.92582917 0.14026895
vt 0.92582935 0.15740919
vt 0.91797525 0.44879317
vt 0.92582917 0.44879314
vt 0.92582917 0.46593338
vt 0.91797537 0.12312870
vt 0.92582935 0.12312870
vt 0.92582917 0.14026895
vt 0.91797525 0.43165293
vt 0.92582905 0.43165293
vt 0.92582917 0.44879314
vt 0.91797537 0.10598844
vt 0.92582917 0.10598841
vt 0.92582935 0.12312870
vt 0.91797525 0.41451272
vt 0.92582917 0.41451272
vt 0.92582905 0.43165293
vt 0.91797537 0.08884818
vt 0.92582935 0.08884818
vt 0.92582917 0.10598841
vt 0.91797525 0.39737251
vt 0.92582917 0.39737251
vt 0.92582917 0.41451272
vt 0.91797525 0.07170789
vt 0.92582917 0.07170789
vt 0.92582935 0.08884818
vt 0.91797525 0.38023227
vt 0.92582935 0.38023227
vt 0.92582917 0.39737251
vt 0.91797537 0.05456770
vt 0.92582917 0.05456763
vt 0.92582917 0.07170789
vt 0.91797513 0.36309206
vt 0.92582917 0.36309206
vt 0.92582935 0.38023227
vt 0.91797525 0.03742738
vt 0.92582905 0.03742738
vt 0.92582917 0.05456763
vt 0.91797537 0.26025072
vt 0.92582935 0.26025075
vt 0.92582905 0.27739096
vt 0.91797566 0.34595186
vt 0.92582917 0.34595186
vt 0.92582917 0.36309206
vt 0.91797525 0.03742738
vt 0.91797525 0.02028719
vt 0.92582893 0.02028719
vt 0.91797525 0.24311046
vt 0.92582935 0.24311046
vt 0.92582935 0.26025075
vt 0.91797525 0.32881162
vt 0.92582917 0.32881162
vt 0.92582917 0.34595186
vt 0.91797525 0.00314690
vt 0.92582905 0.00314690
vt 0.92582893 0.02028719
vt 0.91797537 0.22597022
vt 0.92582935 0.22597022
vt 0.92582935 0.24311046
vt 0.91797566 0.31167144
vt 0.92582917 0.31167141
vt 0.92582917 0.32881162
vt 0.91797513 0.55163437
vt 0.91797513 0.53449422
vt 0.92582905 0.53449428
vt 0.91797525 0.20882997
vt 0.92582935 0.20882997
vt 0.92582935 0.22597022
vt 0.91797525 0.29453117
vt 0.92582917 0.29453117
vt 0.92582917 0.31167141
vt 0.91797525 0.51735401
vt 0.92582905 0.51735407
vt 0.92582905 0.53449428
vt 0.91797525 0.19168973
vt 0.92582935 0.19168973
vt 0.92582935 0.20882997
vt 0.91797513 0.27739096
vt 0.92582905 0.27739096
vt 0.92582917 0.29453117
vt 0.91797525 0.50021380
vt 0.92582917 0.50021380
vt 0.92582905 0.51735407
vt 0.91797513 0.83919865
vt 0.93039447 0.83919865
vt 0.93039453 0.84924400
vt 0.70576930 0.69443268
vt 0.70968091 0.70732743
vt 0.69027925 0.71118671
vt 0.68895847 0.69777662
vt 0.69027925 0.71118671
vt 0.67049748 0.71118671
vt 0.65500730 0.69443274
vt 0.67181826 0.69777662
vt 0.67049748 0.71118671
vt 0.63917178 0.68787342
vt 0.65500730 0.69443274
vt 0.65109581 0.70732743
vt 0.63917178 0.68787342
vt 0.63281971 0.69975734
vt 0.61637175 0.68876714
vt 0.61280024 0.66623092
vt 0.62492019 0.67835087
vt 0.61637175 0.68876714
vt 0.60327762 0.65197933
vt 0.61280024 0.66623092
vt 0.60238397 0.67477936
vt 0.60327762 0.65197933
vt 0.59139377 0.65833139
vt 0.58382356 0.64005548
vt 0.59671837 0.63614380
vt 0.58382356 0.64005548
vt 0.57996434 0.62065381
vt 0.59337443 0.61933291
vt 0.57996434 0.62065381
vt 0.57996434 0.60087192
vt 0.59671825 0.58538187
vt 0.59337437 0.60219270
vt 0.57996434 0.60087192
vt 0.59671825 0.58538187
vt 0.58382350 0.58147025
vt 0.59139359 0.56319433
vt 0.61280012 0.55529481
vt 0.60327756 0.56954634
vt 0.59139359 0.56319433
vt 0.61280012 0.55529481
vt 0.60238379 0.54674637
vt 0.61637163 0.53275853
vt 0.63917166 0.53365219
vt 0.62492007 0.54317480
vt 0.61637163 0.53275853
vt 0.63917166 0.53365219
vt 0.63281953 0.52176833
vt 0.65109551 0.51419818
vt 0.65500730 0.52709287
vt 0.65109551 0.51419818
vt 0.67049748 0.51033890
vt 0.67181826 0.52374899
vt 0.67049748 0.51033890
vt 0.69027919 0.51033890
vt 0.68895847 0.52374899
vt 0.69027919 0.51033890
vt 0.70968086 0.51419818
vt 0.72160476 0.53365213
vt 0.70576930 0.52709287
vt 0.70968086 0.51419818
vt 0.72160476 0.53365213
vt 0.72795683 0.52176833
vt 0.74440479 0.53275847
vt 0.74797636 0.55529475
vt 0.73585635 0.54317474
vt 0.74440479 0.53275847
vt 0.75749892 0.56954634
vt 0.74797636 0.55529475
vt 0.75839263 0.54674631
vt 0.75749892 0.56954634
vt 0.76938277 0.56319427
vt 0.77695298 0.58147025
vt 0.76405811 0.58538181
vt 0.77695298 0.58147025
vt 0.78081214 0.60087186
vt 0.76740211 0.60219264
vt 0.78081214 0.60087186
vt 0.78081214 0.62065363
vt 0.76405823 0.63614380
vt 0.76740211 0.61933285
vt 0.78081214 0.62065363
vt 0.76405823 0.63614380
vt 0.77695298 0.64005530
vt 0.76938277 0.65833133
vt 0.75749892 0.65197927
vt 0.76938277 0.65833133
vt 0.75839263 0.67477924
vt 0.74797636 0.66623086
vt 0.75839263 0.67477924
vt 0.74440479 0.68876714
vt 0.72160476 0.68787342
vt 0.73585635 0.67835075
vt 0.74440479 0.68876714
vt 0.70576930 0.69443268
vt 0.72160476 0.68787342
vt 0.72795689 0.69975728
vt 0.93801194 0.10070373
vt 0.93212312 0.10070373
vt 0.93212312 0.09094805
vt 0.93801194 0.27630624
vt 0.93212312 0.27630624
vt 0.93212312 0.26655051
vt 0.93801194 0.09094805
vt 0.93212312 0.09094805
vt 0.93212312 0.08119234
vt 0.93801194 0.26655051
vt 0.93212312 0.26655051
vt 0.93212312 0.25679481
vt 0.93801194 0.08119234
vt 0.93212312 0.08119234
vt 0.93212312 0.07143667
vt 0.93801194 0.24703912
vt 0.93801194 0.25679481
vt 0.93212312 0.25679481
vt 0.93801194 0.07143667
vt 0.93212312 0.07143667
vt 0.93212312 0.06168097
vt 0.93801194 0.24703912
vt 0.93212312 0.24703912
vt 0.93212312 0.23728344
vt 0.93801194 0.06168097
vt 0.93212312 0.06168097
vt 0.93212312 0.05192529
vt 0.93801194 0.23728344
vt 0.93212312 0.23728344
vt 0.93212312 0.22752772
vt 0.93801194 0.05192529
vt 0.93212312 0.05192529
vt 0.93212312 0.04216960
vt 0.93801194 0.21777204
vt 0.93801194 0.22752772
vt 0.93212312 0.22752772
vt 0.93801194 0.04216960
vt 0.93212312 0.04216960
vt 0.93212312 0.03241394
vt 0.93801194 0.21777204
vt 0.93212306 0.21777202
vt 0.93212312 0.20801634
vt 0.93801194 0.03241394
vt 0.93212312 0.03241394
vt 0.93212312 0.02265825
vt 0.93801194 0.14948216
vt 0.93801194 0.15923785
vt 0.93212312 0.15923785
vt 0.93801194 0.20801634
vt 0.93212312 0.20801634
vt 0.93212312 0.19826064
vt 0.93801206 0.02265825
vt 0.93212312 0.02265825
vt 0.93212312 0.01290257
vt 0.93801194 0.14948216
vt 0.93212312 0.14948216
vt 0.93212312 0.13972647
vt 0.93801194 0.19826064
vt 0.93212312 0.19826064
vt 0.93212312 0.18850493
vt 0.93801206 0.01290257
vt 0.93212312 0.01290257
vt 0.93212312 0.00314690
vt 0.93801194 0.13972647
vt 0.93212312 0.13972647
vt 0.93212312 0.12997079
vt 0.93801194 0.18850493
vt 0.93212312 0.18850493
vt 0.93212312 0.17874923
vt 0.93801206 0.31532907
vt 0.93212312 0.31532907
vt 0.93212312 0.30557334
vt 0.93801194 0.12997079
vt 0.93212312 0.12997079
vt 0.93212312 0.12021510
vt 0.93801194 0.17874925
vt 0.93212312 0.17874923
vt 0.93212312 0.16899355
vt 0.93801206 0.30557334
vt 0.93212312 0.30557334
vt 0.93212312 0.29581761
vt 0.93801194 0.12021510
vt 0.93212312 0.12021510
vt 0.93212312 0.11045942
vt 0.93801194 0.16899355
vt 0.93212312 0.16899355
vt 0.93212312 0.15923785
vt 0.93801194 0.29581761
vt 0.93212312 0.29581761
vt 0.93212312 0.28606194
vt 0.93801194 0.11045939
vt 0.93212312 0.11045942
vt 0.93212312 0.10070373
vt 0.40741721 0.47969413
vt 0.46169680 0.48319259
vt 0.46175525 0.49881613
vt 0.36645424 0.51682305
vt 0.36619797 0.49677339
vt 0.40677574 0.49784920
vt 0.36645424 0.51682305
vt 0.40648553 0.51607138
vt 0.40751061 0.53433120
vt 0.36702234 0.53689241
vt 0.40751061 0.53433120
vt 0.40951824 0.55254215
vt 0.36902815 0.55704886
vt 0.40951824 0.55254215
vt 0.41244668 0.57061851
vt 0.37198791 0.57724828
vt 0.41244668 0.57061851
vt 0.41628221 0.58861399
vt 0.37548015 0.59758323
vt 0.41628221 0.58861399
vt 0.42127073 0.60657030
vt 0.38666540 0.63844329
vt 0.38045698 0.61797225
vt 0.42127073 0.60657030
vt 0.38666540 0.63844329
vt 0.42687374 0.62463742
vt 0.43427846 0.64253235
vt 0.39390099 0.65900916
vt 0.43427846 0.64253235
vt 0.44292420 0.66028774
vt 0.40255201 0.67973983
vt 0.44292420 0.66028774
vt 0.45309311 0.67774349
vt 0.42496789 0.72178745
vt 0.41274291 0.70065522
vt 0.45309311 0.67774349
vt 0.42496789 0.72178745
vt 0.46428183 0.69513810
vt 0.47796315 0.71180540
vt 0.43862361 0.74315888
vt 0.47796315 0.71180540
vt 0.49366143 0.72781396
vt 0.47532883 0.78662562
vt 0.45549271 0.76467133
vt 0.49366143 0.72781396
vt 0.47532883 0.78662562
vt 0.51167649 0.74299783
vt 0.53295577 0.75639784
vt 0.49979216 0.80842078
vt 0.53295577 0.75639784
vt 0.55762547 0.76733959
vt 0.54417759 0.18361118
vt 0.56374425 0.24480404
vt 0.53984457 0.25288147
vt 0.48765141 0.21906431
vt 0.51317614 0.20058599
vt 0.53984457 0.25288147
vt 0.48765141 0.21906431
vt 0.51862139 0.26377252
vt 0.50033629 0.27679619
vt 0.44900116 0.25804329
vt 0.46652582 0.23846379
vt 0.50033629 0.27679619
vt 0.44900116 0.25804329
vt 0.48410514 0.29092020
vt 0.47033194 0.30625689
vt 0.42087051 0.29756978
vt 0.43392891 0.27787200
vt 0.47033194 0.30625689
vt 0.42087051 0.29756978
vt 0.45807135 0.32203385
vt 0.44782239 0.33855107
vt 0.40998611 0.31747481
vt 0.44782239 0.33855107
vt 0.43905541 0.35544285
vt 0.39211330 0.35710591
vt 0.40026668 0.33727735
vt 0.43905541 0.35544285
vt 0.38515043 0.37691382
vt 0.39211330 0.35710591
vt 0.43109819 0.37248653
vt 0.38515043 0.37691382
vt 0.42422369 0.38988954
vt 0.41893461 0.40772018
vt 0.37958655 0.39683536
vt 0.41893461 0.40772018
vt 0.41472602 0.42564726
vt 0.37503344 0.41675875
vt 0.41472602 0.42564726
vt 0.41131660 0.44359839
vt 0.37144989 0.43672106
vt 0.41131660 0.44359839
vt 0.40896878 0.46163505
vt 0.36881083 0.45669237
vt 0.40896878 0.46163505
vt 0.40741721 0.47969413
vt 0.36706480 0.47670168
vt 0.40741721 0.47969413
vt 0.40677574 0.49784920
vt 0.44306076 0.81493944
vt 0.42388669 0.78832513
vt 0.45549271 0.76467133
vt 0.40896878 0.46163505
vt 0.46237513 0.46779621
vt 0.46169680 0.48319259
vt 0.35238788 0.38998392
vt 0.37958655 0.39683536
vt 0.37503344 0.41675875
vt 0.44306076 0.81493944
vt 0.47532883 0.78662562
vt 0.49979216 0.80842078
vt 0.33962041 0.53861880
vt 0.33860466 0.51734453
vt 0.36645424 0.51682305
vt 0.34772491 0.41119081
vt 0.37503344 0.41675875
vt 0.37144989 0.43672106
vt 0.49579641 0.87538636
vt 0.46591735 0.84365004
vt 0.49979216 0.80842078
vt 0.33962041 0.53861880
vt 0.36702234 0.53689241
vt 0.36902815 0.55704886
vt 0.34410325 0.43243480
vt 0.37144989 0.43672106
vt 0.36881083 0.45669237
vt 0.51707441 0.13517973
vt 0.54417759 0.18361118
vt 0.51317614 0.20058599
vt 0.34130064 0.56001830
vt 0.36902815 0.55704886
vt 0.37198791 0.57724828
vt 0.34142897 0.45361194
vt 0.36881083 0.45669237
vt 0.36706480 0.47670168
vt 0.45921212 0.18846318
vt 0.48414928 0.16298063
vt 0.51317614 0.20058599
vt 0.34780219 0.60319149
vt 0.34391782 0.58156258
vt 0.37198791 0.57724828
vt 0.33865517 0.49607503
vt 0.36619797 0.49677339
vt 0.36645424 0.51682305
vt 0.45921212 0.18846318
vt 0.48765141 0.21906431
vt 0.46652582 0.23846379
vt 0.34780219 0.60319149
vt 0.37548015 0.59758323
vt 0.38045698 0.61797225
vt 0.43818051 0.21295741
vt 0.46652582 0.23846379
vt 0.44900116 0.25804329
vt 0.35247612 0.62496161
vt 0.38045698 0.61797225
vt 0.38666540 0.63844329
vt 0.42062023 0.23647363
vt 0.44900116 0.25804329
vt 0.43392891 0.27787200
vt 0.35825160 0.64695513
vt 0.38666540 0.63844329
vt 0.39390099 0.65900916
vt 0.39308134 0.28180388
vt 0.40561813 0.25937858
vt 0.43392891 0.27787200
vt 0.36522868 0.66928375
vt 0.39390099 0.65900916
vt 0.40255201 0.67973983
vt 0.39308134 0.28180388
vt 0.42087051 0.29756978
vt 0.40998611 0.31747481
vt 0.37354031 0.69187069
vt 0.40255201 0.67973983
vt 0.41274291 0.70065522
vt 0.37272596 0.32571450
vt 0.38200301 0.30395240
vt 0.40998611 0.31747481
vt 0.38327476 0.71494806
vt 0.41274291 0.70065522
vt 0.42496789 0.72178745
vt 0.36477071 0.34728065
vt 0.37272596 0.32571450
vt 0.40026668 0.33727735
vt 0.40825760 0.76295060
vt 0.39462471 0.73856819
vt 0.42496789 0.72178745
vt 0.35808831 0.36868259
vt 0.36477071 0.34728065
vt 0.39211330 0.35710591
vt 0.40825760 0.76295060
vt 0.43862361 0.74315888
vt 0.45549271 0.76467133
vt 0.93801194 0.28606194
vt 0.93212312 0.28606194
vt 0.93212312 0.27630624
vt 0.53295577 0.75639784
vt 0.55837178 0.69887632
vt 0.57367051 0.70411402
vt 0.40951824 0.55254215
vt 0.40751061 0.53433120
vt 0.46261066 0.52997416
vt 0.40896878 0.46163505
vt 0.41131660 0.44359839
vt 0.46514741 0.45267603
vt 0.53984457 0.25288147
vt 0.56374425 0.24480404
vt 0.57367051 0.30500028
vt 0.41244668 0.57061851
vt 0.40951824 0.55254215
vt 0.46350938 0.54553765
vt 0.40648553 0.51607138
vt 0.40677574 0.49784920
vt 0.46175525 0.49881613
vt 0.51862139 0.26377252
vt 0.53984457 0.25288147
vt 0.55898094 0.30866605
vt 0.41244668 0.57061851
vt 0.46519014 0.56079721
vt 0.46893963 0.57559949
vt 0.51862139 0.26377252
vt 0.54519838 0.31446260
vt 0.53258270 0.32246357
vt 0.41628221 0.58861399
vt 0.46893963 0.57559949
vt 0.47354075 0.59028721
vt 0.50033629 0.27679619
vt 0.53258270 0.32246357
vt 0.52116275 0.33200565
vt 0.42127073 0.60657030
vt 0.47354075 0.59028721
vt 0.47901234 0.60477233
vt 0.48410514 0.29092020
vt 0.52116275 0.33200565
vt 0.51092046 0.34283546
vt 0.42687374 0.62463742
vt 0.47901234 0.60477233
vt 0.48545113 0.61901063
vt 0.45807135 0.32203385
vt 0.47033194 0.30625689
vt 0.51092046 0.34283546
vt 0.43427846 0.64253235
vt 0.48545113 0.61901063
vt 0.49290261 0.63286787
vt 0.45807135 0.32203385
vt 0.50128496 0.35402009
vt 0.49341741 0.36655319
vt 0.45309311 0.67774349
vt 0.44292420 0.66028774
vt 0.49290261 0.63286787
vt 0.44782239 0.33855107
vt 0.49341741 0.36655319
vt 0.48659092 0.37979218
vt 0.45309311 0.67774349
vt 0.50043428 0.64671475
vt 0.50984216 0.65919429
vt 0.43905541 0.35544285
vt 0.48659092 0.37979218
vt 0.48072261 0.39360091
vt 0.47796315 0.71180540
vt 0.46428183 0.69513810
vt 0.50984216 0.65919429
vt 0.42422369 0.38988954
vt 0.47577277 0.40793410
vt 0.47173849 0.42276272
vt 0.47796315 0.71180540
vt 0.51982135 0.67141289
vt 0.53151667 0.68188095
vt 0.33960092 0.47479174
vt 0.36706480 0.47670168
vt 0.36619797 0.49677339
vt 0.35808831 0.36868259
vt 0.38515043 0.37691382
vt 0.37958655 0.39683536
vt 0.51167649 0.74299783
vt 0.49366143 0.72781396
vt 0.53151667 0.68188095
vt 0.41472602 0.42564726
vt 0.41893461 0.40772018
vt 0.47173849 0.42276272
vt 0.51167649 0.74299783
vt 0.54423827 0.69150084
vt 0.55837178 0.69887632
vt 0.40648553 0.51607138
vt 0.46110809 0.51444209
vt 0.46261066 0.52997416
vt 0.43109819 0.37248653
vt 0.48072261 0.39360091
vt 0.47577277 0.40793410
vt 0.41778812 0.19807757
vt 0.43818051 0.21295741
vt 0.42062023 0.23647363
vt 0.33451802 0.62913722
vt 0.35247612 0.62496161
vt 0.35825160 0.64695513
vt 0.40105554 0.22387446
vt 0.42062023 0.23647363
vt 0.40561813 0.25937858
vt 0.34004569 0.65206450
vt 0.35825160 0.64695513
vt 0.36522868 0.66928375
vt 0.38670576 0.24862264
vt 0.40561813 0.25937858
vt 0.39308134 0.28180388
vt 0.35474947 0.69904059
vt 0.34667712 0.67530674
vt 0.36522868 0.66928375
vt 0.36391333 0.29587743
vt 0.37443653 0.27252460
vt 0.39308134 0.28180388
vt 0.35474947 0.69904059
vt 0.37354031 0.69187069
vt 0.38327476 0.71494806
vt 0.36391333 0.29587743
vt 0.38200301 0.30395240
vt 0.37272596 0.32571450
vt 0.36402220 0.72334826
vt 0.38327476 0.71494806
vt 0.39462471 0.73856819
vt 0.35485265 0.31895450
vt 0.37272596 0.32571450
vt 0.36477071 0.34728065
vt 0.37485984 0.74839884
vt 0.39462471 0.73856819
vt 0.40825760 0.76295060
vt 0.34702834 0.34148115
vt 0.36477071 0.34728065
vt 0.35808831 0.36868259
vt 0.38752750 0.77440470
vt 0.40825760 0.76295060
vt 0.42388669 0.78832513
vt 0.33491573 0.38586965
vt 0.34038675 0.36374649
vt 0.35808831 0.36868259
vt 0.41971958 0.83104324
vt 0.40206939 0.80164289
vt 0.42388669 0.78832513
vt 0.32122785 0.51768893
vt 0.32118455 0.49569228
vt 0.33865517 0.49607503
vt 0.33491573 0.38586965
vt 0.35238788 0.38998392
vt 0.34772491 0.41119081
vt 0.41971958 0.83104324
vt 0.44306076 0.81493944
vt 0.46591735 0.84365004
vt 0.32122785 0.51768893
vt 0.33860466 0.51734453
vt 0.33962041 0.53861880
vt 0.32670471 0.42984191
vt 0.33024582 0.40788358
vt 0.34772491 0.41119081
vt 0.46561402 0.90106100
vt 0.43981463 0.86299479
vt 0.46591735 0.84365004
vt 0.32204330 0.53972656
vt 0.33962041 0.53861880
vt 0.34130064 0.56001830
vt 0.32407320 0.45180559
vt 0.32670471 0.42984191
vt 0.34410325 0.43243480
vt 0.49052110 0.10625920
vt 0.51707441 0.13517973
vt 0.48414928 0.16298063
vt 0.32369274 0.56184977
vt 0.34130064 0.56001830
vt 0.34391782 0.58156258
vt 0.32407320 0.45180559
vt 0.34142897 0.45361194
vt 0.33960092 0.47479174
vt 0.46073571 0.14119135
vt 0.48414928 0.16298063
vt 0.45921212 0.18846318
vt 0.32990018 0.60649830
vt 0.32621390 0.58409065
vt 0.34391782 0.58156258
vt 0.32219157 0.47375309
vt 0.33960092 0.47479174
vt 0.33865517 0.49607503
vt 0.43749630 0.17073169
vt 0.45921212 0.18846318
vt 0.43818051 0.21295741
vt 0.41472602 0.42564726
vt 0.46740460 0.43745795
vt 0.46514741 0.45267603
vt 0.29962966 0.63648069
vt 0.33451802 0.62913722
vt 0.34004569 0.65206450
vt 0.38640800 0.89057559
vt 0.43981463 0.86299479
vt 0.46561402 0.90106100
vt 0.31975603 0.30677620
vt 0.35485265 0.31895450
vt 0.34702834 0.34148115
vt 0.28829950 0.54159069
vt 0.32204330 0.53972656
vt 0.32369274 0.56184977
vt 0.33558556 0.76481265
vt 0.37485984 0.74839884
vt 0.38752750 0.77440470
vt 0.36138245 0.20248340
vt 0.40105554 0.22387446
vt 0.38670576 0.24862264
vt 0.29313618 0.42539650
vt 0.32670471 0.42984191
vt 0.32407320 0.45180559
vt 0.30470243 0.66091824
vt 0.34004569 0.65206450
vt 0.34667712 0.67530674
vt 0.41006976 0.10754919
vt 0.42836851 0.06997140
vt 0.49052110 0.10625920
vt 0.31247061 0.33114195
vt 0.34702834 0.34148115
vt 0.34038675 0.36374649
vt 0.28981376 0.56501216
vt 0.32369274 0.56184977
vt 0.32621390 0.58409065
vt 0.34634039 0.79327637
vt 0.38752750 0.77440470
vt 0.40206939 0.80164289
vt 0.34880432 0.23010853
vt 0.38670576 0.24862264
vt 0.37443653 0.27252460
vt 0.29051021 0.44862184
vt 0.32407320 0.45180559
vt 0.32219157 0.47375309
vt 0.31076506 0.68582129
vt 0.34667712 0.67530674
vt 0.35474947 0.69904059
vt 0.41006976 0.10754919
vt 0.46073571 0.14119135
vt 0.43749630 0.17073169
vt 0.30624107 0.35506088
vt 0.34038675 0.36374649
vt 0.33491573 0.38586965
vt 0.29218805 0.58860409
vt 0.32621390 0.58409065
vt 0.32990018 0.60649830
vt 0.35847336 0.82334352
vt 0.40206939 0.80164289
vt 0.41971958 0.83104324
vt 0.33780575 0.25652418
vt 0.37443653 0.27252460
vt 0.36391333 0.29587743
vt 0.28772959 0.49503735
vt 0.32118455 0.49569228
vt 0.32122785 0.51768893
vt 0.28870153 0.47182277
vt 0.32219157 0.47375309
vt 0.32118455 0.49569228
vt 0.31789488 0.71132779
vt 0.35474947 0.69904059
vt 0.36402220 0.72334826
vt 0.39191452 0.14189570
vt 0.43749630 0.17073169
vt 0.41778812 0.19807757
vt 0.30098078 0.37866944
vt 0.33491573 0.38586965
vt 0.33024582 0.40788358
vt 0.29546577 0.61240643
vt 0.32990018 0.60649830
vt 0.33451802 0.62913722
vt 0.37197399 0.85560215
vt 0.41971958 0.83104324
vt 0.43981463 0.86299479
vt 0.31975603 0.30677620
vt 0.32821593 0.28203890
vt 0.36391333 0.29587743
vt 0.28760737 0.51828361
vt 0.32122785 0.51768893
vt 0.32204330 0.53972656
vt 0.32613385 0.73758626
vt 0.36402220 0.72334826
vt 0.37485984 0.74839884
vt 0.37569869 0.17327076
vt 0.41778812 0.19807757
vt 0.40105554 0.22387446
vt 0.33451802 0.62913722
vt 0.32990018 0.60649830
vt 0.34780219 0.60319149
vt 0.08604059 0.48904154
vt 0.07286248 0.48858708
vt 0.07397599 0.46016678
vt 0.10752783 0.51752859
vt 0.08559388 0.51730311
vt 0.08604059 0.48904154
vt 0.10746978 0.54544246
vt 0.08548753 0.54567140
vt 0.08559388 0.51730311
vt 0.10805555 0.57345414
vt 0.08615599 0.57410651
vt 0.08548753 0.54567140
vt 0.10805555 0.57345414
vt 0.10937773 0.60151201
vt 0.08715103 0.60260850
vt 0.11095227 0.62969208
vt 0.08869258 0.63113201
vt 0.08715103 0.60260850
vt 0.11303714 0.65800899
vt 0.09079777 0.65975672
vt 0.08869258 0.63113201
vt 0.11546250 0.68655735
vt 0.09309911 0.68855470
vt 0.09079777 0.65975672
vt 0.11546250 0.68655735
vt 0.11846265 0.71532017
vt 0.09574539 0.71754020
vt 0.12141462 0.74453384
vt 0.09854787 0.74682015
vt 0.09574539 0.71754020
vt 0.12141462 0.74453384
vt 0.12470891 0.77416062
vt 0.10128728 0.77647936
vt 0.12775457 0.80448073
vt 0.10393231 0.80661303
vt 0.10128728 0.77647936
vt 0.13058376 0.83563101
vt 0.10609847 0.83739001
vt 0.10393231 0.80661303
vt 0.13296069 0.86787683
vt 0.10761261 0.86900073
vt 0.10609847 0.83739001
vt 0.13453691 0.90161926
vt 0.10794600 0.90182370
vt 0.10761261 0.86900073
vt 0.13501313 0.93774289
vt 0.10650690 0.93646556
vt 0.10794600 0.90182370
vt 0.13394946 0.97716016
vt 0.10234760 0.97372359
vt 0.10650690 0.93646556
vt 0.16213720 0.04318637
vt 0.13303043 0.04193214
vt 0.13236073 0.00314690
vt 0.15868463 0.07945915
vt 0.13162655 0.07736435
vt 0.13303043 0.04193214
vt 0.15460801 0.11359765
vt 0.12897442 0.11079862
vt 0.13162655 0.07736435
vt 0.15008135 0.14600904
vt 0.12549138 0.14277069
vt 0.12897442 0.11079862
vt 0.14526626 0.17718935
vt 0.12142618 0.17370799
vt 0.12549138 0.14277069
vt 0.14033702 0.20744550
vt 0.11716720 0.20390974
vt 0.12142618 0.17370799
vt 0.14033702 0.20744550
vt 0.13564609 0.23705371
vt 0.11262370 0.23348352
vt 0.13095294 0.26605389
vt 0.10837308 0.26264986
vt 0.11262370 0.23348352
vt 0.12654503 0.29467264
vt 0.10420376 0.29148504
vt 0.10837308 0.26264986
vt 0.12251755 0.32296520
vt 0.10034848 0.32004499
vt 0.10420376 0.29148504
vt 0.11893525 0.35102317
vt 0.09698320 0.34844002
vt 0.10034848 0.32004499
vt 0.11577266 0.37891200
vt 0.09392014 0.37665650
vt 0.09698320 0.34844002
vt 0.11306707 0.40666980
vt 0.09131841 0.40476835
vt 0.09392014 0.37665650
vt 0.11083297 0.43433493
vt 0.08907039 0.43281320
vt 0.09131841 0.40476835
vt 0.10903236 0.46201500
vt 0.08734591 0.46090040
vt 0.08907039 0.43281320
vt 0.10903236 0.46201500
vt 0.10809815 0.48975176
vt 0.08604059 0.48904154
vt 0.02913533 0.45757470
vt 0.02738260 0.48688996
vt 0.00417103 0.48565099
vt 0.05550768 0.48795259
vt 0.05483560 0.51689303
vt 0.02626270 0.51657462
vt 0.05483560 0.51689303
vt 0.05490284 0.54591054
vt 0.02594211 0.54618561
vt 0.05527340 0.57496279
vt 0.02688480 0.57578760
vt 0.02594211 0.54618561
vt 0.05527340 0.57496279
vt 0.05635377 0.60401088
vt 0.02762607 0.60531408
vt 0.05789964 0.63297635
vt 0.02933704 0.63453931
vt 0.02762607 0.60531408
vt 0.05978169 0.66200668
vt 0.03148315 0.66387576
vt 0.02933704 0.63453931
vt 0.06195523 0.69109380
vt 0.03376598 0.69325215
vt 0.03148315 0.66387576
vt 0.06195523 0.69109380
vt 0.06456045 0.72028488
vt 0.03585600 0.72264457
vt 0.06708716 0.74960768
vt 0.03839175 0.75188828
vt 0.03585600 0.72264457
vt 0.06939141 0.77913362
vt 0.04084357 0.78112537
vt 0.03839175 0.75188828
vt 0.07166296 0.80890685
vt 0.04302491 0.81057680
vt 0.04084357 0.78112537
vt 0.07334288 0.83896035
vt 0.04461129 0.83994800
vt 0.04302491 0.81057680
vt 0.07400396 0.86938012
vt 0.04519706 0.86908430
vt 0.04461129 0.83994800
vt 0.07308341 0.90038669
vt 0.04403595 0.89809889
vt 0.04519706 0.86908430
vt 0.07308341 0.90038669
vt 0.07000851 0.93236387
vt 0.04025584 0.92729598
vt 0.06353381 0.96563148
vt 0.03313218 0.95646399
vt 0.04025584 0.92729598
vt 0.09498534 0.04294510
vt 0.06341118 0.04596169
vt 0.05808784 0.01428677
vt 0.09580456 0.07631130
vt 0.06538775 0.07674604
vt 0.06341118 0.04596169
vt 0.09462605 0.10824186
vt 0.06507453 0.10688395
vt 0.06538775 0.07674604
vt 0.09462605 0.10824186
vt 0.09236648 0.13925989
vt 0.06291588 0.13664159
vt 0.08906677 0.16961531
vt 0.05996418 0.16620880
vt 0.06291588 0.13664159
vt 0.08518239 0.19946648
vt 0.05654406 0.19570303
vt 0.05996418 0.16620880
vt 0.08129496 0.22905111
vt 0.05275853 0.22515298
vt 0.05654406 0.19570303
vt 0.07716949 0.25825718
vt 0.04883462 0.25428733
vt 0.05275853 0.22515298
vt 0.07344046 0.28735551
vt 0.04511340 0.28350282
vt 0.04883462 0.25428733
vt 0.06973734 0.31630418
vt 0.04150075 0.31283247
vt 0.04511340 0.28350282
vt 0.06633183 0.34504747
vt 0.03834205 0.34197447
vt 0.04150075 0.31283247
vt 0.06349052 0.37366819
vt 0.03558302 0.37092495
vt 0.03834205 0.34197447
vt 0.06091551 0.40216079
vt 0.03304448 0.39965299
vt 0.03558302 0.37092495
vt 0.05875185 0.43064725
vt 0.03096838 0.42851412
vt 0.03304448 0.39965299
vt 0.05691838 0.45922104
vt 0.02913533 0.45757470
vt 0.03096838 0.42851412
vt 0.05691838 0.45922104
vt 0.05550768 0.48795259
vt 0.02738260 0.48688996
vt 0.08462195 0.74809313
vt 0.06708716 0.74960768
vt 0.06456045 0.72028488
vt 0.09879509 0.23146032
vt 0.08129496 0.22905111
vt 0.08518239 0.19946648
vt 0.08462195 0.74809313
vt 0.08729135 0.77768797
vt 0.06939141 0.77913362
vt 0.09879509 0.23146032
vt 0.09472683 0.26068717
vt 0.07716949 0.25825718
vt 0.08967648 0.80768466
vt 0.07166296 0.80890685
vt 0.06939141 0.77913362
vt 0.09064618 0.28961429
vt 0.07344046 0.28735551
vt 0.07716949 0.25825718
vt 0.09162118 0.83815438
vt 0.07334288 0.83896035
vt 0.07166296 0.80890685
vt 0.09064618 0.28961429
vt 0.08702519 0.31838253
vt 0.06973734 0.31630418
vt 0.09261885 0.86929715
vt 0.07400396 0.86938012
vt 0.07334288 0.83896035
vt 0.08702519 0.31838253
vt 0.08364376 0.34694788
vt 0.06633183 0.34504747
vt 0.09224175 0.90144020
vt 0.07308341 0.90038669
vt 0.07400396 0.86938012
vt 0.07208531 0.51715058
vt 0.05483560 0.51689303
vt 0.05550768 0.48795259
vt 0.08058975 0.37534505
vt 0.06349052 0.37366819
vt 0.06633183 0.34504747
vt 0.09224175 0.90144020
vt 0.09003034 0.93490422
vt 0.07000851 0.93236387
vt 0.07216521 0.54579121
vt 0.05490284 0.54591054
vt 0.05483560 0.51689303
vt 0.07791451 0.40362015
vt 0.06091551 0.40216079
vt 0.06349052 0.37366819
vt 0.08470450 0.97047985
vt 0.06353381 0.96563148
vt 0.07000851 0.93236387
vt 0.07249582 0.57449841
vt 0.05527340 0.57496279
vt 0.05490284 0.54591054
vt 0.07577772 0.43186980
vt 0.05875185 0.43064725
vt 0.06091551 0.40216079
vt 0.11589975 0.04195696
vt 0.09498534 0.04294510
vt 0.09131423 0.00752383
vt 0.07249582 0.57449841
vt 0.07373795 0.60322058
vt 0.05635377 0.60401088
vt 0.02626270 0.51657462
vt 0.00328179 0.51594406
vt 0.00417103 0.48565099
vt 0.11562496 0.07664829
vt 0.09580456 0.07631130
vt 0.09498534 0.04294510
vt 0.07529746 0.63195789
vt 0.05789964 0.63297635
vt 0.05635377 0.60401088
vt 0.07397599 0.46016678
vt 0.05691838 0.45922104
vt 0.05875185 0.43064725
vt 0.11371980 0.10950513
vt 0.09462605 0.10824186
vt 0.09580456 0.07631130
vt 0.07713301 0.66078377
vt 0.05978169 0.66200668
vt 0.05789964 0.63297635
vt 0.11079469 0.14109775
vt 0.09236648 0.13925989
vt 0.09462605 0.10824186
vt 0.07951745 0.68970340
vt 0.06195523 0.69109380
vt 0.05978169 0.66200668
vt 0.10707597 0.17180476
vt 0.08906677 0.16961531
vt 0.09236648 0.13925989
vt 0.08194922 0.71879208
vt 0.06456045 0.72028488
vt 0.06195523 0.69109380
vt 0.91797525 0.17454948
vt 0.92582935 0.17454948
vt 0.92582935 0.19168973
vt 0.04084357 0.78112537
vt 0.04302491 0.81057680
vt 0.02034760 0.81205666
vt 0.04883462 0.25428733
vt 0.04511340 0.28350282
vt 0.02221378 0.28051552
vt 0.04461129 0.83994800
vt 0.02260272 0.84087622
vt 0.02034760 0.81205666
vt 0.04150075 0.31283247
vt 0.01898688 0.31020650
vt 0.02221378 0.28051552
vt 0.04519706 0.86908430
vt 0.02360792 0.86890692
vt 0.02260272 0.84087622
vt 0.03304448 0.39965299
vt 0.03096838 0.42851412
vt 0.00837028 0.42685834
vt 0.03834205 0.34197447
vt 0.01604952 0.33963153
vt 0.01898688 0.31020650
vt 0.04403595 0.89809889
vt 0.02279316 0.89626962
vt 0.02360792 0.86890692
vt 0.03558302 0.37092495
vt 0.01351237 0.36886072
vt 0.01604952 0.33963153
vt 0.04403595 0.89809889
vt 0.04025584 0.92729598
vt 0.01901527 0.92318362
vt 0.02594211 0.54618561
vt 0.00314690 0.54621738
vt 0.00328179 0.51594406
vt 0.03304448 0.39965299
vt 0.01137641 0.39777404
vt 0.01351237 0.36886072
vt 0.03313218 0.95646399
vt 0.01244495 0.94936383
vt 0.01901527 0.92318362
vt 0.02688480 0.57578760
vt 0.00398338 0.57628953
vt 0.00314690 0.54621738
vt 0.07397599 0.46016678
vt 0.07286248 0.48858708
vt 0.05550768 0.48795259
vt 0.06341118 0.04596169
vt 0.04068139 0.04881928
vt 0.03534442 0.02035835
vt 0.02762607 0.60531408
vt 0.00515201 0.60625041
vt 0.00398338 0.57628953
vt 0.02913533 0.45757470
vt 0.00696473 0.45607236
vt 0.00837028 0.42685834
vt 0.06538775 0.07674604
vt 0.04293526 0.07745747
vt 0.04068139 0.04881928
vt 0.02933704 0.63453931
vt 0.00724091 0.63582933
vt 0.00515201 0.60625041
vt 0.06507453 0.10688395
vt 0.04293289 0.10595246
vt 0.04293526 0.07745747
vt 0.02933704 0.63453931
vt 0.03148315 0.66387576
vt 0.00857408 0.66552800
vt 0.06507453 0.10688395
vt 0.06291588 0.13664159
vt 0.04035858 0.13472295
vt 0.03376598 0.69325215
vt 0.01152689 0.69496566
vt 0.00857408 0.66552800
vt 0.05996418 0.16620880
vt 0.05654406 0.19570303
vt 0.03374036 0.19285619
vt 0.03376598 0.69325215
vt 0.03585600 0.72264457
vt 0.01311160 0.72450644
vt 0.10707597 0.17180476
vt 0.10311824 0.20189351
vt 0.08518239 0.19946648
vt 0.03839175 0.75188828
vt 0.01645224 0.75385737
vt 0.01311160 0.72450644
vt 0.05275853 0.22515298
vt 0.03042603 0.22226359
vt 0.03374036 0.19285619
vt 0.03839175 0.75188828
vt 0.04084357 0.78112537
vt 0.01855312 0.78285319
vt 0.05996418 0.16620880
vt 0.03790050 0.16374001
vt 0.04035858 0.13472295
vt 0.15375051 0.90081686
vt 0.15584137 0.93733805
vt 0.13501313 0.93774289
vt 0.12268765 0.51767159
vt 0.12288324 0.54523832
vt 0.10746978 0.54544246
vt 0.12824568 0.40801501
vt 0.11306707 0.40666980
vt 0.11577266 0.37891200
vt 0.15711677 0.97755283
vt 0.13394946 0.97716016
vt 0.13501313 0.93774289
vt 0.12346497 0.57291633
vt 0.10805555 0.57345414
vt 0.10746978 0.54544246
vt 0.12591568 0.43540347
vt 0.11083297 0.43433493
vt 0.11306707 0.40666980
vt 0.18288720 0.04519924
vt 0.16213720 0.04318637
vt 0.16494940 0.00354740
vt 0.12475289 0.60067189
vt 0.10937773 0.60151201
vt 0.10805555 0.57345414
vt 0.08604059 0.48904154
vt 0.08559388 0.51730311
vt 0.07208531 0.51715058
vt 0.18288720 0.04519924
vt 0.17811149 0.08191388
vt 0.15868463 0.07945915
vt 0.12644452 0.62860709
vt 0.11095227 0.62969208
vt 0.10937773 0.60151201
vt 0.12591568 0.43540347
vt 0.12435964 0.46276283
vt 0.10903236 0.46201500
vt 0.17290941 0.11616299
vt 0.15460801 0.11359765
vt 0.15868463 0.07945915
vt 0.12862293 0.65668374
vt 0.11303714 0.65800899
vt 0.11095227 0.62969208
vt 0.16757885 0.14871217
vt 0.15008135 0.14600904
vt 0.15460801 0.11359765
vt 0.13122731 0.68499422
vt 0.11546250 0.68655735
vt 0.11303714 0.65800899
vt 0.16216809 0.17995159
vt 0.14526626 0.17718935
vt 0.15008135 0.14600904
vt 0.13433617 0.71359223
vt 0.11846265 0.71532017
vt 0.11546250 0.68655735
vt 0.15681832 0.21018022
vt 0.14033702 0.20744550
vt 0.14526626 0.17718935
vt 0.13760722 0.74269241
vt 0.12141462 0.74453384
vt 0.11846265 0.71532017
vt 0.15172035 0.23967753
vt 0.13564609 0.23705371
vt 0.14033702 0.20744550
vt 0.14115833 0.77228457
vt 0.12470891 0.77416062
vt 0.12141462 0.74453384
vt 0.14678122 0.26857433
vt 0.13095294 0.26605389
vt 0.13564609 0.23705371
vt 0.14466099 0.80266786
vt 0.12775457 0.80448073
vt 0.12470891 0.77416062
vt 0.14217174 0.29700178
vt 0.12654503 0.29467264
vt 0.13095294 0.26605389
vt 0.14804994 0.83396864
vt 0.13058376 0.83563101
vt 0.12775457 0.80448073
vt 0.13798766 0.32506767
vt 0.12251755 0.32296520
vt 0.12654503 0.29467264
vt 0.15117174 0.86651403
vt 0.13296069 0.86787683
vt 0.13058376 0.83563101
vt 0.13427785 0.35287961
vt 0.11893525 0.35102317
vt 0.12251755 0.32296520
vt 0.15375051 0.90081686
vt 0.13453691 0.90161926
vt 0.13296069 0.86787683
vt 0.12268765 0.51767159
vt 0.10752783 0.51752859
vt 0.10809815 0.48975176
vt 0.04883462 0.25428733
vt 0.02693631 0.25126743
vt 0.03042603 0.22226359
vt 0.08548753 0.54567140
vt 0.08615599 0.57410651
vt 0.07249582 0.57449841
vt 0.10609847 0.83739001
vt 0.09162118 0.83815438
vt 0.08967648 0.80768466
vt 0.12142618 0.17370799
vt 0.10707597 0.17180476
vt 0.11079469 0.14109775
vt 0.12328874 0.49017906
vt 0.10809815 0.48975176
vt 0.10903236 0.46201500
vt 0.09309911 0.68855470
vt 0.09574539 0.71754020
vt 0.08194922 0.71879208
vt 0.13236073 0.00314690
vt 0.13303043 0.04193214
vt 0.11589975 0.04195696
vt 0.10034848 0.32004499
vt 0.08702519 0.31838253
vt 0.09064618 0.28961429
vt 0.08715103 0.60260850
vt 0.07373795 0.60322058
vt 0.07249582 0.57449841
vt 0.10609847 0.83739001
vt 0.10761261 0.86900073
vt 0.09261885 0.86929715
vt 0.11716720 0.20390974
vt 0.10311824 0.20189351
vt 0.10707597 0.17180476
vt 0.08907039 0.43281320
vt 0.07577772 0.43186980
vt 0.07791451 0.40362015
vt 0.08734591 0.46090040
vt 0.07397599 0.46016678
vt 0.07577772 0.43186980
vt 0.09854787 0.74682015
vt 0.08462195 0.74809313
vt 0.08194922 0.71879208
vt 0.13162655 0.07736435
vt 0.11562496 0.07664829
vt 0.11589975 0.04195696
vt 0.09698320 0.34844002
vt 0.09392014 0.37665650
vt 0.08058975 0.37534505
vt 0.08869258 0.63113201
vt 0.07529746 0.63195789
vt 0.07373795 0.60322058
vt 0.10761261 0.86900073
vt 0.10794600 0.90182370
vt 0.09224175 0.90144020
vt 0.11262370 0.23348352
vt 0.09879509 0.23146032
vt 0.10311824 0.20189351
vt 0.10128728 0.77647936
vt 0.08729135 0.77768797
vt 0.08462195 0.74809313
vt 0.12897442 0.11079862
vt 0.11371980 0.10950513
vt 0.11562496 0.07664829
vt 0.13102770 0.38051566
vt 0.11577266 0.37891200
vt 0.11893525 0.35102317
vt 0.08869258 0.63113201
vt 0.09079777 0.65975672
vt 0.07713301 0.66078377
vt 0.10650690 0.93646556
vt 0.09003034 0.93490422
vt 0.09224175 0.90144020
vt 0.10837308 0.26264986
vt 0.09472683 0.26068717
vt 0.09879509 0.23146032
vt 0.08548753 0.54567140
vt 0.07216521 0.54579121
vt 0.07208531 0.51715058
vt 0.10393231 0.80661303
vt 0.08967648 0.80768466
vt 0.08729135 0.77768797
vt 0.12549138 0.14277069
vt 0.11079469 0.14109775
vt 0.11371980 0.10950513
vt 0.09392014 0.37665650
vt 0.09131841 0.40476835
vt 0.07791451 0.40362015
vt 0.09309911 0.68855470
vt 0.07951745 0.68970340
vt 0.07713301 0.66078377
vt 0.10234760 0.97372359
vt 0.08470450 0.97047985
vt 0.09003034 0.93490422
vt 0.10034848 0.32004499
vt 0.09698320 0.34844002
vt 0.08364376 0.34694788
vt 0.29661018 0.40209687
vt 0.33024582 0.40788358
vt 0.32670471 0.42984191
vt 0.12268765 0.51767159
vt 0.12328874 0.49017906
vt 0.28772959 0.49503735
vt 0.12288324 0.54523832
vt 0.12268765 0.51767159
vt 0.28760737 0.51828361
vt 0.10420376 0.29148504
vt 0.09064618 0.28961429
vt 0.09472683 0.26068717
vt 0.12346497 0.57291633
vt 0.12288324 0.54523832
vt 0.28829950 0.54159069
vt 0.12475289 0.60067189
vt 0.12346497 0.57291633
vt 0.28981376 0.56501216
vt 0.12644452 0.62860709
vt 0.12475289 0.60067189
vt 0.29218805 0.58860409
vt 0.12862293 0.65668374
vt 0.12644452 0.62860709
vt 0.29546577 0.61240643
vt 0.13122731 0.68499422
vt 0.12862293 0.65668374
vt 0.29962966 0.63648069
vt 0.13433617 0.71359223
vt 0.13122731 0.68499422
vt 0.30470243 0.66091824
vt 0.13760722 0.74269241
vt 0.13433617 0.71359223
vt 0.31076506 0.68582129
vt 0.14115833 0.77228457
vt 0.13760722 0.74269241
vt 0.31789488 0.71132779
vt 0.14466099 0.80266786
vt 0.14115833 0.77228457
vt 0.32613385 0.73758626
vt 0.14804994 0.83396864
vt 0.14466099 0.80266786
vt 0.33558556 0.76481265
vt 0.15117174 0.86651403
vt 0.14804994 0.83396864
vt 0.34634039 0.79327637
vt 0.15375051 0.90081686
vt 0.15117174 0.86651403
vt 0.35847336 0.82334352
vt 0.15584137 0.93733805
vt 0.15375051 0.90081686
vt 0.37197399 0.85560215
vt 0.15711677 0.97755283
vt 0.15584137 0.93733805
vt 0.38640800 0.89057559
vt 0.18288720 0.04519924
vt 0.18796401 0.00585847
vt 0.42836851 0.06997140
vt 0.17811149 0.08191388
vt 0.18288720 0.04519924
vt 0.41006976 0.10754919
vt 0.17290941 0.11616299
vt 0.17811149 0.08191388
vt 0.39191452 0.14189570
vt 0.16757885 0.14871217
vt 0.17290941 0.11616299
vt 0.37569869 0.17327076
vt 0.16216809 0.17995159
vt 0.16757885 0.14871217
vt 0.36138245 0.20248340
vt 0.15681832 0.21018022
vt 0.16216809 0.17995159
vt 0.34880432 0.23010853
vt 0.15172035 0.23967753
vt 0.15681832 0.21018022
vt 0.33780575 0.25652418
vt 0.14678122 0.26857433
vt 0.15172035 0.23967753
vt 0.32821593 0.28203890
vt 0.14217174 0.29700178
vt 0.14678122 0.26857433
vt 0.31975603 0.30677620
vt 0.13798766 0.32506767
vt 0.14217174 0.29700178
vt 0.31247061 0.33114195
vt 0.13427785 0.35287961
vt 0.13798766 0.32506767
vt 0.30624107 0.35506088
vt 0.13102770 0.38051566
vt 0.13427785 0.35287961
vt 0.30098078 0.37866944
vt 0.12824568 0.40801501
vt 0.13102770 0.38051566
vt 0.29661018 0.40209687
vt 0.12591568 0.43540347
vt 0.12824568 0.40801501
vt 0.29313618 0.42539650
vt 0.12435964 0.46276283
vt 0.12591568 0.43540347
vt 0.29051021 0.44862184
vt 0.12328874 0.49017906
vt 0.12435964 0.46276283
vt 0.28870153 0.47182277
vt 0.59791917 0.90885842
vt 0.60603082 0.90343845
vt 0.58560091 0.92386830
vt 0.58186758 0.93288136
vt 0.60603082 0.90343845
vt 0.57996434 0.94244957
vt 0.61504382 0.89970511
vt 0.62461209 0.89780182
vt 0.57996434 0.94244957
vt 0.57996434 0.95220524
vt 0.62461209 0.89780182
vt 0.58186758 0.96177346
vt 0.63436782 0.89780188
vt 0.64393604 0.89970511
vt 0.58186758 0.96177346
vt 0.58560091 0.97078657
vt 0.64393604 0.89970511
vt 0.59102082 0.97889817
vt 0.65294904 0.99121648
vt 0.67711228 0.96177363
vt 0.66106063 0.98579651
vt 0.67901552 0.95220536
vt 0.67711228 0.96177363
vt 0.64393598 0.99494982
vt 0.63436776 0.99685299
vt 0.67901552 0.94244969
vt 0.64393598 0.99494982
vt 0.67711234 0.93288141
vt 0.67901552 0.94244969
vt 0.62461209 0.99685299
vt 0.61504382 0.99494982
vt 0.67337894 0.92386836
vt 0.62461209 0.99685299
vt 0.66795897 0.91575682
vt 0.67337894 0.92386836
vt 0.60603064 0.99121642
vt 0.59791911 0.98579639
vt 0.66106069 0.90885842
vt 0.60603064 0.99121642
vt 0.65294915 0.90343845
vt 0.66106069 0.90885842
vt 0.59102082 0.97889817
vt 0.67711228 0.96177363
vt 0.67337894 0.97078663
vt 0.66106063 0.98579651
vt 0.67711228 0.96177363
vt 0.65294904 0.99121648
vt 0.64393598 0.99494982
vt 0.67901552 0.94244969
vt 0.67901552 0.95220536
vt 0.64393598 0.99494982
vt 0.67901552 0.94244969
vt 0.63436776 0.99685299
vt 0.62461209 0.99685299
vt 0.67337894 0.92386836
vt 0.67711234 0.93288141
vt 0.62461209 0.99685299
vt 0.67337894 0.92386836
vt 0.61504382 0.99494982
vt 0.60603064 0.99121642
vt 0.66106069 0.90885842
vt 0.66795897 0.91575682
vt 0.60603064 0.99121642
vt 0.59102082 0.91575676
vt 0.59791917 0.90885842
vt 0.58560091 0.92386830
vt 0.60603082 0.90343845
vt 0.58186758 0.93288136
vt 0.58560091 0.92386830
vt 0.60603082 0.90343845
vt 0.61504382 0.89970511
vt 0.57996434 0.94244957
vt 0.62461209 0.89780182
vt 0.57996434 0.95220524
vt 0.57996434 0.94244957
vt 0.62461209 0.89780182
vt 0.63436782 0.89780188
vt 0.58186758 0.96177346
vt 0.64393604 0.89970511
vt 0.58560091 0.97078657
vt 0.58186758 0.96177346
vt 0.64393604 0.89970511
vt 0.65294915 0.90343845
vt 0.59102082 0.97889817
vt 0.66106069 0.90885842
vt 0.59791911 0.98579639
vt 0.59102082 0.97889817
vt 0.85089326 0.87223488
vt 0.81630462 0.85374683
vt 0.84378999 0.86513168
vt 0.80625927 0.85374689
vt 0.81630462 0.85374683
vt 0.85647416 0.88058734
vt 0.86031830 0.88986808
vt 0.79640681 0.85570663
vt 0.85647416 0.88058734
vt 0.78712618 0.85955077
vt 0.79640681 0.85570663
vt 0.86227804 0.89972037
vt 0.86227804 0.90976572
vt 0.77877378 0.86513168
vt 0.86227804 0.89972037
vt 0.77167064 0.87223488
vt 0.77877378 0.86513168
vt 0.86031830 0.91961807
vt 0.85647404 0.92889881
vt 0.76608968 0.88058728
vt 0.86031830 0.91961807
vt 0.81630462 0.85374683
vt 0.82615691 0.85570663
vt 0.84378999 0.86513168
vt 0.81630462 0.85374683
vt 0.85089326 0.87223488
vt 0.85647416 0.88058734
vt 0.79640681 0.85570663
vt 0.80625927 0.85374689
vt 0.85647416 0.88058734
vt 0.79640681 0.85570663
vt 0.86031830 0.88986808
vt 0.86227804 0.89972037
vt 0.77877378 0.86513168
vt 0.78712618 0.85955077
vt 0.86227804 0.89972037
vt 0.77877378 0.86513168
vt 0.86227804 0.90976572
vt 0.86031830 0.91961807
vt 0.76608968 0.88058728
vt 0.77167064 0.87223488
vt 0.86031830 0.91961807
vt 0.77877367 0.94435441
vt 0.77167058 0.93725121
vt 0.79640669 0.95377952
vt 0.80625916 0.95573932
vt 0.77167058 0.93725121
vt 0.81630450 0.95573932
vt 0.76608968 0.92889881
vt 0.76224548 0.91961807
vt 0.81630450 0.95573932
vt 0.82615685 0.95377958
vt 0.76224548 0.91961807
vt 0.83543760 0.94993538
vt 0.76028568 0.90976572
vt 0.76028574 0.89972037
vt 0.83543760 0.94993538
vt 0.84378999 0.94435441
vt 0.76028574 0.89972037
vt 0.85089314 0.93725127
vt 0.76224548 0.88986796
vt 0.76608968 0.88058728
vt 0.85089314 0.93725127
vt 0.78712600 0.94993526
vt 0.77877367 0.94435441
vt 0.79640669 0.95377952
vt 0.77167058 0.93725121
vt 0.80625916 0.95573932
vt 0.79640669 0.95377952
vt 0.77167058 0.93725121
vt 0.76608968 0.92889881
vt 0.81630450 0.95573932
vt 0.76224548 0.91961807
vt 0.82615685 0.95377958
vt 0.81630450 0.95573932
vt 0.76224548 0.91961807
vt 0.76028568 0.90976572
vt 0.83543760 0.94993538
vt 0.76028574 0.89972037
vt 0.84378999 0.94435441
vt 0.83543760 0.94993538
vt 0.76028574 0.89972037
vt 0.76224548 0.88986796
vt 0.85089314 0.93725127
vt 0.76608968 0.88058728
vt 0.85647404 0.92889881
vt 0.85089314 0.93725127
vt 0.91797513 0.64833659
vt 0.93039447 0.65838200
vt 0.91797513 0.65838206
vt 0.91797513 0.82915324
vt 0.93039447 0.83919865
vt 0.91797513 0.83919865
vt 0.91797513 0.63829124
vt 0.93039447 0.64833659
vt 0.91797513 0.64833659
vt 0.91797513 0.81910795
vt 0.93039447 0.82915324
vt 0.91797513 0.82915324
vt 0.91797513 0.62824589
vt 0.93039447 0.63829124
vt 0.91797513 0.63829124
vt 0.91797513 0.80906248
vt 0.93039447 0.81910789
vt 0.91797513 0.81910795
vt 0.91797513 0.61820048
vt 0.93039447 0.62824589
vt 0.91797513 0.62824589
vt 0.91797513 0.79901719
vt 0.93039447 0.80906248
vt 0.91797513 0.80906248
vt 0.91797513 0.60815513
vt 0.93039453 0.61820048
vt 0.91797513 0.61820048
vt 0.91797513 0.78897184
vt 0.93039447 0.79901719
vt 0.91797513 0.79901719
vt 0.91797513 0.59810978
vt 0.93039453 0.60815513
vt 0.91797513 0.60815513
vt 0.91797513 0.77892649
vt 0.93039447 0.78897178
vt 0.91797513 0.78897184
vt 0.91797513 0.58806437
vt 0.93039453 0.59810978
vt 0.91797513 0.59810978
vt 0.91797513 0.76888102
vt 0.93039447 0.77892649
vt 0.91797513 0.77892649
vt 0.91797513 0.57801902
vt 0.93039453 0.58806437
vt 0.91797513 0.58806437
vt 0.91797513 0.70860881
vt 0.93039447 0.71865427
vt 0.91797513 0.71865422
vt 0.91797513 0.75883573
vt 0.93039447 0.76888102
vt 0.91797513 0.76888102
vt 0.91797513 0.56797361
vt 0.93039453 0.57801902
vt 0.91797513 0.57801902
vt 0.91797513 0.69856346
vt 0.93039447 0.70860881
vt 0.91797513 0.70860881
vt 0.91797513 0.74879038
vt 0.93039447 0.75883573
vt 0.91797513 0.75883573
vt 0.91797513 0.55792820
vt 0.93039453 0.56797361
vt 0.91797513 0.56797361
vt 0.91797513 0.68851811
vt 0.93039447 0.69856352
vt 0.91797513 0.69856346
vt 0.91797513 0.73874497
vt 0.93039447 0.74879038
vt 0.91797513 0.74879038
vt 0.91797519 0.86933476
vt 0.93039453 0.87938017
vt 0.91797519 0.87938017
vt 0.91797513 0.67847276
vt 0.93039447 0.68851811
vt 0.91797513 0.68851811
vt 0.91797513 0.72869956
vt 0.93039447 0.73874497
vt 0.91797513 0.73874497
vt 0.91797513 0.85928941
vt 0.93039453 0.86933470
vt 0.91797519 0.86933476
vt 0.91797513 0.66842735
vt 0.93039447 0.67847276
vt 0.91797513 0.67847276
vt 0.91797513 0.71865422
vt 0.93039447 0.72869956
vt 0.91797513 0.72869956
vt 0.91797513 0.84924400
vt 0.93039453 0.85928941
vt 0.91797513 0.85928941
vt 0.91797513 0.65838206
vt 0.93039447 0.66842735
vt 0.91797513 0.66842735
vt 0.82615691 0.85570663
vt 0.83543760 0.85955077
vt 0.84378999 0.86513168
vt 0.64282227 0.84968656
vt 0.64159709 0.88816416
vt 0.62576163 0.88160491
vt 0.64282227 0.84968656
vt 0.61151004 0.87208235
vt 0.63446993 0.84410566
vt 0.62736672 0.83700252
vt 0.61151004 0.87208235
vt 0.59939003 0.85996234
vt 0.62736672 0.83700252
vt 0.58986747 0.84571081
vt 0.62178588 0.82865006
vt 0.62178588 0.82865006
vt 0.58330816 0.82987529
vt 0.61794168 0.81936938
vt 0.61794168 0.81936938
vt 0.57996434 0.81306446
vt 0.61598194 0.80951703
vt 0.61598194 0.79947162
vt 0.57996434 0.81306446
vt 0.57996434 0.79592419
vt 0.61794168 0.78961927
vt 0.57996434 0.79592419
vt 0.58330816 0.77911335
vt 0.61794168 0.78961927
vt 0.58986747 0.76327783
vt 0.62178588 0.78033859
vt 0.62178588 0.78033859
vt 0.59939009 0.74902624
vt 0.62736678 0.77198613
vt 0.62736678 0.77198613
vt 0.61151004 0.73690629
vt 0.63446993 0.76488298
vt 0.63446993 0.76488298
vt 0.62576163 0.72738373
vt 0.64282238 0.75930208
vt 0.64282238 0.75930208
vt 0.64159709 0.72082448
vt 0.65210307 0.75545788
vt 0.65210307 0.75545788
vt 0.65840793 0.71748054
vt 0.66195542 0.75349814
vt 0.67200083 0.75349814
vt 0.65840793 0.71748054
vt 0.67554814 0.71748048
vt 0.67200083 0.75349814
vt 0.69235903 0.72082436
vt 0.68185318 0.75545776
vt 0.69113386 0.75930202
vt 0.69235903 0.72082436
vt 0.70819461 0.72738367
vt 0.69113386 0.75930202
vt 0.72244620 0.73690623
vt 0.69948632 0.76488292
vt 0.69948632 0.76488292
vt 0.73456615 0.74902624
vt 0.70658946 0.77198607
vt 0.71217036 0.78033847
vt 0.73456615 0.74902624
vt 0.74408877 0.76327783
vt 0.71217036 0.78033847
vt 0.75064796 0.77911335
vt 0.71601450 0.78961927
vt 0.71601450 0.78961927
vt 0.75399190 0.79592419
vt 0.71797431 0.79947162
vt 0.71797431 0.80951703
vt 0.75399190 0.79592419
vt 0.75399190 0.81306446
vt 0.71797431 0.80951703
vt 0.75064796 0.82987529
vt 0.71601450 0.81936938
vt 0.71217036 0.82865000
vt 0.75064796 0.82987529
vt 0.74408871 0.84571081
vt 0.71217036 0.82865000
vt 0.73456609 0.85996234
vt 0.70658946 0.83700246
vt 0.70658946 0.83700246
vt 0.72244614 0.87208235
vt 0.69948626 0.84410566
vt 0.69113386 0.84968650
vt 0.72244614 0.87208235
vt 0.70819455 0.88160491
vt 0.69113386 0.84968650
vt 0.69235909 0.88816416
vt 0.68185312 0.85353070
vt 0.68185312 0.85353070
vt 0.67554814 0.89150810
vt 0.67200071 0.85549051
vt 0.66195536 0.85549051
vt 0.67554814 0.89150810
vt 0.65840793 0.89150810
vt 0.66195536 0.85549051
vt 0.64159709 0.88816416
vt 0.65210301 0.85353070
vt 0.91797525 0.48307356
vt 0.92582917 0.50021380
vt 0.91797525 0.50021380
vt 0.91797525 0.15740919
vt 0.92582935 0.17454948
vt 0.91797525 0.17454948
vt 0.91797525 0.46593338
vt 0.92582917 0.48307365
vt 0.91797525 0.48307356
vt 0.91797525 0.14026895
vt 0.92582935 0.15740919
vt 0.91797525 0.15740919
vt 0.91797525 0.44879317
vt 0.92582917 0.46593338
vt 0.91797525 0.46593338
vt 0.91797537 0.12312870
vt 0.92582917 0.14026895
vt 0.91797525 0.14026895
vt 0.91797525 0.43165293
vt 0.92582917 0.44879314
vt 0.91797525 0.44879317
vt 0.91797537 0.10598844
vt 0.92582935 0.12312870
vt 0.91797537 0.12312870
vt 0.91797525 0.41451272
vt 0.92582905 0.43165293
vt 0.91797525 0.43165293
vt 0.91797537 0.08884818
vt 0.92582917 0.10598841
vt 0.91797537 0.10598844
vt 0.91797525 0.39737251
vt 0.92582917 0.41451272
vt 0.91797525 0.41451272
vt 0.91797525 0.07170789
vt 0.92582935 0.08884818
vt 0.91797537 0.08884818
vt 0.91797525 0.38023227
vt 0.92582917 0.39737251
vt 0.91797525 0.39737251
vt 0.91797537 0.05456770
vt 0.92582917 0.07170789
vt 0.91797525 0.07170789
vt 0.91797513 0.36309206
vt 0.92582935 0.38023227
vt 0.91797525 0.38023227
vt 0.91797525 0.03742738
vt 0.92582917 0.05456763
vt 0.91797537 0.05456770
vt 0.91797537 0.26025072
vt 0.92582905 0.27739096
vt 0.91797513 0.27739096
vt 0.91797566 0.34595186
vt 0.92582917 0.36309206
vt 0.91797513 0.36309206
vt 0.91797525 0.03742738
vt 0.92582893 0.02028719
vt 0.92582905 0.03742738
vt 0.91797525 0.24311046
vt 0.92582935 0.26025075
vt 0.91797537 0.26025072
vt 0.91797525 0.32881162
vt 0.92582917 0.34595186
vt 0.91797566 0.34595186
vt 0.91797525 0.00314690
vt 0.92582893 0.02028719
vt 0.91797525 0.02028719
vt 0.91797537 0.22597022
vt 0.92582935 0.24311046
vt 0.91797525 0.24311046
vt 0.91797566 0.31167144
vt 0.92582917 0.32881162
vt 0.91797525 0.32881162
vt 0.91797513 0.55163437
vt 0.92582905 0.53449428
vt 0.92582905 0.55163443
vt 0.91797525 0.20882997
vt 0.92582935 0.22597022
vt 0.91797537 0.22597022
vt 0.91797525 0.29453117
vt 0.92582917 0.31167141
vt 0.91797566 0.31167144
vt 0.91797525 0.51735401
vt 0.92582905 0.53449428
vt 0.91797513 0.53449422
vt 0.91797525 0.19168973
vt 0.92582935 0.20882997
vt 0.91797525 0.20882997
vt 0.91797513 0.27739096
vt 0.92582917 0.29453117
vt 0.91797525 0.29453117
vt 0.91797525 0.50021380
vt 0.92582905 0.51735407
vt 0.91797525 0.51735401
vt 0.91797513 0.83919865
vt 0.93039453 0.84924400
vt 0.91797513 0.84924400
vt 0.70576930 0.69443268
vt 0.69027925 0.71118671
vt 0.68895847 0.69777662
vt 0.68895847 0.69777662
vt 0.67049748 0.71118671
vt 0.67181826 0.69777662
vt 0.65500730 0.69443274
vt 0.67049748 0.71118671
vt 0.65109581 0.70732743
vt 0.63917178 0.68787342
vt 0.65109581 0.70732743
vt 0.63281971 0.69975734
vt 0.63917178 0.68787342
vt 0.61637175 0.68876714
vt 0.62492019 0.67835087
vt 0.61280024 0.66623092
vt 0.61637175 0.68876714
vt 0.60238397 0.67477936
vt 0.60327762 0.65197933
vt 0.60238397 0.67477936
vt 0.59139377 0.65833139
vt 0.60327762 0.65197933
vt 0.58382356 0.64005548
vt 0.59671837 0.63614380
vt 0.59671837 0.63614380
vt 0.57996434 0.62065381
vt 0.59337443 0.61933291
vt 0.59337443 0.61933291
vt 0.57996434 0.60087192
vt 0.59337437 0.60219270
vt 0.59671825 0.58538187
vt 0.57996434 0.60087192
vt 0.58382350 0.58147025
vt 0.59671825 0.58538187
vt 0.59139359 0.56319433
vt 0.60327756 0.56954634
vt 0.61280012 0.55529481
vt 0.59139359 0.56319433
vt 0.60238379 0.54674637
vt 0.61280012 0.55529481
vt 0.61637163 0.53275853
vt 0.62492007 0.54317480
vt 0.63917166 0.53365219
vt 0.61637163 0.53275853
vt 0.63281953 0.52176833
vt 0.63917166 0.53365219
vt 0.65109551 0.51419818
vt 0.65500730 0.52709287
vt 0.65500730 0.52709287
vt 0.67049748 0.51033890
vt 0.67181826 0.52374899
vt 0.67181826 0.52374899
vt 0.69027919 0.51033890
vt 0.68895847 0.52374899
vt 0.68895847 0.52374899
vt 0.70968086 0.51419818
vt 0.70576930 0.52709287
vt 0.72160476 0.53365213
vt 0.70968086 0.51419818
vt 0.72795683 0.52176833
vt 0.72160476 0.53365213
vt 0.74440479 0.53275847
vt 0.73585635 0.54317474
vt 0.74797636 0.55529475
vt 0.74440479 0.53275847
vt 0.75839263 0.54674631
vt 0.75749892 0.56954634
vt 0.75839263 0.54674631
vt 0.76938277 0.56319427
vt 0.75749892 0.56954634
vt 0.77695298 0.58147025
vt 0.76405811 0.58538181
vt 0.76405811 0.58538181
vt 0.78081214 0.60087186
vt 0.76740211 0.60219264
vt 0.76740211 0.60219264
vt 0.78081214 0.62065363
vt 0.76740211 0.61933285
vt 0.76405823 0.63614380
vt 0.78081214 0.62065363
vt 0.77695298 0.64005530
vt 0.76405823 0.63614380
vt 0.76938277 0.65833133
vt 0.75749892 0.65197927
vt 0.75749892 0.65197927
vt 0.75839263 0.67477924
vt 0.74797636 0.66623086
vt 0.74797636 0.66623086
vt 0.74440479 0.68876714
vt 0.73585635 0.67835075
vt 0.72160476 0.68787342
vt 0.74440479 0.68876714
vt 0.72795689 0.69975728
vt 0.70576930 0.69443268
vt 0.72795689 0.69975728
vt 0.70968091 0.70732743
vt 0.93801194 0.10070373
vt 0.93212312 0.09094805
vt 0.93801194 0.09094805
vt 0.93801194 0.27630624
vt 0.93212312 0.26655051
vt 0.93801194 0.26655051
vt 0.93801194 0.09094805
vt 0.93212312 0.08119234
vt 0.93801194 0.08119234
vt 0.93801194 0.26655051
vt 0.93212312 0.25679481
vt 0.93801194 0.25679481
vt 0.93801194 0.08119234
vt 0.93212312 0.07143667
vt 0.93801194 0.07143667
vt 0.93801194 0.24703912
vt 0.93212312 0.25679481
vt 0.93212312 0.24703912
vt 0.93801194 0.07143667
vt 0.93212312 0.06168097
vt 0.93801194 0.06168097
vt 0.93801194 0.24703912
vt 0.93212312 0.23728344
vt 0.93801194 0.23728344
vt 0.93801194 0.06168097
vt 0.93212312 0.05192529
vt 0.93801194 0.05192529
vt 0.93801194 0.23728344
vt 0.93212312 0.22752772
vt 0.93801194 0.22752772
vt 0.93801194 0.05192529
vt 0.93212312 0.04216960
vt 0.93801194 0.04216960
vt 0.93801194 0.21777204
vt 0.93212312 0.22752772
vt 0.93212306 0.21777202
vt 0.93801194 0.04216960
vt 0.93212312 0.03241394
vt 0.93801194 0.03241394
vt 0.93801194 0.21777204
vt 0.93212312 0.20801634
vt 0.93801194 0.20801634
vt 0.93801194 0.03241394
vt 0.93212312 0.02265825
vt 0.93801206 0.02265825
vt 0.93801194 0.14948216
vt 0.93212312 0.15923785
vt 0.93212312 0.14948216
vt 0.93801194 0.20801634
vt 0.93212312 0.19826064
vt 0.93801194 0.19826064
vt 0.93801206 0.02265825
vt 0.93212312 0.01290257
vt 0.93801206 0.01290257
vt 0.93801194 0.14948216
vt 0.93212312 0.13972647
vt 0.93801194 0.13972647
vt 0.93801194 0.19826064
vt 0.93212312 0.18850493
vt 0.93801194 0.18850493
vt 0.93801206 0.01290257
vt 0.93212312 0.00314690
vt 0.93801206 0.00314690
vt 0.93801194 0.13972647
vt 0.93212312 0.12997079
vt 0.93801194 0.12997079
vt 0.93801194 0.18850493
vt 0.93212312 0.17874923
vt 0.93801194 0.17874925
vt 0.93801206 0.31532907
vt 0.93212312 0.30557334
vt 0.93801206 0.30557334
vt 0.93801194 0.12997079
vt 0.93212312 0.12021510
vt 0.93801194 0.12021510
vt 0.93801194 0.17874925
vt 0.93212312 0.16899355
vt 0.93801194 0.16899355
vt 0.93801206 0.30557334
vt 0.93212312 0.29581761
vt 0.93801194 0.29581761
vt 0.93801194 0.12021510
vt 0.93212312 0.11045942
vt 0.93801194 0.11045939
vt 0.93801194 0.16899355
vt 0.93212312 0.15923785
vt 0.93801194 0.15923785
vt 0.93801194 0.29581761
vt 0.93212312 0.28606194
vt 0.93801194 0.28606194
vt 0.93801194 0.11045939
vt 0.93212312 0.10070373
vt 0.93801194 0.10070373
vt 0.67337894 0.97078663
vt 0.66795892 0.97889823
vt 0.66106063 0.98579651
vt 0.40741721 0.47969413
vt 0.46175525 0.49881613
vt 0.40677574 0.49784920
vt 0.36645424 0.51682305
vt 0.40677574 0.49784920
vt 0.40648553 0.51607138
vt 0.36645424 0.51682305
vt 0.40751061 0.53433120
vt 0.36702234 0.53689241
vt 0.36702234 0.53689241
vt 0.40951824 0.55254215
vt 0.36902815 0.55704886
vt 0.36902815 0.55704886
vt 0.41244668 0.57061851
vt 0.37198791 0.57724828
vt 0.37198791 0.57724828
vt 0.41628221 0.58861399
vt 0.37548015 0.59758323
vt 0.37548015 0.59758323
vt 0.42127073 0.60657030
vt 0.38045698 0.61797225
vt 0.38666540 0.63844329
vt 0.42127073 0.60657030
vt 0.42687374 0.62463742
vt 0.38666540 0.63844329
vt 0.43427846 0.64253235
vt 0.39390099 0.65900916
vt 0.39390099 0.65900916
vt 0.44292420 0.66028774
vt 0.40255201 0.67973983
vt 0.40255201 0.67973983
vt 0.45309311 0.67774349
vt 0.41274291 0.70065522
vt 0.42496789 0.72178745
vt 0.45309311 0.67774349
vt 0.46428183 0.69513810
vt 0.42496789 0.72178745
vt 0.47796315 0.71180540
vt 0.43862361 0.74315888
vt 0.43862361 0.74315888
vt 0.49366143 0.72781396
vt 0.45549271 0.76467133
vt 0.47532883 0.78662562
vt 0.49366143 0.72781396
vt 0.51167649 0.74299783
vt 0.47532883 0.78662562
vt 0.53295577 0.75639784
vt 0.49979216 0.80842078
vt 0.49979216 0.80842078
vt 0.55762547 0.76733959
vt 0.52922744 0.82931918
vt 0.54417759 0.18361118
vt 0.53984457 0.25288147
vt 0.51317614 0.20058599
vt 0.48765141 0.21906431
vt 0.53984457 0.25288147
vt 0.51862139 0.26377252
vt 0.48765141 0.21906431
vt 0.50033629 0.27679619
vt 0.46652582 0.23846379
vt 0.44900116 0.25804329
vt 0.50033629 0.27679619
vt 0.48410514 0.29092020
vt 0.44900116 0.25804329
vt 0.47033194 0.30625689
vt 0.43392891 0.27787200
vt 0.42087051 0.29756978
vt 0.47033194 0.30625689
vt 0.45807135 0.32203385
vt 0.42087051 0.29756978
vt 0.44782239 0.33855107
vt 0.40998611 0.31747481
vt 0.40998611 0.31747481
vt 0.43905541 0.35544285
vt 0.40026668 0.33727735
vt 0.39211330 0.35710591
vt 0.43905541 0.35544285
vt 0.43109819 0.37248653
vt 0.38515043 0.37691382
vt 0.43109819 0.37248653
vt 0.42422369 0.38988954
vt 0.38515043 0.37691382
vt 0.41893461 0.40772018
vt 0.37958655 0.39683536
vt 0.37958655 0.39683536
vt 0.41472602 0.42564726
vt 0.37503344 0.41675875
vt 0.37503344 0.41675875
vt 0.41131660 0.44359839
vt 0.37144989 0.43672106
vt 0.37144989 0.43672106
vt 0.40896878 0.46163505
vt 0.36881083 0.45669237
vt 0.36881083 0.45669237
vt 0.40741721 0.47969413
vt 0.36706480 0.47670168
vt 0.36706480 0.47670168
vt 0.40677574 0.49784920
vt 0.36619797 0.49677339
vt 0.44306076 0.81493944
vt 0.45549271 0.76467133
vt 0.47532883 0.78662562
vt 0.40896878 0.46163505
vt 0.46169680 0.48319259
vt 0.40741721 0.47969413
vt 0.35238788 0.38998392
vt 0.37503344 0.41675875
vt 0.34772491 0.41119081
vt 0.44306076 0.81493944
vt 0.49979216 0.80842078
vt 0.46591735 0.84365004
vt 0.33962041 0.53861880
vt 0.36645424 0.51682305
vt 0.36702234 0.53689241
vt 0.34772491 0.41119081
vt 0.37144989 0.43672106
vt 0.34410325 0.43243480
vt 0.49579641 0.87538636
vt 0.49979216 0.80842078
vt 0.52922744 0.82931918
vt 0.33962041 0.53861880
vt 0.36902815 0.55704886
vt 0.34130064 0.56001830
vt 0.34410325 0.43243480
vt 0.36881083 0.45669237
vt 0.34142897 0.45361194
vt 0.51707441 0.13517973
vt 0.51317614 0.20058599
vt 0.48414928 0.16298063
vt 0.34130064 0.56001830
vt 0.37198791 0.57724828
vt 0.34391782 0.58156258
vt 0.34142897 0.45361194
vt 0.36706480 0.47670168
vt 0.33960092 0.47479174
vt 0.45921212 0.18846318
vt 0.51317614 0.20058599
vt 0.48765141 0.21906431
vt 0.34780219 0.60319149
vt 0.37198791 0.57724828
vt 0.37548015 0.59758323
vt 0.33865517 0.49607503
vt 0.36645424 0.51682305
vt 0.33860466 0.51734453
vt 0.45921212 0.18846318
vt 0.46652582 0.23846379
vt 0.43818051 0.21295741
vt 0.34780219 0.60319149
vt 0.38045698 0.61797225
vt 0.35247612 0.62496161
vt 0.43818051 0.21295741
vt 0.44900116 0.25804329
vt 0.42062023 0.23647363
vt 0.35247612 0.62496161
vt 0.38666540 0.63844329
vt 0.35825160 0.64695513
vt 0.42062023 0.23647363
vt 0.43392891 0.27787200
vt 0.40561813 0.25937858
vt 0.35825160 0.64695513
vt 0.39390099 0.65900916
vt 0.36522868 0.66928375
vt 0.39308134 0.28180388
vt 0.43392891 0.27787200
vt 0.42087051 0.29756978
vt 0.36522868 0.66928375
vt 0.40255201 0.67973983
vt 0.37354031 0.69187069
vt 0.39308134 0.28180388
vt 0.40998611 0.31747481
vt 0.38200301 0.30395240
vt 0.37354031 0.69187069
vt 0.41274291 0.70065522
vt 0.38327476 0.71494806
vt 0.37272596 0.32571450
vt 0.40998611 0.31747481
vt 0.40026668 0.33727735
vt 0.38327476 0.71494806
vt 0.42496789 0.72178745
vt 0.39462471 0.73856819
vt 0.36477071 0.34728065
vt 0.40026668 0.33727735
vt 0.39211330 0.35710591
vt 0.40825760 0.76295060
vt 0.42496789 0.72178745
vt 0.43862361 0.74315888
vt 0.35808831 0.36868259
vt 0.39211330 0.35710591
vt 0.38515043 0.37691382
vt 0.40825760 0.76295060
vt 0.45549271 0.76467133
vt 0.42388669 0.78832513
vt 0.93801194 0.28606194
vt 0.93212312 0.27630624
vt 0.93801194 0.27630624
vt 0.53295577 0.75639784
vt 0.57367051 0.70411402
vt 0.55762547 0.76733959
vt 0.40951824 0.55254215
vt 0.46261066 0.52997416
vt 0.46350938 0.54553765
vt 0.40896878 0.46163505
vt 0.46514741 0.45267603
vt 0.46237513 0.46779621
vt 0.53984457 0.25288147
vt 0.57367051 0.30500028
vt 0.55898094 0.30866605
vt 0.41244668 0.57061851
vt 0.46350938 0.54553765
vt 0.46519014 0.56079721
vt 0.40648553 0.51607138
vt 0.46175525 0.49881613
vt 0.46110809 0.51444209
vt 0.51862139 0.26377252
vt 0.55898094 0.30866605
vt 0.54519838 0.31446260
vt 0.41244668 0.57061851
vt 0.46893963 0.57559949
vt 0.41628221 0.58861399
vt 0.51862139 0.26377252
vt 0.53258270 0.32246357
vt 0.50033629 0.27679619
vt 0.41628221 0.58861399
vt 0.47354075 0.59028721
vt 0.42127073 0.60657030
vt 0.50033629 0.27679619
vt 0.52116275 0.33200565
vt 0.48410514 0.29092020
vt 0.42127073 0.60657030
vt 0.47901234 0.60477233
vt 0.42687374 0.62463742
vt 0.48410514 0.29092020
vt 0.51092046 0.34283546
vt 0.47033194 0.30625689
vt 0.42687374 0.62463742
vt 0.48545113 0.61901063
vt 0.43427846 0.64253235
vt 0.45807135 0.32203385
vt 0.51092046 0.34283546
vt 0.50128496 0.35402009
vt 0.43427846 0.64253235
vt 0.49290261 0.63286787
vt 0.44292420 0.66028774
vt 0.45807135 0.32203385
vt 0.49341741 0.36655319
vt 0.44782239 0.33855107
vt 0.45309311 0.67774349
vt 0.49290261 0.63286787
vt 0.50043428 0.64671475
vt 0.44782239 0.33855107
vt 0.48659092 0.37979218
vt 0.43905541 0.35544285
vt 0.45309311 0.67774349
vt 0.50984216 0.65919429
vt 0.46428183 0.69513810
vt 0.43905541 0.35544285
vt 0.48072261 0.39360091
vt 0.43109819 0.37248653
vt 0.47796315 0.71180540
vt 0.50984216 0.65919429
vt 0.51982135 0.67141289
vt 0.42422369 0.38988954
vt 0.47173849 0.42276272
vt 0.41893461 0.40772018
vt 0.47796315 0.71180540
vt 0.53151667 0.68188095
vt 0.49366143 0.72781396
vt 0.33960092 0.47479174
vt 0.36619797 0.49677339
vt 0.33865517 0.49607503
vt 0.35808831 0.36868259
vt 0.37958655 0.39683536
vt 0.35238788 0.38998392
vt 0.51167649 0.74299783
vt 0.53151667 0.68188095
vt 0.54423827 0.69150084
vt 0.41472602 0.42564726
vt 0.47173849 0.42276272
vt 0.46740460 0.43745795
vt 0.51167649 0.74299783
vt 0.55837178 0.69887632
vt 0.53295577 0.75639784
vt 0.40648553 0.51607138
vt 0.46261066 0.52997416
vt 0.40751061 0.53433120
vt 0.43109819 0.37248653
vt 0.47577277 0.40793410
vt 0.42422369 0.38988954
vt 0.41778812 0.19807757
vt 0.42062023 0.23647363
vt 0.40105554 0.22387446
vt 0.33451802 0.62913722
vt 0.35825160 0.64695513
vt 0.34004569 0.65206450
vt 0.40105554 0.22387446
vt 0.40561813 0.25937858
vt 0.38670576 0.24862264
vt 0.34004569 0.65206450
vt 0.36522868 0.66928375
vt 0.34667712 0.67530674
vt 0.38670576 0.24862264
vt 0.39308134 0.28180388
vt 0.37443653 0.27252460
vt 0.35474947 0.69904059
vt 0.36522868 0.66928375
vt 0.37354031 0.69187069
vt 0.36391333 0.29587743
vt 0.39308134 0.28180388
vt 0.38200301 0.30395240
vt 0.35474947 0.69904059
vt 0.38327476 0.71494806
vt 0.36402220 0.72334826
vt 0.36391333 0.29587743
vt 0.37272596 0.32571450
vt 0.35485265 0.31895450
vt 0.36402220 0.72334826
vt 0.39462471 0.73856819
vt 0.37485984 0.74839884
vt 0.35485265 0.31895450
vt 0.36477071 0.34728065
vt 0.34702834 0.34148115
vt 0.37485984 0.74839884
vt 0.40825760 0.76295060
vt 0.38752750 0.77440470
vt 0.34702834 0.34148115
vt 0.35808831 0.36868259
vt 0.34038675 0.36374649
vt 0.38752750 0.77440470
vt 0.42388669 0.78832513
vt 0.40206939 0.80164289
vt 0.33491573 0.38586965
vt 0.35808831 0.36868259
vt 0.35238788 0.38998392
vt 0.41971958 0.83104324
vt 0.42388669 0.78832513
vt 0.44306076 0.81493944
vt 0.32122785 0.51768893
vt 0.33865517 0.49607503
vt 0.33860466 0.51734453
vt 0.33491573 0.38586965
vt 0.34772491 0.41119081
vt 0.33024582 0.40788358
vt 0.41971958 0.83104324
vt 0.46591735 0.84365004
vt 0.43981463 0.86299479
vt 0.32122785 0.51768893
vt 0.33962041 0.53861880
vt 0.32204330 0.53972656
vt 0.32670471 0.42984191
vt 0.34772491 0.41119081
vt 0.34410325 0.43243480
vt 0.46561402 0.90106100
vt 0.46591735 0.84365004
vt 0.49579641 0.87538636
vt 0.32204330 0.53972656
vt 0.34130064 0.56001830
vt 0.32369274 0.56184977
vt 0.32407320 0.45180559
vt 0.34410325 0.43243480
vt 0.34142897 0.45361194
vt 0.49052110 0.10625920
vt 0.48414928 0.16298063
vt 0.46073571 0.14119135
vt 0.32369274 0.56184977
vt 0.34391782 0.58156258
vt 0.32621390 0.58409065
vt 0.32407320 0.45180559
vt 0.33960092 0.47479174
vt 0.32219157 0.47375309
vt 0.46073571 0.14119135
vt 0.45921212 0.18846318
vt 0.43749630 0.17073169
vt 0.32990018 0.60649830
vt 0.34391782 0.58156258
vt 0.34780219 0.60319149
vt 0.32219157 0.47375309
vt 0.33865517 0.49607503
vt 0.32118455 0.49569228
vt 0.43749630 0.17073169
vt 0.43818051 0.21295741
vt 0.41778812 0.19807757
vt 0.41472602 0.42564726
vt 0.46514741 0.45267603
vt 0.41131660 0.44359839
vt 0.29962966 0.63648069
vt 0.34004569 0.65206450
vt 0.30470243 0.66091824
vt 0.38640800 0.89057559
vt 0.46561402 0.90106100
vt 0.40053311 0.92915004
vt 0.31975603 0.30677620
vt 0.34702834 0.34148115
vt 0.31247061 0.33114195
vt 0.28829950 0.54159069
vt 0.32369274 0.56184977
vt 0.28981376 0.56501216
vt 0.33558556 0.76481265
vt 0.38752750 0.77440470
vt 0.34634039 0.79327637
vt 0.36138245 0.20248340
vt 0.38670576 0.24862264
vt 0.34880432 0.23010853
vt 0.29313618 0.42539650
vt 0.32407320 0.45180559
vt 0.29051021 0.44862184
vt 0.30470243 0.66091824
vt 0.34667712 0.67530674
vt 0.31076506 0.68582129
vt 0.41006976 0.10754919
vt 0.49052110 0.10625920
vt 0.46073571 0.14119135
vt 0.31247061 0.33114195
vt 0.34038675 0.36374649
vt 0.30624107 0.35506088
vt 0.28981376 0.56501216
vt 0.32621390 0.58409065
vt 0.29218805 0.58860409
vt 0.34634039 0.79327637
vt 0.40206939 0.80164289
vt 0.35847336 0.82334352
vt 0.34880432 0.23010853
vt 0.37443653 0.27252460
vt 0.33780575 0.25652418
vt 0.29051021 0.44862184
vt 0.32219157 0.47375309
vt 0.28870153 0.47182277
vt 0.31076506 0.68582129
vt 0.35474947 0.69904059
vt 0.31789488 0.71132779
vt 0.41006976 0.10754919
vt 0.43749630 0.17073169
vt 0.39191452 0.14189570
vt 0.30624107 0.35506088
vt 0.33491573 0.38586965
vt 0.30098078 0.37866944
vt 0.29218805 0.58860409
vt 0.32990018 0.60649830
vt 0.29546577 0.61240643
vt 0.35847336 0.82334352
vt 0.41971958 0.83104324
vt 0.37197399 0.85560215
vt 0.33780575 0.25652418
vt 0.36391333 0.29587743
vt 0.32821593 0.28203890
vt 0.28772959 0.49503735
vt 0.32122785 0.51768893
vt 0.28760737 0.51828361
vt 0.28870153 0.47182277
vt 0.32118455 0.49569228
vt 0.28772959 0.49503735
vt 0.31789488 0.71132779
vt 0.36402220 0.72334826
vt 0.32613385 0.73758626
vt 0.39191452 0.14189570
vt 0.41778812 0.19807757
vt 0.37569869 0.17327076
vt 0.30098078 0.37866944
vt 0.33024582 0.40788358
vt 0.29661018 0.40209687
vt 0.29546577 0.61240643
vt 0.33451802 0.62913722
vt 0.29962966 0.63648069
vt 0.37197399 0.85560215
vt 0.43981463 0.86299479
vt 0.38640800 0.89057559
vt 0.31975603 0.30677620
vt 0.36391333 0.29587743
vt 0.35485265 0.31895450
vt 0.28760737 0.51828361
vt 0.32204330 0.53972656
vt 0.28829950 0.54159069
vt 0.32613385 0.73758626
vt 0.37485984 0.74839884
vt 0.33558556 0.76481265
vt 0.37569869 0.17327076
vt 0.40105554 0.22387446
vt 0.36138245 0.20248340
vt 0.33451802 0.62913722
vt 0.34780219 0.60319149
vt 0.35247612 0.62496161
vt 0.08604059 0.48904154
vt 0.07397599 0.46016678
vt 0.08734591 0.46090040
vt 0.10752783 0.51752859
vt 0.08604059 0.48904154
vt 0.10809815 0.48975176
vt 0.10746978 0.54544246
vt 0.08559388 0.51730311
vt 0.10752783 0.51752859
vt 0.10805555 0.57345414
vt 0.08548753 0.54567140
vt 0.10746978 0.54544246
vt 0.10805555 0.57345414
vt 0.08715103 0.60260850
vt 0.08615599 0.57410651
vt 0.11095227 0.62969208
vt 0.08715103 0.60260850
vt 0.10937773 0.60151201
vt 0.11303714 0.65800899
vt 0.08869258 0.63113201
vt 0.11095227 0.62969208
vt 0.11546250 0.68655735
vt 0.09079777 0.65975672
vt 0.11303714 0.65800899
vt 0.11546250 0.68655735
vt 0.09574539 0.71754020
vt 0.09309911 0.68855470
vt 0.12141462 0.74453384
vt 0.09574539 0.71754020
vt 0.11846265 0.71532017
vt 0.12141462 0.74453384
vt 0.10128728 0.77647936
vt 0.09854787 0.74682015
vt 0.12775457 0.80448073
vt 0.10128728 0.77647936
vt 0.12470891 0.77416062
vt 0.13058376 0.83563101
vt 0.10393231 0.80661303
vt 0.12775457 0.80448073
vt 0.13296069 0.86787683
vt 0.10609847 0.83739001
vt 0.13058376 0.83563101
vt 0.13453691 0.90161926
vt 0.10761261 0.86900073
vt 0.13296069 0.86787683
vt 0.13501313 0.93774289
vt 0.10794600 0.90182370
vt 0.13453691 0.90161926
vt 0.13394946 0.97716016
vt 0.10650690 0.93646556
vt 0.13501313 0.93774289
vt 0.16213720 0.04318637
vt 0.13236073 0.00314690
vt 0.16494940 0.00354740
vt 0.15868463 0.07945915
vt 0.13303043 0.04193214
vt 0.16213720 0.04318637
vt 0.15460801 0.11359765
vt 0.13162655 0.07736435
vt 0.15868463 0.07945915
vt 0.15008135 0.14600904
vt 0.12897442 0.11079862
vt 0.15460801 0.11359765
vt 0.14526626 0.17718935
vt 0.12549138 0.14277069
vt 0.15008135 0.14600904
vt 0.14033702 0.20744550
vt 0.12142618 0.17370799
vt 0.14526626 0.17718935
vt 0.14033702 0.20744550
vt 0.11262370 0.23348352
vt 0.11716720 0.20390974
vt 0.13095294 0.26605389
vt 0.11262370 0.23348352
vt 0.13564609 0.23705371
vt 0.12654503 0.29467264
vt 0.10837308 0.26264986
vt 0.13095294 0.26605389
vt 0.12251755 0.32296520
vt 0.10420376 0.29148504
vt 0.12654503 0.29467264
vt 0.11893525 0.35102317
vt 0.10034848 0.32004499
vt 0.12251755 0.32296520
vt 0.11577266 0.37891200
vt 0.09698320 0.34844002
vt 0.11893525 0.35102317
vt 0.11306707 0.40666980
vt 0.09392014 0.37665650
vt 0.11577266 0.37891200
vt 0.11083297 0.43433493
vt 0.09131841 0.40476835
vt 0.11306707 0.40666980
vt 0.10903236 0.46201500
vt 0.08907039 0.43281320
vt 0.11083297 0.43433493
vt 0.10903236 0.46201500
vt 0.08604059 0.48904154
vt 0.08734591 0.46090040
vt 0.02913533 0.45757470
vt 0.00417103 0.48565099
vt 0.00696473 0.45607236
vt 0.05550768 0.48795259
vt 0.02626270 0.51657462
vt 0.02738260 0.48688996
vt 0.05483560 0.51689303
vt 0.02594211 0.54618561
vt 0.02626270 0.51657462
vt 0.05527340 0.57496279
vt 0.02594211 0.54618561
vt 0.05490284 0.54591054
vt 0.05527340 0.57496279
vt 0.02762607 0.60531408
vt 0.02688480 0.57578760
vt 0.05789964 0.63297635
vt 0.02762607 0.60531408
vt 0.05635377 0.60401088
vt 0.05978169 0.66200668
vt 0.02933704 0.63453931
vt 0.05789964 0.63297635
vt 0.06195523 0.69109380
vt 0.03148315 0.66387576
vt 0.05978169 0.66200668
vt 0.06195523 0.69109380
vt 0.03585600 0.72264457
vt 0.03376598 0.69325215
vt 0.06708716 0.74960768
vt 0.03585600 0.72264457
vt 0.06456045 0.72028488
vt 0.06939141 0.77913362
vt 0.03839175 0.75188828
vt 0.06708716 0.74960768
vt 0.07166296 0.80890685
vt 0.04084357 0.78112537
vt 0.06939141 0.77913362
vt 0.07334288 0.83896035
vt 0.04302491 0.81057680
vt 0.07166296 0.80890685
vt 0.07400396 0.86938012
vt 0.04461129 0.83994800
vt 0.07334288 0.83896035
vt 0.07308341 0.90038669
vt 0.04519706 0.86908430
vt 0.07400396 0.86938012
vt 0.07308341 0.90038669
vt 0.04025584 0.92729598
vt 0.04403595 0.89809889
vt 0.06353381 0.96563148
vt 0.04025584 0.92729598
vt 0.07000851 0.93236387
vt 0.09498534 0.04294510
vt 0.05808784 0.01428677
vt 0.09131423 0.00752383
vt 0.09580456 0.07631130
vt 0.06341118 0.04596169
vt 0.09498534 0.04294510
vt 0.09462605 0.10824186
vt 0.06538775 0.07674604
vt 0.09580456 0.07631130
vt 0.09462605 0.10824186
vt 0.06291588 0.13664159
vt 0.06507453 0.10688395
vt 0.08906677 0.16961531
vt 0.06291588 0.13664159
vt 0.09236648 0.13925989
vt 0.08518239 0.19946648
vt 0.05996418 0.16620880
vt 0.08906677 0.16961531
vt 0.08129496 0.22905111
vt 0.05654406 0.19570303
vt 0.08518239 0.19946648
vt 0.07716949 0.25825718
vt 0.05275853 0.22515298
vt 0.08129496 0.22905111
vt 0.07344046 0.28735551
vt 0.04883462 0.25428733
vt 0.07716949 0.25825718
vt 0.06973734 0.31630418
vt 0.04511340 0.28350282
vt 0.07344046 0.28735551
vt 0.06633183 0.34504747
vt 0.04150075 0.31283247
vt 0.06973734 0.31630418
vt 0.06349052 0.37366819
vt 0.03834205 0.34197447
vt 0.06633183 0.34504747
vt 0.06091551 0.40216079
vt 0.03558302 0.37092495
vt 0.06349052 0.37366819
vt 0.05875185 0.43064725
vt 0.03304448 0.39965299
vt 0.06091551 0.40216079
vt 0.05691838 0.45922104
vt 0.03096838 0.42851412
vt 0.05875185 0.43064725
vt 0.05691838 0.45922104
vt 0.02738260 0.48688996
vt 0.02913533 0.45757470
vt 0.08462195 0.74809313
vt 0.06456045 0.72028488
vt 0.08194922 0.71879208
vt 0.09879509 0.23146032
vt 0.08518239 0.19946648
vt 0.10311824 0.20189351
vt 0.08462195 0.74809313
vt 0.06939141 0.77913362
vt 0.06708716 0.74960768
vt 0.09879509 0.23146032
vt 0.07716949 0.25825718
vt 0.08129496 0.22905111
vt 0.08967648 0.80768466
vt 0.06939141 0.77913362
vt 0.08729135 0.77768797
vt 0.09064618 0.28961429
vt 0.07716949 0.25825718
vt 0.09472683 0.26068717
vt 0.09162118 0.83815438
vt 0.07166296 0.80890685
vt 0.08967648 0.80768466
vt 0.09064618 0.28961429
vt 0.06973734 0.31630418
vt 0.07344046 0.28735551
vt 0.09261885 0.86929715
vt 0.07334288 0.83896035
vt 0.09162118 0.83815438
vt 0.08702519 0.31838253
vt 0.06633183 0.34504747
vt 0.06973734 0.31630418
vt 0.09224175 0.90144020
vt 0.07400396 0.86938012
vt 0.09261885 0.86929715
vt 0.07208531 0.51715058
vt 0.05550768 0.48795259
vt 0.07286248 0.48858708
vt 0.08058975 0.37534505
vt 0.06633183 0.34504747
vt 0.08364376 0.34694788
vt 0.09224175 0.90144020
vt 0.07000851 0.93236387
vt 0.07308341 0.90038669
vt 0.07216521 0.54579121
vt 0.05483560 0.51689303
vt 0.07208531 0.51715058
vt 0.07791451 0.40362015
vt 0.06349052 0.37366819
vt 0.08058975 0.37534505
vt 0.08470450 0.97047985
vt 0.07000851 0.93236387
vt 0.09003034 0.93490422
vt 0.07249582 0.57449841
vt 0.05490284 0.54591054
vt 0.07216521 0.54579121
vt 0.07577772 0.43186980
vt 0.06091551 0.40216079
vt 0.07791451 0.40362015
vt 0.11589975 0.04195696
vt 0.09131423 0.00752383
vt 0.11385469 0.00479189
vt 0.07249582 0.57449841
vt 0.05635377 0.60401088
vt 0.05527340 0.57496279
vt 0.02626270 0.51657462
vt 0.00417103 0.48565099
vt 0.02738260 0.48688996
vt 0.11562496 0.07664829
vt 0.09498534 0.04294510
vt 0.11589975 0.04195696
vt 0.07529746 0.63195789
vt 0.05635377 0.60401088
vt 0.07373795 0.60322058
vt 0.07397599 0.46016678
vt 0.05875185 0.43064725
vt 0.07577772 0.43186980
vt 0.11371980 0.10950513
vt 0.09580456 0.07631130
vt 0.11562496 0.07664829
vt 0.07713301 0.66078377
vt 0.05789964 0.63297635
vt 0.07529746 0.63195789
vt 0.11079469 0.14109775
vt 0.09462605 0.10824186
vt 0.11371980 0.10950513
vt 0.07951745 0.68970340
vt 0.05978169 0.66200668
vt 0.07713301 0.66078377
vt 0.10707597 0.17180476
vt 0.09236648 0.13925989
vt 0.11079469 0.14109775
vt 0.08194922 0.71879208
vt 0.06195523 0.69109380
vt 0.07951745 0.68970340
vt 0.91797525 0.17454948
vt 0.92582935 0.19168973
vt 0.91797525 0.19168973
vt 0.04084357 0.78112537
vt 0.02034760 0.81205666
vt 0.01855312 0.78285319
vt 0.04883462 0.25428733
vt 0.02221378 0.28051552
vt 0.02693631 0.25126743
vt 0.04461129 0.83994800
vt 0.02034760 0.81205666
vt 0.04302491 0.81057680
vt 0.04150075 0.31283247
vt 0.02221378 0.28051552
vt 0.04511340 0.28350282
vt 0.04519706 0.86908430
vt 0.02260272 0.84087622
vt 0.04461129 0.83994800
vt 0.03304448 0.39965299
vt 0.00837028 0.42685834
vt 0.01137641 0.39777404
vt 0.03834205 0.34197447
vt 0.01898688 0.31020650
vt 0.04150075 0.31283247
vt 0.04403595 0.89809889
vt 0.02360792 0.86890692
vt 0.04519706 0.86908430
vt 0.03558302 0.37092495
vt 0.01604952 0.33963153
vt 0.03834205 0.34197447
vt 0.04403595 0.89809889
vt 0.01901527 0.92318362
vt 0.02279316 0.89626962
vt 0.02594211 0.54618561
vt 0.00328179 0.51594406
vt 0.02626270 0.51657462
vt 0.03304448 0.39965299
vt 0.01351237 0.36886072
vt 0.03558302 0.37092495
vt 0.03313218 0.95646399
vt 0.01901527 0.92318362
vt 0.04025584 0.92729598
vt 0.02688480 0.57578760
vt 0.00314690 0.54621738
vt 0.02594211 0.54618561
vt 0.07397599 0.46016678
vt 0.05550768 0.48795259
vt 0.05691838 0.45922104
vt 0.06341118 0.04596169
vt 0.03534442 0.02035835
vt 0.05808784 0.01428677
vt 0.02762607 0.60531408
vt 0.00398338 0.57628953
vt 0.02688480 0.57578760
vt 0.02913533 0.45757470
vt 0.00837028 0.42685834
vt 0.03096838 0.42851412
vt 0.06538775 0.07674604
vt 0.04068139 0.04881928
vt 0.06341118 0.04596169
vt 0.02933704 0.63453931
vt 0.00515201 0.60625041
vt 0.02762607 0.60531408
vt 0.06507453 0.10688395
vt 0.04293526 0.07745747
vt 0.06538775 0.07674604
vt 0.02933704 0.63453931
vt 0.00857408 0.66552800
vt 0.00724091 0.63582933
vt 0.06507453 0.10688395
vt 0.04035858 0.13472295
vt 0.04293289 0.10595246
vt 0.03376598 0.69325215
vt 0.00857408 0.66552800
vt 0.03148315 0.66387576
vt 0.05996418 0.16620880
vt 0.03374036 0.19285619
vt 0.03790050 0.16374001
vt 0.03376598 0.69325215
vt 0.01311160 0.72450644
vt 0.01152689 0.69496566
vt 0.10707597 0.17180476
vt 0.08518239 0.19946648
vt 0.08906677 0.16961531
vt 0.03839175 0.75188828
vt 0.01311160 0.72450644
vt 0.03585600 0.72264457
vt 0.05275853 0.22515298
vt 0.03374036 0.19285619
vt 0.05654406 0.19570303
vt 0.03839175 0.75188828
vt 0.01855312 0.78285319
vt 0.01645224 0.75385737
vt 0.05996418 0.16620880
vt 0.04035858 0.13472295
vt 0.06291588 0.13664159
vt 0.15375051 0.90081686
vt 0.13501313 0.93774289
vt 0.13453691 0.90161926
vt 0.12268765 0.51767159
vt 0.10746978 0.54544246
vt 0.10752783 0.51752859
vt 0.12824568 0.40801501
vt 0.11577266 0.37891200
vt 0.13102770 0.38051566
vt 0.15711677 0.97755283
vt 0.13501313 0.93774289
vt 0.15584137 0.93733805
vt 0.12346497 0.57291633
vt 0.10746978 0.54544246
vt 0.12288324 0.54523832
vt 0.12591568 0.43540347
vt 0.11306707 0.40666980
vt 0.12824568 0.40801501
vt 0.18288720 0.04519924
vt 0.16494940 0.00354740
vt 0.18796401 0.00585847
vt 0.12475289 0.60067189
vt 0.10805555 0.57345414
vt 0.12346497 0.57291633
vt 0.08604059 0.48904154
vt 0.07208531 0.51715058
vt 0.07286248 0.48858708
vt 0.18288720 0.04519924
vt 0.15868463 0.07945915
vt 0.16213720 0.04318637
vt 0.12644452 0.62860709
vt 0.10937773 0.60151201
vt 0.12475289 0.60067189
vt 0.12591568 0.43540347
vt 0.10903236 0.46201500
vt 0.11083297 0.43433493
vt 0.17290941 0.11616299
vt 0.15868463 0.07945915
vt 0.17811149 0.08191388
vt 0.12862293 0.65668374
vt 0.11095227 0.62969208
vt 0.12644452 0.62860709
vt 0.16757885 0.14871217
vt 0.15460801 0.11359765
vt 0.17290941 0.11616299
vt 0.13122731 0.68499422
vt 0.11303714 0.65800899
vt 0.12862293 0.65668374
vt 0.16216809 0.17995159
vt 0.15008135 0.14600904
vt 0.16757885 0.14871217
vt 0.13433617 0.71359223
vt 0.11546250 0.68655735
vt 0.13122731 0.68499422
vt 0.15681832 0.21018022
vt 0.14526626 0.17718935
vt 0.16216809 0.17995159
vt 0.13760722 0.74269241
vt 0.11846265 0.71532017
vt 0.13433617 0.71359223
vt 0.15172035 0.23967753
vt 0.14033702 0.20744550
vt 0.15681832 0.21018022
vt 0.14115833 0.77228457
vt 0.12141462 0.74453384
vt 0.13760722 0.74269241
vt 0.14678122 0.26857433
vt 0.13564609 0.23705371
vt 0.15172035 0.23967753
vt 0.14466099 0.80266786
vt 0.12470891 0.77416062
vt 0.14115833 0.77228457
vt 0.14217174 0.29700178
vt 0.13095294 0.26605389
vt 0.14678122 0.26857433
vt 0.14804994 0.83396864
vt 0.12775457 0.80448073
vt 0.14466099 0.80266786
vt 0.13798766 0.32506767
vt 0.12654503 0.29467264
vt 0.14217174 0.29700178
vt 0.15117174 0.86651403
vt 0.13058376 0.83563101
vt 0.14804994 0.83396864
vt 0.13427785 0.35287961
vt 0.12251755 0.32296520
vt 0.13798766 0.32506767
vt 0.15375051 0.90081686
vt 0.13296069 0.86787683
vt 0.15117174 0.86651403
vt 0.12268765 0.51767159
vt 0.10809815 0.48975176
vt 0.12328874 0.49017906
vt 0.04883462 0.25428733
vt 0.03042603 0.22226359
vt 0.05275853 0.22515298
vt 0.08548753 0.54567140
vt 0.07249582 0.57449841
vt 0.07216521 0.54579121
vt 0.10609847 0.83739001
vt 0.08967648 0.80768466
vt 0.10393231 0.80661303
vt 0.12142618 0.17370799
vt 0.11079469 0.14109775
vt 0.12549138 0.14277069
vt 0.12328874 0.49017906
vt 0.10903236 0.46201500
vt 0.12435964 0.46276283
vt 0.09309911 0.68855470
vt 0.08194922 0.71879208
vt 0.07951745 0.68970340
vt 0.13236073 0.00314690
vt 0.11589975 0.04195696
vt 0.11385469 0.00479189
vt 0.10034848 0.32004499
vt 0.09064618 0.28961429
vt 0.10420376 0.29148504
vt 0.08715103 0.60260850
vt 0.07249582 0.57449841
vt 0.08615599 0.57410651
vt 0.10609847 0.83739001
vt 0.09261885 0.86929715
vt 0.09162118 0.83815438
vt 0.11716720 0.20390974
vt 0.10707597 0.17180476
vt 0.12142618 0.17370799
vt 0.08907039 0.43281320
vt 0.07791451 0.40362015
vt 0.09131841 0.40476835
vt 0.08734591 0.46090040
vt 0.07577772 0.43186980
vt 0.08907039 0.43281320
vt 0.09854787 0.74682015
vt 0.08194922 0.71879208
vt 0.09574539 0.71754020
vt 0.13162655 0.07736435
vt 0.11589975 0.04195696
vt 0.13303043 0.04193214
vt 0.09698320 0.34844002
vt 0.08058975 0.37534505
vt 0.08364376 0.34694788
vt 0.08869258 0.63113201
vt 0.07373795 0.60322058
vt 0.08715103 0.60260850
vt 0.10761261 0.86900073
vt 0.09224175 0.90144020
vt 0.09261885 0.86929715
vt 0.11262370 0.23348352
vt 0.10311824 0.20189351
vt 0.11716720 0.20390974
vt 0.10128728 0.77647936
vt 0.08462195 0.74809313
vt 0.09854787 0.74682015
vt 0.12897442 0.11079862
vt 0.11562496 0.07664829
vt 0.13162655 0.07736435
vt 0.13102770 0.38051566
vt 0.11893525 0.35102317
vt 0.13427785 0.35287961
vt 0.08869258 0.63113201
vt 0.07713301 0.66078377
vt 0.07529746 0.63195789
vt 0.10650690 0.93646556
vt 0.09224175 0.90144020
vt 0.10794600 0.90182370
vt 0.10837308 0.26264986
vt 0.09879509 0.23146032
vt 0.11262370 0.23348352
vt 0.08548753 0.54567140
vt 0.07208531 0.51715058
vt 0.08559388 0.51730311
vt 0.10393231 0.80661303
vt 0.08729135 0.77768797
vt 0.10128728 0.77647936
vt 0.12549138 0.14277069
vt 0.11371980 0.10950513
vt 0.12897442 0.11079862
vt 0.09392014 0.37665650
vt 0.07791451 0.40362015
vt 0.08058975 0.37534505
vt 0.09309911 0.68855470
vt 0.07713301 0.66078377
vt 0.09079777 0.65975672
vt 0.10234760 0.97372359
vt 0.09003034 0.93490422
vt 0.10650690 0.93646556
vt 0.10034848 0.32004499
vt 0.08364376 0.34694788
vt 0.08702519 0.31838253
vt 0.29661018 0.40209687
vt 0.32670471 0.42984191
vt 0.29313618 0.42539650
vt 0.12268765 0.51767159
vt 0.28772959 0.49503735
vt 0.28760737 0.51828361
vt 0.12288324 0.54523832
vt 0.28760737 0.51828361
vt 0.28829950 0.54159069
vt 0.10420376 0.29148504
vt 0.09472683 0.26068717
vt 0.10837308 0.26264986
vt 0.12346497 0.57291633
vt 0.28829950 0.54159069
vt 0.28981376 0.56501216
vt 0.12475289 0.60067189
vt 0.28981376 0.56501216
vt 0.29218805 0.58860409
vt 0.12644452 0.62860709
vt 0.29218805 0.58860409
vt 0.29546577 0.61240643
vt 0.12862293 0.65668374
vt 0.29546577 0.61240643
vt 0.29962966 0.63648069
vt 0.13122731 0.68499422
vt 0.29962966 0.63648069
vt 0.30470243 0.66091824
vt 0.13433617 0.71359223
vt 0.30470243 0.66091824
vt 0.31076506 0.68582129
vt 0.13760722 0.74269241
vt 0.31076506 0.68582129
vt 0.31789488 0.71132779
vt 0.14115833 0.77228457
vt 0.31789488 0.71132779
vt 0.32613385 0.73758626
vt 0.14466099 0.80266786
vt 0.32613385 0.73758626
vt 0.33558556 0.76481265
vt 0.14804994 0.83396864
vt 0.33558556 0.76481265
vt 0.34634039 0.79327637
vt 0.15117174 0.86651403
vt 0.34634039 0.79327637
vt 0.35847336 0.82334352
vt 0.15375051 0.90081686
vt 0.35847336 0.82334352
vt 0.37197399 0.85560215
vt 0.15584137 0.93733805
vt 0.37197399 0.85560215
vt 0.38640800 0.89057559
vt 0.15711677 0.97755283
vt 0.38640800 0.89057559
vt 0.40053311 0.92915004
vt 0.18288720 0.04519924
vt 0.42836851 0.06997140
vt 0.41006976 0.10754919
vt 0.17811149 0.08191388
vt 0.41006976 0.10754919
vt 0.39191452 0.14189570
vt 0.17290941 0.11616299
vt 0.39191452 0.14189570
vt 0.37569869 0.17327076
vt 0.16757885 0.14871217
vt 0.37569869 0.17327076
vt 0.36138245 0.20248340
vt 0.16216809 0.17995159
vt 0.36138245 0.20248340
vt 0.34880432 0.23010853
vt 0.15681832 0.21018022
vt 0.34880432 0.23010853
vt 0.33780575 0.25652418
vt 0.15172035 0.23967753
vt 0.33780575 0.25652418
vt 0.32821593 0.28203890
vt 0.14678122 0.26857433
vt 0.32821593 0.28203890
vt 0.31975603 0.30677620
vt 0.14217174 0.29700178
vt 0.31975603 0.30677620
vt 0.31247061 0.33114195
vt 0.13798766 0.32506767
vt 0.31247061 0.33114195
vt 0.30624107 0.35506088
vt 0.13427785 0.35287961
vt 0.30624107 0.35506088
vt 0.30098078 0.37866944
vt 0.13102770 0.38051566
vt 0.30098078 0.37866944
vt 0.29661018 0.40209687
vt 0.12824568 0.40801501
vt 0.29661018 0.40209687
vt 0.29313618 0.42539650
vt 0.12591568 0.43540347
vt 0.29313618 0.42539650
vt 0.29051021 0.44862184
vt 0.12435964 0.46276283
vt 0.29051021 0.44862184
vt 0.28870153 0.47182277
vt 0.12328874 0.49017906
vt 0.28870153 0.47182277
vt 0.28772959 0.49503735
vn -0.98078471 0.19509344 0.00000048
vn -0.98078561 0.19508873 0.00000054
vn -0.92387962 0.38268346 0.00000030
vn 0.83146894 -0.55557126 -0.00000043
vn 0.83147126 -0.55556774 -0.00000052
vn 0.70710844 -0.70710510 -0.00000028
vn -1.00000000 0.00000184 0.00000034
vn -1.00000000 -0.00000241 0.00000055
vn -0.98078561 0.19508873 0.00000054
vn 0.92387879 -0.38268542 -0.00000037
vn 0.92387992 -0.38268247 -0.00000030
vn 0.83147126 -0.55556774 -0.00000052
vn -0.98078561 -0.19508854 0.00000029
vn -0.98078513 -0.19509102 0.00000042
vn -1.00000000 -0.00000241 0.00000055
vn 0.98078489 -0.19509268 -0.00000036
vn 0.98078555 -0.19508903 -0.00000034
vn 0.92387992 -0.38268247 -0.00000030
vn -0.92387998 -0.38268247 0.00000046
vn -0.92387879 -0.38268530 0.00000045
vn -0.98078513 -0.19509102 0.00000042
vn 1.00000000 -0.00000176 -0.00000068
vn 1.00000000 0.00000247 -0.00000051
vn 0.98078555 -0.19508903 -0.00000034
vn -0.83147085 -0.55556846 0.00000029
vn -0.83146846 -0.55557191 0.00000036
vn -0.92387879 -0.38268530 0.00000045
vn 0.98078597 0.19508682 -0.00000058
vn 0.98078501 0.19509155 -0.00000042
vn 1.00000000 0.00000247 -0.00000051
vn -0.70710826 -0.70710528 0.00000032
vn -0.70710522 -0.70710832 0.00000034
vn -0.83146846 -0.55557191 0.00000036
vn 0.92388016 0.38268185 -0.00000020
vn 0.92387897 0.38268495 -0.00000048
vn 0.98078501 0.19509155 -0.00000042
vn -0.55557132 -0.83146900 0.00000013
vn -0.55556792 -0.83147115 0.00000013
vn -0.70710522 -0.70710832 0.00000034
vn 0.83147204 0.55556661 -0.00000051
vn 0.83147097 0.55556834 -0.00000059
vn 0.92387897 0.38268495 -0.00000048
vn -0.38268620 -0.92387849 0.00000006
vn -0.38268232 -0.92387998 0.00000012
vn -0.55556792 -0.83147115 0.00000013
vn -0.19508821 0.98078573 0.00000021
vn -0.19509183 0.98078501 0.00000018
vn -0.00000145 1.00000000 0.00000012
vn 0.70710838 0.70710522 -0.00000025
vn 0.70710546 0.70710814 -0.00000004
vn 0.83147097 0.55556834 -0.00000059
vn -0.19509207 -0.98078495 -0.00000004
vn -0.19508874 -0.98078561 -0.00000005
vn -0.38268232 -0.92387998 0.00000012
vn -0.38268152 0.92388028 0.00000027
vn -0.38268334 0.92387956 0.00000024
vn -0.19509183 0.98078501 0.00000018
vn 0.55557078 0.83146936 -0.00000013
vn 0.55556720 0.83147162 -0.00000012
vn 0.70710546 0.70710814 -0.00000004
vn -0.00000106 -1.00000000 -0.00000012
vn 0.00000085 -1.00000000 -0.00000012
vn -0.19508874 -0.98078561 -0.00000005
vn -0.55556548 0.83147287 0.00000033
vn -0.55556983 0.83146995 0.00000024
vn -0.38268334 0.92387956 0.00000024
vn 0.38268635 0.92387843 -0.00000007
vn 0.38268214 0.92388004 -0.00000005
vn 0.55556720 0.83147162 -0.00000012
vn 0.19508837 -0.98078567 -0.00000021
vn 0.19509107 -0.98078507 -0.00000019
vn 0.00000085 -1.00000000 -0.00000012
vn -0.70710742 0.70710611 0.00000021
vn -0.70711249 0.70710105 0.00000028
vn -0.55556983 0.83146995 0.00000024
vn 0.19509254 0.98078489 0.00000004
vn 0.19508855 0.98078561 0.00000005
vn 0.38268214 0.92388004 -0.00000005
vn 0.38268214 -0.92388010 -0.00000027
vn 0.38268596 -0.92387849 -0.00000024
vn 0.19509107 -0.98078507 -0.00000019
vn -0.83146906 0.55557120 0.00000043
vn -0.83147138 0.55556762 0.00000052
vn -0.70711249 0.70710105 0.00000028
vn 0.00000205 1.00000000 0.00000012
vn -0.00000145 1.00000000 0.00000012
vn 0.19508855 0.98078561 0.00000005
vn 0.55556726 -0.83147162 -0.00000033
vn 0.55557096 -0.83146918 -0.00000024
vn 0.38268596 -0.92387849 -0.00000024
vn -0.92387795 0.38268742 0.00000037
vn -0.92387962 0.38268346 0.00000030
vn -0.83147138 0.55556762 0.00000052
vn 0.00000039 0.00000232 1.00000000
vn 0.00000039 0.00000019 1.00000000
vn 0.00000039 0.00000290 1.00000000
vn 0.00000039 0.00000232 1.00000000
vn 0.00000039 0.00000019 1.00000000
vn 0.00000039 0.00000019 1.00000000
vn 0.00000039 -0.00000071 1.00000000
vn 0.00000039 0.00000019 1.00000000
vn 0.00000039 0.00000019 1.00000000
vn 0.00000039 -0.00000071 1.00000000
vn 0.00000039 -0.00000310 1.00000000
vn 0.00000039 -0.00000416 1.00000000
vn 0.00000039 0.00000790 1.00000000
vn 0.00000039 -0.00000416 1.00000000
vn 0.00000039 0.00000250 1.00000000
vn 0.00000039 0.00000374 1.00000000
vn 0.00000039 0.00000250 1.00000000
vn 0.00000039 0.00000157 1.00000000
vn 0.00000039 0.00000087 1.00000000
vn 0.00000039 -0.00001105 1.00000000
vn 0.00000039 0.00000157 1.00000000
vn 0.00000039 0.00000019 1.00000000
vn 0.00000039 0.00000087 1.00000000
vn 0.00000039 -0.00000106 1.00000000
vn 0.00000039 0.00000019 1.00000000
vn 0.00000039 0.00000019 1.00000000
vn 0.00000039 -0.00000103 1.00000000
vn 0.00000039 -0.00000117 1.00000000
vn 0.00000039 -0.00000103 1.00000000
vn 0.00000039 -0.00000222 1.00000000
vn 0.00000039 -0.00000751 1.00000000
vn 0.00000039 -0.00000222 1.00000000
vn 0.00000039 0.00000284 1.00000000
vn 0.00000039 -0.00001015 1.00000000
vn 0.00000039 0.00000284 1.00000000
vn 0.00000039 -0.00000039 1.00000000
vn 0.00000039 0.00000337 1.00000000
vn 0.00000039 -0.00000039 1.00000000
vn 0.00000039 -0.00000151 1.00000000
vn 0.00000039 0.00000582 1.00000000
vn 0.00000039 -0.00000151 1.00000000
vn 0.00000039 -0.00000251 1.00000000
vn 0.00000039 -0.00000017 1.00000000
vn 0.00000039 0.00000019 1.00000000
vn 0.00000039 -0.00000251 1.00000000
vn 0.00000039 -0.00000017 1.00000000
vn 0.00000039 -0.00000640 1.00000000
vn 0.00000039 0.00000019 1.00000000
vn 0.00000039 0.00000282 1.00000000
vn 0.00000039 0.00000019 1.00000000
vn 0.00000039 0.00000019 1.00000000
vn 0.00000039 0.00000282 1.00000000
vn 0.00000039 0.00000019 1.00000000
vn 0.00000039 -0.00000151 1.00000000
vn 0.00000039 0.00000990 1.00000000
vn 0.00000039 -0.00000151 1.00000000
vn 0.00000039 -0.00000151 1.00000000
vn 0.00000039 -0.00000026 1.00000000
vn 0.00000039 0.00000582 1.00000000
vn 0.00000039 -0.00000151 1.00000000
vn 0.00000039 -0.00000026 1.00000000
vn 0.00000039 -0.00000145 1.00000000
vn 0.00000039 -0.00000175 1.00000000
vn 0.00000039 -0.00000071 1.00000000
vn 0.00000039 -0.00000175 1.00000000
vn 0.00000039 -0.00000590 1.00000000
vn 0.00000039 -0.00000049 1.00000000
vn 0.00000039 0.00000019 1.00000000
vn 0.00000039 -0.00000590 1.00000000
vn 0.00000039 -0.00000049 1.00000000
vn 0.00000039 -0.00000228 1.00000000
vn 0.00000039 0.00000019 1.00000000
vn 0.00000039 0.00000042 1.00000000
vn 0.00000039 0.00000019 1.00000000
vn 0.00000039 0.00000019 1.00000000
vn 0.00000039 0.00000042 1.00000000
vn 0.00000039 0.00000102 1.00000000
vn 0.00000039 0.00000058 1.00000000
vn 0.00000039 -0.00000026 1.00000000
vn 0.00000039 0.00000058 1.00000000
vn 0.00000039 -0.00000251 1.00000000
vn 0.00000039 0.00000065 1.00000000
vn 0.00000039 0.00000019 1.00000000
vn 0.00000039 -0.00000251 1.00000000
vn 0.00000039 0.00000065 1.00000000
vn 0.00000039 0.00000184 1.00000000
vn 0.00000039 -0.00000039 1.00000000
vn 0.00000039 -0.00000071 1.00000000
vn 0.00000039 -0.00000039 1.00000000
vn 0.00000039 -0.00000251 1.00000000
vn 0.00000039 -0.00000103 1.00000000
vn 0.00000039 0.00000019 1.00000000
vn 0.00000039 -0.00000251 1.00000000
vn 0.00000039 -0.00000103 1.00000000
vn 0.00000039 0.00000349 1.00000000
vn 0.00000039 0.00000290 1.00000000
vn -0.70710713 0.70710647 0.00000024
vn -0.70710540 0.70710820 0.00000021
vn -0.55557334 0.83146745 0.00000005
vn 0.98078555 -0.19508921 -0.00000034
vn 0.98078513 -0.19509122 -0.00000034
vn 0.92387891 -0.38268501 -0.00000029
vn -0.83147335 0.55556464 0.00000003
vn -0.83147198 0.55556667 0.00000006
vn -0.70710540 0.70710820 0.00000021
vn 1.00000000 0.00000466 -0.00000017
vn 1.00000000 0.00000060 -0.00000023
vn 0.98078513 -0.19509122 -0.00000034
vn -0.92387873 0.38268530 0.00000023
vn -0.92387795 0.38268727 0.00000029
vn -0.83147198 0.55556667 0.00000006
vn 0.98078477 0.19509287 -0.00000036
vn 0.98078603 0.19508697 -0.00000042
vn 1.00000000 0.00000060 -0.00000023
vn -0.98078567 0.19508858 0.00000034
vn -0.98078537 0.19509006 0.00000034
vn -0.92387795 0.38268727 0.00000029
vn 0.92387980 0.38268289 -0.00000093
vn 0.92388171 0.38267824 -0.00000054
vn 0.98078603 0.19508697 -0.00000042
vn -1.00000000 -0.00000328 0.00000017
vn -1.00000000 0.00000075 0.00000023
vn -0.98078537 0.19509006 0.00000034
vn 0.83146524 0.55557674 -0.00000014
vn 0.83146924 0.55557072 0.00000046
vn 0.92388171 0.38267824 -0.00000054
vn -0.98078483 -0.19509248 0.00000036
vn -0.98078597 -0.19508705 0.00000016
vn -1.00000000 0.00000075 0.00000023
vn 0.70710599 0.70710754 -0.00000024
vn 0.70711112 0.70710248 -0.00000001
vn 0.83146924 0.55557072 0.00000046
vn -0.92387980 -0.38268289 0.00000024
vn -0.92388171 -0.38267824 -0.00000041
vn -0.98078597 -0.19508705 0.00000016
vn 0.55556178 0.83147532 -0.00000041
vn 0.55556846 0.83147091 -0.00000038
vn 0.70711112 0.70710248 -0.00000001
vn -0.83146876 -0.55557138 -0.00000034
vn -0.83147192 -0.55556673 -0.00000067
vn -0.92388171 -0.38267824 -0.00000041
vn 0.38268685 0.92387819 -0.00000036
vn 0.38269109 0.92387635 -0.00000033
vn 0.55556846 0.83147091 -0.00000038
vn 0.19508651 -0.98078609 0.00000010
vn 0.19508524 -0.98078626 0.00000010
vn -0.00000233 -1.00000000 0.00000019
vn -0.70710045 -0.70711315 -0.00000002
vn -0.70710802 -0.70710552 0.00000014
vn -0.83147192 -0.55556673 -0.00000067
vn 0.38268685 0.92387819 -0.00000036
vn 0.19508797 0.98078573 -0.00000040
vn 0.19508842 0.98078567 -0.00000036
vn 0.38268635 -0.92387837 0.00000003
vn 0.38268530 -0.92387885 0.00000003
vn 0.19508524 -0.98078626 0.00000010
vn -0.55557138 -0.83146882 0.00000028
vn -0.55557895 -0.83146381 0.00000038
vn -0.70710802 -0.70710552 0.00000014
vn -0.00000323 1.00000000 -0.00000019
vn -0.00000435 1.00000000 -0.00000019
vn 0.19508842 0.98078567 -0.00000036
vn 0.55556327 -0.83147430 -0.00000005
vn 0.55556417 -0.83147365 -0.00000018
vn 0.38268530 -0.92387885 0.00000003
vn -0.38267744 -0.92388201 0.00000033
vn -0.38268217 -0.92388016 0.00000035
vn -0.55557895 -0.83146381 0.00000038
vn -0.00000323 1.00000000 -0.00000019
vn -0.19508715 0.98078591 -0.00000010
vn -0.19509013 0.98078537 -0.00000010
vn 0.70711035 -0.70710319 -0.00000058
vn 0.70711237 -0.70710117 -0.00000069
vn 0.55556417 -0.83147365 -0.00000018
vn -0.19508684 -0.98078597 0.00000032
vn -0.19509223 -0.98078489 0.00000034
vn -0.38268217 -0.92388016 0.00000035
vn -0.38268176 0.92388022 -0.00000003
vn -0.38268340 0.92387956 -0.00000003
vn -0.19509013 0.98078537 -0.00000010
vn 0.83146954 -0.55557048 -0.00000003
vn 0.83146912 -0.55557096 -0.00000006
vn 0.70711237 -0.70710117 -0.00000069
vn 0.00000209 -1.00000000 0.00000020
vn -0.00000233 -1.00000000 0.00000019
vn -0.19509223 -0.98078489 0.00000034
vn -0.55557352 0.83146739 0.00000005
vn -0.55557334 0.83146745 0.00000005
vn -0.38268340 0.92387956 -0.00000003
vn 0.70710522 -0.70710832 -0.00000021
vn 0.70710844 -0.70710510 -0.00000028
vn 0.55557096 -0.83146918 -0.00000024
vn 0.00000039 -0.00000417 1.00000000
vn 0.00000039 -0.00000748 1.00000000
vn 0.00000039 -0.00000244 1.00000000
vn 0.00000039 0.00000213 1.00000000
vn 0.00000039 -0.00000244 1.00000000
vn 0.00000039 -0.00000308 1.00000000
vn 0.00000039 -0.00000100 1.00000000
vn 0.00000039 0.00000019 1.00000000
vn 0.00000039 -0.00000308 1.00000000
vn 0.00000039 0.00000019 1.00000000
vn 0.00000039 -0.00000100 1.00000000
vn 0.00000039 -0.00000494 1.00000000
vn 0.00000039 0.00000019 1.00000000
vn 0.00000039 0.00000019 1.00000000
vn 0.00000039 -0.00000234 1.00000000
vn 0.00000039 0.00000019 1.00000000
vn 0.00000039 -0.00000423 1.00000000
vn 0.00000039 -0.00000234 1.00000000
vn 0.00000039 0.00000054 1.00000000
vn 0.00000039 0.00000019 1.00000000
vn 0.00000039 -0.00000226 1.00000000
vn 0.00000039 0.00000054 1.00000000
vn 0.00000039 -0.00000460 1.00000000
vn 0.00000039 0.00000089 1.00000000
vn 0.00000039 0.00000606 1.00000000
vn 0.00000039 0.00000089 1.00000000
vn 0.00000039 0.00000390 1.00000000
vn 0.00000039 0.00000378 1.00000000
vn 0.00000039 0.00000390 1.00000000
vn 0.00000039 0.00000101 1.00000000
vn 0.00000039 -0.00000220 1.00000000
vn 0.00000039 0.00000019 1.00000000
vn 0.00000039 0.00000101 1.00000000
vn 0.00000039 -0.00000220 1.00000000
vn 0.00000039 -0.00000364 1.00000000
vn 0.00000039 0.00000019 1.00000000
vn 0.00000039 0.00000415 1.00000000
vn 0.00000039 0.00000019 1.00000000
vn 0.00000039 0.00000019 1.00000000
vn 0.00000039 0.00000415 1.00000000
vn 0.00000039 0.00000787 1.00000000
vn 0.00000114 -0.00000488 1.00000000
vn 0.00000103 -0.00001221 1.00000000
vn 0.00000039 -0.00000866 1.00000000
vn 0.00000114 -0.00000488 1.00000000
vn 0.00000103 -0.00001221 1.00000000
vn 0.00000169 -0.00000748 1.00000000
vn 0.00000039 0.00000006 1.00000000
vn 0.00000039 -0.00000946 1.00000000
vn 0.00000039 0.00000006 1.00000000
vn -0.00000091 -0.00000547 1.00000000
vn -0.00000025 -0.00000597 1.00000000
vn -0.00000091 -0.00000547 1.00000000
vn -0.00000036 -0.00000181 1.00000000
vn 0.00000039 0.00000241 1.00000000
vn -0.00000036 -0.00000181 1.00000000
vn 0.00000039 0.00000347 1.00000000
vn 0.00000039 0.00000186 1.00000000
vn 0.00000039 0.00000019 1.00000000
vn 0.00000039 0.00000347 1.00000000
vn 0.00000039 0.00000186 1.00000000
vn 0.00000039 0.00000019 1.00000000
vn 0.00000039 0.00000364 1.00000000
vn 0.00000039 -0.00000460 1.00000000
vn 0.00000039 0.00000905 1.00000000
vn 0.00000039 0.00000364 1.00000000
vn 0.00000039 -0.00000348 1.00000000
vn 0.00000039 -0.00000460 1.00000000
vn 0.00000039 -0.00000023 1.00000000
vn 0.00000039 -0.00000348 1.00000000
vn 0.00000039 0.00000499 1.00000000
vn 0.00000039 0.00000114 1.00000000
vn 0.00000039 -0.00000567 1.00000000
vn 0.00000039 0.00000114 1.00000000
vn 0.00000039 0.00000032 1.00000000
vn 0.00000039 -0.00000100 1.00000000
vn 0.00000039 0.00000032 1.00000000
vn 0.00000039 -0.00000062 1.00000000
vn 0.00000039 0.00000019 1.00000000
vn 0.00000039 0.00000019 1.00000000
vn 0.00000039 -0.00000062 1.00000000
vn 0.00000039 0.00000019 1.00000000
vn 0.00000039 0.00000019 1.00000000
vn 0.00000039 0.00000019 1.00000000
vn 0.00000039 0.00000019 1.00000000
vn 0.00000039 0.00000019 1.00000000
vn 0.00000039 0.00000019 1.00000000
vn 0.00000039 0.00000019 1.00000000
vn 0.00000039 0.00000019 1.00000000
vn 0.00000039 0.00000273 1.00000000
vn 0.00000039 0.00000186 1.00000000
vn 0.00000039 0.00000462 1.00000000
vn 0.00000039 0.00000273 1.00000000
vn 0.00000039 -0.00000417 1.00000000
vn 0.00000039 0.00000186 1.00000000
vn 0.00000039 0.00000019 1.00000000
vn -0.92388111 0.38267988 0.00000019
vn -0.92388123 0.38267958 0.00000029
vn -0.98078537 0.19508986 0.00000072
vn 0.70711058 -0.70710301 -0.00000014
vn 0.70710462 -0.70710891 -0.00000014
vn 0.83146471 -0.55557775 -0.00000022
vn -0.98078549 0.19508940 0.00000036
vn -0.98078537 0.19508986 0.00000072
vn -1.00000000 -0.00000150 0.00000045
vn 0.83147007 -0.55556953 -0.00000025
vn 0.83146471 -0.55557775 -0.00000022
vn 0.92387915 -0.38268432 -0.00000009
vn -1.00000000 -0.00000120 0.00000019
vn -1.00000000 -0.00000150 0.00000045
vn -0.98078567 -0.19508865 -0.00000014
vn 0.98078549 -0.19508947 -0.00000024
vn 0.92388129 -0.38267937 -0.00000029
vn 0.92387915 -0.38268432 -0.00000009
vn -0.98078579 -0.19508758 0.00000009
vn -0.98078567 -0.19508865 -0.00000014
vn -0.92388135 -0.38267916 0.00000087
vn 0.98078549 -0.19508947 -0.00000024
vn 0.98078531 -0.19509022 -0.00000034
vn 1.00000000 0.00000150 0.00000011
vn -0.92388147 -0.38267878 0.00000090
vn -0.92388135 -0.38267916 0.00000087
vn -0.83147573 -0.55556124 0.00000062
vn 1.00000000 0.00000115 0.00000018
vn 1.00000000 0.00000150 0.00000011
vn 0.98078561 0.19508858 -0.00000023
vn -0.83147317 -0.55556482 0.00000043
vn -0.83147573 -0.55556124 0.00000062
vn -0.70710200 -0.70711154 0.00000041
vn 0.92388135 0.38267919 -0.00000044
vn 0.98078585 0.19508781 -0.00000042
vn 0.98078561 0.19508858 -0.00000023
vn -0.70709896 -0.70711464 0.00000041
vn -0.70710200 -0.70711154 0.00000041
vn -0.55556685 -0.83147186 0.00000038
vn 0.92388135 0.38267919 -0.00000044
vn 0.92388141 0.38267916 -0.00000043
vn 0.83146799 0.55557281 -0.00000043
vn -0.55556583 -0.83147258 0.00000043
vn -0.55556685 -0.83147186 0.00000038
vn -0.38269046 -0.92387664 0.00000049
vn -0.19509123 0.98078519 -0.00000008
vn 0.00000087 1.00000000 -0.00000019
vn 0.00000077 1.00000000 -0.00000019
vn 0.83147073 0.55556858 -0.00000043
vn 0.83146799 0.55557281 -0.00000043
vn 0.70711344 0.70710009 -0.00000041
vn -0.38268635 -0.92387837 0.00000051
vn -0.38269046 -0.92387664 0.00000049
vn -0.19509287 -0.98078477 0.00000030
vn -0.19509123 0.98078519 -0.00000008
vn -0.19508864 0.98078561 -0.00000011
vn -0.38268068 0.92388070 0.00000015
vn 0.70711440 0.70709920 -0.00000041
vn 0.70711344 0.70710009 -0.00000041
vn 0.55556315 0.83147436 -0.00000038
vn -0.19509108 -0.98078513 0.00000028
vn -0.19509287 -0.98078477 0.00000030
vn 0.00000150 -1.00000000 0.00000020
vn -0.38268563 0.92387855 0.00000013
vn -0.38268068 0.92388070 0.00000015
vn -0.55556482 0.83147317 0.00000010
vn 0.55556393 0.83147383 -0.00000038
vn 0.55556315 0.83147436 -0.00000038
vn 0.38268358 0.92387950 -0.00000033
vn -0.00000106 -1.00000000 0.00000020
vn 0.00000150 -1.00000000 0.00000020
vn 0.19508997 -0.98078537 0.00000011
vn -0.55557042 0.83146954 0.00000005
vn -0.55556482 0.83147317 0.00000010
vn -0.70710480 0.70710874 0.00000014
vn 0.38268769 0.92387778 -0.00000033
vn 0.38268358 0.92387950 -0.00000033
vn 0.19508846 0.98078567 -0.00000028
vn 0.19508922 -0.98078549 0.00000009
vn 0.19508997 -0.98078537 0.00000011
vn 0.38269255 -0.92387575 -0.00000015
vn -0.70711058 0.70710301 0.00000014
vn -0.70710480 0.70710874 0.00000014
vn -0.83147299 0.55556530 0.00000022
vn 0.19508834 0.98078567 -0.00000028
vn 0.19508846 0.98078567 -0.00000028
vn 0.00000077 1.00000000 -0.00000019
vn 0.38269034 -0.92387670 -0.00000013
vn 0.38269255 -0.92387575 -0.00000015
vn 0.55556917 -0.83147031 -0.00000010
vn -0.83147538 0.55556178 0.00000022
vn -0.83147299 0.55556530 0.00000022
vn -0.92388123 0.38267958 0.00000029
vn 0.08562030 0.43043929 -0.89854944
vn 0.07989678 0.40166625 -0.91229421
vn -0.00000012 0.40953571 -0.91229415
vn -0.09663385 0.48580834 -0.86870718
vn 0.00000074 0.49532473 -0.86870790
vn -0.00000030 0.43887040 -0.89855039
vn -0.09663385 0.48580834 -0.86870718
vn -0.08562024 0.43043768 -0.89855027
vn -0.16794878 0.40546581 -0.89854926
vn -0.18955234 0.45761999 -0.86870813
vn -0.16794878 0.40546581 -0.89854926
vn -0.24382456 0.36491007 -0.89854890
vn -0.27518675 0.41184962 -0.86870718
vn -0.24382456 0.36491007 -0.89854890
vn -0.31032968 0.31033123 -0.89854884
vn -0.35024795 0.35025042 -0.86870652
vn -0.31032968 0.31033123 -0.89854884
vn -0.36490810 0.24382609 -0.89854944
vn -0.41184711 0.27519146 -0.86870688
vn -0.36490810 0.24382609 -0.89854944
vn -0.40546429 0.16795230 -0.89854926
vn -0.48580864 0.09663571 -0.86870682
vn -0.45762035 0.18955539 -0.86870736
vn -0.40546429 0.16795230 -0.89854926
vn -0.48580864 0.09663571 -0.86870682
vn -0.43043876 0.08562031 -0.89854974
vn -0.43887195 0.00000344 -0.89854962
vn -0.49532589 0.00000034 -0.86870724
vn -0.43887195 0.00000344 -0.89854962
vn -0.43043861 -0.08561759 -0.89855009
vn -0.48580852 -0.09663521 -0.86870694
vn -0.43043861 -0.08561759 -0.89855009
vn -0.40546617 -0.16795042 -0.89854878
vn -0.41185114 -0.27518544 -0.86870688
vn -0.45762211 -0.18955171 -0.86870718
vn -0.40546617 -0.16795042 -0.89854878
vn -0.41185114 -0.27518544 -0.86870688
vn -0.36490867 -0.24382219 -0.89855015
vn -0.31032908 -0.31032845 -0.89854997
vn -0.35024974 -0.35024726 -0.86870700
vn -0.31032908 -0.31032845 -0.89854997
vn -0.24382307 -0.36490968 -0.89854950
vn -0.18955399 -0.45762324 -0.86870611
vn -0.27518943 -0.41184789 -0.86870724
vn -0.24382307 -0.36490968 -0.89854950
vn -0.18955399 -0.45762324 -0.86870611
vn -0.16794884 -0.40546703 -0.89854866
vn -0.08562063 -0.43043771 -0.89855027
vn -0.09663493 -0.48580906 -0.86870664
vn -0.08562063 -0.43043771 -0.89855027
vn -0.00000040 -0.43886948 -0.89855087
vn -0.00000129 -0.49532533 -0.86870754
vn -0.00000040 -0.43886948 -0.89855087
vn 0.08561970 -0.43043798 -0.89855015
vn 0.18955298 -0.45762447 -0.86870557
vn 0.09663322 -0.48580867 -0.86870718
vn 0.08561970 -0.43043798 -0.89855015
vn 0.18955298 -0.45762447 -0.86870557
vn 0.16794792 -0.40546492 -0.89854980
vn 0.24382222 -0.36490810 -0.89855045
vn 0.35024807 -0.35025081 -0.86870629
vn 0.27518746 -0.41184953 -0.86870700
vn 0.24382222 -0.36490810 -0.89855045
vn 0.35024807 -0.35025081 -0.86870629
vn 0.31032726 -0.31032974 -0.89855027
vn 0.36490780 -0.24382432 -0.89854991
vn 0.45762205 -0.18954800 -0.86870801
vn 0.41184938 -0.27518660 -0.86870736
vn 0.36490780 -0.24382432 -0.89854991
vn 0.45762205 -0.18954800 -0.86870801
vn 0.40546551 -0.16794887 -0.89854938
vn 0.43043834 -0.08562122 -0.89854991
vn 0.48580778 -0.09663554 -0.86870730
vn 0.43043834 -0.08562122 -0.89854991
vn 0.43887126 -0.00000122 -0.89854997
vn 0.48580736 0.09663628 -0.86870754
vn 0.49532473 0.00000033 -0.86870801
vn 0.43887126 -0.00000122 -0.89854997
vn 0.45762062 0.18955363 -0.86870754
vn 0.48580736 0.09663628 -0.86870754
vn 0.43043858 0.08561783 -0.89855003
vn 0.45762062 0.18955363 -0.86870754
vn 0.40546444 0.16794683 -0.89855027
vn 0.36490777 0.24382111 -0.89855081
vn 0.41184875 0.27518606 -0.86870784
vn 0.36490777 0.24382111 -0.89855081
vn 0.31032956 0.31032762 -0.89855015
vn 0.35024908 0.35024658 -0.86870772
vn 0.31032956 0.31032762 -0.89855015
vn 0.24382336 0.36490768 -0.89855027
vn 0.27518892 0.41184986 -0.86870646
vn 0.24382336 0.36490768 -0.89855027
vn 0.16794874 0.40546632 -0.89854896
vn 0.18955404 0.45762360 -0.86870587
vn 0.16794874 0.40546632 -0.89854896
vn 0.08562030 0.43043929 -0.89854944
vn 0.09663485 0.48580790 -0.86870730
vn 0.08562030 0.43043929 -0.89854944
vn -0.00000030 0.43887040 -0.89855039
vn -0.19987211 -0.48253226 -0.85276830
vn -0.29016894 -0.43426532 -0.85276943
vn -0.27518943 -0.41184789 -0.86870724
vn 0.16794874 0.40546632 -0.89854896
vn 0.15672323 0.37835786 -0.91229558
vn 0.07989678 0.40166625 -0.91229421
vn 0.43426609 0.29016167 -0.85277146
vn 0.41184875 0.27518606 -0.86870784
vn 0.35024908 0.35024658 -0.86870772
vn -0.19987211 -0.48253226 -0.85276830
vn -0.18955399 -0.45762324 -0.86870611
vn -0.09663493 -0.48580906 -0.86870664
vn -0.19987130 0.48252741 -0.85277122
vn -0.10189368 0.51224786 -0.85277182
vn -0.09663385 0.48580834 -0.86870718
vn 0.36931306 0.36930966 -0.85277092
vn 0.35024908 0.35024658 -0.86870772
vn 0.27518892 0.41184986 -0.86870646
vn -0.00000046 -0.52228945 -0.85276824
vn -0.10189450 -0.51225108 -0.85276985
vn -0.09663493 -0.48580906 -0.86870664
vn -0.19987130 0.48252741 -0.85277122
vn -0.18955234 0.45761999 -0.86870813
vn -0.27518675 0.41184962 -0.86870718
vn 0.29016662 0.43426666 -0.85276961
vn 0.27518892 0.41184986 -0.86870646
vn 0.18955404 0.45762360 -0.86870587
vn -0.00000046 -0.52228945 -0.85276824
vn -0.00000129 -0.49532533 -0.86870754
vn 0.09663322 -0.48580867 -0.86870718
vn -0.29016763 0.43426466 -0.85277021
vn -0.27518675 0.41184962 -0.86870718
vn -0.35024795 0.35025042 -0.86870652
vn 0.19987077 0.48252836 -0.85277092
vn 0.18955404 0.45762360 -0.86870587
vn 0.09663485 0.48580790 -0.86870730
vn 0.19987136 -0.48253310 -0.85276800
vn 0.10189392 -0.51225078 -0.85277003
vn 0.09663322 -0.48580867 -0.86870718
vn -0.43426618 0.29016653 -0.85276973
vn -0.36931357 0.36931023 -0.85277051
vn -0.35024795 0.35025042 -0.86870652
vn -0.00000014 0.52228421 -0.85277146
vn 0.00000074 0.49532473 -0.86870790
vn -0.09663385 0.48580834 -0.86870718
vn 0.19987136 -0.48253310 -0.85276800
vn 0.18955298 -0.45762447 -0.86870557
vn 0.27518746 -0.41184953 -0.86870700
vn -0.43426618 0.29016653 -0.85276973
vn -0.41184711 0.27519146 -0.86870688
vn -0.45762035 0.18955539 -0.86870736
vn 0.29016784 -0.43427020 -0.85276729
vn 0.27518746 -0.41184953 -0.86870700
vn 0.35024807 -0.35025081 -0.86870629
vn -0.48253098 0.19986677 -0.85277021
vn -0.45762035 0.18955539 -0.86870736
vn -0.48580864 0.09663571 -0.86870682
vn 0.36931369 -0.36931676 -0.85276759
vn 0.35024807 -0.35025081 -0.86870629
vn 0.41184938 -0.27518660 -0.86870736
vn -0.51225185 0.10189177 -0.85276967
vn -0.48580864 0.09663571 -0.86870682
vn -0.49532589 0.00000034 -0.86870724
vn 0.48253146 -0.19986671 -0.85277003
vn 0.43426737 -0.29017103 -0.85276765
vn 0.41184938 -0.27518660 -0.86870736
vn -0.52228719 -0.00000057 -0.85276967
vn -0.49532589 0.00000034 -0.86870724
vn -0.48580852 -0.09663521 -0.86870694
vn 0.48253146 -0.19986671 -0.85277003
vn 0.45762205 -0.18954800 -0.86870801
vn 0.48580778 -0.09663554 -0.86870730
vn -0.51225173 -0.10189432 -0.85276955
vn -0.48580852 -0.09663521 -0.86870694
vn -0.45762211 -0.18955171 -0.86870718
vn 0.52228665 -0.00000068 -0.85277009
vn 0.51225138 -0.10189147 -0.85277009
vn 0.48580778 -0.09663554 -0.86870730
vn -0.48253176 -0.19986881 -0.85276937
vn -0.45762211 -0.18955171 -0.86870718
vn -0.41185114 -0.27518544 -0.86870688
vn 0.51225126 0.10189173 -0.85277009
vn 0.52228665 -0.00000068 -0.85277009
vn 0.49532473 0.00000033 -0.86870801
vn -0.36931494 -0.36931306 -0.85276860
vn -0.43426868 -0.29016367 -0.85276955
vn -0.41185114 -0.27518544 -0.86870688
vn 0.48253012 0.19986859 -0.85277033
vn 0.51225126 0.10189173 -0.85277009
vn 0.48580736 0.09663628 -0.86870754
vn -0.36931494 -0.36931306 -0.85276860
vn -0.35024974 -0.35024726 -0.86870700
vn -0.27518943 -0.41184789 -0.86870724
vn 0.55556989 -0.83146989 -0.00000005
vn 0.55556917 -0.83147031 -0.00000010
vn 0.70710462 -0.70710891 -0.00000014
vn -0.08562063 -0.43043771 -0.89855027
vn -0.07989647 -0.40166613 -0.91229427
vn -0.00000022 -0.40953544 -0.91229421
vn -0.24382456 0.36491007 -0.89854890
vn -0.16794878 0.40546581 -0.89854926
vn -0.15672375 0.37836206 -0.91229379
vn 0.16794874 0.40546632 -0.89854896
vn 0.24382336 0.36490768 -0.89855027
vn 0.22752595 0.34052330 -0.91229147
vn 0.08561970 -0.43043798 -0.89855015
vn -0.00000040 -0.43886948 -0.89855087
vn -0.00000022 -0.40953544 -0.91229421
vn -0.31032968 0.31033123 -0.89854884
vn -0.24382456 0.36491007 -0.89854890
vn -0.22752672 0.34052044 -0.91229242
vn -0.08562024 0.43043768 -0.89855027
vn -0.00000030 0.43887040 -0.89855039
vn -0.00000012 0.40953571 -0.91229415
vn 0.16794792 -0.40546492 -0.89854980
vn 0.08561970 -0.43043798 -0.89855015
vn 0.07989578 -0.40166441 -0.91229522
vn -0.31032968 0.31033123 -0.89854884
vn -0.28958723 0.28958976 -0.91229218
vn -0.34051967 0.22751607 -0.91229534
vn 0.16794792 -0.40546492 -0.89854980
vn 0.15672204 -0.37836298 -0.91229361
vn 0.22752459 -0.34052143 -0.91229254
vn -0.36490810 0.24382609 -0.89854944
vn -0.34051967 0.22751607 -0.91229534
vn -0.37836486 0.15671124 -0.91229481
vn 0.24382222 -0.36490810 -0.89855045
vn 0.22752459 -0.34052143 -0.91229254
vn 0.28958482 -0.28958684 -0.91229391
vn -0.40546429 0.16795230 -0.89854926
vn -0.37836486 0.15671124 -0.91229481
vn -0.40166932 0.07989252 -0.91229326
vn 0.31032726 -0.31032974 -0.89855027
vn 0.28958482 -0.28958684 -0.91229391
vn 0.34051749 -0.22752205 -0.91229469
vn -0.43043876 0.08562031 -0.89854974
vn -0.40166932 0.07989252 -0.91229326
vn -0.40953830 -0.00000151 -0.91229290
vn 0.40546551 -0.16794887 -0.89854938
vn 0.36490780 -0.24382432 -0.89854991
vn 0.34051749 -0.22752205 -0.91229469
vn -0.43887195 0.00000344 -0.89854962
vn -0.40953830 -0.00000151 -0.91229290
vn -0.40166926 -0.07989202 -0.91229331
vn 0.40546551 -0.16794887 -0.89854938
vn 0.37836346 -0.15671891 -0.91229391
vn 0.40166837 -0.07989693 -0.91229326
vn -0.40546617 -0.16795042 -0.89854878
vn -0.43043861 -0.08561759 -0.89855009
vn -0.40166926 -0.07989202 -0.91229331
vn 0.43043834 -0.08562122 -0.89854991
vn 0.40166837 -0.07989693 -0.91229326
vn 0.40953755 -0.00000044 -0.91229326
vn -0.40546617 -0.16795042 -0.89854878
vn -0.37836361 -0.15672918 -0.91229218
vn -0.34051678 -0.22753584 -0.91229153
vn 0.43887126 -0.00000122 -0.89854997
vn 0.40953755 -0.00000044 -0.91229326
vn 0.40166816 0.07990137 -0.91229290
vn -0.31032908 -0.31032845 -0.89854997
vn -0.36490867 -0.24382219 -0.89855015
vn -0.34051678 -0.22753584 -0.91229153
vn 0.40546444 0.16794683 -0.89855027
vn 0.37836319 0.15672532 -0.91229308
vn 0.34051809 0.22752547 -0.91229367
vn -0.31032908 -0.31032845 -0.89854997
vn -0.28958601 -0.28957841 -0.91229618
vn -0.22752652 -0.34051138 -0.91229582
vn 0.10189325 0.51224923 -0.85277104
vn 0.09663485 0.48580790 -0.86870730
vn 0.00000074 0.49532473 -0.86870790
vn 0.48253012 0.19986859 -0.85277033
vn 0.45762062 0.18955363 -0.86870754
vn 0.41184875 0.27518606 -0.86870784
vn -0.16794884 -0.40546703 -0.89854866
vn -0.24382307 -0.36490968 -0.89854950
vn -0.22752652 -0.34051138 -0.91229582
vn 0.31032956 0.31032762 -0.89855015
vn 0.36490777 0.24382111 -0.89855081
vn 0.34051809 0.22752547 -0.91229367
vn -0.16794884 -0.40546703 -0.89854866
vn -0.15672310 -0.37835816 -0.91229546
vn -0.07989647 -0.40166613 -0.91229427
vn -0.08562024 0.43043768 -0.89855027
vn -0.07989721 0.40166438 -0.91229504
vn -0.15672375 0.37836206 -0.91229379
vn 0.43043858 0.08561783 -0.89855003
vn 0.40166816 0.07990137 -0.91229290
vn 0.37836319 0.15672532 -0.91229308
vn 0.54190862 -0.81102347 -0.22039995
vn 0.50927496 -0.76218528 -0.39964044
vn 0.64818382 -0.64818734 -0.39963859
vn -0.90116066 0.37327352 -0.22040080
vn -0.84689593 0.35079297 -0.39963955
vn -0.89905840 0.17883754 -0.39963877
vn 0.68971813 -0.68971956 -0.22039916
vn 0.64818382 -0.64818734 -0.39963859
vn 0.76218539 -0.50927597 -0.39963913
vn -0.95666748 0.19029362 -0.22039920
vn -0.89905840 0.17883754 -0.39963877
vn -0.91667283 -0.00000000 -0.39963859
vn 0.81102335 -0.54190880 -0.22039962
vn 0.76218539 -0.50927597 -0.39963913
vn 0.84689456 -0.35079625 -0.39963955
vn -0.95666730 -0.19029269 -0.22040068
vn -0.97541010 0.00000078 -0.22039787
vn -0.91667283 -0.00000000 -0.39963859
vn 0.95666718 -0.19029342 -0.22040054
vn 0.90116012 -0.37327594 -0.22039865
vn 0.84689456 -0.35079625 -0.39963955
vn -0.95666730 -0.19029269 -0.22040068
vn -0.89905936 -0.17883284 -0.39963868
vn -0.84689701 -0.35079107 -0.39963889
vn 0.95666718 -0.19029342 -0.22040054
vn 0.89905882 -0.17883301 -0.39963984
vn 0.91667247 -0.00000247 -0.39963937
vn -0.90116072 -0.37327424 -0.22039932
vn -0.84689701 -0.35079107 -0.39963889
vn -0.76218754 -0.50927359 -0.39963827
vn 0.97540939 0.00000056 -0.22040060
vn 0.91667247 -0.00000247 -0.39963937
vn 0.89905947 0.17882994 -0.39963984
vn -0.81102252 -0.54191047 -0.22039886
vn -0.76218754 -0.50927359 -0.39963827
vn -0.64818823 -0.64818269 -0.39963886
vn 0.95666730 0.19029316 -0.22040029
vn 0.89905947 0.17882994 -0.39963984
vn 0.84689450 0.35079637 -0.39963940
vn -0.68971843 -0.68971926 -0.22039916
vn -0.64818823 -0.64818269 -0.39963886
vn -0.50927591 -0.76218605 -0.39963806
vn 0.81102383 0.54190749 -0.22040145
vn 0.90116072 0.37327442 -0.22039860
vn 0.84689450 0.35079637 -0.39963940
vn -0.37327337 -0.90116066 -0.22040075
vn -0.54190791 -0.81102455 -0.22039710
vn -0.50927591 -0.76218605 -0.39963806
vn -0.19029187 0.95666742 -0.22040069
vn 0.00000072 0.97541022 -0.22039741
vn 0.00000049 0.91667271 -0.39963898
vn 0.81102383 0.54190749 -0.22040145
vn 0.76218629 0.50927335 -0.39964056
vn 0.64818519 0.64818519 -0.39963982
vn -0.37327337 -0.90116066 -0.22040075
vn -0.35079703 -0.84689355 -0.39964083
vn -0.17883402 -0.89905953 -0.39963791
vn -0.19029187 0.95666742 -0.22040069
vn -0.17883332 0.89905882 -0.39963973
vn -0.35079408 0.84689510 -0.39964014
vn 0.54190880 0.81102335 -0.22039953
vn 0.68971843 0.68971950 -0.22039846
vn 0.64818519 0.64818519 -0.39963982
vn -0.00000024 -0.97540963 -0.22039992
vn -0.19029289 -0.95666826 -0.22039644
vn -0.17883402 -0.89905953 -0.39963791
vn -0.37327340 0.90116090 -0.22040008
vn -0.35079408 0.84689510 -0.39964014
vn -0.50927508 0.76218569 -0.39963961
vn 0.37327340 0.90116042 -0.22040179
vn 0.54190880 0.81102335 -0.22039953
vn 0.50927436 0.76218605 -0.39963999
vn -0.00000024 -0.97540963 -0.22039992
vn -0.00000025 -0.91667151 -0.39964157
vn 0.17883216 -0.89905894 -0.39963987
vn -0.54190838 0.81102377 -0.22039911
vn -0.50927508 0.76218569 -0.39963961
vn -0.64818573 0.64818501 -0.39963907
vn 0.37327340 0.90116042 -0.22040179
vn 0.35079667 0.84689331 -0.39964178
vn 0.17883745 0.89905703 -0.39964187
vn 0.19029333 -0.95666736 -0.22039965
vn 0.17883216 -0.89905894 -0.39963987
vn 0.35079291 -0.84689599 -0.39963931
vn -0.81102234 0.54191023 -0.22039972
vn -0.68971807 0.68972003 -0.22039816
vn -0.64818573 0.64818501 -0.39963907
vn 0.19029284 0.95666730 -0.22040048
vn 0.17883745 0.89905703 -0.39964187
vn 0.00000049 0.91667271 -0.39963898
vn 0.37327218 -0.90116161 -0.22039919
vn 0.35079291 -0.84689599 -0.39963931
vn 0.50927496 -0.76218528 -0.39964044
vn 0.31032956 0.31032762 -0.89855015
vn 0.28958625 0.28959224 -0.91229177
vn 0.22752595 0.34052330 -0.91229147
vn -0.92370987 0.38261288 -0.01917071
vn -0.90116066 0.37327352 -0.22040080
vn -0.95666748 0.19029362 -0.22039920
vn -0.19505446 -0.98060501 -0.01917078
vn -0.19029289 -0.95666826 -0.22039644
vn -0.00000024 -0.97540963 -0.22039992
vn 0.99981630 -0.00000029 -0.01917142
vn 0.97540939 0.00000056 -0.22040060
vn 0.95666730 0.19029316 -0.22040029
vn -0.38261315 0.92370969 -0.01917096
vn -0.37327340 0.90116090 -0.22040008
vn -0.54190838 0.81102377 -0.22039911
vn -0.83131647 -0.55546862 -0.01917068
vn -0.81102252 -0.54191047 -0.22039886
vn -0.68971843 -0.68971926 -0.22039916
vn 0.70697725 -0.70697641 -0.01917119
vn 0.68971813 -0.68971956 -0.22039916
vn 0.81102335 -0.54190880 -0.22039962
vn 0.55546838 0.83131665 -0.01917132
vn 0.54190880 0.81102335 -0.22039953
vn 0.37327340 0.90116042 -0.22040179
vn -0.98060507 0.19505449 -0.01917080
vn -0.95666748 0.19029362 -0.22039920
vn -0.97541010 0.00000078 -0.22039787
vn 0.19505410 -0.98060513 -0.01917098
vn -0.00000040 -0.99981630 -0.01917089
vn -0.00000024 -0.97540963 -0.22039992
vn 0.98060501 0.19505481 -0.01917151
vn 0.95666730 0.19029316 -0.22040029
vn 0.90116072 0.37327442 -0.22039860
vn -0.55546838 0.83131671 -0.01917087
vn -0.54190838 0.81102377 -0.22039911
vn -0.68971807 0.68972003 -0.22039816
vn -0.70697749 -0.70697623 -0.01917065
vn -0.68971843 -0.68971926 -0.22039916
vn -0.54190791 -0.81102455 -0.22039710
vn 0.83131713 -0.55546761 -0.01917114
vn 0.81102335 -0.54190880 -0.22039962
vn 0.90116012 -0.37327594 -0.22039865
vn 0.38261312 0.92370975 -0.01917127
vn 0.37327340 0.90116042 -0.22040179
vn 0.19029284 0.95666730 -0.22040048
vn -0.99981630 0.00000007 -0.01917065
vn -0.97541010 0.00000078 -0.22039787
vn -0.95666730 -0.19029269 -0.22040068
vn 0.19505410 -0.98060513 -0.01917098
vn 0.19029333 -0.95666736 -0.22039965
vn 0.37327218 -0.90116161 -0.22039919
vn 0.92370981 0.38261297 -0.01917134
vn 0.90116072 0.37327442 -0.22039860
vn 0.81102383 0.54190749 -0.22040145
vn -0.70697719 0.70697653 -0.01917086
vn -0.68971807 0.68972003 -0.22039816
vn -0.81102234 0.54191023 -0.22039972
vn -0.55546850 -0.83131659 -0.01917068
vn -0.54190791 -0.81102455 -0.22039710
vn -0.37327337 -0.90116066 -0.22040075
vn 0.92370987 -0.38261276 -0.01917138
vn 0.90116012 -0.37327594 -0.22039865
vn 0.95666718 -0.19029342 -0.22040054
vn -0.00000002 0.99981630 -0.01917126
vn 0.00000072 0.97541022 -0.22039741
vn -0.19029187 0.95666742 -0.22040069
vn 0.19505453 0.98060507 -0.01917115
vn 0.19029284 0.95666730 -0.22040048
vn 0.00000072 0.97541022 -0.22039741
vn -0.98060501 -0.19505475 -0.01917070
vn -0.95666730 -0.19029269 -0.22040068
vn -0.90116072 -0.37327424 -0.22039932
vn 0.38261279 -0.92370993 -0.01917098
vn 0.37327218 -0.90116161 -0.22039919
vn 0.54190862 -0.81102347 -0.22039995
vn 0.83131707 0.55546761 -0.01917133
vn 0.81102383 0.54190749 -0.22040145
vn 0.68971843 0.68971950 -0.22039846
vn -0.83131695 0.55546808 -0.01917086
vn -0.81102234 0.54191023 -0.22039972
vn -0.90116066 0.37327352 -0.22040080
vn -0.38261351 -0.92370957 -0.01917080
vn -0.37327337 -0.90116066 -0.22040075
vn -0.19029289 -0.95666826 -0.22039644
vn 0.99981630 -0.00000029 -0.01917142
vn 0.98060489 -0.19505501 -0.01917140
vn 0.95666718 -0.19029342 -0.22040054
vn -0.19505470 0.98060507 -0.01917095
vn -0.19029187 0.95666742 -0.22040069
vn -0.37327340 0.90116090 -0.22040008
vn -0.92370963 -0.38261351 -0.01917060
vn -0.90116072 -0.37327424 -0.22039932
vn -0.81102252 -0.54191047 -0.22039886
vn 0.55546844 -0.83131659 -0.01917098
vn 0.54190862 -0.81102347 -0.22039995
vn 0.68971813 -0.68971956 -0.22039916
vn -0.90116066 0.37327352 -0.22040080
vn -0.81102234 0.54191023 -0.22039972
vn -0.76218742 0.50927293 -0.39963907
vn 0.00000071 0.88039500 0.47424111
vn 0.00000099 0.82876807 0.55959231
vn 0.16168630 0.81284112 0.55959523
vn -0.18400085 0.92504013 0.33233210
vn -0.17175688 0.86347711 0.47424355
vn 0.00000071 0.88039500 0.47424111
vn -0.36093175 0.87136865 0.33233276
vn -0.33691451 0.81337619 0.47424442
vn -0.17175688 0.86347711 0.47424355
vn -0.52399206 0.78421122 0.33233294
vn -0.48911899 0.73202068 0.47424501
vn -0.33691451 0.81337619 0.47424442
vn -0.52399206 0.78421122 0.33233294
vn -0.66691691 0.66691613 0.33233231
vn -0.62253422 0.62253064 0.47424337
vn -0.78421038 0.52399343 0.33233252
vn -0.73202145 0.48912013 0.47424266
vn -0.62253422 0.62253064 0.47424337
vn -0.87136781 0.36093336 0.33233297
vn -0.81337744 0.33691242 0.47424391
vn -0.73202145 0.48912013 0.47424266
vn -0.92503953 0.18400264 0.33233252
vn -0.86347723 0.17175576 0.47424373
vn -0.81337744 0.33691242 0.47424391
vn -0.92503953 0.18400264 0.33233252
vn -0.94316262 -0.00000014 0.33233181
vn -0.88039351 0.00000016 0.47424397
vn -0.92503983 -0.18400194 0.33233207
vn -0.86347634 -0.17175753 0.47424462
vn -0.88039351 0.00000016 0.47424397
vn -0.92503983 -0.18400194 0.33233207
vn -0.87136883 -0.36093247 0.33233151
vn -0.81337738 -0.33691338 0.47424325
vn -0.78421128 -0.52399260 0.33233190
vn -0.73201948 -0.48912135 0.47424439
vn -0.81337738 -0.33691338 0.47424325
vn -0.66691619 -0.66691691 0.33233213
vn -0.62253106 -0.62253392 0.47424325
vn -0.73201948 -0.48912135 0.47424439
vn -0.52399236 -0.78421152 0.33233172
vn -0.48912174 -0.73201841 0.47424573
vn -0.62253106 -0.62253392 0.47424325
vn -0.36093378 -0.87136787 0.33233249
vn -0.33691144 -0.81337571 0.47424746
vn -0.48912174 -0.73201841 0.47424573
vn -0.18400188 -0.92504019 0.33233106
vn -0.17175353 -0.86347651 0.47424576
vn -0.33691144 -0.81337571 0.47424746
vn -0.00000065 -0.94316256 0.33233169
vn 0.00000109 -0.88039267 0.47424540
vn -0.17175353 -0.86347651 0.47424576
vn 0.18400167 -0.92504001 0.33233190
vn 0.17175809 -0.86347485 0.47424722
vn 0.00000109 -0.88039267 0.47424540
vn 0.36093140 -0.87136936 0.33233106
vn 0.33691484 -0.81337523 0.47424605
vn 0.17175809 -0.86347485 0.47424722
vn 0.52399307 -0.78421122 0.33233136
vn 0.48912287 -0.73201776 0.47424564
vn 0.33691484 -0.81337523 0.47424605
vn 0.66691744 -0.66691595 0.33233166
vn 0.62253338 -0.62253100 0.47424397
vn 0.48912287 -0.73201776 0.47424564
vn 0.78421038 -0.52399445 0.33233115
vn 0.73202240 -0.48911783 0.47424370
vn 0.62253338 -0.62253100 0.47424397
vn 0.87136883 -0.36093196 0.33233213
vn 0.81337768 -0.33691084 0.47424439
vn 0.73202240 -0.48911783 0.47424370
vn 0.87136883 -0.36093196 0.33233213
vn 0.92504030 -0.18400197 0.33233067
vn 0.86347759 -0.17175621 0.47424287
vn 0.94316268 0.00000040 0.33233148
vn 0.88039392 0.00000183 0.47424319
vn 0.86347759 -0.17175621 0.47424287
vn 0.92504025 0.18400170 0.33233112
vn 0.86347681 0.17175901 0.47424319
vn 0.88039392 0.00000183 0.47424319
vn 0.87136889 0.36093304 0.33233064
vn 0.81337792 0.33691272 0.47424263
vn 0.86347681 0.17175901 0.47424319
vn 0.78421122 0.52399242 0.33233216
vn 0.73202163 0.48911893 0.47424361
vn 0.81337792 0.33691272 0.47424263
vn 0.66691834 0.66691452 0.33233258
vn 0.62253308 0.62253165 0.47424361
vn 0.73202163 0.48911893 0.47424361
vn 0.52399391 0.78420997 0.33233285
vn 0.48911786 0.73202306 0.47424251
vn 0.62253308 0.62253165 0.47424361
vn 0.36093131 0.87136924 0.33233154
vn 0.33691001 0.81337923 0.47424248
vn 0.48911786 0.73202306 0.47424251
vn 0.18400240 0.92503929 0.33233336
vn 0.17175600 0.86347651 0.47424483
vn 0.33691001 0.81337923 0.47424248
vn 0.18400240 0.92503929 0.33233336
vn 0.00000059 0.94316250 0.33233213
vn 0.00000071 0.88039500 0.47424111
vn 0.11453483 0.57580352 0.80952585
vn 0.00000182 0.58708394 0.80952609
vn 0.00000048 0.50464278 0.86332828
vn -0.00000005 0.74409795 0.66807055
vn -0.14516675 0.72979981 0.66807097
vn -0.11453336 0.57580346 0.80952609
vn -0.14516675 0.72979981 0.66807097
vn -0.28475276 0.68745816 0.66806972
vn -0.22466876 0.54239559 0.80952519
vn -0.41339698 0.61869389 0.66807252
vn -0.32616699 0.48814079 0.80952686
vn -0.22466876 0.54239559 0.80952519
vn -0.41339698 0.61869389 0.66807252
vn -0.52615577 0.52615798 0.66807032
vn -0.41513354 0.41513246 0.80952412
vn -0.61869347 0.41339818 0.66807210
vn -0.48814422 0.32616666 0.80952489
vn -0.41513354 0.41513246 0.80952412
vn -0.68745601 0.28475305 0.66807187
vn -0.54239738 0.22466660 0.80952454
vn -0.48814422 0.32616666 0.80952489
vn -0.72979891 0.14516591 0.66807216
vn -0.57580328 0.11453713 0.80952579
vn -0.54239738 0.22466660 0.80952454
vn -0.72979891 0.14516591 0.66807216
vn -0.74409723 0.00000078 0.66807139
vn -0.58708751 0.00000021 0.80952346
vn -0.72979945 -0.14516561 0.66807163
vn -0.57580423 -0.11453748 0.80952501
vn -0.58708751 0.00000021 0.80952346
vn -0.68745619 -0.28475279 0.66807169
vn -0.54239607 -0.22466889 0.80952489
vn -0.57580423 -0.11453748 0.80952501
vn -0.61869323 -0.41339985 0.66807139
vn -0.48814401 -0.32616588 0.80952543
vn -0.54239607 -0.22466889 0.80952489
vn -0.52615756 -0.52615565 0.66807079
vn -0.41513127 -0.41513285 0.80952513
vn -0.48814401 -0.32616588 0.80952543
vn -0.41339993 -0.61869305 0.66807145
vn -0.32616663 -0.48814291 0.80952567
vn -0.41513127 -0.41513285 0.80952513
vn -0.28475454 -0.68745571 0.66807151
vn -0.22466625 -0.54239637 0.80952531
vn -0.32616663 -0.48814291 0.80952567
vn -0.28475454 -0.68745571 0.66807151
vn -0.14516665 -0.72980136 0.66806930
vn -0.11453457 -0.57580268 0.80952644
vn -0.00000029 -0.74409813 0.66807032
vn 0.00000104 -0.58708423 0.80952591
vn -0.11453457 -0.57580268 0.80952644
vn 0.14516643 -0.72980165 0.66806901
vn 0.11453578 -0.57580245 0.80952650
vn 0.00000104 -0.58708423 0.80952591
vn 0.28475368 -0.68745875 0.66806871
vn 0.22466876 -0.54239500 0.80952555
vn 0.11453578 -0.57580245 0.80952650
vn 0.41339967 -0.61869317 0.66807151
vn 0.32616612 -0.48814535 0.80952442
vn 0.22466876 -0.54239500 0.80952555
vn 0.41339967 -0.61869317 0.66807151
vn 0.52615756 -0.52615684 0.66806984
vn 0.41513431 -0.41513214 0.80952388
vn 0.61869299 -0.41340017 0.66807133
vn 0.48814496 -0.32616544 0.80952483
vn 0.41513431 -0.41513214 0.80952388
vn 0.68745637 -0.28475457 0.66807079
vn 0.54239821 -0.22466388 0.80952483
vn 0.48814496 -0.32616544 0.80952483
vn 0.72979957 -0.14516871 0.66807091
vn 0.57580602 -0.11453352 0.80952418
vn 0.54239821 -0.22466388 0.80952483
vn 0.74409729 -0.00000098 0.66807127
vn 0.58708620 0.00000260 0.80952454
vn 0.57580602 -0.11453352 0.80952418
vn 0.72979999 0.14516589 0.66807103
vn 0.57580572 0.11453694 0.80952394
vn 0.58708620 0.00000260 0.80952454
vn 0.68745685 0.28475198 0.66807139
vn 0.54239684 0.22466990 0.80952412
vn 0.57580572 0.11453694 0.80952394
vn 0.61869472 0.41339815 0.66807097
vn 0.48814419 0.32616824 0.80952418
vn 0.54239684 0.22466990 0.80952412
vn 0.52615619 0.52615672 0.66807097
vn 0.41513216 0.41513291 0.80952454
vn 0.48814419 0.32616824 0.80952418
vn 0.41339874 0.61869401 0.66807127
vn 0.32616690 0.48814440 0.80952477
vn 0.41513216 0.41513291 0.80952454
vn 0.28475362 0.68745685 0.66807067
vn 0.22466815 0.54239380 0.80952656
vn 0.32616690 0.48814440 0.80952477
vn 0.14516634 0.72979689 0.66807425
vn 0.11453483 0.57580352 0.80952585
vn 0.22466815 0.54239380 0.80952656
vn 0.14516634 0.72979689 0.66807425
vn -0.00000005 0.74409795 0.66807055
vn 0.00000182 0.58708394 0.80952609
vn -0.81284332 -0.16168505 0.55959249
vn -0.72979945 -0.14516561 0.66807163
vn -0.74409723 0.00000078 0.66807139
vn 0.81284368 -0.16168486 0.55959201
vn 0.72979957 -0.14516871 0.66807091
vn 0.68745637 -0.28475457 0.66807079
vn -0.81284332 -0.16168505 0.55959249
vn -0.76568204 -0.31715515 0.55959237
vn -0.68745619 -0.28475279 0.66807169
vn 0.81284368 -0.16168486 0.55959201
vn 0.82876784 -0.00000043 0.55959255
vn 0.74409729 -0.00000098 0.66807127
vn -0.68909407 -0.46044132 0.55959195
vn -0.61869323 -0.41339985 0.66807139
vn -0.68745619 -0.28475279 0.66807169
vn 0.81284374 0.16168532 0.55959171
vn 0.72979999 0.14516589 0.66807103
vn 0.74409729 -0.00000098 0.66807127
vn -0.58602446 -0.58603215 0.55959058
vn -0.52615756 -0.52615565 0.66807079
vn -0.61869323 -0.41339985 0.66807139
vn 0.81284374 0.16168532 0.55959171
vn 0.76568294 0.31715393 0.55959189
vn 0.68745685 0.28475198 0.66807139
vn -0.46043772 -0.68909657 0.55959195
vn -0.41339993 -0.61869305 0.66807145
vn -0.52615756 -0.52615565 0.66807079
vn 0.76568294 0.31715393 0.55959189
vn 0.68909591 0.46043825 0.55959225
vn 0.61869472 0.41339815 0.66807097
vn -0.31715572 -0.76568156 0.55959278
vn -0.28475454 -0.68745571 0.66807151
vn -0.41339993 -0.61869305 0.66807145
vn -0.16168489 0.81284326 0.55959272
vn -0.14516675 0.72979981 0.66807097
vn -0.00000005 0.74409795 0.66807055
vn 0.58602804 0.58602679 0.55959260
vn 0.52615619 0.52615672 0.66807097
vn 0.61869472 0.41339815 0.66807097
vn -0.31715572 -0.76568156 0.55959278
vn -0.16168486 -0.81284356 0.55959213
vn -0.14516665 -0.72980136 0.66806930
vn -0.31715667 0.76568055 0.55959368
vn -0.28475276 0.68745816 0.66806972
vn -0.14516675 0.72979981 0.66807097
vn 0.46043783 0.68909723 0.55959100
vn 0.41339874 0.61869401 0.66807127
vn 0.52615619 0.52615672 0.66807097
vn 0.00000017 -0.82876849 0.55959165
vn -0.00000029 -0.74409813 0.66807032
vn -0.14516665 -0.72980136 0.66806930
vn -0.46043769 0.68909669 0.55959177
vn -0.41339698 0.61869389 0.66807252
vn -0.28475276 0.68745816 0.66806972
vn 0.31715599 0.76568240 0.55959141
vn 0.28475362 0.68745685 0.66807067
vn 0.41339874 0.61869401 0.66807127
vn 0.16168518 -0.81284386 0.55959159
vn 0.14516643 -0.72980165 0.66806901
vn -0.00000029 -0.74409813 0.66807032
vn -0.46043769 0.68909669 0.55959177
vn -0.58602840 0.58602560 0.55959338
vn -0.52615577 0.52615798 0.66807032
vn -0.11453336 0.57580346 0.80952609
vn -0.09845176 0.49495012 0.86332589
vn 0.00000048 0.50464278 0.86332828
vn 0.31715390 -0.76568538 0.55958855
vn 0.28475368 -0.68745875 0.66806871
vn 0.14516643 -0.72980165 0.66806901
vn -0.68909615 0.46043724 0.55959272
vn -0.61869347 0.41339818 0.66807210
vn -0.52615577 0.52615798 0.66807032
vn 0.16168630 0.81284112 0.55959523
vn 0.14516634 0.72979689 0.66807425
vn 0.28475362 0.68745685 0.66807067
vn 0.46043828 -0.68909657 0.55959141
vn 0.41339967 -0.61869317 0.66807151
vn 0.28475368 -0.68745875 0.66806871
vn -0.76568240 0.31715494 0.55959189
vn -0.68745601 0.28475305 0.66807187
vn -0.61869347 0.41339818 0.66807210
vn 0.58602709 -0.58602893 0.55959123
vn 0.52615756 -0.52615684 0.66806984
vn 0.41339967 -0.61869317 0.66807151
vn -0.81284350 0.16168351 0.55959260
vn -0.72979891 0.14516591 0.66807216
vn -0.68745601 0.28475305 0.66807187
vn 0.68909538 -0.46044052 0.55959105
vn 0.61869299 -0.41340017 0.66807133
vn 0.52615756 -0.52615684 0.66806984
vn -0.82876748 0.00000052 0.55959326
vn -0.74409723 0.00000078 0.66807139
vn -0.72979891 0.14516591 0.66807216
vn 0.92387938 -0.38268384 -0.00000023
vn 0.92387891 -0.38268501 -0.00000029
vn 0.83146912 -0.55557096 -0.00000006
vn -0.54239607 -0.22466889 0.80952489
vn -0.48814401 -0.32616588 0.80952543
vn -0.41959581 -0.28036430 0.86332792
vn 0.58708620 0.00000260 0.80952454
vn 0.57580572 0.11453694 0.80952394
vn 0.49494743 0.09845126 0.86332750
vn -0.41513127 -0.41513285 0.80952513
vn -0.35683563 -0.35684097 0.86332667
vn -0.41959581 -0.28036430 0.86332792
vn 0.54239684 0.22466990 0.80952412
vn 0.46622974 0.19312170 0.86332721
vn 0.49494743 0.09845126 0.86332750
vn -0.32616663 -0.48814291 0.80952567
vn -0.28036401 -0.41959822 0.86332691
vn -0.35683563 -0.35684097 0.86332667
vn 0.32616690 0.48814440 0.80952477
vn 0.22466815 0.54239380 0.80952656
vn 0.19311954 0.46622723 0.86332899
vn 0.48814419 0.32616824 0.80952418
vn 0.41959539 0.28036860 0.86332691
vn 0.46622974 0.19312170 0.86332721
vn -0.22466625 -0.54239637 0.80952531
vn -0.19311507 -0.46623832 0.86332405
vn -0.28036401 -0.41959822 0.86332691
vn 0.41513216 0.41513291 0.80952454
vn 0.35683617 0.35684106 0.86332637
vn 0.41959539 0.28036860 0.86332691
vn -0.22466625 -0.54239637 0.80952531
vn -0.11453457 -0.57580268 0.80952644
vn -0.09844920 -0.49494240 0.86333060
vn -0.22466876 0.54239559 0.80952519
vn -0.19311891 0.46623892 0.86332297
vn -0.09845176 0.49495012 0.86332589
vn 0.32616690 0.48814440 0.80952477
vn 0.28036457 0.41960493 0.86332351
vn 0.35683617 0.35684106 0.86332637
vn 0.00000104 -0.58708423 0.80952591
vn 0.00000106 -0.50464249 0.86332846
vn -0.09844920 -0.49494240 0.86333060
vn -0.32616699 0.48814079 0.80952686
vn -0.28036490 0.41960323 0.86332422
vn -0.19311891 0.46623892 0.86332297
vn 0.16168630 0.81284112 0.55959523
vn 0.00000099 0.82876807 0.55959231
vn -0.00000005 0.74409795 0.66807055
vn 0.11453578 -0.57580245 0.80952650
vn 0.09845104 -0.49494272 0.86333025
vn 0.00000106 -0.50464249 0.86332846
vn -0.41513354 0.41513246 0.80952412
vn -0.35683647 0.35684490 0.86332464
vn -0.28036490 0.41960323 0.86332422
vn 0.11453483 0.57580352 0.80952585
vn 0.09845134 0.49495140 0.86332524
vn 0.19311954 0.46622723 0.86332899
vn 0.22466876 -0.54239500 0.80952555
vn 0.19311741 -0.46623436 0.86332566
vn 0.09845104 -0.49494272 0.86333025
vn -0.48814422 0.32616666 0.80952489
vn -0.41959408 0.28037649 0.86332488
vn -0.35683647 0.35684490 0.86332464
vn 0.32616612 -0.48814535 0.80952442
vn 0.28036419 -0.41960466 0.86332375
vn 0.19311741 -0.46623436 0.86332566
vn -0.48814422 0.32616666 0.80952489
vn -0.54239738 0.22466660 0.80952454
vn -0.46622953 0.19311999 0.86332774
vn 0.32616612 -0.48814535 0.80952442
vn 0.41513431 -0.41513214 0.80952388
vn 0.35683703 -0.35683933 0.86332679
vn -0.57580328 0.11453713 0.80952579
vn -0.49494648 0.09845489 0.86332762
vn -0.46622953 0.19311999 0.86332774
vn 0.48814496 -0.32616544 0.80952483
vn 0.54239821 -0.22466388 0.80952483
vn 0.46623036 -0.19311732 0.86332780
vn -0.57580328 0.11453713 0.80952579
vn -0.58708751 0.00000021 0.80952346
vn -0.50464332 0.00000020 0.86332804
vn 0.68909538 -0.46044052 0.55959105
vn 0.76568180 -0.31715596 0.55959243
vn 0.68745637 -0.28475457 0.66807079
vn -0.57580423 -0.11453748 0.80952501
vn -0.49494675 -0.09845455 0.86332756
vn -0.50464332 0.00000020 0.86332804
vn 0.57580602 -0.11453352 0.80952418
vn 0.49494755 -0.09845421 0.86332709
vn 0.46623036 -0.19311732 0.86332780
vn -0.57580423 -0.11453748 0.80952501
vn -0.54239607 -0.22466889 0.80952489
vn -0.46623009 -0.19311838 0.86332774
vn 0.48814496 -0.32616544 0.80952483
vn 0.41959545 -0.28037000 0.86332631
vn 0.35683703 -0.35683933 0.86332679
vn -0.37952751 -0.91626191 0.12815204
vn -0.19348113 -0.97269827 0.12815344
vn -0.18400188 -0.92504019 0.33233106
vn -0.19348162 0.97269821 0.12815200
vn -0.37952861 0.91626114 0.12815493
vn -0.36093175 0.87136865 0.33233276
vn 0.55098933 0.82461363 0.12815295
vn 0.52399391 0.78420997 0.33233285
vn 0.66691834 0.66691452 0.33233258
vn 0.00000076 -0.99175441 0.12815312
vn -0.00000065 -0.94316256 0.33233169
vn -0.18400188 -0.92504019 0.33233106
vn -0.55099034 0.82461298 0.12815332
vn -0.52399206 0.78421122 0.33233294
vn -0.36093175 0.87136865 0.33233276
vn 0.37952691 0.91626221 0.12815186
vn 0.36093131 0.87136924 0.33233154
vn 0.52399391 0.78420997 0.33233285
vn 0.19348213 -0.97269821 0.12815240
vn 0.18400167 -0.92504001 0.33233190
vn -0.00000065 -0.94316256 0.33233169
vn -0.70127743 0.70127505 0.12815338
vn -0.66691691 0.66691613 0.33233231
vn -0.52399206 0.78421122 0.33233294
vn 0.00000071 0.88039500 0.47424111
vn -0.17175688 0.86347711 0.47424355
vn -0.16168489 0.81284326 0.55959272
vn 0.19348213 -0.97269821 0.12815240
vn 0.37952638 -0.91626233 0.12815261
vn 0.36093140 -0.87136936 0.33233106
vn -0.82461399 0.55098879 0.12815255
vn -0.78421038 0.52399343 0.33233252
vn -0.66691691 0.66691613 0.33233231
vn 0.37952691 0.91626221 0.12815186
vn 0.19348207 0.97269791 0.12815467
vn 0.18400240 0.92503929 0.33233336
vn 0.55098933 -0.82461375 0.12815194
vn 0.52399307 -0.78421122 0.33233136
vn 0.36093140 -0.87136936 0.33233106
vn -0.91626221 0.37952641 0.12815298
vn -0.87136781 0.36093336 0.33233297
vn -0.78421038 0.52399343 0.33233252
vn 0.70127749 -0.70127511 0.12815273
vn 0.66691744 -0.66691595 0.33233166
vn 0.52399307 -0.78421122 0.33233136
vn -0.97269827 0.19348130 0.12815279
vn -0.92503953 0.18400264 0.33233252
vn -0.87136781 0.36093336 0.33233297
vn 0.82461351 -0.55098993 0.12815094
vn 0.78421038 -0.52399445 0.33233115
vn 0.66691744 -0.66691595 0.33233166
vn -0.99175441 -0.00000092 0.12815303
vn -0.94316262 -0.00000014 0.33233181
vn -0.92503953 0.18400264 0.33233252
vn 0.91626203 -0.37952745 0.12815179
vn 0.87136883 -0.36093196 0.33233213
vn 0.78421038 -0.52399445 0.33233115
vn -0.97269803 -0.19348232 0.12815268
vn -0.92503983 -0.18400194 0.33233207
vn -0.94316262 -0.00000014 0.33233181
vn 0.97269845 -0.19348106 0.12815173
vn 0.92504030 -0.18400197 0.33233067
vn 0.87136883 -0.36093196 0.33233213
vn -0.91626137 -0.37952882 0.12815242
vn -0.87136883 -0.36093247 0.33233151
vn -0.92503983 -0.18400194 0.33233207
vn 0.99175453 0.00000095 0.12815192
vn 0.94316268 0.00000040 0.33233148
vn 0.92504030 -0.18400197 0.33233067
vn -0.82461351 -0.55098969 0.12815177
vn -0.78421128 -0.52399260 0.33233190
vn -0.87136883 -0.36093247 0.33233151
vn 0.97269809 0.19348241 0.12815244
vn 0.92504025 0.18400170 0.33233112
vn 0.94316268 0.00000040 0.33233148
vn -0.70127553 -0.70127702 0.12815283
vn -0.66691619 -0.66691691 0.33233213
vn -0.78421128 -0.52399260 0.33233190
vn 0.91626161 0.37952885 0.12815101
vn 0.87136889 0.36093304 0.33233064
vn 0.92504025 0.18400170 0.33233112
vn -0.55098718 -0.82461506 0.12815273
vn -0.52399236 -0.78421152 0.33233172
vn -0.66691619 -0.66691691 0.33233213
vn 0.82461315 0.55099022 0.12815203
vn 0.78421122 0.52399242 0.33233216
vn 0.87136889 0.36093304 0.33233064
vn -0.37952751 -0.91626191 0.12815204
vn -0.36093378 -0.87136787 0.33233249
vn -0.52399236 -0.78421152 0.33233172
vn -0.19348162 0.97269821 0.12815200
vn -0.18400085 0.92504013 0.33233210
vn 0.00000059 0.94316250 0.33233213
vn 0.58708620 0.00000260 0.80952454
vn 0.50464356 0.00000012 0.86332786
vn 0.49494755 -0.09845421 0.86332709
vn -0.33691451 0.81337619 0.47424442
vn -0.48911899 0.73202068 0.47424501
vn -0.46043769 0.68909669 0.55959177
vn -0.62253106 -0.62253392 0.47424325
vn -0.58602446 -0.58603215 0.55959058
vn -0.68909407 -0.46044132 0.55959195
vn 0.73202240 -0.48911783 0.47424370
vn 0.68909538 -0.46044052 0.55959105
vn 0.58602709 -0.58602893 0.55959123
vn -0.00000059 0.99175441 0.12815283
vn 0.00000059 0.94316250 0.33233213
vn 0.18400240 0.92503929 0.33233336
vn -0.86347723 0.17175576 0.47424373
vn -0.88039351 0.00000016 0.47424397
vn -0.82876748 0.00000052 0.55959326
vn 0.00000109 -0.88039267 0.47424540
vn 0.17175809 -0.86347485 0.47424722
vn 0.16168518 -0.81284386 0.55959159
vn 0.81337792 0.33691272 0.47424263
vn 0.76568294 0.31715393 0.55959189
vn 0.81284374 0.16168532 0.55959171
vn -0.62253422 0.62253064 0.47424337
vn -0.58602840 0.58602560 0.55959338
vn -0.46043769 0.68909669 0.55959177
vn -0.62253106 -0.62253392 0.47424325
vn -0.48912174 -0.73201841 0.47424573
vn -0.46043772 -0.68909657 0.55959195
vn 0.81337768 -0.33691084 0.47424439
vn 0.76568180 -0.31715596 0.55959243
vn 0.68909538 -0.46044052 0.55959105
vn 0.33691001 0.81337923 0.47424248
vn 0.31715599 0.76568240 0.55959141
vn 0.46043783 0.68909723 0.55959100
vn 0.17175600 0.86347651 0.47424483
vn 0.16168630 0.81284112 0.55959523
vn 0.31715599 0.76568240 0.55959141
vn -0.86347634 -0.17175753 0.47424462
vn -0.81284332 -0.16168505 0.55959249
vn -0.82876748 0.00000052 0.55959326
vn 0.33691484 -0.81337523 0.47424605
vn 0.31715390 -0.76568538 0.55958855
vn 0.16168518 -0.81284386 0.55959159
vn 0.73202163 0.48911893 0.47424361
vn 0.62253308 0.62253165 0.47424361
vn 0.58602804 0.58602679 0.55959260
vn -0.73202145 0.48912013 0.47424266
vn -0.68909615 0.46043724 0.55959272
vn -0.58602840 0.58602560 0.55959338
vn -0.48912174 -0.73201841 0.47424573
vn -0.33691144 -0.81337571 0.47424746
vn -0.31715572 -0.76568156 0.55959278
vn 0.86347759 -0.17175621 0.47424287
vn 0.81284368 -0.16168486 0.55959201
vn 0.76568180 -0.31715596 0.55959243
vn -0.81337738 -0.33691338 0.47424325
vn -0.76568204 -0.31715515 0.55959237
vn -0.81284332 -0.16168505 0.55959249
vn 0.48912287 -0.73201776 0.47424564
vn 0.46043828 -0.68909657 0.55959141
vn 0.31715390 -0.76568538 0.55958855
vn 0.70127684 0.70127571 0.12815298
vn 0.66691834 0.66691452 0.33233258
vn 0.78421122 0.52399242 0.33233216
vn -0.73202145 0.48912013 0.47424266
vn -0.81337744 0.33691242 0.47424391
vn -0.76568240 0.31715494 0.55959189
vn -0.17175353 -0.86347651 0.47424576
vn -0.16168486 -0.81284356 0.55959213
vn -0.31715572 -0.76568156 0.55959278
vn 0.88039392 0.00000183 0.47424319
vn 0.82876784 -0.00000043 0.55959255
vn 0.81284368 -0.16168486 0.55959201
vn -0.33691451 0.81337619 0.47424442
vn -0.31715667 0.76568055 0.55959368
vn -0.16168489 0.81284326 0.55959272
vn -0.73201948 -0.48912135 0.47424439
vn -0.68909407 -0.46044132 0.55959195
vn -0.76568204 -0.31715515 0.55959237
vn 0.62253338 -0.62253100 0.47424397
vn 0.58602709 -0.58602893 0.55959123
vn 0.46043828 -0.68909657 0.55959141
vn 0.62253308 0.62253165 0.47424361
vn 0.48911786 0.73202306 0.47424251
vn 0.46043783 0.68909723 0.55959100
vn -0.86347723 0.17175576 0.47424373
vn -0.81284350 0.16168351 0.55959260
vn -0.76568240 0.31715494 0.55959189
vn 0.00000109 -0.88039267 0.47424540
vn 0.00000017 -0.82876849 0.55959165
vn -0.16168486 -0.81284356 0.55959213
vn 0.81337792 0.33691272 0.47424263
vn 0.73202163 0.48911893 0.47424361
vn 0.68909591 0.46043825 0.55959225
vn 0.70697737 0.70697629 -0.01917133
vn 0.68971843 0.68971950 -0.22039846
vn 0.54190880 0.81102335 -0.22039953
vn -0.19348162 0.97269821 0.12815200
vn -0.00000059 0.99175441 0.12815283
vn -0.00000002 0.99981630 -0.01917126
vn -0.37952861 0.91626114 0.12815493
vn -0.19348162 0.97269821 0.12815200
vn -0.19505470 0.98060507 -0.01917095
vn 0.86347681 0.17175901 0.47424319
vn 0.81284374 0.16168532 0.55959171
vn 0.82876784 -0.00000043 0.55959255
vn -0.55099034 0.82461298 0.12815332
vn -0.37952861 0.91626114 0.12815493
vn -0.38261315 0.92370969 -0.01917096
vn -0.70127743 0.70127505 0.12815338
vn -0.55099034 0.82461298 0.12815332
vn -0.55546838 0.83131671 -0.01917087
vn -0.82461399 0.55098879 0.12815255
vn -0.70127743 0.70127505 0.12815338
vn -0.70697719 0.70697653 -0.01917086
vn -0.91626221 0.37952641 0.12815298
vn -0.82461399 0.55098879 0.12815255
vn -0.83131695 0.55546808 -0.01917086
vn -0.97269827 0.19348130 0.12815279
vn -0.91626221 0.37952641 0.12815298
vn -0.92370987 0.38261288 -0.01917071
vn -0.99175441 -0.00000092 0.12815303
vn -0.97269827 0.19348130 0.12815279
vn -0.98060507 0.19505449 -0.01917080
vn -0.97269803 -0.19348232 0.12815268
vn -0.99175441 -0.00000092 0.12815303
vn -0.99981630 0.00000007 -0.01917065
vn -0.91626137 -0.37952882 0.12815242
vn -0.97269803 -0.19348232 0.12815268
vn -0.98060501 -0.19505475 -0.01917070
vn -0.82461351 -0.55098969 0.12815177
vn -0.91626137 -0.37952882 0.12815242
vn -0.92370963 -0.38261351 -0.01917060
vn -0.70127553 -0.70127702 0.12815283
vn -0.82461351 -0.55098969 0.12815177
vn -0.83131647 -0.55546862 -0.01917068
vn -0.55098718 -0.82461506 0.12815273
vn -0.70127553 -0.70127702 0.12815283
vn -0.70697749 -0.70697623 -0.01917065
vn -0.37952751 -0.91626191 0.12815204
vn -0.55098718 -0.82461506 0.12815273
vn -0.55546850 -0.83131659 -0.01917068
vn -0.19348113 -0.97269827 0.12815344
vn -0.37952751 -0.91626191 0.12815204
vn -0.38261351 -0.92370957 -0.01917080
vn 0.00000076 -0.99175441 0.12815312
vn -0.19348113 -0.97269827 0.12815344
vn -0.19505446 -0.98060501 -0.01917078
vn 0.19348213 -0.97269821 0.12815240
vn 0.00000076 -0.99175441 0.12815312
vn -0.00000040 -0.99981630 -0.01917089
vn 0.37952638 -0.91626233 0.12815261
vn 0.19348213 -0.97269821 0.12815240
vn 0.19505410 -0.98060513 -0.01917098
vn 0.55098933 -0.82461375 0.12815194
vn 0.37952638 -0.91626233 0.12815261
vn 0.38261279 -0.92370993 -0.01917098
vn 0.70127749 -0.70127511 0.12815273
vn 0.55098933 -0.82461375 0.12815194
vn 0.55546844 -0.83131659 -0.01917098
vn 0.82461351 -0.55098993 0.12815094
vn 0.70127749 -0.70127511 0.12815273
vn 0.70697725 -0.70697641 -0.01917119
vn 0.91626203 -0.37952745 0.12815179
vn 0.82461351 -0.55098993 0.12815094
vn 0.83131713 -0.55546761 -0.01917114
vn 0.97269845 -0.19348106 0.12815173
vn 0.91626203 -0.37952745 0.12815179
vn 0.92370987 -0.38261276 -0.01917138
vn 0.99175453 0.00000095 0.12815192
vn 0.97269845 -0.19348106 0.12815173
vn 0.98060489 -0.19505501 -0.01917140
vn 0.97269809 0.19348241 0.12815244
vn 0.99175453 0.00000095 0.12815192
vn 0.99981630 -0.00000029 -0.01917142
vn 0.91626161 0.37952885 0.12815101
vn 0.97269809 0.19348241 0.12815244
vn 0.98060501 0.19505481 -0.01917151
vn 0.82461315 0.55099022 0.12815203
vn 0.91626161 0.37952885 0.12815101
vn 0.92370981 0.38261297 -0.01917134
vn 0.70127684 0.70127571 0.12815298
vn 0.82461315 0.55099022 0.12815203
vn 0.83131707 0.55546761 -0.01917133
vn 0.55098933 0.82461363 0.12815295
vn 0.70127684 0.70127571 0.12815298
vn 0.70697737 0.70697629 -0.01917133
vn 0.37952691 0.91626221 0.12815186
vn 0.55098933 0.82461363 0.12815295
vn 0.55546838 0.83131665 -0.01917132
vn 0.19348207 0.97269791 0.12815467
vn 0.37952691 0.91626221 0.12815186
vn 0.38261312 0.92370975 -0.01917127
vn -0.00000059 0.99175441 0.12815283
vn 0.19348207 0.97269791 0.12815467
vn 0.19505453 0.98060507 -0.01917115
vn -0.00000039 -0.00000019 -1.00000000
vn -0.00000039 0.00000194 -1.00000000
vn -0.00000039 -0.00000019 -1.00000000
vn -0.00000039 -0.00000019 -1.00000000
vn -0.00000039 0.00000194 -1.00000000
vn -0.00000039 -0.00000011 -1.00000000
vn -0.00000039 0.00000022 -1.00000000
vn -0.00000039 -0.00000019 -1.00000000
vn -0.00000039 -0.00000011 -1.00000000
vn -0.00000039 -0.00000019 -1.00000000
vn -0.00000039 -0.00000019 -1.00000000
vn -0.00000039 -0.00000019 -1.00000000
vn -0.00000039 -0.00000019 -1.00000000
vn -0.00000039 -0.00000019 -1.00000000
vn -0.00000039 -0.00000019 -1.00000000
vn -0.00000039 -0.00000019 -1.00000000
vn -0.00000039 -0.00000019 -1.00000000
vn -0.00000039 -0.00000019 -1.00000000
vn -0.00000039 0.00001121 -1.00000000
vn -0.00000039 0.00000051 -1.00000000
vn -0.00000039 0.00000861 -1.00000000
vn -0.00000039 -0.00000088 -1.00000000
vn -0.00000039 0.00000051 -1.00000000
vn -0.00000039 0.00000133 -1.00000000
vn -0.00000039 -0.00000019 -1.00000000
vn -0.00000039 -0.00000036 -1.00000000
vn -0.00000039 0.00000133 -1.00000000
vn -0.00000039 -0.00000078 -1.00000000
vn -0.00000039 -0.00000036 -1.00000000
vn -0.00000039 -0.00000022 -1.00000000
vn -0.00000039 -0.00000019 -1.00000000
vn -0.00000039 -0.00000047 -1.00000000
vn -0.00000039 -0.00000022 -1.00000000
vn -0.00000039 -0.00000019 -1.00000000
vn -0.00000039 -0.00000047 -1.00000000
vn -0.00000039 -0.00000244 -1.00000000
vn -0.00000039 -0.00000230 -1.00000000
vn -0.00000039 -0.00000034 -1.00000000
vn -0.00000039 -0.00000244 -1.00000000
vn -0.00000039 -0.00000019 -1.00000000
vn -0.00000039 -0.00000034 -1.00000000
vn -0.00000039 -0.00000019 -1.00000000
vn -0.00000039 0.00000051 -1.00000000
vn -0.00000039 -0.00000019 -1.00000000
vn -0.00000039 0.00000861 -1.00000000
vn -0.00000039 0.00000051 -1.00000000
vn -0.00000039 0.00001121 -1.00000000
vn -0.00000039 0.00000133 -1.00000000
vn -0.00000039 -0.00000036 -1.00000000
vn -0.00000039 -0.00000088 -1.00000000
vn -0.00000039 0.00000133 -1.00000000
vn -0.00000039 -0.00000036 -1.00000000
vn -0.00000039 -0.00000019 -1.00000000
vn -0.00000039 -0.00000022 -1.00000000
vn -0.00000039 -0.00000047 -1.00000000
vn -0.00000039 -0.00000078 -1.00000000
vn -0.00000039 -0.00000022 -1.00000000
vn -0.00000039 -0.00000047 -1.00000000
vn -0.00000039 -0.00000019 -1.00000000
vn -0.00000039 -0.00000244 -1.00000000
vn -0.00000039 -0.00000034 -1.00000000
vn -0.00000039 -0.00000019 -1.00000000
vn -0.00000039 -0.00000244 -1.00000000
vn -0.00000039 -0.00000019 -1.00000000
vn -0.00000039 -0.00000019 -1.00000000
vn -0.00000039 -0.00000019 -1.00000000
vn -0.00000039 0.00000194 -1.00000000
vn -0.00000039 -0.00000019 -1.00000000
vn -0.00000039 -0.00000019 -1.00000000
vn -0.00000039 0.00000194 -1.00000000
vn -0.00000039 0.00000022 -1.00000000
vn -0.00000039 -0.00000011 -1.00000000
vn -0.00000039 -0.00000019 -1.00000000
vn -0.00000039 -0.00000019 -1.00000000
vn -0.00000039 -0.00000011 -1.00000000
vn -0.00000039 -0.00000019 -1.00000000
vn -0.00000039 -0.00000019 -1.00000000
vn -0.00000039 -0.00000019 -1.00000000
vn -0.00000039 -0.00000019 -1.00000000
vn -0.00000039 -0.00000019 -1.00000000
vn -0.00000039 -0.00000019 -1.00000000
vn -0.00000039 -0.00000019 -1.00000000
vn -0.00000039 -0.00000019 -1.00000000
vn -0.00000039 -0.00000019 -1.00000000
vn -0.00000039 -0.00000034 -1.00000000
vn -0.00000039 -0.00000230 -1.00000000
vn -0.00000039 -0.00000019 -1.00000000
vn 0.00000039 0.00000019 1.00000000
vn 0.00000039 0.00000019 1.00000000
vn 0.00000039 0.00000019 1.00000000
vn 0.00000039 0.00000039 1.00000000
vn 0.00000039 0.00000019 1.00000000
vn 0.00000039 0.00000020 1.00000000
vn 0.00000039 0.00000019 1.00000000
vn 0.00000039 0.00000024 1.00000000
vn 0.00000039 0.00000020 1.00000000
vn 0.00000039 -0.00000031 1.00000000
vn 0.00000039 0.00000024 1.00000000
vn 0.00000039 0.00000017 1.00000000
vn 0.00000039 0.00000019 1.00000000
vn 0.00000039 -0.00000004 1.00000000
vn 0.00000039 0.00000017 1.00000000
vn 0.00000039 0.00000017 1.00000000
vn 0.00000039 -0.00000004 1.00000000
vn 0.00000039 -0.00000087 1.00000000
vn 0.00000039 0.00000019 1.00000000
vn 0.00000039 0.00000018 1.00000000
vn 0.00000039 -0.00000087 1.00000000
vn 0.00000039 0.00000019 1.00000000
vn 0.00000039 0.00000019 1.00000000
vn 0.00000039 0.00000019 1.00000000
vn 0.00000039 0.00000019 1.00000000
vn 0.00000039 0.00000019 1.00000000
vn 0.00000039 0.00000020 1.00000000
vn 0.00000039 0.00000024 1.00000000
vn 0.00000039 0.00000039 1.00000000
vn 0.00000039 0.00000020 1.00000000
vn 0.00000039 0.00000024 1.00000000
vn 0.00000039 0.00000019 1.00000000
vn 0.00000039 0.00000017 1.00000000
vn 0.00000039 -0.00000004 1.00000000
vn 0.00000039 -0.00000031 1.00000000
vn 0.00000039 0.00000017 1.00000000
vn 0.00000039 -0.00000004 1.00000000
vn 0.00000039 0.00000019 1.00000000
vn 0.00000039 -0.00000087 1.00000000
vn 0.00000039 0.00000018 1.00000000
vn 0.00000039 0.00000017 1.00000000
vn 0.00000039 -0.00000087 1.00000000
vn 0.00000039 0.00000019 1.00000000
vn 0.00000039 0.00000326 1.00000000
vn 0.00000039 0.00000019 1.00000000
vn 0.00000039 0.00000019 1.00000000
vn 0.00000039 0.00000326 1.00000000
vn 0.00000039 0.00000031 1.00000000
vn 0.00000039 0.00000078 1.00000000
vn 0.00000039 -0.00000031 1.00000000
vn 0.00000039 0.00000031 1.00000000
vn 0.00000039 0.00000019 1.00000000
vn 0.00000039 -0.00000031 1.00000000
vn 0.00000039 0.00000017 1.00000000
vn 0.00000039 -0.00000001 1.00000000
vn 0.00000039 0.00000019 1.00000000
vn 0.00000039 0.00000017 1.00000000
vn 0.00000039 0.00000019 1.00000000
vn 0.00000039 0.00000019 1.00000000
vn 0.00000039 0.00000125 1.00000000
vn 0.00000039 0.00000019 1.00000000
vn 0.00000039 0.00000018 1.00000000
vn 0.00000039 0.00000125 1.00000000
vn 0.00000039 0.00000019 1.00000000
vn 0.00000039 0.00000019 1.00000000
vn 0.00000039 0.00000019 1.00000000
vn 0.00000039 0.00000326 1.00000000
vn 0.00000039 0.00000019 1.00000000
vn 0.00000039 0.00000019 1.00000000
vn 0.00000039 0.00000326 1.00000000
vn 0.00000039 0.00000078 1.00000000
vn 0.00000039 0.00000031 1.00000000
vn 0.00000039 -0.00000031 1.00000000
vn 0.00000039 0.00000019 1.00000000
vn 0.00000039 0.00000031 1.00000000
vn 0.00000039 -0.00000031 1.00000000
vn 0.00000039 -0.00000001 1.00000000
vn 0.00000039 0.00000017 1.00000000
vn 0.00000039 0.00000019 1.00000000
vn 0.00000039 0.00000019 1.00000000
vn 0.00000039 0.00000017 1.00000000
vn 0.00000039 0.00000019 1.00000000
vn 0.00000039 0.00000019 1.00000000
vn 0.00000039 0.00000125 1.00000000
vn 0.00000039 0.00000018 1.00000000
vn 0.00000039 0.00000019 1.00000000
vn 0.00000039 0.00000125 1.00000000
vn -0.98078471 0.19509344 0.00000048
vn -0.92387962 0.38268346 0.00000030
vn -0.92387795 0.38268742 0.00000037
vn 0.83146894 -0.55557126 -0.00000043
vn 0.70710844 -0.70710510 -0.00000028
vn 0.70710522 -0.70710832 -0.00000021
vn -1.00000000 0.00000184 0.00000034
vn -0.98078561 0.19508873 0.00000054
vn -0.98078471 0.19509344 0.00000048
vn 0.92387879 -0.38268542 -0.00000037
vn 0.83147126 -0.55556774 -0.00000052
vn 0.83146894 -0.55557126 -0.00000043
vn -0.98078561 -0.19508854 0.00000029
vn -1.00000000 -0.00000241 0.00000055
vn -1.00000000 0.00000184 0.00000034
vn 0.98078489 -0.19509268 -0.00000036
vn 0.92387992 -0.38268247 -0.00000030
vn 0.92387879 -0.38268542 -0.00000037
vn -0.92387998 -0.38268247 0.00000046
vn -0.98078513 -0.19509102 0.00000042
vn -0.98078561 -0.19508854 0.00000029
vn 1.00000000 -0.00000176 -0.00000068
vn 0.98078555 -0.19508903 -0.00000034
vn 0.98078489 -0.19509268 -0.00000036
vn -0.83147085 -0.55556846 0.00000029
vn -0.92387879 -0.38268530 0.00000045
vn -0.92387998 -0.38268247 0.00000046
vn 0.98078597 0.19508682 -0.00000058
vn 1.00000000 0.00000247 -0.00000051
vn 1.00000000 -0.00000176 -0.00000068
vn -0.70710826 -0.70710528 0.00000032
vn -0.83146846 -0.55557191 0.00000036
vn -0.83147085 -0.55556846 0.00000029
vn 0.92388016 0.38268185 -0.00000020
vn 0.98078501 0.19509155 -0.00000042
vn 0.98078597 0.19508682 -0.00000058
vn -0.55557132 -0.83146900 0.00000013
vn -0.70710522 -0.70710832 0.00000034
vn -0.70710826 -0.70710528 0.00000032
vn 0.83147204 0.55556661 -0.00000051
vn 0.92387897 0.38268495 -0.00000048
vn 0.92388016 0.38268185 -0.00000020
vn -0.38268620 -0.92387849 0.00000006
vn -0.55556792 -0.83147115 0.00000013
vn -0.55557132 -0.83146900 0.00000013
vn -0.19508821 0.98078573 0.00000021
vn -0.00000145 1.00000000 0.00000012
vn 0.00000205 1.00000000 0.00000012
vn 0.70710838 0.70710522 -0.00000025
vn 0.83147097 0.55556834 -0.00000059
vn 0.83147204 0.55556661 -0.00000051
vn -0.19509207 -0.98078495 -0.00000004
vn -0.38268232 -0.92387998 0.00000012
vn -0.38268620 -0.92387849 0.00000006
vn -0.38268152 0.92388028 0.00000027
vn -0.19509183 0.98078501 0.00000018
vn -0.19508821 0.98078573 0.00000021
vn 0.55557078 0.83146936 -0.00000013
vn 0.70710546 0.70710814 -0.00000004
vn 0.70710838 0.70710522 -0.00000025
vn -0.00000106 -1.00000000 -0.00000012
vn -0.19508874 -0.98078561 -0.00000005
vn -0.19509207 -0.98078495 -0.00000004
vn -0.55556548 0.83147287 0.00000033
vn -0.38268334 0.92387956 0.00000024
vn -0.38268152 0.92388028 0.00000027
vn 0.38268635 0.92387843 -0.00000007
vn 0.55556720 0.83147162 -0.00000012
vn 0.55557078 0.83146936 -0.00000013
vn 0.19508837 -0.98078567 -0.00000021
vn 0.00000085 -1.00000000 -0.00000012
vn -0.00000106 -1.00000000 -0.00000012
vn -0.70710742 0.70710611 0.00000021
vn -0.55556983 0.83146995 0.00000024
vn -0.55556548 0.83147287 0.00000033
vn 0.19509254 0.98078489 0.00000004
vn 0.38268214 0.92388004 -0.00000005
vn 0.38268635 0.92387843 -0.00000007
vn 0.38268214 -0.92388010 -0.00000027
vn 0.19509107 -0.98078507 -0.00000019
vn 0.19508837 -0.98078567 -0.00000021
vn -0.83146906 0.55557120 0.00000043
vn -0.70711249 0.70710105 0.00000028
vn -0.70710742 0.70710611 0.00000021
vn 0.00000205 1.00000000 0.00000012
vn 0.19508855 0.98078561 0.00000005
vn 0.19509254 0.98078489 0.00000004
vn 0.55556726 -0.83147162 -0.00000033
vn 0.38268596 -0.92387849 -0.00000024
vn 0.38268214 -0.92388010 -0.00000027
vn -0.92387795 0.38268742 0.00000037
vn -0.83147138 0.55556762 0.00000052
vn -0.83146906 0.55557120 0.00000043
vn 0.00000039 0.00000019 1.00000000
vn 0.00000039 0.00000019 1.00000000
vn 0.00000039 0.00000019 1.00000000
vn 0.00000039 0.00000232 1.00000000
vn 0.00000039 0.00000290 1.00000000
vn 0.00000039 0.00000019 1.00000000
vn 0.00000039 0.00000232 1.00000000
vn 0.00000039 0.00000019 1.00000000
vn 0.00000039 0.00000019 1.00000000
vn 0.00000039 -0.00000071 1.00000000
vn 0.00000039 0.00000019 1.00000000
vn 0.00000039 -0.00000310 1.00000000
vn 0.00000039 -0.00000071 1.00000000
vn 0.00000039 -0.00000416 1.00000000
vn 0.00000039 0.00000790 1.00000000
vn 0.00000039 0.00000790 1.00000000
vn 0.00000039 0.00000250 1.00000000
vn 0.00000039 0.00000374 1.00000000
vn 0.00000039 0.00000374 1.00000000
vn 0.00000039 0.00000157 1.00000000
vn 0.00000039 -0.00001105 1.00000000
vn 0.00000039 0.00000087 1.00000000
vn 0.00000039 0.00000157 1.00000000
vn 0.00000039 -0.00000106 1.00000000
vn 0.00000039 0.00000019 1.00000000
vn 0.00000039 -0.00000106 1.00000000
vn 0.00000039 0.00000019 1.00000000
vn 0.00000039 0.00000019 1.00000000
vn 0.00000039 -0.00000103 1.00000000
vn 0.00000039 -0.00000117 1.00000000
vn 0.00000039 -0.00000117 1.00000000
vn 0.00000039 -0.00000222 1.00000000
vn 0.00000039 -0.00000751 1.00000000
vn 0.00000039 -0.00000751 1.00000000
vn 0.00000039 0.00000284 1.00000000
vn 0.00000039 -0.00001015 1.00000000
vn 0.00000039 -0.00001015 1.00000000
vn 0.00000039 -0.00000039 1.00000000
vn 0.00000039 0.00000337 1.00000000
vn 0.00000039 0.00000337 1.00000000
vn 0.00000039 -0.00000151 1.00000000
vn 0.00000039 0.00000582 1.00000000
vn 0.00000039 0.00000582 1.00000000
vn 0.00000039 -0.00000251 1.00000000
vn 0.00000039 0.00000019 1.00000000
vn 0.00000039 -0.00000017 1.00000000
vn 0.00000039 -0.00000251 1.00000000
vn 0.00000039 -0.00000640 1.00000000
vn 0.00000039 -0.00000017 1.00000000
vn 0.00000039 0.00000019 1.00000000
vn 0.00000039 0.00000019 1.00000000
vn 0.00000039 0.00000282 1.00000000
vn 0.00000039 0.00000019 1.00000000
vn 0.00000039 0.00000019 1.00000000
vn 0.00000039 0.00000282 1.00000000
vn 0.00000039 -0.00000151 1.00000000
vn 0.00000039 0.00000990 1.00000000
vn 0.00000039 0.00000990 1.00000000
vn 0.00000039 -0.00000151 1.00000000
vn 0.00000039 0.00000582 1.00000000
vn 0.00000039 -0.00000026 1.00000000
vn 0.00000039 -0.00000151 1.00000000
vn 0.00000039 -0.00000145 1.00000000
vn 0.00000039 -0.00000026 1.00000000
vn 0.00000039 -0.00000175 1.00000000
vn 0.00000039 -0.00000071 1.00000000
vn 0.00000039 -0.00000071 1.00000000
vn 0.00000039 -0.00000590 1.00000000
vn 0.00000039 0.00000019 1.00000000
vn 0.00000039 -0.00000049 1.00000000
vn 0.00000039 -0.00000590 1.00000000
vn 0.00000039 -0.00000228 1.00000000
vn 0.00000039 -0.00000049 1.00000000
vn 0.00000039 0.00000019 1.00000000
vn 0.00000039 0.00000019 1.00000000
vn 0.00000039 0.00000042 1.00000000
vn 0.00000039 0.00000019 1.00000000
vn 0.00000039 0.00000102 1.00000000
vn 0.00000039 0.00000042 1.00000000
vn 0.00000039 0.00000058 1.00000000
vn 0.00000039 -0.00000026 1.00000000
vn 0.00000039 -0.00000026 1.00000000
vn 0.00000039 -0.00000251 1.00000000
vn 0.00000039 0.00000019 1.00000000
vn 0.00000039 0.00000065 1.00000000
vn 0.00000039 -0.00000251 1.00000000
vn 0.00000039 0.00000184 1.00000000
vn 0.00000039 0.00000065 1.00000000
vn 0.00000039 -0.00000039 1.00000000
vn 0.00000039 -0.00000071 1.00000000
vn 0.00000039 -0.00000071 1.00000000
vn 0.00000039 -0.00000251 1.00000000
vn 0.00000039 0.00000019 1.00000000
vn 0.00000039 -0.00000103 1.00000000
vn 0.00000039 -0.00000251 1.00000000
vn 0.00000039 0.00000349 1.00000000
vn 0.00000039 -0.00000103 1.00000000
vn 0.00000039 0.00000290 1.00000000
vn 0.00000039 0.00000019 1.00000000
vn -0.70710713 0.70710647 0.00000024
vn -0.55557334 0.83146745 0.00000005
vn -0.55557352 0.83146739 0.00000005
vn 0.98078555 -0.19508921 -0.00000034
vn 0.92387891 -0.38268501 -0.00000029
vn 0.92387938 -0.38268384 -0.00000023
vn -0.83147335 0.55556464 0.00000003
vn -0.70710540 0.70710820 0.00000021
vn -0.70710713 0.70710647 0.00000024
vn 1.00000000 0.00000466 -0.00000017
vn 0.98078513 -0.19509122 -0.00000034
vn 0.98078555 -0.19508921 -0.00000034
vn -0.92387873 0.38268530 0.00000023
vn -0.83147198 0.55556667 0.00000006
vn -0.83147335 0.55556464 0.00000003
vn 0.98078477 0.19509287 -0.00000036
vn 1.00000000 0.00000060 -0.00000023
vn 1.00000000 0.00000466 -0.00000017
vn -0.98078567 0.19508858 0.00000034
vn -0.92387795 0.38268727 0.00000029
vn -0.92387873 0.38268530 0.00000023
vn 0.92387980 0.38268289 -0.00000093
vn 0.98078603 0.19508697 -0.00000042
vn 0.98078477 0.19509287 -0.00000036
vn -1.00000000 -0.00000328 0.00000017
vn -0.98078537 0.19509006 0.00000034
vn -0.98078567 0.19508858 0.00000034
vn 0.83146524 0.55557674 -0.00000014
vn 0.92388171 0.38267824 -0.00000054
vn 0.92387980 0.38268289 -0.00000093
vn -0.98078483 -0.19509248 0.00000036
vn -1.00000000 0.00000075 0.00000023
vn -1.00000000 -0.00000328 0.00000017
vn 0.70710599 0.70710754 -0.00000024
vn 0.83146924 0.55557072 0.00000046
vn 0.83146524 0.55557674 -0.00000014
vn -0.92387980 -0.38268289 0.00000024
vn -0.98078597 -0.19508705 0.00000016
vn -0.98078483 -0.19509248 0.00000036
vn 0.55556178 0.83147532 -0.00000041
vn 0.70711112 0.70710248 -0.00000001
vn 0.70710599 0.70710754 -0.00000024
vn -0.83146876 -0.55557138 -0.00000034
vn -0.92388171 -0.38267824 -0.00000041
vn -0.92387980 -0.38268289 0.00000024
vn 0.38268685 0.92387819 -0.00000036
vn 0.55556846 0.83147091 -0.00000038
vn 0.55556178 0.83147532 -0.00000041
vn 0.19508651 -0.98078609 0.00000010
vn -0.00000233 -1.00000000 0.00000019
vn 0.00000209 -1.00000000 0.00000020
vn -0.70710045 -0.70711315 -0.00000002
vn -0.83147192 -0.55556673 -0.00000067
vn -0.83146876 -0.55557138 -0.00000034
vn 0.38268685 0.92387819 -0.00000036
vn 0.19508842 0.98078567 -0.00000036
vn 0.38269109 0.92387635 -0.00000033
vn 0.38268635 -0.92387837 0.00000003
vn 0.19508524 -0.98078626 0.00000010
vn 0.19508651 -0.98078609 0.00000010
vn -0.55557138 -0.83146882 0.00000028
vn -0.70710802 -0.70710552 0.00000014
vn -0.70710045 -0.70711315 -0.00000002
vn -0.00000323 1.00000000 -0.00000019
vn 0.19508842 0.98078567 -0.00000036
vn 0.19508797 0.98078573 -0.00000040
vn 0.55556327 -0.83147430 -0.00000005
vn 0.38268530 -0.92387885 0.00000003
vn 0.38268635 -0.92387837 0.00000003
vn -0.38267744 -0.92388201 0.00000033
vn -0.55557895 -0.83146381 0.00000038
vn -0.55557138 -0.83146882 0.00000028
vn -0.00000323 1.00000000 -0.00000019
vn -0.19509013 0.98078537 -0.00000010
vn -0.00000435 1.00000000 -0.00000019
vn 0.70711035 -0.70710319 -0.00000058
vn 0.55556417 -0.83147365 -0.00000018
vn 0.55556327 -0.83147430 -0.00000005
vn -0.19508684 -0.98078597 0.00000032
vn -0.38268217 -0.92388016 0.00000035
vn -0.38267744 -0.92388201 0.00000033
vn -0.38268176 0.92388022 -0.00000003
vn -0.19509013 0.98078537 -0.00000010
vn -0.19508715 0.98078591 -0.00000010
vn 0.83146954 -0.55557048 -0.00000003
vn 0.70711237 -0.70710117 -0.00000069
vn 0.70711035 -0.70710319 -0.00000058
vn 0.00000209 -1.00000000 0.00000020
vn -0.19509223 -0.98078489 0.00000034
vn -0.19508684 -0.98078597 0.00000032
vn -0.55557352 0.83146739 0.00000005
vn -0.38268340 0.92387956 -0.00000003
vn -0.38268176 0.92388022 -0.00000003
vn 0.70710522 -0.70710832 -0.00000021
vn 0.55557096 -0.83146918 -0.00000024
vn 0.55556726 -0.83147162 -0.00000033
vn 0.00000039 -0.00000417 1.00000000
vn 0.00000039 -0.00000244 1.00000000
vn 0.00000039 0.00000213 1.00000000
vn 0.00000039 0.00000213 1.00000000
vn 0.00000039 -0.00000308 1.00000000
vn 0.00000039 0.00000019 1.00000000
vn 0.00000039 -0.00000100 1.00000000
vn 0.00000039 -0.00000308 1.00000000
vn 0.00000039 -0.00000494 1.00000000
vn 0.00000039 0.00000019 1.00000000
vn 0.00000039 -0.00000494 1.00000000
vn 0.00000039 0.00000019 1.00000000
vn 0.00000039 0.00000019 1.00000000
vn 0.00000039 -0.00000234 1.00000000
vn 0.00000039 -0.00000423 1.00000000
vn 0.00000039 0.00000019 1.00000000
vn 0.00000039 -0.00000234 1.00000000
vn 0.00000039 -0.00000226 1.00000000
vn 0.00000039 0.00000054 1.00000000
vn 0.00000039 -0.00000226 1.00000000
vn 0.00000039 -0.00000460 1.00000000
vn 0.00000039 0.00000054 1.00000000
vn 0.00000039 0.00000089 1.00000000
vn 0.00000039 0.00000606 1.00000000
vn 0.00000039 0.00000606 1.00000000
vn 0.00000039 0.00000390 1.00000000
vn 0.00000039 0.00000378 1.00000000
vn 0.00000039 0.00000378 1.00000000
vn 0.00000039 0.00000101 1.00000000
vn 0.00000039 0.00000019 1.00000000
vn 0.00000039 -0.00000220 1.00000000
vn 0.00000039 0.00000101 1.00000000
vn 0.00000039 -0.00000364 1.00000000
vn 0.00000039 -0.00000220 1.00000000
vn 0.00000039 0.00000019 1.00000000
vn 0.00000039 0.00000019 1.00000000
vn 0.00000039 0.00000415 1.00000000
vn 0.00000039 0.00000019 1.00000000
vn 0.00000039 0.00000787 1.00000000
vn 0.00000039 0.00000415 1.00000000
vn 0.00000114 -0.00000488 1.00000000
vn 0.00000039 -0.00000866 1.00000000
vn 0.00000103 -0.00001221 1.00000000
vn 0.00000114 -0.00000488 1.00000000
vn 0.00000169 -0.00000748 1.00000000
vn 0.00000103 -0.00001221 1.00000000
vn 0.00000039 0.00000006 1.00000000
vn 0.00000039 -0.00000946 1.00000000
vn 0.00000039 -0.00000946 1.00000000
vn -0.00000091 -0.00000547 1.00000000
vn -0.00000025 -0.00000597 1.00000000
vn -0.00000025 -0.00000597 1.00000000
vn -0.00000036 -0.00000181 1.00000000
vn 0.00000039 0.00000241 1.00000000
vn 0.00000039 0.00000241 1.00000000
vn 0.00000039 0.00000347 1.00000000
vn 0.00000039 0.00000019 1.00000000
vn 0.00000039 0.00000186 1.00000000
vn 0.00000039 0.00000347 1.00000000
vn 0.00000039 0.00000019 1.00000000
vn 0.00000039 0.00000186 1.00000000
vn 0.00000039 0.00000364 1.00000000
vn 0.00000039 0.00000905 1.00000000
vn 0.00000039 -0.00000460 1.00000000
vn 0.00000039 0.00000364 1.00000000
vn 0.00000039 -0.00000023 1.00000000
vn 0.00000039 -0.00000348 1.00000000
vn 0.00000039 -0.00000023 1.00000000
vn 0.00000039 0.00000499 1.00000000
vn 0.00000039 -0.00000348 1.00000000
vn 0.00000039 0.00000114 1.00000000
vn 0.00000039 -0.00000567 1.00000000
vn 0.00000039 -0.00000567 1.00000000
vn 0.00000039 0.00000032 1.00000000
vn 0.00000039 -0.00000100 1.00000000
vn 0.00000039 -0.00000100 1.00000000
vn 0.00000039 -0.00000062 1.00000000
vn 0.00000039 0.00000019 1.00000000
vn 0.00000039 0.00000019 1.00000000
vn 0.00000039 -0.00000062 1.00000000
vn 0.00000039 0.00000019 1.00000000
vn 0.00000039 0.00000019 1.00000000
vn 0.00000039 0.00000019 1.00000000
vn 0.00000039 0.00000019 1.00000000
vn 0.00000039 0.00000019 1.00000000
vn 0.00000039 0.00000019 1.00000000
vn 0.00000039 0.00000019 1.00000000
vn 0.00000039 0.00000019 1.00000000
vn 0.00000039 0.00000273 1.00000000
vn 0.00000039 0.00000462 1.00000000
vn 0.00000039 0.00000186 1.00000000
vn 0.00000039 0.00000273 1.00000000
vn 0.00000039 0.00000019 1.00000000
vn 0.00000039 -0.00000417 1.00000000
vn 0.00000039 0.00000019 1.00000000
vn 0.00000039 -0.00000748 1.00000000
vn -0.92388111 0.38267988 0.00000019
vn -0.98078537 0.19508986 0.00000072
vn -0.98078549 0.19508940 0.00000036
vn 0.70711058 -0.70710301 -0.00000014
vn 0.83146471 -0.55557775 -0.00000022
vn 0.83147007 -0.55556953 -0.00000025
vn -0.98078549 0.19508940 0.00000036
vn -1.00000000 -0.00000150 0.00000045
vn -1.00000000 -0.00000120 0.00000019
vn 0.83147007 -0.55556953 -0.00000025
vn 0.92387915 -0.38268432 -0.00000009
vn 0.92388129 -0.38267937 -0.00000029
vn -1.00000000 -0.00000120 0.00000019
vn -0.98078567 -0.19508865 -0.00000014
vn -0.98078579 -0.19508758 0.00000009
vn 0.98078549 -0.19508947 -0.00000024
vn 0.92387915 -0.38268432 -0.00000009
vn 0.98078531 -0.19509022 -0.00000034
vn -0.98078579 -0.19508758 0.00000009
vn -0.92388135 -0.38267916 0.00000087
vn -0.92388147 -0.38267878 0.00000090
vn 0.98078549 -0.19508947 -0.00000024
vn 1.00000000 0.00000150 0.00000011
vn 1.00000000 0.00000115 0.00000018
vn -0.92388147 -0.38267878 0.00000090
vn -0.83147573 -0.55556124 0.00000062
vn -0.83147317 -0.55556482 0.00000043
vn 1.00000000 0.00000115 0.00000018
vn 0.98078561 0.19508858 -0.00000023
vn 0.98078585 0.19508781 -0.00000042
vn -0.83147317 -0.55556482 0.00000043
vn -0.70710200 -0.70711154 0.00000041
vn -0.70709896 -0.70711464 0.00000041
vn 0.92388135 0.38267919 -0.00000044
vn 0.98078561 0.19508858 -0.00000023
vn 0.92388141 0.38267916 -0.00000043
vn -0.70709896 -0.70711464 0.00000041
vn -0.55556685 -0.83147186 0.00000038
vn -0.55556583 -0.83147258 0.00000043
vn 0.92388135 0.38267919 -0.00000044
vn 0.83146799 0.55557281 -0.00000043
vn 0.83147073 0.55556858 -0.00000043
vn -0.55556583 -0.83147258 0.00000043
vn -0.38269046 -0.92387664 0.00000049
vn -0.38268635 -0.92387837 0.00000051
vn -0.19509123 0.98078519 -0.00000008
vn 0.00000077 1.00000000 -0.00000019
vn -0.19508864 0.98078561 -0.00000011
vn 0.83147073 0.55556858 -0.00000043
vn 0.70711344 0.70710009 -0.00000041
vn 0.70711440 0.70709920 -0.00000041
vn -0.38268635 -0.92387837 0.00000051
vn -0.19509287 -0.98078477 0.00000030
vn -0.19509108 -0.98078513 0.00000028
vn -0.19509123 0.98078519 -0.00000008
vn -0.38268068 0.92388070 0.00000015
vn -0.38268563 0.92387855 0.00000013
vn 0.70711440 0.70709920 -0.00000041
vn 0.55556315 0.83147436 -0.00000038
vn 0.55556393 0.83147383 -0.00000038
vn -0.19509108 -0.98078513 0.00000028
vn 0.00000150 -1.00000000 0.00000020
vn -0.00000106 -1.00000000 0.00000020
vn -0.38268563 0.92387855 0.00000013
vn -0.55556482 0.83147317 0.00000010
vn -0.55557042 0.83146954 0.00000005
vn 0.55556393 0.83147383 -0.00000038
vn 0.38268358 0.92387950 -0.00000033
vn 0.38268769 0.92387778 -0.00000033
vn -0.00000106 -1.00000000 0.00000020
vn 0.19508997 -0.98078537 0.00000011
vn 0.19508922 -0.98078549 0.00000009
vn -0.55557042 0.83146954 0.00000005
vn -0.70710480 0.70710874 0.00000014
vn -0.70711058 0.70710301 0.00000014
vn 0.38268769 0.92387778 -0.00000033
vn 0.19508846 0.98078567 -0.00000028
vn 0.19508834 0.98078567 -0.00000028
vn 0.19508922 -0.98078549 0.00000009
vn 0.38269255 -0.92387575 -0.00000015
vn 0.38269034 -0.92387670 -0.00000013
vn -0.70711058 0.70710301 0.00000014
vn -0.83147299 0.55556530 0.00000022
vn -0.83147538 0.55556178 0.00000022
vn 0.19508834 0.98078567 -0.00000028
vn 0.00000077 1.00000000 -0.00000019
vn 0.00000087 1.00000000 -0.00000019
vn 0.38269034 -0.92387670 -0.00000013
vn 0.55556917 -0.83147031 -0.00000010
vn 0.55556989 -0.83146989 -0.00000005
vn -0.83147538 0.55556178 0.00000022
vn -0.92388123 0.38267958 0.00000029
vn -0.92388111 0.38267988 0.00000019
vn -0.00000039 -0.00000019 -1.00000000
vn -0.00000039 -0.00000019 -1.00000000
vn -0.00000039 0.00000861 -1.00000000
vn 0.08562030 0.43043929 -0.89854944
vn -0.00000012 0.40953571 -0.91229415
vn -0.00000030 0.43887040 -0.89855039
vn -0.09663385 0.48580834 -0.86870718
vn -0.00000030 0.43887040 -0.89855039
vn -0.08562024 0.43043768 -0.89855027
vn -0.09663385 0.48580834 -0.86870718
vn -0.16794878 0.40546581 -0.89854926
vn -0.18955234 0.45761999 -0.86870813
vn -0.18955234 0.45761999 -0.86870813
vn -0.24382456 0.36491007 -0.89854890
vn -0.27518675 0.41184962 -0.86870718
vn -0.27518675 0.41184962 -0.86870718
vn -0.31032968 0.31033123 -0.89854884
vn -0.35024795 0.35025042 -0.86870652
vn -0.35024795 0.35025042 -0.86870652
vn -0.36490810 0.24382609 -0.89854944
vn -0.41184711 0.27519146 -0.86870688
vn -0.41184711 0.27519146 -0.86870688
vn -0.40546429 0.16795230 -0.89854926
vn -0.45762035 0.18955539 -0.86870736
vn -0.48580864 0.09663571 -0.86870682
vn -0.40546429 0.16795230 -0.89854926
vn -0.43043876 0.08562031 -0.89854974
vn -0.48580864 0.09663571 -0.86870682
vn -0.43887195 0.00000344 -0.89854962
vn -0.49532589 0.00000034 -0.86870724
vn -0.49532589 0.00000034 -0.86870724
vn -0.43043861 -0.08561759 -0.89855009
vn -0.48580852 -0.09663521 -0.86870694
vn -0.48580852 -0.09663521 -0.86870694
vn -0.40546617 -0.16795042 -0.89854878
vn -0.45762211 -0.18955171 -0.86870718
vn -0.41185114 -0.27518544 -0.86870688
vn -0.40546617 -0.16795042 -0.89854878
vn -0.36490867 -0.24382219 -0.89855015
vn -0.41185114 -0.27518544 -0.86870688
vn -0.31032908 -0.31032845 -0.89854997
vn -0.35024974 -0.35024726 -0.86870700
vn -0.35024974 -0.35024726 -0.86870700
vn -0.24382307 -0.36490968 -0.89854950
vn -0.27518943 -0.41184789 -0.86870724
vn -0.18955399 -0.45762324 -0.86870611
vn -0.24382307 -0.36490968 -0.89854950
vn -0.16794884 -0.40546703 -0.89854866
vn -0.18955399 -0.45762324 -0.86870611
vn -0.08562063 -0.43043771 -0.89855027
vn -0.09663493 -0.48580906 -0.86870664
vn -0.09663493 -0.48580906 -0.86870664
vn -0.00000040 -0.43886948 -0.89855087
vn -0.00000129 -0.49532533 -0.86870754
vn -0.00000129 -0.49532533 -0.86870754
vn 0.08561970 -0.43043798 -0.89855015
vn 0.09663322 -0.48580867 -0.86870718
vn 0.18955298 -0.45762447 -0.86870557
vn 0.08561970 -0.43043798 -0.89855015
vn 0.16794792 -0.40546492 -0.89854980
vn 0.18955298 -0.45762447 -0.86870557
vn 0.24382222 -0.36490810 -0.89855045
vn 0.27518746 -0.41184953 -0.86870700
vn 0.35024807 -0.35025081 -0.86870629
vn 0.24382222 -0.36490810 -0.89855045
vn 0.31032726 -0.31032974 -0.89855027
vn 0.35024807 -0.35025081 -0.86870629
vn 0.36490780 -0.24382432 -0.89854991
vn 0.41184938 -0.27518660 -0.86870736
vn 0.45762205 -0.18954800 -0.86870801
vn 0.36490780 -0.24382432 -0.89854991
vn 0.40546551 -0.16794887 -0.89854938
vn 0.45762205 -0.18954800 -0.86870801
vn 0.43043834 -0.08562122 -0.89854991
vn 0.48580778 -0.09663554 -0.86870730
vn 0.48580778 -0.09663554 -0.86870730
vn 0.43887126 -0.00000122 -0.89854997
vn 0.49532473 0.00000033 -0.86870801
vn 0.48580736 0.09663628 -0.86870754
vn 0.43887126 -0.00000122 -0.89854997
vn 0.43043858 0.08561783 -0.89855003
vn 0.45762062 0.18955363 -0.86870754
vn 0.43043858 0.08561783 -0.89855003
vn 0.40546444 0.16794683 -0.89855027
vn 0.45762062 0.18955363 -0.86870754
vn 0.36490777 0.24382111 -0.89855081
vn 0.41184875 0.27518606 -0.86870784
vn 0.41184875 0.27518606 -0.86870784
vn 0.31032956 0.31032762 -0.89855015
vn 0.35024908 0.35024658 -0.86870772
vn 0.35024908 0.35024658 -0.86870772
vn 0.24382336 0.36490768 -0.89855027
vn 0.27518892 0.41184986 -0.86870646
vn 0.27518892 0.41184986 -0.86870646
vn 0.16794874 0.40546632 -0.89854896
vn 0.18955404 0.45762360 -0.86870587
vn 0.18955404 0.45762360 -0.86870587
vn 0.08562030 0.43043929 -0.89854944
vn 0.09663485 0.48580790 -0.86870730
vn 0.09663485 0.48580790 -0.86870730
vn -0.00000030 0.43887040 -0.89855039
vn 0.00000074 0.49532473 -0.86870790
vn -0.19987211 -0.48253226 -0.85276830
vn -0.27518943 -0.41184789 -0.86870724
vn -0.18955399 -0.45762324 -0.86870611
vn 0.16794874 0.40546632 -0.89854896
vn 0.07989678 0.40166625 -0.91229421
vn 0.08562030 0.43043929 -0.89854944
vn 0.43426609 0.29016167 -0.85277146
vn 0.35024908 0.35024658 -0.86870772
vn 0.36931306 0.36930966 -0.85277092
vn -0.19987211 -0.48253226 -0.85276830
vn -0.09663493 -0.48580906 -0.86870664
vn -0.10189450 -0.51225108 -0.85276985
vn -0.19987130 0.48252741 -0.85277122
vn -0.09663385 0.48580834 -0.86870718
vn -0.18955234 0.45761999 -0.86870813
vn 0.36931306 0.36930966 -0.85277092
vn 0.27518892 0.41184986 -0.86870646
vn 0.29016662 0.43426666 -0.85276961
vn -0.00000046 -0.52228945 -0.85276824
vn -0.09663493 -0.48580906 -0.86870664
vn -0.00000129 -0.49532533 -0.86870754
vn -0.19987130 0.48252741 -0.85277122
vn -0.27518675 0.41184962 -0.86870718
vn -0.29016763 0.43426466 -0.85277021
vn 0.29016662 0.43426666 -0.85276961
vn 0.18955404 0.45762360 -0.86870587
vn 0.19987077 0.48252836 -0.85277092
vn -0.00000046 -0.52228945 -0.85276824
vn 0.09663322 -0.48580867 -0.86870718
vn 0.10189392 -0.51225078 -0.85277003
vn -0.29016763 0.43426466 -0.85277021
vn -0.35024795 0.35025042 -0.86870652
vn -0.36931357 0.36931023 -0.85277051
vn 0.19987077 0.48252836 -0.85277092
vn 0.09663485 0.48580790 -0.86870730
vn 0.10189325 0.51224923 -0.85277104
vn 0.19987136 -0.48253310 -0.85276800
vn 0.09663322 -0.48580867 -0.86870718
vn 0.18955298 -0.45762447 -0.86870557
vn -0.43426618 0.29016653 -0.85276973
vn -0.35024795 0.35025042 -0.86870652
vn -0.41184711 0.27519146 -0.86870688
vn -0.00000014 0.52228421 -0.85277146
vn -0.09663385 0.48580834 -0.86870718
vn -0.10189368 0.51224786 -0.85277182
vn 0.19987136 -0.48253310 -0.85276800
vn 0.27518746 -0.41184953 -0.86870700
vn 0.29016784 -0.43427020 -0.85276729
vn -0.43426618 0.29016653 -0.85276973
vn -0.45762035 0.18955539 -0.86870736
vn -0.48253098 0.19986677 -0.85277021
vn 0.29016784 -0.43427020 -0.85276729
vn 0.35024807 -0.35025081 -0.86870629
vn 0.36931369 -0.36931676 -0.85276759
vn -0.48253098 0.19986677 -0.85277021
vn -0.48580864 0.09663571 -0.86870682
vn -0.51225185 0.10189177 -0.85276967
vn 0.36931369 -0.36931676 -0.85276759
vn 0.41184938 -0.27518660 -0.86870736
vn 0.43426737 -0.29017103 -0.85276765
vn -0.51225185 0.10189177 -0.85276967
vn -0.49532589 0.00000034 -0.86870724
vn -0.52228719 -0.00000057 -0.85276967
vn 0.48253146 -0.19986671 -0.85277003
vn 0.41184938 -0.27518660 -0.86870736
vn 0.45762205 -0.18954800 -0.86870801
vn -0.52228719 -0.00000057 -0.85276967
vn -0.48580852 -0.09663521 -0.86870694
vn -0.51225173 -0.10189432 -0.85276955
vn 0.48253146 -0.19986671 -0.85277003
vn 0.48580778 -0.09663554 -0.86870730
vn 0.51225138 -0.10189147 -0.85277009
vn -0.51225173 -0.10189432 -0.85276955
vn -0.45762211 -0.18955171 -0.86870718
vn -0.48253176 -0.19986881 -0.85276937
vn 0.52228665 -0.00000068 -0.85277009
vn 0.48580778 -0.09663554 -0.86870730
vn 0.49532473 0.00000033 -0.86870801
vn -0.48253176 -0.19986881 -0.85276937
vn -0.41185114 -0.27518544 -0.86870688
vn -0.43426868 -0.29016367 -0.85276955
vn 0.51225126 0.10189173 -0.85277009
vn 0.49532473 0.00000033 -0.86870801
vn 0.48580736 0.09663628 -0.86870754
vn -0.36931494 -0.36931306 -0.85276860
vn -0.41185114 -0.27518544 -0.86870688
vn -0.35024974 -0.35024726 -0.86870700
vn 0.48253012 0.19986859 -0.85277033
vn 0.48580736 0.09663628 -0.86870754
vn 0.45762062 0.18955363 -0.86870754
vn -0.36931494 -0.36931306 -0.85276860
vn -0.27518943 -0.41184789 -0.86870724
vn -0.29016894 -0.43426532 -0.85276943
vn 0.55556989 -0.83146989 -0.00000005
vn 0.70710462 -0.70710891 -0.00000014
vn 0.70711058 -0.70710301 -0.00000014
vn -0.08562063 -0.43043771 -0.89855027
vn -0.00000022 -0.40953544 -0.91229421
vn -0.00000040 -0.43886948 -0.89855087
vn -0.24382456 0.36491007 -0.89854890
vn -0.15672375 0.37836206 -0.91229379
vn -0.22752672 0.34052044 -0.91229242
vn 0.16794874 0.40546632 -0.89854896
vn 0.22752595 0.34052330 -0.91229147
vn 0.15672323 0.37835786 -0.91229558
vn 0.08561970 -0.43043798 -0.89855015
vn -0.00000022 -0.40953544 -0.91229421
vn 0.07989578 -0.40166441 -0.91229522
vn -0.31032968 0.31033123 -0.89854884
vn -0.22752672 0.34052044 -0.91229242
vn -0.28958723 0.28958976 -0.91229218
vn -0.08562024 0.43043768 -0.89855027
vn -0.00000012 0.40953571 -0.91229415
vn -0.07989721 0.40166438 -0.91229504
vn 0.16794792 -0.40546492 -0.89854980
vn 0.07989578 -0.40166441 -0.91229522
vn 0.15672204 -0.37836298 -0.91229361
vn -0.31032968 0.31033123 -0.89854884
vn -0.34051967 0.22751607 -0.91229534
vn -0.36490810 0.24382609 -0.89854944
vn 0.16794792 -0.40546492 -0.89854980
vn 0.22752459 -0.34052143 -0.91229254
vn 0.24382222 -0.36490810 -0.89855045
vn -0.36490810 0.24382609 -0.89854944
vn -0.37836486 0.15671124 -0.91229481
vn -0.40546429 0.16795230 -0.89854926
vn 0.24382222 -0.36490810 -0.89855045
vn 0.28958482 -0.28958684 -0.91229391
vn 0.31032726 -0.31032974 -0.89855027
vn -0.40546429 0.16795230 -0.89854926
vn -0.40166932 0.07989252 -0.91229326
vn -0.43043876 0.08562031 -0.89854974
vn 0.31032726 -0.31032974 -0.89855027
vn 0.34051749 -0.22752205 -0.91229469
vn 0.36490780 -0.24382432 -0.89854991
vn -0.43043876 0.08562031 -0.89854974
vn -0.40953830 -0.00000151 -0.91229290
vn -0.43887195 0.00000344 -0.89854962
vn 0.40546551 -0.16794887 -0.89854938
vn 0.34051749 -0.22752205 -0.91229469
vn 0.37836346 -0.15671891 -0.91229391
vn -0.43887195 0.00000344 -0.89854962
vn -0.40166926 -0.07989202 -0.91229331
vn -0.43043861 -0.08561759 -0.89855009
vn 0.40546551 -0.16794887 -0.89854938
vn 0.40166837 -0.07989693 -0.91229326
vn 0.43043834 -0.08562122 -0.89854991
vn -0.40546617 -0.16795042 -0.89854878
vn -0.40166926 -0.07989202 -0.91229331
vn -0.37836361 -0.15672918 -0.91229218
vn 0.43043834 -0.08562122 -0.89854991
vn 0.40953755 -0.00000044 -0.91229326
vn 0.43887126 -0.00000122 -0.89854997
vn -0.40546617 -0.16795042 -0.89854878
vn -0.34051678 -0.22753584 -0.91229153
vn -0.36490867 -0.24382219 -0.89855015
vn 0.43887126 -0.00000122 -0.89854997
vn 0.40166816 0.07990137 -0.91229290
vn 0.43043858 0.08561783 -0.89855003
vn -0.31032908 -0.31032845 -0.89854997
vn -0.34051678 -0.22753584 -0.91229153
vn -0.28958601 -0.28957841 -0.91229618
vn 0.40546444 0.16794683 -0.89855027
vn 0.34051809 0.22752547 -0.91229367
vn 0.36490777 0.24382111 -0.89855081
vn -0.31032908 -0.31032845 -0.89854997
vn -0.22752652 -0.34051138 -0.91229582
vn -0.24382307 -0.36490968 -0.89854950
vn 0.10189325 0.51224923 -0.85277104
vn 0.00000074 0.49532473 -0.86870790
vn -0.00000014 0.52228421 -0.85277146
vn 0.48253012 0.19986859 -0.85277033
vn 0.41184875 0.27518606 -0.86870784
vn 0.43426609 0.29016167 -0.85277146
vn -0.16794884 -0.40546703 -0.89854866
vn -0.22752652 -0.34051138 -0.91229582
vn -0.15672310 -0.37835816 -0.91229546
vn 0.31032956 0.31032762 -0.89855015
vn 0.34051809 0.22752547 -0.91229367
vn 0.28958625 0.28959224 -0.91229177
vn -0.16794884 -0.40546703 -0.89854866
vn -0.07989647 -0.40166613 -0.91229427
vn -0.08562063 -0.43043771 -0.89855027
vn -0.08562024 0.43043768 -0.89855027
vn -0.15672375 0.37836206 -0.91229379
vn -0.16794878 0.40546581 -0.89854926
vn 0.43043858 0.08561783 -0.89855003
vn 0.37836319 0.15672532 -0.91229308
vn 0.40546444 0.16794683 -0.89855027
vn 0.54190862 -0.81102347 -0.22039995
vn 0.64818382 -0.64818734 -0.39963859
vn 0.68971813 -0.68971956 -0.22039916
vn -0.90116066 0.37327352 -0.22040080
vn -0.89905840 0.17883754 -0.39963877
vn -0.95666748 0.19029362 -0.22039920
vn 0.68971813 -0.68971956 -0.22039916
vn 0.76218539 -0.50927597 -0.39963913
vn 0.81102335 -0.54190880 -0.22039962
vn -0.95666748 0.19029362 -0.22039920
vn -0.91667283 -0.00000000 -0.39963859
vn -0.97541010 0.00000078 -0.22039787
vn 0.81102335 -0.54190880 -0.22039962
vn 0.84689456 -0.35079625 -0.39963955
vn 0.90116012 -0.37327594 -0.22039865
vn -0.95666730 -0.19029269 -0.22040068
vn -0.91667283 -0.00000000 -0.39963859
vn -0.89905936 -0.17883284 -0.39963868
vn 0.95666718 -0.19029342 -0.22040054
vn 0.84689456 -0.35079625 -0.39963955
vn 0.89905882 -0.17883301 -0.39963984
vn -0.95666730 -0.19029269 -0.22040068
vn -0.84689701 -0.35079107 -0.39963889
vn -0.90116072 -0.37327424 -0.22039932
vn 0.95666718 -0.19029342 -0.22040054
vn 0.91667247 -0.00000247 -0.39963937
vn 0.97540939 0.00000056 -0.22040060
vn -0.90116072 -0.37327424 -0.22039932
vn -0.76218754 -0.50927359 -0.39963827
vn -0.81102252 -0.54191047 -0.22039886
vn 0.97540939 0.00000056 -0.22040060
vn 0.89905947 0.17882994 -0.39963984
vn 0.95666730 0.19029316 -0.22040029
vn -0.81102252 -0.54191047 -0.22039886
vn -0.64818823 -0.64818269 -0.39963886
vn -0.68971843 -0.68971926 -0.22039916
vn 0.95666730 0.19029316 -0.22040029
vn 0.84689450 0.35079637 -0.39963940
vn 0.90116072 0.37327442 -0.22039860
vn -0.68971843 -0.68971926 -0.22039916
vn -0.50927591 -0.76218605 -0.39963806
vn -0.54190791 -0.81102455 -0.22039710
vn 0.81102383 0.54190749 -0.22040145
vn 0.84689450 0.35079637 -0.39963940
vn 0.76218629 0.50927335 -0.39964056
vn -0.37327337 -0.90116066 -0.22040075
vn -0.50927591 -0.76218605 -0.39963806
vn -0.35079703 -0.84689355 -0.39964083
vn -0.19029187 0.95666742 -0.22040069
vn 0.00000049 0.91667271 -0.39963898
vn -0.17883332 0.89905882 -0.39963973
vn 0.81102383 0.54190749 -0.22040145
vn 0.64818519 0.64818519 -0.39963982
vn 0.68971843 0.68971950 -0.22039846
vn -0.37327337 -0.90116066 -0.22040075
vn -0.17883402 -0.89905953 -0.39963791
vn -0.19029289 -0.95666826 -0.22039644
vn -0.19029187 0.95666742 -0.22040069
vn -0.35079408 0.84689510 -0.39964014
vn -0.37327340 0.90116090 -0.22040008
vn 0.54190880 0.81102335 -0.22039953
vn 0.64818519 0.64818519 -0.39963982
vn 0.50927436 0.76218605 -0.39963999
vn -0.00000024 -0.97540963 -0.22039992
vn -0.17883402 -0.89905953 -0.39963791
vn -0.00000025 -0.91667151 -0.39964157
vn -0.37327340 0.90116090 -0.22040008
vn -0.50927508 0.76218569 -0.39963961
vn -0.54190838 0.81102377 -0.22039911
vn 0.37327340 0.90116042 -0.22040179
vn 0.50927436 0.76218605 -0.39963999
vn 0.35079667 0.84689331 -0.39964178
vn -0.00000024 -0.97540963 -0.22039992
vn 0.17883216 -0.89905894 -0.39963987
vn 0.19029333 -0.95666736 -0.22039965
vn -0.54190838 0.81102377 -0.22039911
vn -0.64818573 0.64818501 -0.39963907
vn -0.68971807 0.68972003 -0.22039816
vn 0.37327340 0.90116042 -0.22040179
vn 0.17883745 0.89905703 -0.39964187
vn 0.19029284 0.95666730 -0.22040048
vn 0.19029333 -0.95666736 -0.22039965
vn 0.35079291 -0.84689599 -0.39963931
vn 0.37327218 -0.90116161 -0.22039919
vn -0.81102234 0.54191023 -0.22039972
vn -0.64818573 0.64818501 -0.39963907
vn -0.76218742 0.50927293 -0.39963907
vn 0.19029284 0.95666730 -0.22040048
vn 0.00000049 0.91667271 -0.39963898
vn 0.00000072 0.97541022 -0.22039741
vn 0.37327218 -0.90116161 -0.22039919
vn 0.50927496 -0.76218528 -0.39964044
vn 0.54190862 -0.81102347 -0.22039995
vn 0.31032956 0.31032762 -0.89855015
vn 0.22752595 0.34052330 -0.91229147
vn 0.24382336 0.36490768 -0.89855027
vn -0.92370987 0.38261288 -0.01917071
vn -0.95666748 0.19029362 -0.22039920
vn -0.98060507 0.19505449 -0.01917080
vn -0.19505446 -0.98060501 -0.01917078
vn -0.00000024 -0.97540963 -0.22039992
vn -0.00000040 -0.99981630 -0.01917089
vn 0.99981630 -0.00000029 -0.01917142
vn 0.95666730 0.19029316 -0.22040029
vn 0.98060501 0.19505481 -0.01917151
vn -0.38261315 0.92370969 -0.01917096
vn -0.54190838 0.81102377 -0.22039911
vn -0.55546838 0.83131671 -0.01917087
vn -0.83131647 -0.55546862 -0.01917068
vn -0.68971843 -0.68971926 -0.22039916
vn -0.70697749 -0.70697623 -0.01917065
vn 0.70697725 -0.70697641 -0.01917119
vn 0.81102335 -0.54190880 -0.22039962
vn 0.83131713 -0.55546761 -0.01917114
vn 0.55546838 0.83131665 -0.01917132
vn 0.37327340 0.90116042 -0.22040179
vn 0.38261312 0.92370975 -0.01917127
vn -0.98060507 0.19505449 -0.01917080
vn -0.97541010 0.00000078 -0.22039787
vn -0.99981630 0.00000007 -0.01917065
vn 0.19505410 -0.98060513 -0.01917098
vn -0.00000024 -0.97540963 -0.22039992
vn 0.19029333 -0.95666736 -0.22039965
vn 0.98060501 0.19505481 -0.01917151
vn 0.90116072 0.37327442 -0.22039860
vn 0.92370981 0.38261297 -0.01917134
vn -0.55546838 0.83131671 -0.01917087
vn -0.68971807 0.68972003 -0.22039816
vn -0.70697719 0.70697653 -0.01917086
vn -0.70697749 -0.70697623 -0.01917065
vn -0.54190791 -0.81102455 -0.22039710
vn -0.55546850 -0.83131659 -0.01917068
vn 0.83131713 -0.55546761 -0.01917114
vn 0.90116012 -0.37327594 -0.22039865
vn 0.92370987 -0.38261276 -0.01917138
vn 0.38261312 0.92370975 -0.01917127
vn 0.19029284 0.95666730 -0.22040048
vn 0.19505453 0.98060507 -0.01917115
vn -0.99981630 0.00000007 -0.01917065
vn -0.95666730 -0.19029269 -0.22040068
vn -0.98060501 -0.19505475 -0.01917070
vn 0.19505410 -0.98060513 -0.01917098
vn 0.37327218 -0.90116161 -0.22039919
vn 0.38261279 -0.92370993 -0.01917098
vn 0.92370981 0.38261297 -0.01917134
vn 0.81102383 0.54190749 -0.22040145
vn 0.83131707 0.55546761 -0.01917133
vn -0.70697719 0.70697653 -0.01917086
vn -0.81102234 0.54191023 -0.22039972
vn -0.83131695 0.55546808 -0.01917086
vn -0.55546850 -0.83131659 -0.01917068
vn -0.37327337 -0.90116066 -0.22040075
vn -0.38261351 -0.92370957 -0.01917080
vn 0.92370987 -0.38261276 -0.01917138
vn 0.95666718 -0.19029342 -0.22040054
vn 0.98060489 -0.19505501 -0.01917140
vn -0.00000002 0.99981630 -0.01917126
vn -0.19029187 0.95666742 -0.22040069
vn -0.19505470 0.98060507 -0.01917095
vn 0.19505453 0.98060507 -0.01917115
vn 0.00000072 0.97541022 -0.22039741
vn -0.00000002 0.99981630 -0.01917126
vn -0.98060501 -0.19505475 -0.01917070
vn -0.90116072 -0.37327424 -0.22039932
vn -0.92370963 -0.38261351 -0.01917060
vn 0.38261279 -0.92370993 -0.01917098
vn 0.54190862 -0.81102347 -0.22039995
vn 0.55546844 -0.83131659 -0.01917098
vn 0.83131707 0.55546761 -0.01917133
vn 0.68971843 0.68971950 -0.22039846
vn 0.70697737 0.70697629 -0.01917133
vn -0.83131695 0.55546808 -0.01917086
vn -0.90116066 0.37327352 -0.22040080
vn -0.92370987 0.38261288 -0.01917071
vn -0.38261351 -0.92370957 -0.01917080
vn -0.19029289 -0.95666826 -0.22039644
vn -0.19505446 -0.98060501 -0.01917078
vn 0.99981630 -0.00000029 -0.01917142
vn 0.95666718 -0.19029342 -0.22040054
vn 0.97540939 0.00000056 -0.22040060
vn -0.19505470 0.98060507 -0.01917095
vn -0.37327340 0.90116090 -0.22040008
vn -0.38261315 0.92370969 -0.01917096
vn -0.92370963 -0.38261351 -0.01917060
vn -0.81102252 -0.54191047 -0.22039886
vn -0.83131647 -0.55546862 -0.01917068
vn 0.55546844 -0.83131659 -0.01917098
vn 0.68971813 -0.68971956 -0.22039916
vn 0.70697725 -0.70697641 -0.01917119
vn -0.90116066 0.37327352 -0.22040080
vn -0.76218742 0.50927293 -0.39963907
vn -0.84689593 0.35079297 -0.39963955
vn 0.00000071 0.88039500 0.47424111
vn 0.16168630 0.81284112 0.55959523
vn 0.17175600 0.86347651 0.47424483
vn -0.18400085 0.92504013 0.33233210
vn 0.00000071 0.88039500 0.47424111
vn 0.00000059 0.94316250 0.33233213
vn -0.36093175 0.87136865 0.33233276
vn -0.17175688 0.86347711 0.47424355
vn -0.18400085 0.92504013 0.33233210
vn -0.52399206 0.78421122 0.33233294
vn -0.33691451 0.81337619 0.47424442
vn -0.36093175 0.87136865 0.33233276
vn -0.52399206 0.78421122 0.33233294
vn -0.62253422 0.62253064 0.47424337
vn -0.48911899 0.73202068 0.47424501
vn -0.78421038 0.52399343 0.33233252
vn -0.62253422 0.62253064 0.47424337
vn -0.66691691 0.66691613 0.33233231
vn -0.87136781 0.36093336 0.33233297
vn -0.73202145 0.48912013 0.47424266
vn -0.78421038 0.52399343 0.33233252
vn -0.92503953 0.18400264 0.33233252
vn -0.81337744 0.33691242 0.47424391
vn -0.87136781 0.36093336 0.33233297
vn -0.92503953 0.18400264 0.33233252
vn -0.88039351 0.00000016 0.47424397
vn -0.86347723 0.17175576 0.47424373
vn -0.92503983 -0.18400194 0.33233207
vn -0.88039351 0.00000016 0.47424397
vn -0.94316262 -0.00000014 0.33233181
vn -0.92503983 -0.18400194 0.33233207
vn -0.81337738 -0.33691338 0.47424325
vn -0.86347634 -0.17175753 0.47424462
vn -0.78421128 -0.52399260 0.33233190
vn -0.81337738 -0.33691338 0.47424325
vn -0.87136883 -0.36093247 0.33233151
vn -0.66691619 -0.66691691 0.33233213
vn -0.73201948 -0.48912135 0.47424439
vn -0.78421128 -0.52399260 0.33233190
vn -0.52399236 -0.78421152 0.33233172
vn -0.62253106 -0.62253392 0.47424325
vn -0.66691619 -0.66691691 0.33233213
vn -0.36093378 -0.87136787 0.33233249
vn -0.48912174 -0.73201841 0.47424573
vn -0.52399236 -0.78421152 0.33233172
vn -0.18400188 -0.92504019 0.33233106
vn -0.33691144 -0.81337571 0.47424746
vn -0.36093378 -0.87136787 0.33233249
vn -0.00000065 -0.94316256 0.33233169
vn -0.17175353 -0.86347651 0.47424576
vn -0.18400188 -0.92504019 0.33233106
vn 0.18400167 -0.92504001 0.33233190
vn 0.00000109 -0.88039267 0.47424540
vn -0.00000065 -0.94316256 0.33233169
vn 0.36093140 -0.87136936 0.33233106
vn 0.17175809 -0.86347485 0.47424722
vn 0.18400167 -0.92504001 0.33233190
vn 0.52399307 -0.78421122 0.33233136
vn 0.33691484 -0.81337523 0.47424605
vn 0.36093140 -0.87136936 0.33233106
vn 0.66691744 -0.66691595 0.33233166
vn 0.48912287 -0.73201776 0.47424564
vn 0.52399307 -0.78421122 0.33233136
vn 0.78421038 -0.52399445 0.33233115
vn 0.62253338 -0.62253100 0.47424397
vn 0.66691744 -0.66691595 0.33233166
vn 0.87136883 -0.36093196 0.33233213
vn 0.73202240 -0.48911783 0.47424370
vn 0.78421038 -0.52399445 0.33233115
vn 0.87136883 -0.36093196 0.33233213
vn 0.86347759 -0.17175621 0.47424287
vn 0.81337768 -0.33691084 0.47424439
vn 0.94316268 0.00000040 0.33233148
vn 0.86347759 -0.17175621 0.47424287
vn 0.92504030 -0.18400197 0.33233067
vn 0.92504025 0.18400170 0.33233112
vn 0.88039392 0.00000183 0.47424319
vn 0.94316268 0.00000040 0.33233148
vn 0.87136889 0.36093304 0.33233064
vn 0.86347681 0.17175901 0.47424319
vn 0.92504025 0.18400170 0.33233112
vn 0.78421122 0.52399242 0.33233216
vn 0.81337792 0.33691272 0.47424263
vn 0.87136889 0.36093304 0.33233064
vn 0.66691834 0.66691452 0.33233258
vn 0.73202163 0.48911893 0.47424361
vn 0.78421122 0.52399242 0.33233216
vn 0.52399391 0.78420997 0.33233285
vn 0.62253308 0.62253165 0.47424361
vn 0.66691834 0.66691452 0.33233258
vn 0.36093131 0.87136924 0.33233154
vn 0.48911786 0.73202306 0.47424251
vn 0.52399391 0.78420997 0.33233285
vn 0.18400240 0.92503929 0.33233336
vn 0.33691001 0.81337923 0.47424248
vn 0.36093131 0.87136924 0.33233154
vn 0.18400240 0.92503929 0.33233336
vn 0.00000071 0.88039500 0.47424111
vn 0.17175600 0.86347651 0.47424483
vn 0.11453483 0.57580352 0.80952585
vn 0.00000048 0.50464278 0.86332828
vn 0.09845134 0.49495140 0.86332524
vn -0.00000005 0.74409795 0.66807055
vn -0.11453336 0.57580346 0.80952609
vn 0.00000182 0.58708394 0.80952609
vn -0.14516675 0.72979981 0.66807097
vn -0.22466876 0.54239559 0.80952519
vn -0.11453336 0.57580346 0.80952609
vn -0.41339698 0.61869389 0.66807252
vn -0.22466876 0.54239559 0.80952519
vn -0.28475276 0.68745816 0.66806972
vn -0.41339698 0.61869389 0.66807252
vn -0.41513354 0.41513246 0.80952412
vn -0.32616699 0.48814079 0.80952686
vn -0.61869347 0.41339818 0.66807210
vn -0.41513354 0.41513246 0.80952412
vn -0.52615577 0.52615798 0.66807032
vn -0.68745601 0.28475305 0.66807187
vn -0.48814422 0.32616666 0.80952489
vn -0.61869347 0.41339818 0.66807210
vn -0.72979891 0.14516591 0.66807216
vn -0.54239738 0.22466660 0.80952454
vn -0.68745601 0.28475305 0.66807187
vn -0.72979891 0.14516591 0.66807216
vn -0.58708751 0.00000021 0.80952346
vn -0.57580328 0.11453713 0.80952579
vn -0.72979945 -0.14516561 0.66807163
vn -0.58708751 0.00000021 0.80952346
vn -0.74409723 0.00000078 0.66807139
vn -0.68745619 -0.28475279 0.66807169
vn -0.57580423 -0.11453748 0.80952501
vn -0.72979945 -0.14516561 0.66807163
vn -0.61869323 -0.41339985 0.66807139
vn -0.54239607 -0.22466889 0.80952489
vn -0.68745619 -0.28475279 0.66807169
vn -0.52615756 -0.52615565 0.66807079
vn -0.48814401 -0.32616588 0.80952543
vn -0.61869323 -0.41339985 0.66807139
vn -0.41339993 -0.61869305 0.66807145
vn -0.41513127 -0.41513285 0.80952513
vn -0.52615756 -0.52615565 0.66807079
vn -0.28475454 -0.68745571 0.66807151
vn -0.32616663 -0.48814291 0.80952567
vn -0.41339993 -0.61869305 0.66807145
vn -0.28475454 -0.68745571 0.66807151
vn -0.11453457 -0.57580268 0.80952644
vn -0.22466625 -0.54239637 0.80952531
vn -0.00000029 -0.74409813 0.66807032
vn -0.11453457 -0.57580268 0.80952644
vn -0.14516665 -0.72980136 0.66806930
vn 0.14516643 -0.72980165 0.66806901
vn 0.00000104 -0.58708423 0.80952591
vn -0.00000029 -0.74409813 0.66807032
vn 0.28475368 -0.68745875 0.66806871
vn 0.11453578 -0.57580245 0.80952650
vn 0.14516643 -0.72980165 0.66806901
vn 0.41339967 -0.61869317 0.66807151
vn 0.22466876 -0.54239500 0.80952555
vn 0.28475368 -0.68745875 0.66806871
vn 0.41339967 -0.61869317 0.66807151
vn 0.41513431 -0.41513214 0.80952388
vn 0.32616612 -0.48814535 0.80952442
vn 0.61869299 -0.41340017 0.66807133
vn 0.41513431 -0.41513214 0.80952388
vn 0.52615756 -0.52615684 0.66806984
vn 0.68745637 -0.28475457 0.66807079
vn 0.48814496 -0.32616544 0.80952483
vn 0.61869299 -0.41340017 0.66807133
vn 0.72979957 -0.14516871 0.66807091
vn 0.54239821 -0.22466388 0.80952483
vn 0.68745637 -0.28475457 0.66807079
vn 0.74409729 -0.00000098 0.66807127
vn 0.57580602 -0.11453352 0.80952418
vn 0.72979957 -0.14516871 0.66807091
vn 0.72979999 0.14516589 0.66807103
vn 0.58708620 0.00000260 0.80952454
vn 0.74409729 -0.00000098 0.66807127
vn 0.68745685 0.28475198 0.66807139
vn 0.57580572 0.11453694 0.80952394
vn 0.72979999 0.14516589 0.66807103
vn 0.61869472 0.41339815 0.66807097
vn 0.54239684 0.22466990 0.80952412
vn 0.68745685 0.28475198 0.66807139
vn 0.52615619 0.52615672 0.66807097
vn 0.48814419 0.32616824 0.80952418
vn 0.61869472 0.41339815 0.66807097
vn 0.41339874 0.61869401 0.66807127
vn 0.41513216 0.41513291 0.80952454
vn 0.52615619 0.52615672 0.66807097
vn 0.28475362 0.68745685 0.66807067
vn 0.32616690 0.48814440 0.80952477
vn 0.41339874 0.61869401 0.66807127
vn 0.14516634 0.72979689 0.66807425
vn 0.22466815 0.54239380 0.80952656
vn 0.28475362 0.68745685 0.66807067
vn 0.14516634 0.72979689 0.66807425
vn 0.00000182 0.58708394 0.80952609
vn 0.11453483 0.57580352 0.80952585
vn -0.81284332 -0.16168505 0.55959249
vn -0.74409723 0.00000078 0.66807139
vn -0.82876748 0.00000052 0.55959326
vn 0.81284368 -0.16168486 0.55959201
vn 0.68745637 -0.28475457 0.66807079
vn 0.76568180 -0.31715596 0.55959243
vn -0.81284332 -0.16168505 0.55959249
vn -0.68745619 -0.28475279 0.66807169
vn -0.72979945 -0.14516561 0.66807163
vn 0.81284368 -0.16168486 0.55959201
vn 0.74409729 -0.00000098 0.66807127
vn 0.72979957 -0.14516871 0.66807091
vn -0.68909407 -0.46044132 0.55959195
vn -0.68745619 -0.28475279 0.66807169
vn -0.76568204 -0.31715515 0.55959237
vn 0.81284374 0.16168532 0.55959171
vn 0.74409729 -0.00000098 0.66807127
vn 0.82876784 -0.00000043 0.55959255
vn -0.58602446 -0.58603215 0.55959058
vn -0.61869323 -0.41339985 0.66807139
vn -0.68909407 -0.46044132 0.55959195
vn 0.81284374 0.16168532 0.55959171
vn 0.68745685 0.28475198 0.66807139
vn 0.72979999 0.14516589 0.66807103
vn -0.46043772 -0.68909657 0.55959195
vn -0.52615756 -0.52615565 0.66807079
vn -0.58602446 -0.58603215 0.55959058
vn 0.76568294 0.31715393 0.55959189
vn 0.61869472 0.41339815 0.66807097
vn 0.68745685 0.28475198 0.66807139
vn -0.31715572 -0.76568156 0.55959278
vn -0.41339993 -0.61869305 0.66807145
vn -0.46043772 -0.68909657 0.55959195
vn -0.16168489 0.81284326 0.55959272
vn -0.00000005 0.74409795 0.66807055
vn 0.00000099 0.82876807 0.55959231
vn 0.58602804 0.58602679 0.55959260
vn 0.61869472 0.41339815 0.66807097
vn 0.68909591 0.46043825 0.55959225
vn -0.31715572 -0.76568156 0.55959278
vn -0.14516665 -0.72980136 0.66806930
vn -0.28475454 -0.68745571 0.66807151
vn -0.31715667 0.76568055 0.55959368
vn -0.14516675 0.72979981 0.66807097
vn -0.16168489 0.81284326 0.55959272
vn 0.46043783 0.68909723 0.55959100
vn 0.52615619 0.52615672 0.66807097
vn 0.58602804 0.58602679 0.55959260
vn 0.00000017 -0.82876849 0.55959165
vn -0.14516665 -0.72980136 0.66806930
vn -0.16168486 -0.81284356 0.55959213
vn -0.46043769 0.68909669 0.55959177
vn -0.28475276 0.68745816 0.66806972
vn -0.31715667 0.76568055 0.55959368
vn 0.31715599 0.76568240 0.55959141
vn 0.41339874 0.61869401 0.66807127
vn 0.46043783 0.68909723 0.55959100
vn 0.16168518 -0.81284386 0.55959159
vn -0.00000029 -0.74409813 0.66807032
vn 0.00000017 -0.82876849 0.55959165
vn -0.46043769 0.68909669 0.55959177
vn -0.52615577 0.52615798 0.66807032
vn -0.41339698 0.61869389 0.66807252
vn -0.11453336 0.57580346 0.80952609
vn 0.00000048 0.50464278 0.86332828
vn 0.00000182 0.58708394 0.80952609
vn 0.31715390 -0.76568538 0.55958855
vn 0.14516643 -0.72980165 0.66806901
vn 0.16168518 -0.81284386 0.55959159
vn -0.68909615 0.46043724 0.55959272
vn -0.52615577 0.52615798 0.66807032
vn -0.58602840 0.58602560 0.55959338
vn 0.16168630 0.81284112 0.55959523
vn 0.28475362 0.68745685 0.66807067
vn 0.31715599 0.76568240 0.55959141
vn 0.46043828 -0.68909657 0.55959141
vn 0.28475368 -0.68745875 0.66806871
vn 0.31715390 -0.76568538 0.55958855
vn -0.76568240 0.31715494 0.55959189
vn -0.61869347 0.41339818 0.66807210
vn -0.68909615 0.46043724 0.55959272
vn 0.58602709 -0.58602893 0.55959123
vn 0.41339967 -0.61869317 0.66807151
vn 0.46043828 -0.68909657 0.55959141
vn -0.81284350 0.16168351 0.55959260
vn -0.68745601 0.28475305 0.66807187
vn -0.76568240 0.31715494 0.55959189
vn 0.68909538 -0.46044052 0.55959105
vn 0.52615756 -0.52615684 0.66806984
vn 0.58602709 -0.58602893 0.55959123
vn -0.82876748 0.00000052 0.55959326
vn -0.72979891 0.14516591 0.66807216
vn -0.81284350 0.16168351 0.55959260
vn 0.92387938 -0.38268384 -0.00000023
vn 0.83146912 -0.55557096 -0.00000006
vn 0.83146954 -0.55557048 -0.00000003
vn -0.54239607 -0.22466889 0.80952489
vn -0.41959581 -0.28036430 0.86332792
vn -0.46623009 -0.19311838 0.86332774
vn 0.58708620 0.00000260 0.80952454
vn 0.49494743 0.09845126 0.86332750
vn 0.50464356 0.00000012 0.86332786
vn -0.41513127 -0.41513285 0.80952513
vn -0.41959581 -0.28036430 0.86332792
vn -0.48814401 -0.32616588 0.80952543
vn 0.54239684 0.22466990 0.80952412
vn 0.49494743 0.09845126 0.86332750
vn 0.57580572 0.11453694 0.80952394
vn -0.32616663 -0.48814291 0.80952567
vn -0.35683563 -0.35684097 0.86332667
vn -0.41513127 -0.41513285 0.80952513
vn 0.32616690 0.48814440 0.80952477
vn 0.19311954 0.46622723 0.86332899
vn 0.28036457 0.41960493 0.86332351
vn 0.48814419 0.32616824 0.80952418
vn 0.46622974 0.19312170 0.86332721
vn 0.54239684 0.22466990 0.80952412
vn -0.22466625 -0.54239637 0.80952531
vn -0.28036401 -0.41959822 0.86332691
vn -0.32616663 -0.48814291 0.80952567
vn 0.41513216 0.41513291 0.80952454
vn 0.41959539 0.28036860 0.86332691
vn 0.48814419 0.32616824 0.80952418
vn -0.22466625 -0.54239637 0.80952531
vn -0.09844920 -0.49494240 0.86333060
vn -0.19311507 -0.46623832 0.86332405
vn -0.22466876 0.54239559 0.80952519
vn -0.09845176 0.49495012 0.86332589
vn -0.11453336 0.57580346 0.80952609
vn 0.32616690 0.48814440 0.80952477
vn 0.35683617 0.35684106 0.86332637
vn 0.41513216 0.41513291 0.80952454
vn 0.00000104 -0.58708423 0.80952591
vn -0.09844920 -0.49494240 0.86333060
vn -0.11453457 -0.57580268 0.80952644
vn -0.32616699 0.48814079 0.80952686
vn -0.19311891 0.46623892 0.86332297
vn -0.22466876 0.54239559 0.80952519
vn 0.16168630 0.81284112 0.55959523
vn -0.00000005 0.74409795 0.66807055
vn 0.14516634 0.72979689 0.66807425
vn 0.11453578 -0.57580245 0.80952650
vn 0.00000106 -0.50464249 0.86332846
vn 0.00000104 -0.58708423 0.80952591
vn -0.41513354 0.41513246 0.80952412
vn -0.28036490 0.41960323 0.86332422
vn -0.32616699 0.48814079 0.80952686
vn 0.11453483 0.57580352 0.80952585
vn 0.19311954 0.46622723 0.86332899
vn 0.22466815 0.54239380 0.80952656
vn 0.22466876 -0.54239500 0.80952555
vn 0.09845104 -0.49494272 0.86333025
vn 0.11453578 -0.57580245 0.80952650
vn -0.48814422 0.32616666 0.80952489
vn -0.35683647 0.35684490 0.86332464
vn -0.41513354 0.41513246 0.80952412
vn 0.32616612 -0.48814535 0.80952442
vn 0.19311741 -0.46623436 0.86332566
vn 0.22466876 -0.54239500 0.80952555
vn -0.48814422 0.32616666 0.80952489
vn -0.46622953 0.19311999 0.86332774
vn -0.41959408 0.28037649 0.86332488
vn 0.32616612 -0.48814535 0.80952442
vn 0.35683703 -0.35683933 0.86332679
vn 0.28036419 -0.41960466 0.86332375
vn -0.57580328 0.11453713 0.80952579
vn -0.46622953 0.19311999 0.86332774
vn -0.54239738 0.22466660 0.80952454
vn 0.48814496 -0.32616544 0.80952483
vn 0.46623036 -0.19311732 0.86332780
vn 0.41959545 -0.28037000 0.86332631
vn -0.57580328 0.11453713 0.80952579
vn -0.50464332 0.00000020 0.86332804
vn -0.49494648 0.09845489 0.86332762
vn 0.68909538 -0.46044052 0.55959105
vn 0.68745637 -0.28475457 0.66807079
vn 0.61869299 -0.41340017 0.66807133
vn -0.57580423 -0.11453748 0.80952501
vn -0.50464332 0.00000020 0.86332804
vn -0.58708751 0.00000021 0.80952346
vn 0.57580602 -0.11453352 0.80952418
vn 0.46623036 -0.19311732 0.86332780
vn 0.54239821 -0.22466388 0.80952483
vn -0.57580423 -0.11453748 0.80952501
vn -0.46623009 -0.19311838 0.86332774
vn -0.49494675 -0.09845455 0.86332756
vn 0.48814496 -0.32616544 0.80952483
vn 0.35683703 -0.35683933 0.86332679
vn 0.41513431 -0.41513214 0.80952388
vn -0.37952751 -0.91626191 0.12815204
vn -0.18400188 -0.92504019 0.33233106
vn -0.36093378 -0.87136787 0.33233249
vn -0.19348162 0.97269821 0.12815200
vn -0.36093175 0.87136865 0.33233276
vn -0.18400085 0.92504013 0.33233210
vn 0.55098933 0.82461363 0.12815295
vn 0.66691834 0.66691452 0.33233258
vn 0.70127684 0.70127571 0.12815298
vn 0.00000076 -0.99175441 0.12815312
vn -0.18400188 -0.92504019 0.33233106
vn -0.19348113 -0.97269827 0.12815344
vn -0.55099034 0.82461298 0.12815332
vn -0.36093175 0.87136865 0.33233276
vn -0.37952861 0.91626114 0.12815493
vn 0.37952691 0.91626221 0.12815186
vn 0.52399391 0.78420997 0.33233285
vn 0.55098933 0.82461363 0.12815295
vn 0.19348213 -0.97269821 0.12815240
vn -0.00000065 -0.94316256 0.33233169
vn 0.00000076 -0.99175441 0.12815312
vn -0.70127743 0.70127505 0.12815338
vn -0.52399206 0.78421122 0.33233294
vn -0.55099034 0.82461298 0.12815332
vn 0.00000071 0.88039500 0.47424111
vn -0.16168489 0.81284326 0.55959272
vn 0.00000099 0.82876807 0.55959231
vn 0.19348213 -0.97269821 0.12815240
vn 0.36093140 -0.87136936 0.33233106
vn 0.18400167 -0.92504001 0.33233190
vn -0.82461399 0.55098879 0.12815255
vn -0.66691691 0.66691613 0.33233231
vn -0.70127743 0.70127505 0.12815338
vn 0.37952691 0.91626221 0.12815186
vn 0.18400240 0.92503929 0.33233336
vn 0.36093131 0.87136924 0.33233154
vn 0.55098933 -0.82461375 0.12815194
vn 0.36093140 -0.87136936 0.33233106
vn 0.37952638 -0.91626233 0.12815261
vn -0.91626221 0.37952641 0.12815298
vn -0.78421038 0.52399343 0.33233252
vn -0.82461399 0.55098879 0.12815255
vn 0.70127749 -0.70127511 0.12815273
vn 0.52399307 -0.78421122 0.33233136
vn 0.55098933 -0.82461375 0.12815194
vn -0.97269827 0.19348130 0.12815279
vn -0.87136781 0.36093336 0.33233297
vn -0.91626221 0.37952641 0.12815298
vn 0.82461351 -0.55098993 0.12815094
vn 0.66691744 -0.66691595 0.33233166
vn 0.70127749 -0.70127511 0.12815273
vn -0.99175441 -0.00000092 0.12815303
vn -0.92503953 0.18400264 0.33233252
vn -0.97269827 0.19348130 0.12815279
vn 0.91626203 -0.37952745 0.12815179
vn 0.78421038 -0.52399445 0.33233115
vn 0.82461351 -0.55098993 0.12815094
vn -0.97269803 -0.19348232 0.12815268
vn -0.94316262 -0.00000014 0.33233181
vn -0.99175441 -0.00000092 0.12815303
vn 0.97269845 -0.19348106 0.12815173
vn 0.87136883 -0.36093196 0.33233213
vn 0.91626203 -0.37952745 0.12815179
vn -0.91626137 -0.37952882 0.12815242
vn -0.92503983 -0.18400194 0.33233207
vn -0.97269803 -0.19348232 0.12815268
vn 0.99175453 0.00000095 0.12815192
vn 0.92504030 -0.18400197 0.33233067
vn 0.97269845 -0.19348106 0.12815173
vn -0.82461351 -0.55098969 0.12815177
vn -0.87136883 -0.36093247 0.33233151
vn -0.91626137 -0.37952882 0.12815242
vn 0.97269809 0.19348241 0.12815244
vn 0.94316268 0.00000040 0.33233148
vn 0.99175453 0.00000095 0.12815192
vn -0.70127553 -0.70127702 0.12815283
vn -0.78421128 -0.52399260 0.33233190
vn -0.82461351 -0.55098969 0.12815177
vn 0.91626161 0.37952885 0.12815101
vn 0.92504025 0.18400170 0.33233112
vn 0.97269809 0.19348241 0.12815244
vn -0.55098718 -0.82461506 0.12815273
vn -0.66691619 -0.66691691 0.33233213
vn -0.70127553 -0.70127702 0.12815283
vn 0.82461315 0.55099022 0.12815203
vn 0.87136889 0.36093304 0.33233064
vn 0.91626161 0.37952885 0.12815101
vn -0.37952751 -0.91626191 0.12815204
vn -0.52399236 -0.78421152 0.33233172
vn -0.55098718 -0.82461506 0.12815273
vn -0.19348162 0.97269821 0.12815200
vn 0.00000059 0.94316250 0.33233213
vn -0.00000059 0.99175441 0.12815283
vn 0.58708620 0.00000260 0.80952454
vn 0.49494755 -0.09845421 0.86332709
vn 0.57580602 -0.11453352 0.80952418
vn -0.33691451 0.81337619 0.47424442
vn -0.46043769 0.68909669 0.55959177
vn -0.31715667 0.76568055 0.55959368
vn -0.62253106 -0.62253392 0.47424325
vn -0.68909407 -0.46044132 0.55959195
vn -0.73201948 -0.48912135 0.47424439
vn 0.73202240 -0.48911783 0.47424370
vn 0.58602709 -0.58602893 0.55959123
vn 0.62253338 -0.62253100 0.47424397
vn -0.00000059 0.99175441 0.12815283
vn 0.18400240 0.92503929 0.33233336
vn 0.19348207 0.97269791 0.12815467
vn -0.86347723 0.17175576 0.47424373
vn -0.82876748 0.00000052 0.55959326
vn -0.81284350 0.16168351 0.55959260
vn 0.00000109 -0.88039267 0.47424540
vn 0.16168518 -0.81284386 0.55959159
vn 0.00000017 -0.82876849 0.55959165
vn 0.81337792 0.33691272 0.47424263
vn 0.81284374 0.16168532 0.55959171
vn 0.86347681 0.17175901 0.47424319
vn -0.62253422 0.62253064 0.47424337
vn -0.46043769 0.68909669 0.55959177
vn -0.48911899 0.73202068 0.47424501
vn -0.62253106 -0.62253392 0.47424325
vn -0.46043772 -0.68909657 0.55959195
vn -0.58602446 -0.58603215 0.55959058
vn 0.81337768 -0.33691084 0.47424439
vn 0.68909538 -0.46044052 0.55959105
vn 0.73202240 -0.48911783 0.47424370
vn 0.33691001 0.81337923 0.47424248
vn 0.46043783 0.68909723 0.55959100
vn 0.48911786 0.73202306 0.47424251
vn 0.17175600 0.86347651 0.47424483
vn 0.31715599 0.76568240 0.55959141
vn 0.33691001 0.81337923 0.47424248
vn -0.86347634 -0.17175753 0.47424462
vn -0.82876748 0.00000052 0.55959326
vn -0.88039351 0.00000016 0.47424397
vn 0.33691484 -0.81337523 0.47424605
vn 0.16168518 -0.81284386 0.55959159
vn 0.17175809 -0.86347485 0.47424722
vn 0.73202163 0.48911893 0.47424361
vn 0.58602804 0.58602679 0.55959260
vn 0.68909591 0.46043825 0.55959225
vn -0.73202145 0.48912013 0.47424266
vn -0.58602840 0.58602560 0.55959338
vn -0.62253422 0.62253064 0.47424337
vn -0.48912174 -0.73201841 0.47424573
vn -0.31715572 -0.76568156 0.55959278
vn -0.46043772 -0.68909657 0.55959195
vn 0.86347759 -0.17175621 0.47424287
vn 0.76568180 -0.31715596 0.55959243
vn 0.81337768 -0.33691084 0.47424439
vn -0.81337738 -0.33691338 0.47424325
vn -0.81284332 -0.16168505 0.55959249
vn -0.86347634 -0.17175753 0.47424462
vn 0.48912287 -0.73201776 0.47424564
vn 0.31715390 -0.76568538 0.55958855
vn 0.33691484 -0.81337523 0.47424605
vn 0.70127684 0.70127571 0.12815298
vn 0.78421122 0.52399242 0.33233216
vn 0.82461315 0.55099022 0.12815203
vn -0.73202145 0.48912013 0.47424266
vn -0.76568240 0.31715494 0.55959189
vn -0.68909615 0.46043724 0.55959272
vn -0.17175353 -0.86347651 0.47424576
vn -0.31715572 -0.76568156 0.55959278
vn -0.33691144 -0.81337571 0.47424746
vn 0.88039392 0.00000183 0.47424319
vn 0.81284368 -0.16168486 0.55959201
vn 0.86347759 -0.17175621 0.47424287
vn -0.33691451 0.81337619 0.47424442
vn -0.16168489 0.81284326 0.55959272
vn -0.17175688 0.86347711 0.47424355
vn -0.73201948 -0.48912135 0.47424439
vn -0.76568204 -0.31715515 0.55959237
vn -0.81337738 -0.33691338 0.47424325
vn 0.62253338 -0.62253100 0.47424397
vn 0.46043828 -0.68909657 0.55959141
vn 0.48912287 -0.73201776 0.47424564
vn 0.62253308 0.62253165 0.47424361
vn 0.46043783 0.68909723 0.55959100
vn 0.58602804 0.58602679 0.55959260
vn -0.86347723 0.17175576 0.47424373
vn -0.76568240 0.31715494 0.55959189
vn -0.81337744 0.33691242 0.47424391
vn 0.00000109 -0.88039267 0.47424540
vn -0.16168486 -0.81284356 0.55959213
vn -0.17175353 -0.86347651 0.47424576
vn 0.81337792 0.33691272 0.47424263
vn 0.68909591 0.46043825 0.55959225
vn 0.76568294 0.31715393 0.55959189
vn 0.70697737 0.70697629 -0.01917133
vn 0.54190880 0.81102335 -0.22039953
vn 0.55546838 0.83131665 -0.01917132
vn -0.19348162 0.97269821 0.12815200
vn -0.00000002 0.99981630 -0.01917126
vn -0.19505470 0.98060507 -0.01917095
vn -0.37952861 0.91626114 0.12815493
vn -0.19505470 0.98060507 -0.01917095
vn -0.38261315 0.92370969 -0.01917096
vn 0.86347681 0.17175901 0.47424319
vn 0.82876784 -0.00000043 0.55959255
vn 0.88039392 0.00000183 0.47424319
vn -0.55099034 0.82461298 0.12815332
vn -0.38261315 0.92370969 -0.01917096
vn -0.55546838 0.83131671 -0.01917087
vn -0.70127743 0.70127505 0.12815338
vn -0.55546838 0.83131671 -0.01917087
vn -0.70697719 0.70697653 -0.01917086
vn -0.82461399 0.55098879 0.12815255
vn -0.70697719 0.70697653 -0.01917086
vn -0.83131695 0.55546808 -0.01917086
vn -0.91626221 0.37952641 0.12815298
vn -0.83131695 0.55546808 -0.01917086
vn -0.92370987 0.38261288 -0.01917071
vn -0.97269827 0.19348130 0.12815279
vn -0.92370987 0.38261288 -0.01917071
vn -0.98060507 0.19505449 -0.01917080
vn -0.99175441 -0.00000092 0.12815303
vn -0.98060507 0.19505449 -0.01917080
vn -0.99981630 0.00000007 -0.01917065
vn -0.97269803 -0.19348232 0.12815268
vn -0.99981630 0.00000007 -0.01917065
vn -0.98060501 -0.19505475 -0.01917070
vn -0.91626137 -0.37952882 0.12815242
vn -0.98060501 -0.19505475 -0.01917070
vn -0.92370963 -0.38261351 -0.01917060
vn -0.82461351 -0.55098969 0.12815177
vn -0.92370963 -0.38261351 -0.01917060
vn -0.83131647 -0.55546862 -0.01917068
vn -0.70127553 -0.70127702 0.12815283
vn -0.83131647 -0.55546862 -0.01917068
vn -0.70697749 -0.70697623 -0.01917065
vn -0.55098718 -0.82461506 0.12815273
vn -0.70697749 -0.70697623 -0.01917065
vn -0.55546850 -0.83131659 -0.01917068
vn -0.37952751 -0.91626191 0.12815204
vn -0.55546850 -0.83131659 -0.01917068
vn -0.38261351 -0.92370957 -0.01917080
vn -0.19348113 -0.97269827 0.12815344
vn -0.38261351 -0.92370957 -0.01917080
vn -0.19505446 -0.98060501 -0.01917078
vn 0.00000076 -0.99175441 0.12815312
vn -0.19505446 -0.98060501 -0.01917078
vn -0.00000040 -0.99981630 -0.01917089
vn 0.19348213 -0.97269821 0.12815240
vn -0.00000040 -0.99981630 -0.01917089
vn 0.19505410 -0.98060513 -0.01917098
vn 0.37952638 -0.91626233 0.12815261
vn 0.19505410 -0.98060513 -0.01917098
vn 0.38261279 -0.92370993 -0.01917098
vn 0.55098933 -0.82461375 0.12815194
vn 0.38261279 -0.92370993 -0.01917098
vn 0.55546844 -0.83131659 -0.01917098
vn 0.70127749 -0.70127511 0.12815273
vn 0.55546844 -0.83131659 -0.01917098
vn 0.70697725 -0.70697641 -0.01917119
vn 0.82461351 -0.55098993 0.12815094
vn 0.70697725 -0.70697641 -0.01917119
vn 0.83131713 -0.55546761 -0.01917114
vn 0.91626203 -0.37952745 0.12815179
vn 0.83131713 -0.55546761 -0.01917114
vn 0.92370987 -0.38261276 -0.01917138
vn 0.97269845 -0.19348106 0.12815173
vn 0.92370987 -0.38261276 -0.01917138
vn 0.98060489 -0.19505501 -0.01917140
vn 0.99175453 0.00000095 0.12815192
vn 0.98060489 -0.19505501 -0.01917140
vn 0.99981630 -0.00000029 -0.01917142
vn 0.97269809 0.19348241 0.12815244
vn 0.99981630 -0.00000029 -0.01917142
vn 0.98060501 0.19505481 -0.01917151
vn 0.91626161 0.37952885 0.12815101
vn 0.98060501 0.19505481 -0.01917151
vn 0.92370981 0.38261297 -0.01917134
vn 0.82461315 0.55099022 0.12815203
vn 0.92370981 0.38261297 -0.01917134
vn 0.83131707 0.55546761 -0.01917133
vn 0.70127684 0.70127571 0.12815298
vn 0.83131707 0.55546761 -0.01917133
vn 0.70697737 0.70697629 -0.01917133
vn 0.55098933 0.82461363 0.12815295
vn 0.70697737 0.70697629 -0.01917133
vn 0.55546838 0.83131665 -0.01917132
vn 0.37952691 0.91626221 0.12815186
vn 0.55546838 0.83131665 -0.01917132
vn 0.38261312 0.92370975 -0.01917127
vn 0.19348207 0.97269791 0.12815467
vn 0.38261312 0.92370975 -0.01917127
vn 0.19505453 0.98060507 -0.01917115
vn -0.00000059 0.99175441 0.12815283
vn 0.19505453 0.98060507 -0.01917115
vn -0.00000002 0.99981630 -0.01917126
f 209/1129/1129 210/1130/1130 211/1131/1131
f 212/1132/1132 213/1133/1133 214/1134/1134
f 215/1135/1135 216/1136/1136 210/1137/1137
f 217/1138/1138 218/1139/1139 213/1140/1140
f 219/1141/1141 220/1142/1142 216/1143/1143
f 221/1144/1144 222/1145/1145 218/1146/1146
f 223/1147/1147 224/1148/1148 220/1149/1149
f 225/1150/1150 226/1151/1151 222/1152/1152
f 227/1153/1153 228/1154/1154 224/1155/1155
f 229/1156/1156 230/1157/1157 226/1158/1158
f 231/1159/1159 232/1160/1160 228/1161/1161
f 233/1162/1162 234/1163/1163 230/1164/1164
f 235/1165/1165 236/1166/1166 232/1167/1167
f 237/1168/1168 238/1169/1169 234/1170/1170
f 239/1171/1171 240/1172/1172 236/1173/1173
f 241/1174/1174 242/1175/1175 243/1176/1176
f 244/1177/1177 245/1178/1178 238/1179/1179
f 246/1180/1180 247/1181/1181 240/1182/1182
f 248/1183/1183 249/1184/1184 242/1185/1185
f 250/1186/1186 251/1187/1187 245/1188/1188
f 252/1189/1189 253/1190/1190 247/1191/1191
f 254/1192/1192 255/1193/1193 249/1194/1194
f 256/1195/1195 257/1196/1196 251/1197/1197
f 258/1198/1198 259/1199/1199 253/1200/1200
f 260/1201/1201 261/1202/1202 255/1203/1203
f 262/1204/1204 263/1205/1205 257/1206/1206
f 264/1207/1207 265/1208/1208 259/1209/1209
f 266/1210/1210 267/1211/1211 261/1212/1212
f 268/1213/1213 243/1214/1214 263/1215/1215
f 269/1216/1216 270/1217/1217 265/1218/1218
f 271/1219/1219 211/1220/1220 267/1221/1221
f 241/1222/1222 268/1223/1223 272/1224/1224
f 241/1225/1225 273/1226/1226 274/1227/1227
f 254/1228/1228 248/1229/1229 274/1230/1230
f 254/1231/1231 275/1232/1232 276/1233/1233
f 260/1234/1234 276/1235/1235 277/1236/1236
f 266/1237/1237 277/1238/1238 278/1239/1239
f 209/1240/1240 271/1241/1241 278/1242/1242
f 215/1243/1243 209/1244/1244 279/1245/1245
f 215/1246/1246 280/1247/1247 281/1248/1248
f 219/1249/1249 281/1250/1250 282/1251/1251
f 223/1252/1252 282/1253/1253 283/1254/1254
f 227/1255/1255 283/1256/1256 284/1257/1257
f 231/1258/1258 284/1259/1259 285/1260/1260
f 235/1261/1261 285/1262/1262 286/1263/1263
f 246/1264/1264 239/1265/1265 286/1266/1266
f 246/1267/1267 287/1268/1268 288/1269/1269
f 258/1270/1270 252/1271/1271 288/1272/1272
f 258/1273/1273 289/1274/1274 290/1275/1275
f 264/1276/1276 290/1277/1277 291/1278/1278
f 292/1279/1279 269/1280/1280 291/1281/1281
f 292/1282/1282 293/1283/1283 294/1284/1284
f 212/1285/1285 294/1286/1286 295/1287/1287
f 221/1288/1288 217/1289/1289 295/1290/1290
f 221/1291/1291 296/1292/1292 297/1293/1293
f 229/1294/1294 225/1295/1295 297/1296/1296
f 229/1297/1297 298/1298/1298 299/1299/1299
f 233/1300/1300 299/1301/1301 300/1302/1302
f 244/1303/1303 237/1304/1304 300/1305/1305
f 244/1306/1306 301/1307/1307 302/1308/1308
f 250/1309/1309 302/1310/1310 303/1311/1311
f 262/1312/1312 256/1313/1313 303/1314/1314
f 262/1315/1315 304/1316/1316 272/1317/1317
f 305/1318/1318 293/1319/1319 291/1320/1320
f 306/1321/1321 279/1322/1322 278/1323/1323
f 307/1324/1324 294/1325/1325 293/1326/1326
f 308/1327/1327 280/1328/1328 279/1329/1329
f 309/1330/1330 295/1331/1331 294/1332/1332
f 310/1333/1333 281/1334/1334 280/1335/1335
f 311/1336/1336 296/1337/1337 295/1338/1338
f 312/1339/1339 282/1340/1340 281/1341/1341
f 313/1342/1342 297/1343/1343 296/1344/1344
f 314/1345/1345 283/1346/1346 282/1347/1347
f 315/1348/1348 298/1349/1349 297/1350/1350
f 316/1351/1351 284/1352/1352 283/1353/1353
f 317/1354/1354 299/1355/1355 298/1356/1356
f 318/1357/1357 285/1358/1358 284/1359/1359
f 319/1360/1360 300/1361/1361 299/1362/1362
f 320/1363/1363 286/1364/1364 285/1365/1365
f 321/1366/1366 273/1367/1367 272/1368/1368
f 322/1369/1369 301/1370/1370 300/1371/1371
f 320/1372/1372 323/1373/1373 287/1374/1374
f 324/1375/1375 274/1376/1376 273/1377/1377
f 325/1378/1378 302/1379/1379 301/1380/1380
f 326/1381/1381 288/1382/1382 287/1383/1383
f 327/1384/1384 275/1385/1385 274/1386/1386
f 328/1387/1387 303/1388/1388 302/1389/1389
f 326/1390/1390 329/1391/1391 289/1392/1392
f 330/1393/1393 276/1394/1394 275/1395/1395
f 331/1396/1396 304/1397/1397 303/1398/1398
f 332/1399/1399 290/1400/1400 289/1401/1401
f 333/1402/1402 277/1403/1403 276/1404/1404
f 334/1405/1405 272/1406/1406 304/1407/1407
f 335/1408/1408 291/1409/1409 290/1410/1410
f 292/1411/1411 214/1412/1412 270/1413/1413
f 334/1414/1414 336/1415/1415 337/1416/1416
f 321/1417/1417 337/1418/1418 338/1419/1419
f 327/1420/1420 324/1421/1421 338/1422/1422
f 330/1423/1423 327/1424/1424 339/1425/1425
f 330/1426/1426 340/1427/1427 341/1428/1428
f 342/1429/1429 333/1430/1430 341/1431/1431
f 306/1432/1432 342/1433/1433 343/1434/1434
f 306/1435/1435 344/1436/1436 345/1437/1437
f 308/1438/1438 345/1439/1439 346/1440/1440
f 310/1441/1441 346/1442/1442 347/1443/1443
f 314/1444/1444 312/1445/1445 347/1446/1446
f 314/1447/1447 348/1448/1448 349/1449/1449
f 318/1450/1450 316/1451/1451 349/1452/1452
f 318/1453/1453 350/1454/1454 351/1455/1455
f 323/1456/1456 320/1457/1457 351/1458/1458
f 323/1459/1459 352/1460/1460 353/1461/1461
f 326/1462/1462 353/1463/1463 354/1464/1464
f 329/1465/1465 354/1466/1466 355/1467/1467
f 332/1468/1468 355/1469/1469 356/1470/1470
f 305/1471/1471 335/1472/1472 356/1473/1473
f 305/1474/1474 357/1475/1475 358/1476/1476
f 309/1477/1477 307/1478/1478 358/1479/1479
f 311/1480/1480 309/1481/1481 359/1482/1482
f 311/1483/1483 360/1484/1484 361/1485/1485
f 313/1486/1486 361/1487/1487 362/1488/1488
f 315/1489/1489 362/1490/1490 363/1491/1491
f 319/1492/1492 317/1493/1493 363/1494/1494
f 319/1495/1495 364/1496/1496 365/1497/1497
f 322/1498/1498 365/1499/1499 366/1500/1500
f 325/1501/1501 366/1502/1502 367/1503/1503
f 331/1504/1504 328/1505/1505 367/1506/1506
f 334/1507/1507 331/1508/1508 368/1509/1509
f 369/1510/1510 370/1511/1511 371/1512/1512
f 372/1513/1513 373/1514/1514 374/1515/1515
f 375/1516/1516 371/1517/1517 376/1518/1518
f 377/1519/1519 374/1520/1520 378/1521/1521
f 379/1522/1522 376/1523/1523 380/1524/1524
f 381/1525/1525 382/1526/1526 378/1527/1527
f 383/1528/1528 380/1529/1529 384/1530/1530
f 381/1531/1531 385/1532/1532 386/1533/1533
f 387/1534/1534 384/1535/1535 388/1536/1536
f 389/1537/1537 386/1538/1538 390/1539/1539
f 391/1540/1540 388/1541/1541 392/1542/1542
f 393/1543/1543 394/1544/1544 390/1545/1545
f 395/1546/1546 392/1547/1547 396/1548/1548
f 393/1549/1549 397/1550/1550 398/1551/1551
f 399/1552/1552 396/1553/1553 400/1554/1554
f 401/1555/1555 402/1556/1556 403/1557/1557
f 404/1558/1558 398/1559/1559 405/1560/1560
f 406/1561/1561 400/1562/1562 407/1563/1563
f 401/1564/1564 408/1565/1565 409/1566/1566
f 410/1567/1567 405/1568/1568 411/1569/1569
f 412/1570/1570 407/1571/1571 413/1572/1572
f 414/1573/1573 409/1574/1574 415/1575/1575
f 416/1576/1576 411/1577/1577 417/1578/1578
f 418/1579/1579 413/1580/1580 419/1581/1581
f 420/1582/1582 415/1583/1583 421/1584/1584
f 422/1585/1585 417/1586/1586 423/1587/1587
f 424/1588/1588 419/1589/1589 425/1590/1590
f 426/1591/1591 421/1592/1592 427/1593/1593
f 428/1594/1594 423/1595/1595 403/1596/1596
f 429/1597/1597 425/1598/1598 430/1599/1599
f 431/1600/1600 427/1601/1601 370/1602/1602
f 432/1603/1603 428/1604/1604 402/1605/1605
f 433/1606/1606 434/1607/1607 435/1608/1608
f 433/1609/1609 436/1610/1610 437/1611/1611
f 438/1612/1612 437/1613/1613 439/1614/1614
f 440/1615/1615 439/1616/1616 441/1617/1617
f 442/1618/1618 441/1619/1619 443/1620/1620
f 444/1621/1621 443/1622/1622 445/1623/1623
f 446/1624/1624 447/1625/1625 445/1626/1626
f 446/1627/1627 448/1628/1628 449/1629/1629
f 450/1630/1630 449/1631/1631 451/1632/1632
f 452/1633/1633 451/1634/1634 453/1635/1635
f 454/1636/1636 455/1637/1637 453/1638/1638
f 454/1639/1639 456/1640/1640 457/1641/1641
f 458/1642/1642 457/1643/1643 459/1644/1644
f 460/1645/1645 461/1646/1646 459/1647/1647
f 460/1648/1648 462/1649/1649 463/1650/1650
f 464/1651/1651 463/1652/1652 465/1653/1653
f 466/1654/1654 465/1655/1655 467/1656/1656
f 468/1657/1657 469/1658/1658 467/1659/1659
f 468/1660/1660 470/1661/1661 471/1662/1662
f 472/1663/1663 473/1664/1664 471/1665/1665
f 472/1666/1666 474/1667/1667 475/1668/1668
f 476/1669/1669 477/1670/1670 475/1671/1671
f 476/1672/1672 478/1673/1673 479/1674/1674
f 480/1675/1675 479/1676/1676 481/1677/1677
f 482/1678/1678 483/1679/1679 481/1680/1680
f 484/1681/1681 482/1682/1682 485/1683/1683
f 484/1684/1684 486/1685/1685 487/1686/1686
f 488/1687/1687 487/1688/1688 489/1689/1689
f 490/1690/1690 489/1691/1691 491/1692/1692
f 492/1693/1693 491/1694/1694 493/1695/1695
f 494/1696/1696 493/1697/1697 432/1698/1698
f 495/1699/1699 432/1700/1700 435/1701/1701
f 496/1702/1702 497/1703/1703 461/1704/1704
f 493/1705/1705 422/1706/1706 428/1707/1707
f 498/1708/1708 488/1709/1709 490/1710/1710
f 496/1711/1711 460/1712/1712 464/1713/1713
f 499/1714/1714 500/1715/1715 433/1716/1716
f 501/1717/1717 490/1718/1718 492/1719/1719
f 502/1720/1720 503/1721/1721 464/1722/1722
f 499/1723/1723 438/1724/1724 440/1725/1725
f 504/1726/1726 492/1727/1727 494/1728/1728
f 502/1729/1729 466/1730/1730 469/1731/1731
f 505/1732/1732 440/1733/1733 442/1734/1734
f 506/1735/1735 494/1736/1736 495/1737/1737
f 507/1738/1738 508/1739/1739 469/1740/1740
f 509/1741/1741 510/1742/1742 442/1743/1743
f 511/1744/1744 434/1745/1745 433/1746/1746
f 507/1747/1747 468/1748/1748 473/1749/1749
f 509/1750/1750 444/1751/1751 447/1752/1752
f 512/1753/1753 473/1754/1754 472/1755/1755
f 513/1756/1756 447/1757/1757 446/1758/1758
f 514/1759/1759 472/1760/1760 477/1761/1761
f 515/1762/1762 446/1763/1763 450/1764/1764
f 516/1765/1765 517/1766/1766 477/1767/1767
f 518/1768/1768 450/1769/1769 452/1770/1770
f 516/1771/1771 476/1772/1772 480/1773/1773
f 519/1774/1774 452/1775/1775 455/1776/1776
f 520/1777/1777 521/1778/1778 480/1779/1779
f 522/1780/1780 455/1781/1781 454/1782/1782
f 523/1783/1783 520/1784/1784 483/1785/1785
f 524/1786/1786 525/1787/1787 454/1788/1788
f 526/1789/1789 523/1790/1790 482/1791/1791
f 524/1792/1792 458/1793/1793 461/1794/1794
f 527/1795/1795 430/1796/1796 373/1797/1797
f 463/1798/1798 412/1799/1799 418/1800/1800
f 439/1801/1801 437/1802/1802 414/1803/1803
f 493/1804/1804 491/1805/1805 416/1806/1806
f 467/1807/1807 465/1808/1808 418/1809/1809
f 441/1810/1810 439/1811/1811 420/1812/1812
f 436/1813/1813 435/1814/1814 402/1815/1815
f 470/1816/1816 467/1817/1817 424/1818/1818
f 441/1819/1819 426/1820/1820 431/1821/1821
f 470/1822/1822 429/1823/1823 527/1824/1824
f 443/1825/1825 431/1826/1826 369/1827/1827
f 471/1828/1828 527/1829/1829 372/1830/1830
f 445/1831/1831 369/1832/1832 375/1833/1833
f 474/1834/1834 372/1835/1835 377/1836/1836
f 448/1837/1837 375/1838/1838 379/1839/1839
f 478/1840/1840 475/1841/1841 377/1842/1842
f 449/1843/1843 379/1844/1844 383/1845/1845
f 478/1846/1846 382/1847/1847 381/1848/1848
f 453/1849/1849 451/1850/1850 383/1851/1851
f 479/1852/1852 381/1853/1853 389/1854/1854
f 453/1855/1855 387/1856/1856 391/1857/1857
f 481/1858/1858 389/1859/1859 394/1860/1860
f 457/1861/1861 456/1862/1862 391/1863/1863
f 486/1864/1864 393/1865/1865 404/1866/1866
f 457/1867/1867 395/1868/1868 399/1869/1869
f 528/1870/1870 495/1871/1871 434/1872/1872
f 526/1873/1873 484/1874/1874 488/1875/1875
f 462/1876/1876 459/1877/1877 399/1878/1878
f 489/1879/1879 487/1880/1880 404/1881/1881
f 462/1882/1882 406/1883/1883 412/1884/1884
f 436/1885/1885 401/1886/1886 414/1887/1887
f 485/1888/1888 394/1889/1889 393/1890/1890
f 529/1891/1891 512/1892/1892 514/1893/1893
f 530/1894/1894 513/1895/1895 515/1896/1896
f 531/1897/1897 514/1898/1898 517/1899/1899
f 532/1900/1900 515/1901/1901 518/1902/1902
f 533/1903/1903 517/1904/1904 516/1905/1905
f 534/1906/1906 535/1907/1907 518/1908/1908
f 536/1909/1909 537/1910/1910 516/1911/1911
f 534/1912/1912 519/1913/1913 522/1914/1914
f 536/1915/1915 521/1916/1916 520/1917/1917
f 538/1918/1918 522/1919/1919 525/1920/1920
f 539/1921/1921 520/1922/1922 523/1923/1923
f 540/1924/1924 525/1925/1925 524/1926/1926
f 541/1927/1927 523/1928/1928 526/1929/1929
f 542/1930/1930 524/1931/1931 497/1932/1932
f 543/1933/1933 544/1934/1934 526/1935/1935
f 545/1936/1936 546/1937/1937 497/1938/1938
f 547/1939/1939 548/1940/1940 511/1941/1941
f 543/1942/1942 498/1943/1943 501/1944/1944
f 545/1945/1945 496/1946/1946 503/1947/1947
f 547/1948/1948 500/1949/1949 499/1950/1950
f 549/1951/1951 550/1952/1952 501/1953/1953
f 551/1954/1954 552/1955/1955 503/1956/1956
f 553/1957/1957 499/1958/1958 505/1959/1959
f 554/1960/1960 549/1961/1961 504/1962/1962
f 551/1963/1963 502/1964/1964 508/1965/1965
f 555/1966/1966 505/1967/1967 510/1968/1968
f 554/1969/1969 506/1970/1970 528/1971/1971
f 556/1972/1972 508/1973/1973 507/1974/1974
f 557/1975/1975 558/1976/1976 510/1977/1977
f 559/1978/1978 528/1979/1979 511/1980/1980
f 560/1981/1981 507/1982/1982 512/1983/1983
f 489/1984/1984 410/1985/1985 416/1986/1986
f 561/1987/1987 530/1988/1988 532/1989/1989
f 562/1990/1990 552/1991/1991 551/1992/1992
f 563/1993/1993 539/1994/1994 541/1995/1995
f 564/1996/1996 553/1997/1997 555/1998/1998
f 565/1999/1999 540/2000/2000 542/2001/2001
f 566/2002/2002 531/2003/2003 533/2004/2004
f 567/2005/2005 549/2006/2006 554/2007/2007
f 568/2008/2008 532/2009/2009 535/2010/2010
f 569/2011/2011 570/2012/2012 551/2013/2013
f 571/2014/2014 541/2015/2015 544/2016/2016
f 572/2017/2017 555/2018/2018 558/2019/2019
f 573/2020/2020 542/2021/2021 546/2022/2022
f 574/2023/2023 533/2024/2024 537/2025/2025
f 575/2026/2026 554/2027/2027 559/2028/2028
f 576/2029/2029 535/2030/2030 534/2031/2031
f 569/2032/2032 556/2033/2033 560/2034/2034
f 577/2035/2035 544/2036/2036 543/2037/2037
f 578/2038/2038 558/2039/2039 557/2040/2040
f 579/2041/2041 546/2042/2042 545/2043/2043
f 580/2044/2044 537/2045/2045 536/2046/2046
f 581/2047/2047 548/2048/2048 547/2049/2049
f 582/2050/2050 559/2051/2051 548/2052/2052
f 583/2053/2053 534/2054/2054 538/2055/2055
f 584/2056/2056 560/2057/2057 529/2058/2058
f 585/2059/2059 543/2060/2060 550/2061/2061
f 586/2062/2062 557/2063/2063 530/2064/2064
f 587/2065/2065 545/2066/2066 552/2067/2067
f 563/2068/2068 588/2069/2069 536/2070/2070
f 589/2071/2071 547/2072/2072 553/2073/2073
f 590/2074/2074 538/2075/2075 540/2076/2076
f 591/2077/2077 529/2078/2078 531/2079/2079
f 530/2080/2080 557/2081/2081 509/2082/2082
f 592/2083/2083 593/2084/2084 594/2085/2085
f 595/2086/2086 596/2087/2087 592/2088/2088
f 597/2089/2089 598/2090/2090 596/2091/2091
f 599/2092/2092 600/2093/2093 598/2094/2094
f 599/2095/2095 601/2096/2096 602/2097/2097
f 603/2098/2098 604/2099/2099 602/2100/2100
f 605/2101/2101 606/2102/2102 604/2103/2103
f 607/2104/2104 608/2105/2105 606/2106/2106
f 607/2107/2107 609/2108/2108 610/2109/2109
f 611/2110/2110 612/2111/2111 610/2112/2112
f 611/2113/2113 613/2114/2114 614/2115/2115
f 615/2116/2116 616/2117/2117 614/2118/2118
f 617/2119/2119 618/2120/2120 616/2121/2121
f 619/2122/2122 620/2123/2123 618/2124/2124
f 621/2125/2125 622/2126/2126 620/2127/2127
f 623/2128/2128 624/2129/2129 622/2130/2130
f 625/2131/2131 626/2132/2132 624/2133/2133
f 627/2134/2134 628/2135/2135 626/2136/2136
f 629/2137/2137 630/2138/2138 628/2139/2139
f 631/2140/2140 632/2141/2141 630/2142/2142
f 633/2143/2143 634/2144/2144 632/2145/2145
f 635/2146/2146 636/2147/2147 634/2148/2148
f 637/2149/2149 638/2150/2150 636/2151/2151
f 637/2152/2152 639/2153/2153 640/2154/2154
f 641/2155/2155 642/2156/2156 640/2157/2157
f 643/2158/2158 644/2159/2159 642/2160/2160
f 645/2161/2161 646/2162/2162 644/2163/2163
f 647/2164/2164 648/2165/2165 646/2166/2166
f 649/2167/2167 650/2168/2168 648/2169/2169
f 651/2170/2170 652/2171/2171 650/2172/2172
f 653/2173/2173 654/2174/2174 652/2175/2175
f 655/2176/2176 656/2177/2177 654/2178/2178
f 655/2179/2179 657/2180/2180 592/2181/2181
f 658/2182/2182 659/2183/2183 336/2184/2184
f 660/2185/2185 661/2186/2186 662/2187/2187
f 661/2188/2188 663/2189/2189 664/2190/2190
f 665/2191/2191 666/2192/2192 664/2193/2193
f 665/2194/2194 667/2195/2195 668/2196/2196
f 669/2197/2197 670/2198/2198 668/2199/2199
f 671/2200/2200 672/2201/2201 670/2202/2202
f 673/2203/2203 674/2204/2204 672/2205/2205
f 673/2206/2206 675/2207/2207 676/2208/2208
f 677/2209/2209 678/2210/2210 676/2211/2211
f 679/2212/2212 680/2213/2213 678/2214/2214
f 681/2215/2215 682/2216/2216 680/2217/2217
f 683/2218/2218 684/2219/2219 682/2220/2220
f 685/2221/2221 686/2222/2222 684/2223/2223
f 687/2224/2224 688/2225/2225 686/2226/2226
f 687/2227/2227 689/2228/2228 690/2229/2229
f 691/2230/2230 692/2231/2231 690/2232/2232
f 693/2233/2233 694/2234/2234 692/2235/2235
f 695/2236/2236 696/2237/2237 694/2238/2238
f 697/2239/2239 698/2240/2240 696/2241/2241
f 697/2242/2242 699/2243/2243 700/2244/2244
f 701/2245/2245 702/2246/2246 700/2247/2247
f 703/2248/2248 704/2249/2249 702/2250/2250
f 705/2251/2251 706/2252/2252 704/2253/2253
f 707/2254/2254 708/2255/2255 706/2256/2256
f 709/2257/2257 710/2258/2258 708/2259/2259
f 711/2260/2260 712/2261/2261 710/2262/2262
f 713/2263/2263 714/2264/2264 712/2265/2265
f 715/2266/2266 716/2267/2267 714/2268/2268
f 717/2269/2269 718/2270/2270 716/2271/2271
f 719/2272/2272 720/2273/2273 718/2274/2274
f 721/2275/2275 658/2276/2276 720/2277/2277
f 721/2278/2278 660/2279/2279 659/2280/2280
f 722/2281/2281 677/2282/2282 675/2283/2283
f 723/2284/2284 705/2285/2285 703/2286/2286
f 722/2287/2287 724/2288/2288 679/2289/2289
f 723/2290/2290 725/2291/2291 707/2292/2292
f 726/2293/2293 681/2294/2294 679/2295/2295
f 727/2296/2296 709/2297/2297 707/2298/2298
f 728/2299/2299 683/2300/2300 681/2301/2301
f 727/2302/2302 729/2303/2303 711/2304/2304
f 730/2305/2305 685/2306/2306 683/2307/2307
f 729/2308/2308 731/2309/2309 713/2310/2310
f 732/2311/2311 687/2312/2312 685/2313/2313
f 733/2314/2314 661/2315/2315 660/2316/2316
f 734/2317/2317 715/2318/2318 713/2319/2319
f 732/2320/2320 735/2321/2321 689/2322/2322
f 736/2323/2323 663/2324/2324 661/2325/2325
f 737/2326/2326 717/2327/2327 715/2328/2328
f 738/2329/2329 691/2330/2330 689/2331/2331
f 739/2332/2332 665/2333/2333 663/2334/2334
f 740/2335/2335 719/2336/2336 717/2337/2337
f 741/2338/2338 693/2339/2339 691/2340/2340
f 739/2341/2341 742/2342/2342 667/2343/2343
f 662/2344/2344 337/2345/2345 336/2346/2346
f 743/2347/2347 695/2348/2348 693/2349/2349
f 744/2350/2350 669/2351/2351 667/2352/2352
f 594/2353/2353 721/2354/2354 719/2355/2355
f 745/2356/2356 697/2357/2357 695/2358/2358
f 746/2359/2359 671/2360/2360 669/2361/2361
f 747/2362/2362 699/2363/2363 697/2364/2364
f 748/2365/2365 673/2366/2366 671/2367/2367
f 749/2368/2368 701/2369/2369 699/2370/2370
f 750/2371/2371 675/2372/2372 673/2373/2373
f 342/2374/2374 278/2375/2375 277/2376/2376
f 680/2377/2377 682/2378/2378 348/2379/2379
f 708/2380/2380 710/2381/2381 362/2382/2382
f 684/2383/2383 349/2384/2384 348/2385/2385
f 712/2386/2386 363/2387/2387 362/2388/2388
f 686/2389/2389 350/2390/2390 349/2391/2391
f 718/2392/2392 720/2393/2393 367/2394/2394
f 714/2395/2395 364/2396/2396 363/2397/2397
f 688/2398/2398 351/2399/2399 350/2400/2400
f 716/2401/2401 365/2402/2402 364/2403/2403
f 688/2404/2404 690/2405/2405 352/2406/2406
f 664/2407/2407 338/2408/2408 337/2409/2409
f 718/2410/2410 366/2411/2411 365/2412/2412
f 692/2413/2413 353/2414/2414 352/2415/2415
f 666/2416/2416 339/2417/2417 338/2418/2418
f 594/2419/2419 593/2420/2420 660/2421/2421
f 694/2422/2422 354/2423/2423 353/2424/2424
f 668/2425/2425 340/2426/2426 339/2427/2427
f 658/2428/2428 368/2429/2429 367/2430/2430
f 696/2431/2431 355/2432/2432 354/2433/2433
f 670/2434/2434 341/2435/2435 340/2436/2436
f 698/2437/2437 356/2438/2438 355/2439/2439
f 670/2440/2440 672/2441/2441 343/2442/2442
f 698/2443/2443 700/2444/2444 357/2445/2445
f 674/2446/2446 344/2447/2447 343/2448/2448
f 702/2449/2449 704/2450/2450 359/2451/2451
f 674/2452/2452 676/2453/2453 345/2454/2454
f 749/2455/2455 751/2456/2456 703/2457/2457
f 678/2458/2458 346/2459/2459 345/2460/2460
f 706/2461/2461 360/2462/2462 359/2463/2463
f 678/2464/2464 680/2465/2465 347/2466/2466
f 702/2467/2467 358/2468/2468 357/2469/2469
f 752/2470/2470 753/2471/2471 623/2472/2472
f 754/2473/2473 755/2474/2474 597/2475/2475
f 756/2476/2476 651/2477/2477 649/2478/2478
f 757/2479/2479 625/2480/2480 623/2481/2481
f 758/2482/2482 599/2483/2483 597/2484/2484
f 759/2485/2485 653/2486/2486 651/2487/2487
f 760/2488/2488 627/2489/2489 625/2490/2490
f 761/2491/2491 601/2492/2492 599/2493/2493
f 592/2494/2494 596/2495/2495 733/2496/2496
f 760/2497/2497 762/2498/2498 629/2499/2499
f 763/2500/2500 603/2501/2501 601/2502/2502
f 759/2503/2503 764/2504/2504 655/2505/2505
f 765/2506/2506 631/2507/2507 629/2508/2508
f 766/2509/2509 605/2510/2510 603/2511/2511
f 767/2512/2512 633/2513/2513 631/2514/2514
f 768/2515/2515 607/2516/2516 605/2517/2517
f 769/2518/2518 635/2519/2519 633/2520/2520
f 770/2521/2521 609/2522/2522 607/2523/2523
f 771/2524/2524 637/2525/2525 635/2526/2526
f 772/2527/2527 611/2528/2528 609/2529/2529
f 773/2530/2530 639/2531/2531 637/2532/2532
f 774/2533/2533 613/2534/2534 611/2535/2535
f 775/2536/2536 641/2537/2537 639/2538/2538
f 776/2539/2539 615/2540/2540 613/2541/2541
f 777/2542/2542 643/2543/2543 641/2544/2544
f 778/2545/2545 617/2546/2546 615/2547/2547
f 779/2548/2548 645/2549/2549 643/2550/2550
f 780/2551/2551 619/2552/2552 617/2553/2553
f 781/2554/2554 647/2555/2555 645/2556/2556
f 752/2557/2557 621/2558/2558 619/2559/2559
f 754/2560/2560 595/2561/2561 657/2562/2562
f 708/2563/2563 361/2564/2564 360/2565/2565
f 598/2566/2566 600/2567/2567 739/2568/2568
f 618/2569/2569 728/2570/2570 726/2571/2571
f 636/2572/2572 749/2573/2573 747/2574/2574
f 782/2575/2575 657/2576/2576 655/2577/2577
f 608/2578/2578 610/2579/2579 750/2580/2580
f 626/2581/2581 628/2582/2582 741/2583/2583
f 646/2584/2584 729/2585/2585 727/2586/2586
f 602/2587/2587 742/2588/2588 739/2589/2589
f 618/2590/2590 620/2591/2591 730/2592/2592
f 638/2593/2593 751/2594/2594 749/2595/2595
f 654/2596/2596 740/2597/2597 737/2598/2598
f 656/2599/2599 594/2600/2600 740/2601/2601
f 612/2602/2602 722/2603/2603 750/2604/2604
f 630/2605/2605 743/2606/2606 741/2607/2607
f 648/2608/2608 650/2609/2609 734/2610/2610
f 604/2611/2611 744/2612/2612 742/2613/2613
f 620/2614/2614 622/2615/2615 732/2616/2616
f 640/2617/2617 723/2618/2618 751/2619/2619
f 614/2620/2620 724/2621/2621 722/2622/2622
f 632/2623/2623 745/2624/2624 743/2625/2625
f 783/2626/2626 649/2627/2627 647/2628/2628
f 604/2629/2629 606/2630/2630 746/2631/2631
f 624/2632/2632 735/2633/2633 732/2634/2634
f 642/2635/2635 725/2636/2636 723/2637/2637
f 598/2638/2638 736/2639/2639 733/2640/2640
f 616/2641/2641 726/2642/2642 724/2643/2643
f 634/2644/2644 747/2645/2645 745/2646/2646
f 650/2647/2647 652/2648/2648 737/2649/2649
f 608/2650/2650 748/2651/2651 746/2652/2652
f 626/2653/2653 738/2654/2654 735/2655/2655
f 646/2656/2656 648/2657/2657 731/2658/2658
f 784/2659/2659 550/2660/2660 549/2661/2661
f 754/2662/2662 782/2663/2663 581/2664/2664
f 755/2665/2665 754/2666/2666 589/2667/2667
f 644/2668/2668 727/2669/2669 725/2670/2670
f 758/2671/2671 755/2672/2672 564/2673/2673
f 761/2674/2674 758/2675/2675 572/2676/2676
f 763/2677/2677 761/2678/2678 578/2679/2679
f 766/2680/2680 763/2681/2681 586/2682/2682
f 768/2683/2683 766/2684/2684 561/2685/2685
f 770/2686/2686 768/2687/2687 568/2688/2688
f 772/2689/2689 770/2690/2690 576/2691/2691
f 774/2692/2692 772/2693/2693 583/2694/2694
f 776/2695/2695 774/2696/2696 590/2697/2697
f 778/2698/2698 776/2699/2699 565/2700/2700
f 780/2701/2701 778/2702/2702 573/2703/2703
f 752/2704/2704 780/2705/2705 579/2706/2706
f 753/2707/2707 752/2708/2708 587/2709/2709
f 757/2710/2710 753/2711/2711 562/2712/2712
f 760/2713/2713 757/2714/2714 570/2715/2715
f 762/2716/2716 760/2717/2717 569/2718/2718
f 765/2719/2719 762/2720/2720 584/2721/2721
f 767/2722/2722 765/2723/2723 591/2724/2724
f 769/2725/2725 767/2726/2726 566/2727/2727
f 771/2728/2728 769/2729/2729 574/2730/2730
f 773/2731/2731 771/2732/2732 580/2733/2733
f 775/2734/2734 773/2735/2735 588/2736/2736
f 777/2737/2737 775/2738/2738 563/2739/2739
f 779/2740/2740 777/2741/2741 571/2742/2742
f 781/2743/2743 779/2744/2744 577/2745/2745
f 783/2746/2746 781/2747/2747 585/2748/2748
f 756/2749/2749 783/2750/2750 784/2751/2751
f 759/2752/2752 756/2753/2753 567/2754/2754
f 764/2755/2755 759/2756/2756 575/2757/2757
f 782/2758/2758 764/2759/2759 582/2760/2760
f 371/2761/2761 370/2762/2762 380/2763/2763
f 384/2764/2764 370/2765/2765 388/2766/2766
f 427/2767/2767 421/2768/2768 388/2769/2769
f 392/2770/2770 421/2771/2771 396/2772/2772
f 415/2773/2773 409/2774/2774 396/2775/2775
f 400/2776/2776 409/2777/2777 407/2778/2778
f 378/2779/2779 397/2780/2780 385/2781/2781
f 398/2782/2782 397/2783/2783 374/2784/2784
f 373/2785/2785 405/2786/2786 374/2787/2787
f 411/2788/2788 405/2789/2789 430/2790/2790
f 425/2791/2791 417/2792/2792 430/2793/2793
f 423/2794/2794 417/2795/2795 419/2796/2796
f 413/2797/2797 403/2798/2798 419/2799/2799
f 408/2800/2800 403/2801/2801 407/2802/2802
f 397/2803/2803 390/2804/2804 385/2805/2805
f 397/2806/2806 378/2807/2807 374/2808/2808
f 405/2809/2809 398/2810/2810 374/2811/2811
f 405/2812/2812 373/2813/2813 430/2814/2814
f 417/2815/2815 411/2816/2816 430/2817/2817
f 417/2818/2818 425/2819/2819 419/2820/2820
f 403/2821/2821 423/2822/2822 419/2823/2823
f 376/2824/2824 371/2825/2825 380/2826/2826
f 370/2827/2827 384/2828/2828 380/2829/2829
f 370/2830/2830 427/2831/2831 388/2832/2832
f 421/2833/2833 392/2834/2834 388/2835/2835
f 421/2836/2836 415/2837/2837 396/2838/2838
f 409/2839/2839 400/2840/2840 396/2841/2841
f 409/2842/2842 408/2843/2843 407/2844/2844
f 403/2845/2845 413/2846/2846 407/2847/2847
f 224/2848/2848 211/2849/2849 220/2850/2850
f 267/2851/2851 211/2852/2852 228/2853/2853
f 232/2854/2854 261/2855/2855 228/2856/2856
f 255/2857/2857 261/2858/2858 236/2859/2859
f 240/2860/2860 249/2861/2861 236/2862/2862
f 242/2863/2863 249/2864/2864 247/2865/2865
f 253/2866/2866 243/2867/2867 247/2868/2868
f 211/2869/2869 210/2870/2870 220/2871/2871
f 211/2872/2872 224/2873/2873 228/2874/2874
f 261/2875/2875 267/2876/2876 228/2877/2877
f 261/2878/2878 232/2879/2879 236/2880/2880
f 249/2881/2881 255/2882/2882 236/2883/2883
f 249/2884/2884 240/2885/2885 247/2886/2886
f 243/2887/2887 242/2888/2888 247/2889/2889
f 230/2890/2890 234/2891/2891 222/2892/2892
f 218/2893/2893 234/2894/2894 213/2895/2895
f 238/2896/2896 245/2897/2897 213/2898/2898
f 214/2899/2899 245/2900/2900 270/2901/2901
f 251/2902/2902 257/2903/2903 270/2904/2904
f 265/2905/2905 257/2906/2906 259/2907/2907
f 263/2908/2908 243/2909/2909 259/2910/2910
f 226/2911/2911 230/2912/2912 222/2913/2913
f 234/2914/2914 218/2915/2915 222/2916/2916
f 234/2917/2917 238/2918/2918 213/2919/2919
f 245/2920/2920 214/2921/2921 213/2922/2922
f 245/2923/2923 251/2924/2924 270/2925/2925
f 257/2926/2926 265/2927/2927 270/2928/2928
f 257/2929/2929 263/2930/2930 259/2931/2931
f 243/2932/2932 253/2933/2933 259/2934/2934
f 209/2935/2935 211/2936/2936 271/2937/2937
f 212/2938/2938 214/2939/2939 292/2940/2940
f 215/2941/2941 210/2942/2942 209/2943/2943
f 217/2944/2944 213/2945/2945 212/2946/2946
f 219/2947/2947 216/2948/2948 215/2949/2949
f 221/2950/2950 218/2951/2951 217/2952/2952
f 223/2953/2953 220/2954/2954 219/2955/2955
f 225/2956/2956 222/2957/2957 221/2958/2958
f 227/2959/2959 224/2960/2960 223/2961/2961
f 229/2962/2962 226/2963/2963 225/2964/2964
f 231/2965/2965 228/2966/2966 227/2967/2967
f 233/2968/2968 230/2969/2969 229/2970/2970
f 235/2971/2971 232/2972/2972 231/2973/2973
f 237/2974/2974 234/2975/2975 233/2976/2976
f 239/2977/2977 236/2978/2978 235/2979/2979
f 241/2980/2980 243/2981/2981 268/2982/2982
f 244/2983/2983 238/2984/2984 237/2985/2985
f 246/2986/2986 240/2987/2987 239/2988/2988
f 248/2989/2989 242/2990/2990 241/2991/2991
f 250/2992/2992 245/2993/2993 244/2994/2994
f 252/2995/2995 247/2996/2996 246/2997/2997
f 254/2998/2998 249/2999/2999 248/3000/3000
f 256/3001/3001 251/3002/3002 250/3003/3003
f 258/3004/3004 253/3005/3005 252/3006/3006
f 260/3007/3007 255/3008/3008 254/3009/3009
f 262/3010/3010 257/3011/3011 256/3012/3012
f 264/3013/3013 259/3014/3014 258/3015/3015
f 266/3016/3016 261/3017/3017 260/3018/3018
f 268/3019/3019 263/3020/3020 262/3021/3021
f 269/3022/3022 265/3023/3023 264/3024/3024
f 271/3025/3025 267/3026/3026 266/3027/3027
f 210/3028/3028 216/3029/3029 220/3030/3030
f 241/3031/3031 272/3032/3032 273/3033/3033
f 241/3034/3034 274/3035/3035 248/3036/3036
f 254/3037/3037 274/3038/3038 275/3039/3039
f 254/3040/3040 276/3041/3041 260/3042/3042
f 260/3043/3043 277/3044/3044 266/3045/3045
f 266/3046/3046 278/3047/3047 271/3048/3048
f 209/3049/3049 278/3050/3050 279/3051/3051
f 215/3052/3052 279/3053/3053 280/3054/3054
f 215/3055/3055 281/3056/3056 219/3057/3057
f 219/3058/3058 282/3059/3059 223/3060/3060
f 223/3061/3061 283/3062/3062 227/3063/3063
f 227/3064/3064 284/3065/3065 231/3066/3066
f 231/3067/3067 285/3068/3068 235/3069/3069
f 235/3070/3070 286/3071/3071 239/3072/3072
f 246/3073/3073 286/3074/3074 287/3075/3075
f 246/3076/3076 288/3077/3077 252/3078/3078
f 258/3079/3079 288/3080/3080 289/3081/3081
f 258/3082/3082 290/3083/3083 264/3084/3084
f 264/3085/3085 291/3086/3086 269/3087/3087
f 292/3088/3088 291/3089/3089 293/3090/3090
f 292/3091/3091 294/3092/3092 212/3093/3093
f 212/3094/3094 295/3095/3095 217/3096/3096
f 221/3097/3097 295/3098/3098 296/3099/3099
f 221/3100/3100 297/3101/3101 225/3102/3102
f 229/3103/3103 297/3104/3104 298/3105/3105
f 229/3106/3106 299/3107/3107 233/3108/3108
f 233/3109/3109 300/3110/3110 237/3111/3111
f 244/3112/3112 300/3113/3113 301/3114/3114
f 244/3115/3115 302/3116/3116 250/3117/3117
f 250/3118/3118 303/3119/3119 256/3120/3120
f 262/3121/3121 303/3122/3122 304/3123/3123
f 262/3124/3124 272/3125/3125 268/3126/3126
f 305/3127/3127 291/3128/3128 335/3129/3129
f 306/3130/3130 278/3131/3131 342/3132/3132
f 307/3133/3133 293/3134/3134 305/3135/3135
f 308/3136/3136 279/3137/3137 306/3138/3138
f 309/3139/3139 294/3140/3140 307/3141/3141
f 310/3142/3142 280/3143/3143 308/3144/3144
f 311/3145/3145 295/3146/3146 309/3147/3147
f 312/3148/3148 281/3149/3149 310/3150/3150
f 313/3151/3151 296/3152/3152 311/3153/3153
f 314/3154/3154 282/3155/3155 312/3156/3156
f 315/3157/3157 297/3158/3158 313/3159/3159
f 316/3160/3160 283/3161/3161 314/3162/3162
f 317/3163/3163 298/3164/3164 315/3165/3165
f 318/3166/3166 284/3167/3167 316/3168/3168
f 319/3169/3169 299/3170/3170 317/3171/3171
f 320/3172/3172 285/3173/3173 318/3174/3174
f 321/3175/3175 272/3176/3176 334/3177/3177
f 322/3178/3178 300/3179/3179 319/3180/3180
f 320/3181/3181 287/3182/3182 286/3183/3183
f 324/3184/3184 273/3185/3185 321/3186/3186
f 325/3187/3187 301/3188/3188 322/3189/3189
f 326/3190/3190 287/3191/3191 323/3192/3192
f 327/3193/3193 274/3194/3194 324/3195/3195
f 328/3196/3196 302/3197/3197 325/3198/3198
f 326/3199/3199 289/3200/3200 288/3201/3201
f 330/3202/3202 275/3203/3203 327/3204/3204
f 331/3205/3205 303/3206/3206 328/3207/3207
f 332/3208/3208 289/3209/3209 329/3210/3210
f 333/3211/3211 276/3212/3212 330/3213/3213
f 334/3214/3214 304/3215/3215 331/3216/3216
f 335/3217/3217 290/3218/3218 332/3219/3219
f 292/3220/3220 270/3221/3221 269/3222/3222
f 334/3223/3223 337/3224/3224 321/3225/3225
f 321/3226/3226 338/3227/3227 324/3228/3228
f 327/3229/3229 338/3230/3230 339/3231/3231
f 330/3232/3232 339/3233/3233 340/3234/3234
f 330/3235/3235 341/3236/3236 333/3237/3237
f 342/3238/3238 341/3239/3239 343/3240/3240
f 306/3241/3241 343/3242/3242 344/3243/3243
f 306/3244/3244 345/3245/3245 308/3246/3246
f 308/3247/3247 346/3248/3248 310/3249/3249
f 310/3250/3250 347/3251/3251 312/3252/3252
f 314/3253/3253 347/3254/3254 348/3255/3255
f 314/3256/3256 349/3257/3257 316/3258/3258
f 318/3259/3259 349/3260/3260 350/3261/3261
f 318/3262/3262 351/3263/3263 320/3264/3264
f 323/3265/3265 351/3266/3266 352/3267/3267
f 323/3268/3268 353/3269/3269 326/3270/3270
f 326/3271/3271 354/3272/3272 329/3273/3273
f 329/3274/3274 355/3275/3275 332/3276/3276
f 332/3277/3277 356/3278/3278 335/3279/3279
f 305/3280/3280 356/3281/3281 357/3282/3282
f 305/3283/3283 358/3284/3284 307/3285/3285
f 309/3286/3286 358/3287/3287 359/3288/3288
f 311/3289/3289 359/3290/3290 360/3291/3291
f 311/3292/3292 361/3293/3293 313/3294/3294
f 313/3295/3295 362/3296/3296 315/3297/3297
f 315/3298/3298 363/3299/3299 317/3300/3300
f 319/3301/3301 363/3302/3302 364/3303/3303
f 319/3304/3304 365/3305/3305 322/3306/3306
f 322/3307/3307 366/3308/3308 325/3309/3309
f 325/3310/3310 367/3311/3311 328/3312/3312
f 331/3313/3313 367/3314/3314 368/3315/3315
f 334/3316/3316 368/3317/3317 336/3318/3318
f 369/3319/3319 371/3320/3320 375/3321/3321
f 372/3322/3322 374/3323/3323 377/3324/3324
f 375/3325/3325 376/3326/3326 379/3327/3327
f 377/3328/3328 378/3329/3329 382/3330/3330
f 379/3331/3331 380/3332/3332 383/3333/3333
f 381/3334/3334 378/3335/3335 385/3336/3336
f 383/3337/3337 384/3338/3338 387/3339/3339
f 381/3340/3340 386/3341/3341 389/3342/3342
f 387/3343/3343 388/3344/3344 391/3345/3345
f 389/3346/3346 390/3347/3347 394/3348/3348
f 391/3349/3349 392/3350/3350 395/3351/3351
f 393/3352/3352 390/3353/3353 397/3354/3354
f 395/3355/3355 396/3356/3356 399/3357/3357
f 393/3358/3358 398/3359/3359 404/3360/3360
f 399/3361/3361 400/3362/3362 406/3363/3363
f 401/3364/3364 403/3365/3365 408/3366/3366
f 404/3367/3367 405/3368/3368 410/3369/3369
f 406/3370/3370 407/3371/3371 412/3372/3372
f 401/3373/3373 409/3374/3374 414/3375/3375
f 410/3376/3376 411/3377/3377 416/3378/3378
f 412/3379/3379 413/3380/3380 418/3381/3381
f 414/3382/3382 415/3383/3383 420/3384/3384
f 416/3385/3385 417/3386/3386 422/3387/3387
f 418/3388/3388 419/3389/3389 424/3390/3390
f 420/3391/3391 421/3392/3392 426/3393/3393
f 422/3394/3394 423/3395/3395 428/3396/3396
f 424/3397/3397 425/3398/3398 429/3399/3399
f 426/3400/3400 427/3401/3401 431/3402/3402
f 428/3403/3403 403/3404/3404 402/3405/3405
f 429/3406/3406 430/3407/3407 527/3408/3408
f 431/3409/3409 370/3410/3410 369/3411/3411
f 390/3412/3412 386/3413/3413 385/3414/3414
f 432/3415/3415 402/3416/3416 435/3417/3417
f 433/3418/3418 435/3419/3419 436/3420/3420
f 433/3421/3421 437/3422/3422 438/3423/3423
f 438/3424/3424 439/3425/3425 440/3426/3426
f 440/3427/3427 441/3428/3428 442/3429/3429
f 442/3430/3430 443/3431/3431 444/3432/3432
f 444/3433/3433 445/3434/3434 447/3435/3435
f 446/3436/3436 445/3437/3437 448/3438/3438
f 446/3439/3439 449/3440/3440 450/3441/3441
f 450/3442/3442 451/3443/3443 452/3444/3444
f 452/3445/3445 453/3446/3446 455/3447/3447
f 454/3448/3448 453/3449/3449 456/3450/3450
f 454/3451/3451 457/3452/3452 458/3453/3453
f 458/3454/3454 459/3455/3455 461/3456/3456
f 460/3457/3457 459/3458/3458 462/3459/3459
f 460/3460/3460 463/3461/3461 464/3462/3462
f 464/3463/3463 465/3464/3464 466/3465/3465
f 466/3466/3466 467/3467/3467 469/3468/3468
f 468/3469/3469 467/3470/3470 470/3471/3471
f 468/3472/3472 471/3473/3473 473/3474/3474
f 472/3475/3475 471/3476/3476 474/3477/3477
f 472/3478/3478 475/3479/3479 477/3480/3480
f 476/3481/3481 475/3482/3482 478/3483/3483
f 476/3484/3484 479/3485/3485 480/3486/3486
f 480/3487/3487 481/3488/3488 483/3489/3489
f 482/3490/3490 481/3491/3491 485/3492/3492
f 484/3493/3493 485/3494/3494 486/3495/3495
f 484/3496/3496 487/3497/3497 488/3498/3498
f 488/3499/3499 489/3500/3500 490/3501/3501
f 490/3502/3502 491/3503/3503 492/3504/3504
f 492/3505/3505 493/3506/3506 494/3507/3507
f 494/3508/3508 432/3509/3509 495/3510/3510
f 495/3511/3511 435/3512/3512 434/3513/3513
f 496/3514/3514 461/3515/3515 460/3516/3516
f 493/3517/3517 428/3518/3518 432/3519/3519
f 498/3520/3520 490/3521/3521 501/3522/3522
f 496/3523/3523 464/3524/3524 503/3525/3525
f 499/3526/3526 433/3527/3527 438/3528/3528
f 501/3529/3529 492/3530/3530 504/3531/3531
f 502/3532/3532 464/3533/3533 466/3534/3534
f 499/3535/3535 440/3536/3536 505/3537/3537
f 504/3538/3538 494/3539/3539 506/3540/3540
f 502/3541/3541 469/3542/3542 508/3543/3543
f 505/3544/3544 442/3545/3545 510/3546/3546
f 506/3547/3547 495/3548/3548 528/3549/3549
f 507/3550/3550 469/3551/3551 468/3552/3552
f 509/3553/3553 442/3554/3554 444/3555/3555
f 511/3556/3556 433/3557/3557 500/3558/3558
f 507/3559/3559 473/3560/3560 512/3561/3561
f 509/3562/3562 447/3563/3563 513/3564/3564
f 512/3565/3565 472/3566/3566 514/3567/3567
f 513/3568/3568 446/3569/3569 515/3570/3570
f 514/3571/3571 477/3572/3572 517/3573/3573
f 515/3574/3574 450/3575/3575 518/3576/3576
f 516/3577/3577 477/3578/3578 476/3579/3579
f 518/3580/3580 452/3581/3581 519/3582/3582
f 516/3583/3583 480/3584/3584 521/3585/3585
f 519/3586/3586 455/3587/3587 522/3588/3588
f 520/3589/3589 480/3590/3590 483/3591/3591
f 522/3592/3592 454/3593/3593 525/3594/3594
f 523/3595/3595 483/3596/3596 482/3597/3597
f 524/3598/3598 454/3599/3599 458/3600/3600
f 526/3601/3601 482/3602/3602 484/3603/3603
f 524/3604/3604 461/3605/3605 497/3606/3606
f 527/3607/3607 373/3608/3608 372/3609/3609
f 463/3610/3610 418/3611/3611 465/3612/3612
f 439/3613/3613 414/3614/3614 420/3615/3615
f 493/3616/3616 416/3617/3617 422/3618/3618
f 467/3619/3619 418/3620/3620 424/3621/3621
f 441/3622/3622 420/3623/3623 426/3624/3624
f 436/3625/3625 402/3626/3626 401/3627/3627
f 470/3628/3628 424/3629/3629 429/3630/3630
f 441/3631/3631 431/3632/3632 443/3633/3633
f 470/3634/3634 527/3635/3635 471/3636/3636
f 443/3637/3637 369/3638/3638 445/3639/3639
f 471/3640/3640 372/3641/3641 474/3642/3642
f 445/3643/3643 375/3644/3644 448/3645/3645
f 474/3646/3646 377/3647/3647 475/3648/3648
f 448/3649/3649 379/3650/3650 449/3651/3651
f 478/3652/3652 377/3653/3653 382/3654/3654
f 449/3655/3655 383/3656/3656 451/3657/3657
f 478/3658/3658 381/3659/3659 479/3660/3660
f 453/3661/3661 383/3662/3662 387/3663/3663
f 479/3664/3664 389/3665/3665 481/3666/3666
f 453/3667/3667 391/3668/3668 456/3669/3669
f 481/3670/3670 394/3671/3671 485/3672/3672
f 457/3673/3673 391/3674/3674 395/3675/3675
f 486/3676/3676 404/3677/3677 487/3678/3678
f 457/3679/3679 399/3680/3680 459/3681/3681
f 528/3682/3682 434/3683/3683 511/3684/3684
f 526/3685/3685 488/3686/3686 498/3687/3687
f 462/3688/3688 399/3689/3689 406/3690/3690
f 489/3691/3691 404/3692/3692 410/3693/3693
f 462/3694/3694 412/3695/3695 463/3696/3696
f 436/3697/3697 414/3698/3698 437/3699/3699
f 485/3700/3700 393/3701/3701 486/3702/3702
f 529/3703/3703 514/3704/3704 531/3705/3705
f 530/3706/3706 515/3707/3707 532/3708/3708
f 531/3709/3709 517/3710/3710 533/3711/3711
f 532/3712/3712 518/3713/3713 535/3714/3714
f 533/3715/3715 516/3716/3716 537/3717/3717
f 534/3718/3718 518/3719/3719 519/3720/3720
f 536/3721/3721 516/3722/3722 521/3723/3723
f 534/3724/3724 522/3725/3725 538/3726/3726
f 536/3727/3727 520/3728/3728 539/3729/3729
f 538/3730/3730 525/3731/3731 540/3732/3732
f 539/3733/3733 523/3734/3734 541/3735/3735
f 540/3736/3736 524/3737/3737 542/3738/3738
f 541/3739/3739 526/3740/3740 544/3741/3741
f 542/3742/3742 497/3743/3743 546/3744/3744
f 543/3745/3745 526/3746/3746 498/3747/3747
f 545/3748/3748 497/3749/3749 496/3750/3750
f 547/3751/3751 511/3752/3752 500/3753/3753
f 543/3754/3754 501/3755/3755 550/3756/3756
f 545/3757/3757 503/3758/3758 552/3759/3759
f 547/3760/3760 499/3761/3761 553/3762/3762
f 549/3763/3763 501/3764/3764 504/3765/3765
f 551/3766/3766 503/3767/3767 502/3768/3768
f 553/3769/3769 505/3770/3770 555/3771/3771
f 554/3772/3772 504/3773/3773 506/3774/3774
f 551/3775/3775 508/3776/3776 556/3777/3777
f 555/3778/3778 510/3779/3779 558/3780/3780
f 554/3781/3781 528/3782/3782 559/3783/3783
f 556/3784/3784 507/3785/3785 560/3786/3786
f 557/3787/3787 510/3788/3788 509/3789/3789
f 559/3790/3790 511/3791/3791 548/3792/3792
f 560/3793/3793 512/3794/3794 529/3795/3795
f 489/3796/3796 416/3797/3797 491/3798/3798
f 561/3799/3799 532/3800/3800 568/3801/3801
f 562/3802/3802 551/3803/3803 570/3804/3804
f 563/3805/3805 541/3806/3806 571/3807/3807
f 564/3808/3808 555/3809/3809 572/3810/3810
f 565/3811/3811 542/3812/3812 573/3813/3813
f 566/3814/3814 533/3815/3815 574/3816/3816
f 567/3817/3817 554/3818/3818 575/3819/3819
f 568/3820/3820 535/3821/3821 576/3822/3822
f 569/3823/3823 551/3824/3824 556/3825/3825
f 571/3826/3826 544/3827/3827 577/3828/3828
f 572/3829/3829 558/3830/3830 578/3831/3831
f 573/3832/3832 546/3833/3833 579/3834/3834
f 574/3835/3835 537/3836/3836 580/3837/3837
f 575/3838/3838 559/3839/3839 582/3840/3840
f 576/3841/3841 534/3842/3842 583/3843/3843
f 569/3844/3844 560/3845/3845 584/3846/3846
f 577/3847/3847 543/3848/3848 585/3849/3849
f 578/3850/3850 557/3851/3851 586/3852/3852
f 579/3853/3853 545/3854/3854 587/3855/3855
f 580/3856/3856 536/3857/3857 588/3858/3858
f 581/3859/3859 547/3860/3860 589/3861/3861
f 582/3862/3862 548/3863/3863 581/3864/3864
f 583/3865/3865 538/3866/3866 590/3867/3867
f 584/3868/3868 529/3869/3869 591/3870/3870
f 585/3871/3871 550/3872/3872 784/3873/3873
f 586/3874/3874 530/3875/3875 561/3876/3876
f 587/3877/3877 552/3878/3878 562/3879/3879
f 563/3880/3880 536/3881/3881 539/3882/3882
f 589/3883/3883 553/3884/3884 564/3885/3885
f 590/3886/3886 540/3887/3887 565/3888/3888
f 591/3889/3889 531/3890/3890 566/3891/3891
f 530/3892/3892 509/3893/3893 513/3894/3894
f 592/3895/3895 594/3896/3896 656/3897/3897
f 595/3898/3898 592/3899/3899 657/3900/3900
f 597/3901/3901 596/3902/3902 595/3903/3903
f 599/3904/3904 598/3905/3905 597/3906/3906
f 599/3907/3907 602/3908/3908 600/3909/3909
f 603/3910/3910 602/3911/3911 601/3912/3912
f 605/3913/3913 604/3914/3914 603/3915/3915
f 607/3916/3916 606/3917/3917 605/3918/3918
f 607/3919/3919 610/3920/3920 608/3921/3921
f 611/3922/3922 610/3923/3923 609/3924/3924
f 611/3925/3925 614/3926/3926 612/3927/3927
f 615/3928/3928 614/3929/3929 613/3930/3930
f 617/3931/3931 616/3932/3932 615/3933/3933
f 619/3934/3934 618/3935/3935 617/3936/3936
f 621/3937/3937 620/3938/3938 619/3939/3939
f 623/3940/3940 622/3941/3941 621/3942/3942
f 625/3943/3943 624/3944/3944 623/3945/3945
f 627/3946/3946 626/3947/3947 625/3948/3948
f 629/3949/3949 628/3950/3950 627/3951/3951
f 631/3952/3952 630/3953/3953 629/3954/3954
f 633/3955/3955 632/3956/3956 631/3957/3957
f 635/3958/3958 634/3959/3959 633/3960/3960
f 637/3961/3961 636/3962/3962 635/3963/3963
f 637/3964/3964 640/3965/3965 638/3966/3966
f 641/3967/3967 640/3968/3968 639/3969/3969
f 643/3970/3970 642/3971/3971 641/3972/3972
f 645/3973/3973 644/3974/3974 643/3975/3975
f 647/3976/3976 646/3977/3977 645/3978/3978
f 649/3979/3979 648/3980/3980 647/3981/3981
f 651/3982/3982 650/3983/3983 649/3984/3984
f 653/3985/3985 652/3986/3986 651/3987/3987
f 655/3988/3988 654/3989/3989 653/3990/3990
f 655/3991/3991 592/3992/3992 656/3993/3993
f 658/3994/3994 336/3995/3995 368/3996/3996
f 660/3997/3997 662/3998/3998 659/3999/3999
f 661/4000/4000 664/4001/4001 662/4002/4002
f 665/4003/4003 664/4004/4004 663/4005/4005
f 665/4006/4006 668/4007/4007 666/4008/4008
f 669/4009/4009 668/4010/4010 667/4011/4011
f 671/4012/4012 670/4013/4013 669/4014/4014
f 673/4015/4015 672/4016/4016 671/4017/4017
f 673/4018/4018 676/4019/4019 674/4020/4020
f 677/4021/4021 676/4022/4022 675/4023/4023
f 679/4024/4024 678/4025/4025 677/4026/4026
f 681/4027/4027 680/4028/4028 679/4029/4029
f 683/4030/4030 682/4031/4031 681/4032/4032
f 685/4033/4033 684/4034/4034 683/4035/4035
f 687/4036/4036 686/4037/4037 685/4038/4038
f 687/4039/4039 690/4040/4040 688/4041/4041
f 691/4042/4042 690/4043/4043 689/4044/4044
f 693/4045/4045 692/4046/4046 691/4047/4047
f 695/4048/4048 694/4049/4049 693/4050/4050
f 697/4051/4051 696/4052/4052 695/4053/4053
f 697/4054/4054 700/4055/4055 698/4056/4056
f 701/4057/4057 700/4058/4058 699/4059/4059
f 703/4060/4060 702/4061/4061 701/4062/4062
f 705/4063/4063 704/4064/4064 703/4065/4065
f 707/4066/4066 706/4067/4067 705/4068/4068
f 709/4069/4069 708/4070/4070 707/4071/4071
f 711/4072/4072 710/4073/4073 709/4074/4074
f 713/4075/4075 712/4076/4076 711/4077/4077
f 715/4078/4078 714/4079/4079 713/4080/4080
f 717/4081/4081 716/4082/4082 715/4083/4083
f 719/4084/4084 718/4085/4085 717/4086/4086
f 721/4087/4087 720/4088/4088 719/4089/4089
f 721/4090/4090 659/4091/4091 658/4092/4092
f 722/4093/4093 675/4094/4094 750/4095/4095
f 723/4096/4096 703/4097/4097 751/4098/4098
f 722/4099/4099 679/4100/4100 677/4101/4101
f 723/4102/4102 707/4103/4103 705/4104/4104
f 726/4105/4105 679/4106/4106 724/4107/4107
f 727/4108/4108 707/4109/4109 725/4110/4110
f 728/4111/4111 681/4112/4112 726/4113/4113
f 727/4114/4114 711/4115/4115 709/4116/4116
f 730/4117/4117 683/4118/4118 728/4119/4119
f 729/4120/4120 713/4121/4121 711/4122/4122
f 732/4123/4123 685/4124/4124 730/4125/4125
f 733/4126/4126 660/4127/4127 593/4128/4128
f 734/4129/4129 713/4130/4130 731/4131/4131
f 732/4132/4132 689/4133/4133 687/4134/4134
f 736/4135/4135 661/4136/4136 733/4137/4137
f 737/4138/4138 715/4139/4139 734/4140/4140
f 738/4141/4141 689/4142/4142 735/4143/4143
f 739/4144/4144 663/4145/4145 736/4146/4146
f 740/4147/4147 717/4148/4148 737/4149/4149
f 741/4150/4150 691/4151/4151 738/4152/4152
f 739/4153/4153 667/4154/4154 665/4155/4155
f 662/4156/4156 336/4157/4157 659/4158/4158
f 743/4159/4159 693/4160/4160 741/4161/4161
f 744/4162/4162 667/4163/4163 742/4164/4164
f 594/4165/4165 719/4166/4166 740/4167/4167
f 745/4168/4168 695/4169/4169 743/4170/4170
f 746/4171/4171 669/4172/4172 744/4173/4173
f 747/4174/4174 697/4175/4175 745/4176/4176
f 748/4177/4177 671/4178/4178 746/4179/4179
f 749/4180/4180 699/4181/4181 747/4182/4182
f 750/4183/4183 673/4184/4184 748/4185/4185
f 342/4186/4186 277/4187/4187 333/4188/4188
f 680/4189/4189 348/4190/4190 347/4191/4191
f 708/4192/4192 362/4193/4193 361/4194/4194
f 684/4195/4195 348/4196/4196 682/4197/4197
f 712/4198/4198 362/4199/4199 710/4200/4200
f 686/4201/4201 349/4202/4202 684/4203/4203
f 718/4204/4204 367/4205/4205 366/4206/4206
f 714/4207/4207 363/4208/4208 712/4209/4209
f 688/4210/4210 350/4211/4211 686/4212/4212
f 716/4213/4213 364/4214/4214 714/4215/4215
f 688/4216/4216 352/4217/4217 351/4218/4218
f 664/4219/4219 337/4220/4220 662/4221/4221
f 718/4222/4222 365/4223/4223 716/4224/4224
f 692/4225/4225 352/4226/4226 690/4227/4227
f 666/4228/4228 338/4229/4229 664/4230/4230
f 594/4231/4231 660/4232/4232 721/4233/4233
f 694/4234/4234 353/4235/4235 692/4236/4236
f 668/4237/4237 339/4238/4238 666/4239/4239
f 658/4240/4240 367/4241/4241 720/4242/4242
f 696/4243/4243 354/4244/4244 694/4245/4245
f 670/4246/4246 340/4247/4247 668/4248/4248
f 698/4249/4249 355/4250/4250 696/4251/4251
f 670/4252/4252 343/4253/4253 341/4254/4254
f 698/4255/4255 357/4256/4256 356/4257/4257
f 674/4258/4258 343/4259/4259 672/4260/4260
f 702/4261/4261 359/4262/4262 358/4263/4263
f 674/4264/4264 345/4265/4265 344/4266/4266
f 749/4267/4267 703/4268/4268 701/4269/4269
f 678/4270/4270 345/4271/4271 676/4272/4272
f 706/4273/4273 359/4274/4274 704/4275/4275
f 678/4276/4276 347/4277/4277 346/4278/4278
f 702/4279/4279 357/4280/4280 700/4281/4281
f 752/4282/4282 623/4283/4283 621/4284/4284
f 754/4285/4285 597/4286/4286 595/4287/4287
f 756/4288/4288 649/4289/4289 783/4290/4290
f 757/4291/4291 623/4292/4292 753/4293/4293
f 758/4294/4294 597/4295/4295 755/4296/4296
f 759/4297/4297 651/4298/4298 756/4299/4299
f 760/4300/4300 625/4301/4301 757/4302/4302
f 761/4303/4303 599/4304/4304 758/4305/4305
f 592/4306/4306 733/4307/4307 593/4308/4308
f 760/4309/4309 629/4310/4310 627/4311/4311
f 763/4312/4312 601/4313/4313 761/4314/4314
f 759/4315/4315 655/4316/4316 653/4317/4317
f 765/4318/4318 629/4319/4319 762/4320/4320
f 766/4321/4321 603/4322/4322 763/4323/4323
f 767/4324/4324 631/4325/4325 765/4326/4326
f 768/4327/4327 605/4328/4328 766/4329/4329
f 769/4330/4330 633/4331/4331 767/4332/4332
f 770/4333/4333 607/4334/4334 768/4335/4335
f 771/4336/4336 635/4337/4337 769/4338/4338
f 772/4339/4339 609/4340/4340 770/4341/4341
f 773/4342/4342 637/4343/4343 771/4344/4344
f 774/4345/4345 611/4346/4346 772/4347/4347
f 775/4348/4348 639/4349/4349 773/4350/4350
f 776/4351/4351 613/4352/4352 774/4353/4353
f 777/4354/4354 641/4355/4355 775/4356/4356
f 778/4357/4357 615/4358/4358 776/4359/4359
f 779/4360/4360 643/4361/4361 777/4362/4362
f 780/4363/4363 617/4364/4364 778/4365/4365
f 781/4366/4366 645/4367/4367 779/4368/4368
f 752/4369/4369 619/4370/4370 780/4371/4371
f 754/4372/4372 657/4373/4373 782/4374/4374
f 708/4375/4375 360/4376/4376 706/4377/4377
f 598/4378/4378 739/4379/4379 736/4380/4380
f 618/4381/4381 726/4382/4382 616/4383/4383
f 636/4384/4384 747/4385/4385 634/4386/4386
f 782/4387/4387 655/4388/4388 764/4389/4389
f 608/4390/4390 750/4391/4391 748/4392/4392
f 626/4393/4393 741/4394/4394 738/4395/4395
f 646/4396/4396 727/4397/4397 644/4398/4398
f 602/4399/4399 739/4400/4400 600/4401/4401
f 618/4402/4402 730/4403/4403 728/4404/4404
f 638/4405/4405 749/4406/4406 636/4407/4407
f 654/4408/4408 737/4409/4409 652/4410/4410
f 656/4411/4411 740/4412/4412 654/4413/4413
f 612/4414/4414 750/4415/4415 610/4416/4416
f 630/4417/4417 741/4418/4418 628/4419/4419
f 648/4420/4420 734/4421/4421 731/4422/4422
f 604/4423/4423 742/4424/4424 602/4425/4425
f 620/4426/4426 732/4427/4427 730/4428/4428
f 640/4429/4429 751/4430/4430 638/4431/4431
f 614/4432/4432 722/4433/4433 612/4434/4434
f 632/4435/4435 743/4436/4436 630/4437/4437
f 783/4438/4438 647/4439/4439 781/4440/4440
f 604/4441/4441 746/4442/4442 744/4443/4443
f 624/4444/4444 732/4445/4445 622/4446/4446
f 642/4447/4447 723/4448/4448 640/4449/4449
f 598/4450/4450 733/4451/4451 596/4452/4452
f 616/4453/4453 724/4454/4454 614/4455/4455
f 634/4456/4456 745/4457/4457 632/4458/4458
f 650/4459/4459 737/4460/4460 734/4461/4461
f 608/4462/4462 746/4463/4463 606/4464/4464
f 626/4465/4465 735/4466/4466 624/4467/4467
f 646/4468/4468 731/4469/4469 729/4470/4470
f 784/4471/4471 549/4472/4472 567/4473/4473
f 754/4474/4474 581/4475/4475 589/4476/4476
f 755/4477/4477 589/4478/4478 564/4479/4479
f 644/4480/4480 725/4481/4481 642/4482/4482
f 758/4483/4483 564/4484/4484 572/4485/4485
f 761/4486/4486 572/4487/4487 578/4488/4488
f 763/4489/4489 578/4490/4490 586/4491/4491
f 766/4492/4492 586/4493/4493 561/4494/4494
f 768/4495/4495 561/4496/4496 568/4497/4497
f 770/4498/4498 568/4499/4499 576/4500/4500
f 772/4501/4501 576/4502/4502 583/4503/4503
f 774/4504/4504 583/4505/4505 590/4506/4506
f 776/4507/4507 590/4508/4508 565/4509/4509
f 778/4510/4510 565/4511/4511 573/4512/4512
f 780/4513/4513 573/4514/4514 579/4515/4515
f 752/4516/4516 579/4517/4517 587/4518/4518
f 753/4519/4519 587/4520/4520 562/4521/4521
f 757/4522/4522 562/4523/4523 570/4524/4524
f 760/4525/4525 570/4526/4526 569/4527/4527
f 762/4528/4528 569/4529/4529 584/4530/4530
f 765/4531/4531 584/4532/4532 591/4533/4533
f 767/4534/4534 591/4535/4535 566/4536/4536
f 769/4537/4537 566/4538/4538 574/4539/4539
f 771/4540/4540 574/4541/4541 580/4542/4542
f 773/4543/4543 580/4544/4544 588/4545/4545
f 775/4546/4546 588/4547/4547 563/4548/4548
f 777/4549/4549 563/4550/4550 571/4551/4551
f 779/4552/4552 571/4553/4553 577/4554/4554
f 781/4555/4555 577/4556/4556 585/4557/4557
f 783/4558/4558 585/4559/4559 784/4560/4560
f 756/4561/4561 784/4562/4562 567/4563/4563
f 759/4564/4564 567/4565/4565 575/4566/4566
f 764/4567/4567 575/4568/4568 582/4569/4569
f 782/4570/4570 582/4571/4571 581/4572/4572
g booster_cylinder_008
v 0.18948746 0.20091450 -2.64088774
v 0.18948744 0.20091450 -2.69331551
v 0.19097316 0.20838368 -2.69331551
v 0.15193745 0.20838368 -2.64088774
v 0.15193743 0.20838368 -2.69331551
v 0.15342313 0.20091450 -2.69331551
v 0.19097319 0.20838368 -2.64088774
v 0.18948744 0.21585286 -2.69331551
v 0.15342315 0.20091450 -2.64088774
v 0.15765406 0.19458246 -2.69331551
v 0.18525654 0.22218490 -2.64088774
v 0.18525651 0.22218490 -2.69331551
v 0.17892446 0.22641587 -2.69331551
v 0.18948747 0.21585286 -2.64088774
v 0.15765408 0.19458246 -2.64088774
v 0.16398613 0.19035149 -2.69331551
v 0.17892449 0.22641587 -2.64088774
v 0.17145529 0.22790158 -2.69331551
v 0.16398615 0.19035149 -2.64088774
v 0.17145529 0.18886578 -2.69331551
v 0.17145532 0.22790158 -2.64088774
v 0.16398613 0.22641587 -2.69331551
v 0.17145531 0.18886578 -2.64088774
v 0.17892446 0.19035149 -2.69331551
v 0.16398616 0.22641587 -2.64088774
v 0.15765406 0.22218490 -2.69331551
v 0.17892447 0.19035149 -2.64088774
v 0.18525651 0.19458246 -2.69331551
v 0.15765409 0.22218490 -2.64088774
v 0.15342313 0.21585286 -2.69331551
v 0.18525653 0.19458246 -2.64088774
v 0.18107966 0.23161888 -2.64088774
v 0.17145532 0.23353326 -2.64088774
v 0.16183098 0.23161888 -2.64088774
v 0.15367182 0.22616720 -2.64088774
v 0.15342316 0.21585286 -2.64088774
v 0.14822006 0.21800804 -2.64088774
v 0.14630567 0.20838368 -2.64088774
v 0.14822005 0.19875932 -2.64088774
v 0.15367180 0.19060016 -2.64088774
v 0.16183096 0.18514848 -2.64088774
v 0.17145531 0.18323398 -2.64088774
v 0.18107967 0.18514848 -2.64088774
v 0.18923879 0.19060016 -2.64088774
v 0.19469054 0.19875932 -2.64088774
v 0.19660497 0.20838368 -2.64088774
v 0.19469056 0.21800804 -2.64088774
v 0.18923880 0.22616720 -2.64088774
v 0.19469056 0.19875932 -2.61433649
v 0.18923880 0.19060016 -2.61433649
v 0.14822006 0.21800792 -2.61433649
v 0.19660497 0.20838356 -2.61433649
v 0.14630567 0.20838368 -2.61433649
v 0.19469056 0.21800792 -2.61433649
v 0.14822006 0.19875932 -2.61433649
v 0.18107966 0.23161888 -2.61433601
v 0.18923880 0.22616708 -2.61433601
v 0.15367182 0.19060016 -2.61433649
v 0.16183098 0.18514836 -2.61433649
v 0.17145532 0.23353326 -2.61433601
v 0.17145532 0.18323398 -2.61433649
v 0.16183098 0.23161888 -2.61433601
v 0.18107969 0.18514836 -2.61433649
v 0.17145532 0.22621465 -2.61433601
v 0.17145532 0.19055259 -2.61433649
v 0.15884683 0.22099209 -2.61433601
v 0.16463166 0.22485745 -2.61433601
v 0.18406381 0.19577515 -2.61433649
v 0.17827897 0.19190991 -2.61433649
v 0.15367182 0.22616708 -2.61433601
v 0.15362424 0.20838368 -2.61433649
v 0.15498154 0.21520734 -2.61433649
v 0.18928641 0.20838356 -2.61433649
v 0.18792909 0.20156002 -2.61433649
v 0.15884683 0.19577515 -2.61433649
v 0.15498154 0.20156002 -2.61433649
v 0.18406381 0.22099209 -2.61433601
v 0.18792909 0.21520722 -2.61433649
v 0.17827897 0.22485745 -2.61433601
v 0.15884683 0.19577515 -2.60566092
v 0.16463166 0.19190991 -2.61433649
v 0.17145534 0.22621477 -2.60566092
v 0.17827898 0.22485745 -2.60566092
v 0.17145532 0.19055259 -2.60566092
v 0.16463166 0.19190991 -2.60566092
v 0.16463168 0.22485745 -2.60566092
v 0.17827897 0.19190991 -2.60566092
v 0.15884683 0.22099209 -2.60566092
v 0.18406381 0.19577515 -2.60566092
v 0.15362424 0.20838368 -2.60566092
v 0.15498154 0.21520734 -2.60566092
v 0.18792909 0.20156002 -2.60566092
v 0.15498154 0.20156002 -2.60566092
v 0.18928641 0.20838368 -2.60566092
v 0.18406381 0.22099209 -2.60566092
v 0.18792909 0.21520734 -2.60566092
v -0.18948960 0.20091450 -2.64088774
v -0.19097534 0.20838368 -2.69331527
v -0.18948962 0.20091450 -2.69331527
v -0.15193957 0.20838368 -2.64088774
v -0.15342531 0.20091450 -2.69331527
v -0.15193960 0.20838368 -2.69331527
v -0.19097531 0.20838368 -2.64088774
v -0.18948962 0.21585286 -2.69331527
v -0.15342529 0.20091450 -2.64088774
v -0.15765624 0.19458246 -2.69331527
v -0.18525866 0.22218490 -2.64088774
v -0.17892663 0.22641587 -2.69331527
v -0.18525869 0.22218490 -2.69331527
v -0.18948959 0.21585286 -2.64088774
v -0.15765622 0.19458246 -2.64088774
v -0.16398831 0.19035161 -2.69331527
v -0.17892660 0.22641587 -2.64088774
v -0.17145747 0.22790158 -2.69331527
v -0.16398829 0.19035161 -2.64088774
v -0.17145747 0.18886578 -2.69331527
v -0.17145744 0.22790158 -2.64088774
v -0.16398831 0.22641587 -2.69331527
v -0.17145745 0.18886578 -2.64088774
v -0.17892663 0.19035161 -2.69331527
v -0.16398828 0.22641587 -2.64088774
v -0.15765624 0.22218490 -2.69331527
v -0.17892662 0.19035161 -2.64088774
v -0.18525869 0.19458246 -2.69331527
v -0.15765621 0.22218490 -2.64088774
v -0.15342531 0.21585286 -2.69331527
v -0.18525867 0.19458246 -2.64088774
v -0.18108177 0.23161900 -2.64088774
v -0.17145744 0.23353338 -2.64088774
v -0.16183309 0.23161900 -2.64088774
v -0.15367393 0.22616720 -2.64088774
v -0.14822218 0.21800804 -2.64088774
v -0.15342528 0.21585286 -2.64088774
v -0.14630778 0.20838368 -2.64088774
v -0.14822219 0.19875932 -2.64088774
v -0.15367395 0.19060016 -2.64088774
v -0.16183311 0.18514848 -2.64088774
v -0.17145745 0.18323410 -2.64088774
v -0.18108182 0.18514848 -2.64088774
v -0.18924093 0.19060016 -2.64088774
v -0.19469269 0.19875932 -2.64088774
v -0.19660708 0.20838368 -2.64088774
v -0.19469267 0.21800804 -2.64088774
v -0.18924092 0.22616720 -2.64088774
v -0.19469267 0.19875932 -2.61433625
v -0.18924092 0.19060016 -2.61433625
v -0.14822218 0.21800804 -2.61433625
v -0.19660708 0.20838368 -2.61433625
v -0.14630778 0.20838368 -2.61433625
v -0.19469267 0.21800804 -2.61433625
v -0.14822218 0.19875932 -2.61433625
v -0.18108177 0.23161888 -2.61433601
v -0.18924092 0.22616720 -2.61433601
v -0.15367393 0.19060016 -2.61433625
v -0.16183309 0.18514836 -2.61433625
v -0.17145744 0.23353326 -2.61433601
v -0.17145744 0.18323398 -2.61433625
v -0.16183309 0.23161888 -2.61433601
v -0.18108180 0.18514848 -2.61433625
v -0.17145744 0.22621477 -2.61433601
v -0.17145744 0.19055259 -2.61433625
v -0.15884894 0.22099209 -2.61433601
v -0.16463378 0.22485745 -2.61433601
v -0.18406592 0.19577515 -2.61433625
v -0.17828108 0.19190991 -2.61433625
v -0.15367393 0.22616720 -2.61433601
v -0.15362635 0.20838368 -2.61433625
v -0.15498365 0.21520734 -2.61433625
v -0.18928853 0.20838368 -2.61433625
v -0.18793121 0.20156002 -2.61433625
v -0.15884894 0.19577515 -2.61433625
v -0.15498365 0.20156002 -2.61433625
v -0.18406592 0.22099209 -2.61433601
v -0.18793121 0.21520734 -2.61433625
v -0.17828108 0.22485745 -2.61433601
v -0.15884894 0.19577515 -2.60566092
v -0.16463378 0.19190991 -2.61433625
v -0.17145742 0.22621477 -2.60566092
v -0.17828107 0.22485745 -2.60566092
v -0.17145744 0.19055259 -2.60566092
v -0.16463378 0.19190991 -2.60566092
v -0.16463377 0.22485745 -2.60566092
v -0.17828108 0.19190991 -2.60566092
v -0.15884894 0.22099221 -2.60566092
v -0.18406592 0.19577515 -2.60566092
v -0.15362635 0.20838368 -2.60566092
v -0.15498365 0.21520734 -2.60566092
v -0.18793121 0.20156002 -2.60566092
v -0.15498365 0.20156002 -2.60566092
v -0.18928853 0.20838368 -2.60566092
v -0.18406592 0.22099221 -2.60566092
v -0.18793121 0.21520734 -2.60566092
v 0.18948744 -0.12705994 -2.64088774
v 0.19097313 -0.13452923 -2.69331527
v 0.18948741 -0.12706006 -2.69331527
v 0.15193741 -0.13452923 -2.64088774
v 0.15342310 -0.12705994 -2.69331527
v 0.15193740 -0.13452923 -2.69331527
v 0.19097315 -0.13452923 -2.64088774
v 0.18948741 -0.14199829 -2.69331527
v 0.15342313 -0.12705994 -2.64088774
v 0.15765403 -0.12072790 -2.69331527
v 0.18525650 -0.14833033 -2.64088774
v 0.17892443 -0.15256131 -2.69331551
v 0.18525648 -0.14833045 -2.69331551
v 0.18948743 -0.14199829 -2.64088774
v 0.15765406 -0.12072790 -2.64088774
v 0.16398610 -0.11649704 -2.69331527
v 0.17892444 -0.15256131 -2.64088774
v 0.17145526 -0.15404701 -2.69331551
v 0.16398613 -0.11649704 -2.64088774
v 0.17145526 -0.11501133 -2.69331527
v 0.17145528 -0.15404701 -2.64088774
v 0.16398610 -0.15256131 -2.69331551
v 0.17145529 -0.11501133 -2.64088774
v 0.17892443 -0.11649704 -2.69331527
v 0.16398612 -0.15256131 -2.64088774
v 0.15765403 -0.14833033 -2.69331551
v 0.17892446 -0.11649704 -2.64088774
v 0.18525648 -0.12072802 -2.69331527
v 0.15765405 -0.14833033 -2.64088774
v 0.15342310 -0.14199829 -2.69331527
v 0.18525651 -0.12072790 -2.64088774
v 0.18107961 -0.15776443 -2.64088774
v 0.17145528 -0.15967882 -2.64088774
v 0.16183093 -0.15776443 -2.64088774
v 0.15367177 -0.15231264 -2.64088774
v 0.14822002 -0.14415348 -2.64088774
v 0.15342312 -0.14199829 -2.64088774
v 0.14630562 -0.13452923 -2.64088774
v 0.14822003 -0.12490487 -2.64088774
v 0.15367179 -0.11674571 -2.64088774
v 0.16183095 -0.11129391 -2.64088774
v 0.17145529 -0.10937953 -2.64088774
v 0.18107966 -0.11129391 -2.64088774
v 0.18923877 -0.11674571 -2.64088774
v 0.19469053 -0.12490487 -2.64088774
v 0.19660492 -0.13452923 -2.64088774
v 0.19469051 -0.14415348 -2.64088774
v 0.18923876 -0.15231264 -2.64088774
v 0.19469053 -0.12490475 -2.61433625
v 0.18923877 -0.11674559 -2.61433625
v 0.14822003 -0.14415336 -2.61433625
v 0.19660494 -0.13452911 -2.61433625
v 0.14630564 -0.13452911 -2.61433625
v 0.19469053 -0.14415336 -2.61433625
v 0.14822003 -0.12490475 -2.61433625
v 0.18107963 -0.15776432 -2.61433625
v 0.18923877 -0.15231264 -2.61433625
v 0.15367179 -0.11674559 -2.61433625
v 0.16183095 -0.11129379 -2.61433625
v 0.17145529 -0.15967870 -2.61433625
v 0.17145529 -0.10937941 -2.61433625
v 0.16183095 -0.15776432 -2.61433625
v 0.18107966 -0.11129379 -2.61433625
v 0.17145529 -0.15236008 -2.61433625
v 0.17145529 -0.11669803 -2.61433625
v 0.15884680 -0.14713752 -2.61433625
v 0.16463163 -0.15100288 -2.61433625
v 0.18406378 -0.12192059 -2.61433625
v 0.17827894 -0.11805534 -2.61433625
v 0.15367179 -0.15231252 -2.61433625
v 0.15362421 -0.13452911 -2.61433625
v 0.15498151 -0.14135277 -2.61433625
v 0.18928638 -0.13452911 -2.61433625
v 0.18792906 -0.12770545 -2.61433625
v 0.15884680 -0.12192059 -2.61433625
v 0.15498151 -0.12770545 -2.61433625
v 0.18406378 -0.14713752 -2.61433625
v 0.18792906 -0.14135277 -2.61433625
v 0.17827894 -0.15100288 -2.61433625
v 0.15884680 -0.12192059 -2.60566092
v 0.16463163 -0.11805534 -2.61433625
v 0.17145529 -0.15236020 -2.60566092
v 0.17827894 -0.15100288 -2.60566092
v 0.17145531 -0.11669803 -2.60566092
v 0.16463165 -0.11805534 -2.60566092
v 0.16463163 -0.15100288 -2.60566092
v 0.17827895 -0.11805534 -2.60566092
v 0.15884680 -0.14713764 -2.60566092
v 0.18406378 -0.12192059 -2.60566092
v 0.15362421 -0.13452911 -2.60566092
v 0.15498151 -0.14135277 -2.60566092
v 0.18792906 -0.12770545 -2.60566092
v 0.15498151 -0.12770545 -2.60566092
v 0.18928638 -0.13452911 -2.60566092
v 0.18406378 -0.14713764 -2.60566092
v 0.18792906 -0.14135277 -2.60566092
v -0.18948962 -0.12705994 -2.64088774
v -0.18948965 -0.12705994 -2.69331503
v -0.19097537 -0.13452911 -2.69331503
v -0.15193962 -0.13452911 -2.64088774
v -0.15193963 -0.13452911 -2.69331503
v -0.15342534 -0.12705994 -2.69331503
v -0.19097535 -0.13452911 -2.64088774
v -0.18948965 -0.14199829 -2.69331503
v -0.15342531 -0.12705994 -2.64088774
v -0.15765627 -0.12072790 -2.69331503
v -0.18525870 -0.14833033 -2.64088774
v -0.18525872 -0.14833033 -2.69331551
v -0.17892666 -0.15256131 -2.69331551
v -0.18948963 -0.14199829 -2.64088774
v -0.15765624 -0.12072790 -2.64088774
v -0.16398834 -0.11649704 -2.69331503
v -0.17892665 -0.15256131 -2.64088774
v -0.17145750 -0.15404701 -2.69331551
v -0.16398831 -0.11649692 -2.64088774
v -0.17145750 -0.11501122 -2.69331503
v -0.17145748 -0.15404701 -2.64088774
v -0.16398834 -0.15256131 -2.69331551
v -0.17145747 -0.11501122 -2.64088774
v -0.17892666 -0.11649704 -2.69331503
v -0.16398832 -0.15256131 -2.64088774
v -0.15765627 -0.14833033 -2.69331551
v -0.17892663 -0.11649704 -2.64088774
v -0.18525872 -0.12072790 -2.69331503
v -0.15765625 -0.14833033 -2.64088774
v -0.15342534 -0.14199829 -2.69331503
v -0.18525869 -0.12072790 -2.64088774
v -0.18108182 -0.15776432 -2.64088774
v -0.17145748 -0.15967882 -2.64088774
v -0.16183314 -0.15776432 -2.64088774
v -0.15367398 -0.15231264 -2.64088774
v -0.15342532 -0.14199829 -2.64088774
v -0.14822222 -0.14415348 -2.64088774
v -0.14630783 -0.13452911 -2.64088774
v -0.14822221 -0.12490475 -2.64088774
v -0.15367396 -0.11674559 -2.64088774
v -0.16183312 -0.11129391 -2.64088774
v -0.17145747 -0.10937953 -2.64088774
v -0.18108183 -0.11129391 -2.64088774
v -0.18924095 -0.11674559 -2.64088774
v -0.19469270 -0.12490475 -2.64088774
v -0.19660713 -0.13452911 -2.64088774
v -0.19469272 -0.14415348 -2.64088774
v -0.18924096 -0.15231264 -2.64088774
v -0.19469270 -0.12490475 -2.61433601
v -0.18924095 -0.11674559 -2.61433601
v -0.14822221 -0.14415336 -2.61433601
v -0.19660711 -0.13452899 -2.61433601
v -0.14630781 -0.13452899 -2.61433601
v -0.19469270 -0.14415336 -2.61433601
v -0.14822221 -0.12490475 -2.61433601
v -0.18108180 -0.15776432 -2.61433601
v -0.18924095 -0.15231252 -2.61433601
v -0.15367396 -0.11674559 -2.61433601
v -0.16183312 -0.11129379 -2.61433601
v -0.17145747 -0.15967870 -2.61433601
v -0.17145747 -0.10937941 -2.61433601
v -0.16183312 -0.15776432 -2.61433601
v -0.18108183 -0.11129379 -2.61433601
v -0.17145747 -0.15236008 -2.61433601
v -0.17145747 -0.11669791 -2.61433601
v -0.15884897 -0.14713752 -2.61433601
v -0.16463381 -0.15100276 -2.61433601
v -0.18406595 -0.12192059 -2.61433601
v -0.17828111 -0.11805522 -2.61433601
v -0.15367396 -0.15231252 -2.61433601
v -0.15362638 -0.13452899 -2.61433601
v -0.15498368 -0.14135265 -2.61433601
v -0.18928856 -0.13452899 -2.61433601
v -0.18793124 -0.12770534 -2.61433601
v -0.15884897 -0.12192059 -2.61433601
v -0.15498368 -0.12770534 -2.61433601
v -0.18406595 -0.14713752 -2.61433601
v -0.18793124 -0.14135265 -2.61433601
v -0.17828111 -0.15100276 -2.61433601
v -0.15884897 -0.12192059 -2.60566092
v -0.16463381 -0.11805522 -2.61433601
v -0.17145747 -0.15236020 -2.60566092
v -0.17828111 -0.15100288 -2.60566092
v -0.17145745 -0.11669803 -2.60566092
v -0.16463380 -0.11805534 -2.60566092
v -0.16463381 -0.15100288 -2.60566092
v -0.17828110 -0.11805534 -2.60566092
v -0.15884897 -0.14713752 -2.60566092
v -0.18406595 -0.12192059 -2.60566092
v -0.15362638 -0.13452911 -2.60566092
v -0.15498368 -0.14135277 -2.60566092
v -0.18793124 -0.12770545 -2.60566092
v -0.15498368 -0.12770545 -2.60566092
v -0.18928856 -0.13452911 -2.60566092
v -0.18406595 -0.14713752 -2.60566092
v -0.18793124 -0.14135277 -2.60566092
vt 0.72921932 0.94714046
vt 0.72921932 0.97462171
vt 0.72522753 0.97462171
vt 0.69329286 0.94714046
vt 0.69329298 0.97462159
vt 0.68930113 0.97462147
vt 0.72522753 0.94714046
vt 0.72522753 0.97462171
vt 0.72123569 0.97462171
vt 0.68930113 0.94714046
vt 0.68930113 0.97462147
vt 0.68530935 0.97462147
vt 0.71724385 0.94714046
vt 0.71724385 0.97462171
vt 0.71325201 0.97462171
vt 0.72123569 0.94714046
vt 0.72123569 0.97462171
vt 0.71724385 0.97462171
vt 0.74917853 0.94714063
vt 0.74917853 0.97462201
vt 0.74518669 0.97462201
vt 0.71325201 0.94714046
vt 0.71325201 0.97462171
vt 0.70926017 0.97462171
vt 0.74518669 0.94714046
vt 0.74518669 0.97462201
vt 0.74119484 0.97462201
vt 0.70926017 0.94714046
vt 0.70926017 0.97462171
vt 0.70526838 0.97462159
vt 0.74119484 0.94714046
vt 0.74119484 0.97462201
vt 0.73720300 0.97462171
vt 0.70526832 0.94714046
vt 0.70526838 0.97462159
vt 0.70127654 0.97462159
vt 0.73720300 0.94714046
vt 0.73720300 0.97462171
vt 0.73321116 0.97462171
vt 0.70127648 0.94714046
vt 0.70127654 0.97462159
vt 0.69728470 0.97462159
vt 0.73321116 0.94714046
vt 0.73321116 0.97462171
vt 0.72921932 0.97462171
vt 0.95073640 0.34305885
vt 0.95355904 0.34023619
vt 0.95601362 0.34187624
vt 0.95508665 0.33654824
vt 0.95798194 0.33712417
vt 0.95601362 0.34187624
vt 0.95508665 0.33654824
vt 0.95508665 0.33255643
vt 0.95798194 0.33198053
vt 0.95355904 0.32886845
vt 0.95601362 0.32722837
vt 0.95798194 0.33198053
vt 0.95355904 0.32886845
vt 0.95073640 0.32604578
vt 0.95237643 0.32359126
vt 0.94704843 0.32451817
vt 0.94762433 0.32162288
vt 0.95237643 0.32359126
vt 0.94704843 0.32451817
vt 0.94305664 0.32451820
vt 0.94248068 0.32162288
vt 0.93936861 0.32604578
vt 0.93772852 0.32359126
vt 0.94248068 0.32162288
vt 0.93936861 0.32604578
vt 0.93654603 0.32886839
vt 0.93409145 0.32722834
vt 0.93501836 0.33255637
vt 0.93212306 0.33198044
vt 0.93409145 0.32722834
vt 0.93501836 0.33255637
vt 0.93501836 0.33654821
vt 0.93212312 0.33712411
vt 0.93654603 0.34023616
vt 0.93409145 0.34187624
vt 0.93212312 0.33712411
vt 0.93936867 0.34305882
vt 0.93772852 0.34551334
vt 0.93409145 0.34187624
vt 0.94305664 0.34458646
vt 0.94248068 0.34748173
vt 0.93772852 0.34551334
vt 0.94305664 0.34458646
vt 0.94704843 0.34458646
vt 0.94762433 0.34748176
vt 0.95073640 0.34305885
vt 0.95237643 0.34551337
vt 0.94762433 0.34748176
vt 0.81686628 0.96203327
vt 0.82200992 0.96203327
vt 0.82200992 0.97595072
vt 0.77571696 0.96203345
vt 0.77571696 0.97595084
vt 0.77057320 0.97595084
vt 0.81172258 0.96203327
vt 0.81686628 0.96203327
vt 0.81686634 0.97595072
vt 0.77057326 0.96203303
vt 0.77057320 0.97595084
vt 0.76542950 0.97595084
vt 0.80657893 0.96203327
vt 0.81172258 0.96203327
vt 0.81172264 0.97595072
vt 0.76542956 0.96203345
vt 0.76542950 0.97595084
vt 0.76028568 0.97595084
vt 0.79629165 0.96203345
vt 0.80143535 0.96203327
vt 0.80143535 0.97595072
vt 0.80143535 0.96203327
vt 0.80657893 0.96203327
vt 0.80657893 0.97595072
vt 0.84258449 0.96203345
vt 0.84258449 0.97595072
vt 0.83744085 0.97595072
vt 0.79629165 0.96203345
vt 0.79629171 0.97595084
vt 0.79114795 0.97595084
vt 0.83744085 0.96203327
vt 0.83744085 0.97595072
vt 0.83229721 0.97595072
vt 0.79114795 0.96203345
vt 0.79114795 0.97595084
vt 0.78600436 0.97595084
vt 0.83229721 0.96203327
vt 0.83229721 0.97595072
vt 0.82715356 0.97595072
vt 0.78600436 0.96203345
vt 0.78600436 0.97595084
vt 0.78086060 0.97595084
vt 0.82200992 0.96203327
vt 0.82715356 0.96203327
vt 0.82715356 0.97595072
vt 0.69728470 0.94714046
vt 0.69728470 0.97462159
vt 0.69329298 0.97462159
vt 0.89066827 0.78336173
vt 0.89443076 0.78261340
vt 0.89443076 0.78775698
vt 0.87233430 0.78700864
vt 0.86857188 0.78775698
vt 0.86857188 0.78261328
vt 0.88927269 0.79037786
vt 0.89066827 0.78700864
vt 0.89443076 0.78775698
vt 0.87372988 0.77999252
vt 0.87233430 0.78336173
vt 0.86857188 0.78261328
vt 0.88927269 0.79037786
vt 0.89246237 0.79250920
vt 0.88882518 0.79614621
vt 0.87372988 0.77999252
vt 0.87054020 0.77786130
vt 0.87417740 0.77422410
vt 0.88332474 0.79435217
vt 0.88669395 0.79295659
vt 0.88882518 0.79614621
vt 0.87967783 0.77601820
vt 0.87630862 0.77741379
vt 0.87417740 0.77422410
vt 0.88332474 0.79435217
vt 0.88407308 0.79811460
vt 0.87892950 0.79811460
vt 0.87967783 0.77601820
vt 0.87892950 0.77225578
vt 0.88407314 0.77225578
vt 0.87630862 0.79295659
vt 0.87967783 0.79435217
vt 0.87892950 0.79811460
vt 0.88669395 0.77741379
vt 0.88882530 0.77422410
vt 0.89246237 0.77786130
vt 0.88669395 0.77741379
vt 0.88332474 0.77601820
vt 0.88407314 0.77225578
vt 0.87630862 0.79295659
vt 0.87417728 0.79614621
vt 0.87054020 0.79250908
vt 0.89066827 0.78336173
vt 0.88927269 0.77999252
vt 0.89246237 0.77786130
vt 0.78086072 0.96203345
vt 0.78086060 0.97595084
vt 0.77571696 0.97595084
vt 0.78710598 0.70533836
vt 0.78710598 0.70079106
vt 0.79075289 0.70079094
vt 0.82357442 0.70533836
vt 0.81992757 0.70533836
vt 0.81992757 0.70079094
vt 0.79439980 0.70533836
vt 0.79075289 0.70533836
vt 0.79075289 0.70079094
vt 0.82722127 0.70533836
vt 0.82357442 0.70533836
vt 0.82357442 0.70079106
vt 0.79804665 0.70533836
vt 0.79439980 0.70533836
vt 0.79439980 0.70079106
vt 0.82722127 0.70533836
vt 0.82722121 0.70079094
vt 0.83086812 0.70079106
vt 0.79804665 0.70533836
vt 0.79804665 0.70079094
vt 0.80169356 0.70079082
vt 0.83086812 0.70533806
vt 0.83086812 0.70079106
vt 0.83451498 0.70079094
vt 0.80169356 0.70533806
vt 0.80169356 0.70079082
vt 0.80534035 0.70079106
vt 0.83816189 0.70533806
vt 0.83451498 0.70533806
vt 0.83451498 0.70079094
vt 0.80534035 0.70533806
vt 0.80534035 0.70079106
vt 0.80898714 0.70079106
vt 0.84180868 0.70533794
vt 0.83816189 0.70533806
vt 0.83816189 0.70079106
vt 0.80898720 0.70533836
vt 0.80898714 0.70079106
vt 0.81263393 0.70079106
vt 0.84180868 0.70533794
vt 0.84180868 0.70079094
vt 0.84545559 0.70079094
vt 0.81628078 0.70533836
vt 0.81628066 0.70079106
vt 0.81992757 0.70079094
vt 0.81263393 0.70533836
vt 0.81263393 0.70079106
vt 0.81628066 0.70079106
vt 0.87233430 0.78700864
vt 0.87372988 0.79037786
vt 0.87054020 0.79250908
vt 0.73663568 0.90177619
vt 0.73921448 0.91474020
vt 0.73524016 0.90514541
vt 0.73663568 0.90177619
vt 0.73921442 0.89919740
vt 0.73921448 0.91474020
vt 0.74258369 0.89780188
vt 0.74623054 0.91613579
vt 0.73921442 0.89919740
vt 0.75357407 0.90879226
vt 0.75217849 0.91216147
vt 0.75217849 0.90177619
vt 0.74959975 0.89919740
vt 0.75217849 0.91216147
vt 0.74623054 0.89780182
vt 0.74959975 0.91474020
vt 0.74623054 0.91613579
vt 0.74623054 0.89780182
vt 0.73921448 0.91474020
vt 0.73663568 0.91216147
vt 0.73524016 0.90514541
vt 0.73921442 0.89919740
vt 0.74258369 0.91613579
vt 0.73921448 0.91474020
vt 0.74623054 0.91613579
vt 0.74258369 0.91613579
vt 0.73921442 0.89919740
vt 0.75357407 0.90514541
vt 0.75357407 0.90879226
vt 0.75217849 0.90177619
vt 0.75217849 0.91216147
vt 0.74959975 0.89919740
vt 0.75217849 0.90177619
vt 0.75217849 0.91216147
vt 0.74959975 0.91474020
vt 0.74623054 0.89780182
vt 0.74623054 0.91613579
vt 0.74258369 0.89780188
vt 0.74623054 0.89780182
vt 0.72921932 0.94714046
vt 0.72522753 0.97462171
vt 0.72522753 0.94714046
vt 0.69329286 0.94714046
vt 0.68930113 0.97462147
vt 0.68930113 0.94714046
vt 0.72522753 0.94714046
vt 0.72123569 0.97462171
vt 0.72123569 0.94714046
vt 0.68930113 0.94714046
vt 0.68530935 0.97462147
vt 0.68530929 0.94714046
vt 0.71724385 0.94714046
vt 0.71325201 0.97462171
vt 0.71325201 0.94714046
vt 0.72123569 0.94714046
vt 0.71724385 0.97462171
vt 0.71724385 0.94714046
vt 0.74917853 0.94714063
vt 0.74518669 0.97462201
vt 0.74518669 0.94714046
vt 0.71325201 0.94714046
vt 0.70926017 0.97462171
vt 0.70926017 0.94714046
vt 0.74518669 0.94714046
vt 0.74119484 0.97462201
vt 0.74119484 0.94714046
vt 0.70926017 0.94714046
vt 0.70526838 0.97462159
vt 0.70526832 0.94714046
vt 0.74119484 0.94714046
vt 0.73720300 0.97462171
vt 0.73720300 0.94714046
vt 0.70526832 0.94714046
vt 0.70127654 0.97462159
vt 0.70127648 0.94714046
vt 0.73720300 0.94714046
vt 0.73321116 0.97462171
vt 0.73321116 0.94714046
vt 0.70127648 0.94714046
vt 0.69728470 0.97462159
vt 0.69728470 0.94714046
vt 0.73321116 0.94714046
vt 0.72921932 0.97462171
vt 0.72921932 0.94714046
vt 0.95073640 0.34305885
vt 0.95601362 0.34187624
vt 0.95237643 0.34551337
vt 0.95508665 0.33654824
vt 0.95601362 0.34187624
vt 0.95355904 0.34023619
vt 0.95508665 0.33654824
vt 0.95798194 0.33198053
vt 0.95798194 0.33712417
vt 0.95355904 0.32886845
vt 0.95798194 0.33198053
vt 0.95508665 0.33255643
vt 0.95355904 0.32886845
vt 0.95237643 0.32359126
vt 0.95601362 0.32722837
vt 0.94704843 0.32451817
vt 0.95237643 0.32359126
vt 0.95073640 0.32604578
vt 0.94704843 0.32451817
vt 0.94248068 0.32162288
vt 0.94762433 0.32162288
vt 0.93936861 0.32604578
vt 0.94248068 0.32162288
vt 0.94305664 0.32451820
vt 0.93936861 0.32604578
vt 0.93409145 0.32722834
vt 0.93772852 0.32359126
vt 0.93501836 0.33255637
vt 0.93409145 0.32722834
vt 0.93654603 0.32886839
vt 0.93501836 0.33255637
vt 0.93212312 0.33712411
vt 0.93212306 0.33198044
vt 0.93654603 0.34023616
vt 0.93212312 0.33712411
vt 0.93501836 0.33654821
vt 0.93936867 0.34305882
vt 0.93409145 0.34187624
vt 0.93654603 0.34023616
vt 0.94305664 0.34458646
vt 0.93772852 0.34551334
vt 0.93936867 0.34305882
vt 0.94305664 0.34458646
vt 0.94762433 0.34748176
vt 0.94248068 0.34748173
vt 0.95073640 0.34305885
vt 0.94762433 0.34748176
vt 0.94704843 0.34458646
vt 0.81686628 0.96203327
vt 0.82200992 0.97595072
vt 0.81686634 0.97595072
vt 0.77571696 0.96203345
vt 0.77057320 0.97595084
vt 0.77057326 0.96203303
vt 0.81172258 0.96203327
vt 0.81686634 0.97595072
vt 0.81172264 0.97595072
vt 0.77057326 0.96203303
vt 0.76542950 0.97595084
vt 0.76542956 0.96203345
vt 0.80657893 0.96203327
vt 0.81172264 0.97595072
vt 0.80657893 0.97595072
vt 0.76542956 0.96203345
vt 0.76028568 0.97595084
vt 0.76028585 0.96203327
vt 0.79629165 0.96203345
vt 0.80143535 0.97595072
vt 0.79629171 0.97595084
vt 0.80143535 0.96203327
vt 0.80657893 0.97595072
vt 0.80143535 0.97595072
vt 0.84258449 0.96203345
vt 0.83744085 0.97595072
vt 0.83744085 0.96203327
vt 0.79629165 0.96203345
vt 0.79114795 0.97595084
vt 0.79114795 0.96203345
vt 0.83744085 0.96203327
vt 0.83229721 0.97595072
vt 0.83229721 0.96203327
vt 0.79114795 0.96203345
vt 0.78600436 0.97595084
vt 0.78600436 0.96203345
vt 0.83229721 0.96203327
vt 0.82715356 0.97595072
vt 0.82715356 0.96203327
vt 0.78600436 0.96203345
vt 0.78086060 0.97595084
vt 0.78086072 0.96203345
vt 0.82200992 0.96203327
vt 0.82715356 0.97595072
vt 0.82200992 0.97595072
vt 0.69728470 0.94714046
vt 0.69329298 0.97462159
vt 0.69329286 0.94714046
vt 0.89066827 0.78336173
vt 0.89443076 0.78775698
vt 0.89066827 0.78700864
vt 0.87233430 0.78700864
vt 0.86857188 0.78261328
vt 0.87233430 0.78336173
vt 0.88927269 0.79037786
vt 0.89443076 0.78775698
vt 0.89246237 0.79250920
vt 0.87372988 0.77999252
vt 0.86857188 0.78261328
vt 0.87054020 0.77786130
vt 0.88927269 0.79037786
vt 0.88882518 0.79614621
vt 0.88669395 0.79295659
vt 0.87372988 0.77999252
vt 0.87417740 0.77422410
vt 0.87630862 0.77741379
vt 0.88332474 0.79435217
vt 0.88882518 0.79614621
vt 0.88407308 0.79811460
vt 0.87967783 0.77601820
vt 0.87417740 0.77422410
vt 0.87892950 0.77225578
vt 0.88332474 0.79435217
vt 0.87892950 0.79811460
vt 0.87967783 0.79435217
vt 0.87967783 0.77601820
vt 0.88407314 0.77225578
vt 0.88332474 0.77601820
vt 0.87630862 0.79295659
vt 0.87892950 0.79811460
vt 0.87417728 0.79614621
vt 0.88669395 0.77741379
vt 0.89246237 0.77786130
vt 0.88927269 0.77999252
vt 0.88669395 0.77741379
vt 0.88407314 0.77225578
vt 0.88882530 0.77422410
vt 0.87630862 0.79295659
vt 0.87054020 0.79250908
vt 0.87372988 0.79037786
vt 0.89066827 0.78336173
vt 0.89246237 0.77786130
vt 0.89443076 0.78261340
vt 0.78086072 0.96203345
vt 0.77571696 0.97595084
vt 0.77571696 0.96203345
vt 0.78710598 0.70533836
vt 0.79075289 0.70079094
vt 0.79075289 0.70533836
vt 0.82357442 0.70533836
vt 0.81992757 0.70079094
vt 0.82357442 0.70079106
vt 0.79439980 0.70533836
vt 0.79075289 0.70079094
vt 0.79439980 0.70079106
vt 0.82722127 0.70533836
vt 0.82357442 0.70079106
vt 0.82722121 0.70079094
vt 0.79804665 0.70533836
vt 0.79439980 0.70079106
vt 0.79804665 0.70079094
vt 0.82722127 0.70533836
vt 0.83086812 0.70079106
vt 0.83086812 0.70533806
vt 0.79804665 0.70533836
vt 0.80169356 0.70079082
vt 0.80169356 0.70533806
vt 0.83086812 0.70533806
vt 0.83451498 0.70079094
vt 0.83451498 0.70533806
vt 0.80169356 0.70533806
vt 0.80534035 0.70079106
vt 0.80534035 0.70533806
vt 0.83816189 0.70533806
vt 0.83451498 0.70079094
vt 0.83816189 0.70079106
vt 0.80534035 0.70533806
vt 0.80898714 0.70079106
vt 0.80898720 0.70533836
vt 0.84180868 0.70533794
vt 0.83816189 0.70079106
vt 0.84180868 0.70079094
vt 0.80898720 0.70533836
vt 0.81263393 0.70079106
vt 0.81263393 0.70533836
vt 0.84180868 0.70533794
vt 0.84545559 0.70079094
vt 0.84545559 0.70533794
vt 0.81628078 0.70533836
vt 0.81992757 0.70079094
vt 0.81992757 0.70533836
vt 0.81263393 0.70533836
vt 0.81628066 0.70079106
vt 0.81628078 0.70533836
vt 0.87233430 0.78700864
vt 0.87054020 0.79250908
vt 0.86857188 0.78775698
vt 0.73524016 0.90514541
vt 0.73663568 0.91216147
vt 0.73524010 0.90879226
vt 0.72921932 0.94714046
vt 0.72522753 0.97462171
vt 0.72921932 0.97462171
vt 0.69329286 0.94714046
vt 0.68930113 0.97462147
vt 0.69329298 0.97462159
vt 0.72522753 0.94714046
vt 0.72123569 0.97462171
vt 0.72522753 0.97462171
vt 0.68930113 0.94714046
vt 0.68530935 0.97462147
vt 0.68930113 0.97462147
vt 0.71724385 0.94714046
vt 0.71325201 0.97462171
vt 0.71724385 0.97462171
vt 0.72123569 0.94714046
vt 0.71724385 0.97462171
vt 0.72123569 0.97462171
vt 0.74917853 0.94714063
vt 0.74518669 0.97462201
vt 0.74917853 0.97462201
vt 0.71325201 0.94714046
vt 0.70926017 0.97462171
vt 0.71325201 0.97462171
vt 0.74518669 0.94714046
vt 0.74119484 0.97462201
vt 0.74518669 0.97462201
vt 0.70926017 0.94714046
vt 0.70526838 0.97462159
vt 0.70926017 0.97462171
vt 0.74119484 0.94714046
vt 0.73720300 0.97462171
vt 0.74119484 0.97462201
vt 0.70526832 0.94714046
vt 0.70127654 0.97462159
vt 0.70526838 0.97462159
vt 0.73720300 0.94714046
vt 0.73321116 0.97462171
vt 0.73720300 0.97462171
vt 0.70127648 0.94714046
vt 0.69728470 0.97462159
vt 0.70127654 0.97462159
vt 0.73321116 0.94714046
vt 0.72921932 0.97462171
vt 0.73321116 0.97462171
vt 0.95073640 0.34305885
vt 0.95601362 0.34187624
vt 0.95355904 0.34023619
vt 0.95508665 0.33654824
vt 0.95601362 0.34187624
vt 0.95798194 0.33712417
vt 0.95508665 0.33654824
vt 0.95798194 0.33198053
vt 0.95508665 0.33255643
vt 0.95355904 0.32886845
vt 0.95798194 0.33198053
vt 0.95601362 0.32722837
vt 0.95355904 0.32886845
vt 0.95237643 0.32359126
vt 0.95073640 0.32604578
vt 0.94704843 0.32451817
vt 0.95237643 0.32359126
vt 0.94762433 0.32162288
vt 0.94704843 0.32451817
vt 0.94248068 0.32162288
vt 0.94305664 0.32451820
vt 0.93936861 0.32604578
vt 0.94248068 0.32162288
vt 0.93772852 0.32359126
vt 0.93936861 0.32604578
vt 0.93409145 0.32722834
vt 0.93654603 0.32886839
vt 0.93501836 0.33255637
vt 0.93409145 0.32722834
vt 0.93212306 0.33198044
vt 0.93501836 0.33255637
vt 0.93212312 0.33712411
vt 0.93501836 0.33654821
vt 0.93654603 0.34023616
vt 0.93212312 0.33712411
vt 0.93409145 0.34187624
vt 0.93936867 0.34305882
vt 0.93409145 0.34187624
vt 0.93772852 0.34551334
vt 0.94305664 0.34458646
vt 0.93772852 0.34551334
vt 0.94248068 0.34748173
vt 0.94305664 0.34458646
vt 0.94762433 0.34748176
vt 0.94704843 0.34458646
vt 0.95073640 0.34305885
vt 0.94762433 0.34748176
vt 0.95237643 0.34551337
vt 0.81686628 0.96203327
vt 0.82200992 0.97595072
vt 0.82200992 0.96203327
vt 0.77571696 0.96203345
vt 0.77057320 0.97595084
vt 0.77571696 0.97595084
vt 0.81172258 0.96203327
vt 0.81686634 0.97595072
vt 0.81686628 0.96203327
vt 0.77057326 0.96203303
vt 0.76542950 0.97595084
vt 0.77057320 0.97595084
vt 0.80657893 0.96203327
vt 0.81172264 0.97595072
vt 0.81172258 0.96203327
vt 0.76542956 0.96203345
vt 0.76028568 0.97595084
vt 0.76542950 0.97595084
vt 0.79629165 0.96203345
vt 0.80143535 0.97595072
vt 0.80143535 0.96203327
vt 0.80143535 0.96203327
vt 0.80657893 0.97595072
vt 0.80657893 0.96203327
vt 0.84258449 0.96203345
vt 0.83744085 0.97595072
vt 0.84258449 0.97595072
vt 0.79629165 0.96203345
vt 0.79114795 0.97595084
vt 0.79629171 0.97595084
vt 0.83744085 0.96203327
vt 0.83229721 0.97595072
vt 0.83744085 0.97595072
vt 0.79114795 0.96203345
vt 0.78600436 0.97595084
vt 0.79114795 0.97595084
vt 0.83229721 0.96203327
vt 0.82715356 0.97595072
vt 0.83229721 0.97595072
vt 0.78600436 0.96203345
vt 0.78086060 0.97595084
vt 0.78600436 0.97595084
vt 0.82200992 0.96203327
vt 0.82715356 0.97595072
vt 0.82715356 0.96203327
vt 0.69728470 0.94714046
vt 0.69329298 0.97462159
vt 0.69728470 0.97462159
vt 0.89066827 0.78336173
vt 0.89443076 0.78775698
vt 0.89443076 0.78261340
vt 0.87233430 0.78700864
vt 0.86857188 0.78261328
vt 0.86857188 0.78775698
vt 0.88927269 0.79037786
vt 0.89443076 0.78775698
vt 0.89066827 0.78700864
vt 0.87372988 0.77999252
vt 0.86857188 0.78261328
vt 0.87233430 0.78336173
vt 0.88927269 0.79037786
vt 0.88882518 0.79614621
vt 0.89246237 0.79250920
vt 0.87372988 0.77999252
vt 0.87417740 0.77422410
vt 0.87054020 0.77786130
vt 0.88332474 0.79435217
vt 0.88882518 0.79614621
vt 0.88669395 0.79295659
vt 0.87967783 0.77601820
vt 0.87417740 0.77422410
vt 0.87630862 0.77741379
vt 0.88332474 0.79435217
vt 0.87892950 0.79811460
vt 0.88407308 0.79811460
vt 0.87967783 0.77601820
vt 0.88407314 0.77225578
vt 0.87892950 0.77225578
vt 0.87630862 0.79295659
vt 0.87892950 0.79811460
vt 0.87967783 0.79435217
vt 0.88669395 0.77741379
vt 0.89246237 0.77786130
vt 0.88882530 0.77422410
vt 0.88669395 0.77741379
vt 0.88407314 0.77225578
vt 0.88332474 0.77601820
vt 0.87630862 0.79295659
vt 0.87054020 0.79250908
vt 0.87417728 0.79614621
vt 0.89066827 0.78336173
vt 0.89246237 0.77786130
vt 0.88927269 0.77999252
vt 0.78086072 0.96203345
vt 0.77571696 0.97595084
vt 0.78086060 0.97595084
vt 0.78710598 0.70533836
vt 0.79075289 0.70079094
vt 0.78710598 0.70079106
vt 0.82357442 0.70533836
vt 0.81992757 0.70079094
vt 0.81992757 0.70533836
vt 0.79439980 0.70533836
vt 0.79075289 0.70079094
vt 0.79075289 0.70533836
vt 0.82722127 0.70533836
vt 0.82357442 0.70079106
vt 0.82357442 0.70533836
vt 0.79804665 0.70533836
vt 0.79439980 0.70079106
vt 0.79439980 0.70533836
vt 0.82722127 0.70533836
vt 0.83086812 0.70079106
vt 0.82722121 0.70079094
vt 0.79804665 0.70533836
vt 0.80169356 0.70079082
vt 0.79804665 0.70079094
vt 0.83086812 0.70533806
vt 0.83451498 0.70079094
vt 0.83086812 0.70079106
vt 0.80169356 0.70533806
vt 0.80534035 0.70079106
vt 0.80169356 0.70079082
vt 0.83816189 0.70533806
vt 0.83451498 0.70079094
vt 0.83451498 0.70533806
vt 0.80534035 0.70533806
vt 0.80898714 0.70079106
vt 0.80534035 0.70079106
vt 0.84180868 0.70533794
vt 0.83816189 0.70079106
vt 0.83816189 0.70533806
vt 0.80898720 0.70533836
vt 0.81263393 0.70079106
vt 0.80898714 0.70079106
vt 0.84180868 0.70533794
vt 0.84545559 0.70079094
vt 0.84180868 0.70079094
vt 0.81628078 0.70533836
vt 0.81992757 0.70079094
vt 0.81628066 0.70079106
vt 0.81263393 0.70533836
vt 0.81628066 0.70079106
vt 0.81263393 0.70079106
vt 0.87233430 0.78700864
vt 0.87054020 0.79250908
vt 0.87372988 0.79037786
vt 0.73663568 0.90177619
vt 0.73524016 0.90514541
vt 0.73921448 0.91474020
vt 0.73663568 0.90177619
vt 0.73921448 0.91474020
vt 0.73921442 0.89919740
vt 0.74258369 0.89780188
vt 0.73921442 0.89919740
vt 0.74623054 0.91613579
vt 0.75357407 0.90879226
vt 0.75217849 0.90177619
vt 0.75217849 0.91216147
vt 0.74959975 0.89919740
vt 0.74623054 0.89780182
vt 0.75217849 0.91216147
vt 0.74959975 0.91474020
vt 0.74623054 0.89780182
vt 0.74623054 0.91613579
vt 0.73921448 0.91474020
vt 0.73524016 0.90514541
vt 0.73663568 0.91216147
vt 0.73921442 0.89919740
vt 0.73921448 0.91474020
vt 0.74258369 0.91613579
vt 0.74623054 0.91613579
vt 0.73921442 0.89919740
vt 0.74258369 0.91613579
vt 0.75357407 0.90514541
vt 0.75217849 0.90177619
vt 0.75357407 0.90879226
vt 0.75217849 0.91216147
vt 0.75217849 0.90177619
vt 0.74959975 0.89919740
vt 0.75217849 0.91216147
vt 0.74623054 0.89780182
vt 0.74959975 0.91474020
vt 0.74623054 0.91613579
vt 0.74623054 0.89780182
vt 0.74258369 0.89780188
vt 0.72921932 0.94714046
vt 0.72522753 0.94714046
vt 0.72522753 0.97462171
vt 0.69329286 0.94714046
vt 0.68930113 0.94714046
vt 0.68930113 0.97462147
vt 0.72522753 0.94714046
vt 0.72123569 0.94714046
vt 0.72123569 0.97462171
vt 0.68930113 0.94714046
vt 0.68530929 0.94714046
vt 0.68530935 0.97462147
vt 0.71724385 0.94714046
vt 0.71325201 0.94714046
vt 0.71325201 0.97462171
vt 0.72123569 0.94714046
vt 0.71724385 0.94714046
vt 0.71724385 0.97462171
vt 0.74917853 0.94714063
vt 0.74518669 0.94714046
vt 0.74518669 0.97462201
vt 0.71325201 0.94714046
vt 0.70926017 0.94714046
vt 0.70926017 0.97462171
vt 0.74518669 0.94714046
vt 0.74119484 0.94714046
vt 0.74119484 0.97462201
vt 0.70926017 0.94714046
vt 0.70526832 0.94714046
vt 0.70526838 0.97462159
vt 0.74119484 0.94714046
vt 0.73720300 0.94714046
vt 0.73720300 0.97462171
vt 0.70526832 0.94714046
vt 0.70127648 0.94714046
vt 0.70127654 0.97462159
vt 0.73720300 0.94714046
vt 0.73321116 0.94714046
vt 0.73321116 0.97462171
vt 0.70127648 0.94714046
vt 0.69728470 0.94714046
vt 0.69728470 0.97462159
vt 0.73321116 0.94714046
vt 0.72921932 0.94714046
vt 0.72921932 0.97462171
vt 0.95073640 0.34305885
vt 0.95237643 0.34551337
vt 0.95601362 0.34187624
vt 0.95508665 0.33654824
vt 0.95355904 0.34023619
vt 0.95601362 0.34187624
vt 0.95508665 0.33654824
vt 0.95798194 0.33712417
vt 0.95798194 0.33198053
vt 0.95355904 0.32886845
vt 0.95508665 0.33255643
vt 0.95798194 0.33198053
vt 0.95355904 0.32886845
vt 0.95601362 0.32722837
vt 0.95237643 0.32359126
vt 0.94704843 0.32451817
vt 0.95073640 0.32604578
vt 0.95237643 0.32359126
vt 0.94704843 0.32451817
vt 0.94762433 0.32162288
vt 0.94248068 0.32162288
vt 0.93936861 0.32604578
vt 0.94305664 0.32451820
vt 0.94248068 0.32162288
vt 0.93936861 0.32604578
vt 0.93772852 0.32359126
vt 0.93409145 0.32722834
vt 0.93501836 0.33255637
vt 0.93654603 0.32886839
vt 0.93409145 0.32722834
vt 0.93501836 0.33255637
vt 0.93212306 0.33198044
vt 0.93212312 0.33712411
vt 0.93654603 0.34023616
vt 0.93501836 0.33654821
vt 0.93212312 0.33712411
vt 0.93936867 0.34305882
vt 0.93654603 0.34023616
vt 0.93409145 0.34187624
vt 0.94305664 0.34458646
vt 0.93936867 0.34305882
vt 0.93772852 0.34551334
vt 0.94305664 0.34458646
vt 0.94248068 0.34748173
vt 0.94762433 0.34748176
vt 0.95073640 0.34305885
vt 0.94704843 0.34458646
vt 0.94762433 0.34748176
vt 0.81686628 0.96203327
vt 0.81686634 0.97595072
vt 0.82200992 0.97595072
vt 0.77571696 0.96203345
vt 0.77057326 0.96203303
vt 0.77057320 0.97595084
vt 0.81172258 0.96203327
vt 0.81172264 0.97595072
vt 0.81686634 0.97595072
vt 0.77057326 0.96203303
vt 0.76542956 0.96203345
vt 0.76542950 0.97595084
vt 0.80657893 0.96203327
vt 0.80657893 0.97595072
vt 0.81172264 0.97595072
vt 0.76542956 0.96203345
vt 0.76028585 0.96203327
vt 0.76028568 0.97595084
vt 0.79629165 0.96203345
vt 0.79629171 0.97595084
vt 0.80143535 0.97595072
vt 0.80143535 0.96203327
vt 0.80143535 0.97595072
vt 0.80657893 0.97595072
vt 0.84258449 0.96203345
vt 0.83744085 0.96203327
vt 0.83744085 0.97595072
vt 0.79629165 0.96203345
vt 0.79114795 0.96203345
vt 0.79114795 0.97595084
vt 0.83744085 0.96203327
vt 0.83229721 0.96203327
vt 0.83229721 0.97595072
vt 0.79114795 0.96203345
vt 0.78600436 0.96203345
vt 0.78600436 0.97595084
vt 0.83229721 0.96203327
vt 0.82715356 0.96203327
vt 0.82715356 0.97595072
vt 0.78600436 0.96203345
vt 0.78086072 0.96203345
vt 0.78086060 0.97595084
vt 0.82200992 0.96203327
vt 0.82200992 0.97595072
vt 0.82715356 0.97595072
vt 0.69728470 0.94714046
vt 0.69329286 0.94714046
vt 0.69329298 0.97462159
vt 0.89066827 0.78336173
vt 0.89066827 0.78700864
vt 0.89443076 0.78775698
vt 0.87233430 0.78700864
vt 0.87233430 0.78336173
vt 0.86857188 0.78261328
vt 0.88927269 0.79037786
vt 0.89246237 0.79250920
vt 0.89443076 0.78775698
vt 0.87372988 0.77999252
vt 0.87054020 0.77786130
vt 0.86857188 0.78261328
vt 0.88927269 0.79037786
vt 0.88669395 0.79295659
vt 0.88882518 0.79614621
vt 0.87372988 0.77999252
vt 0.87630862 0.77741379
vt 0.87417740 0.77422410
vt 0.88332474 0.79435217
vt 0.88407308 0.79811460
vt 0.88882518 0.79614621
vt 0.87967783 0.77601820
vt 0.87892950 0.77225578
vt 0.87417740 0.77422410
vt 0.88332474 0.79435217
vt 0.87967783 0.79435217
vt 0.87892950 0.79811460
vt 0.87967783 0.77601820
vt 0.88332474 0.77601820
vt 0.88407314 0.77225578
vt 0.87630862 0.79295659
vt 0.87417728 0.79614621
vt 0.87892950 0.79811460
vt 0.88669395 0.77741379
vt 0.88927269 0.77999252
vt 0.89246237 0.77786130
vt 0.88669395 0.77741379
vt 0.88882530 0.77422410
vt 0.88407314 0.77225578
vt 0.87630862 0.79295659
vt 0.87372988 0.79037786
vt 0.87054020 0.79250908
vt 0.89066827 0.78336173
vt 0.89443076 0.78261340
vt 0.89246237 0.77786130
vt 0.78086072 0.96203345
vt 0.77571696 0.96203345
vt 0.77571696 0.97595084
vt 0.78710598 0.70533836
vt 0.79075289 0.70533836
vt 0.79075289 0.70079094
vt 0.82357442 0.70533836
vt 0.82357442 0.70079106
vt 0.81992757 0.70079094
vt 0.79439980 0.70533836
vt 0.79439980 0.70079106
vt 0.79075289 0.70079094
vt 0.82722127 0.70533836
vt 0.82722121 0.70079094
vt 0.82357442 0.70079106
vt 0.79804665 0.70533836
vt 0.79804665 0.70079094
vt 0.79439980 0.70079106
vt 0.82722127 0.70533836
vt 0.83086812 0.70533806
vt 0.83086812 0.70079106
vt 0.79804665 0.70533836
vt 0.80169356 0.70533806
vt 0.80169356 0.70079082
vt 0.83086812 0.70533806
vt 0.83451498 0.70533806
vt 0.83451498 0.70079094
vt 0.80169356 0.70533806
vt 0.80534035 0.70533806
vt 0.80534035 0.70079106
vt 0.83816189 0.70533806
vt 0.83816189 0.70079106
vt 0.83451498 0.70079094
vt 0.80534035 0.70533806
vt 0.80898720 0.70533836
vt 0.80898714 0.70079106
vt 0.84180868 0.70533794
vt 0.84180868 0.70079094
vt 0.83816189 0.70079106
vt 0.80898720 0.70533836
vt 0.81263393 0.70533836
vt 0.81263393 0.70079106
vt 0.84180868 0.70533794
vt 0.84545559 0.70533794
vt 0.84545559 0.70079094
vt 0.81628078 0.70533836
vt 0.81992757 0.70533836
vt 0.81992757 0.70079094
vt 0.81263393 0.70533836
vt 0.81628078 0.70533836
vt 0.81628066 0.70079106
vt 0.87233430 0.78700864
vt 0.86857188 0.78775698
vt 0.87054020 0.79250908
vt 0.73524016 0.90514541
vt 0.73524010 0.90879226
vt 0.73663568 0.91216147
vt 0.72921932 0.94714046
vt 0.72522753 0.97462171
vt 0.72921932 0.97462171
vt 0.69329286 0.94714046
vt 0.68930113 0.97462147
vt 0.69329298 0.97462159
vt 0.72522753 0.94714046
vt 0.72123569 0.97462171
vt 0.72522753 0.97462171
vt 0.68930113 0.94714046
vt 0.68530935 0.97462147
vt 0.68930113 0.97462147
vt 0.71724385 0.94714046
vt 0.71325201 0.97462171
vt 0.71724385 0.97462171
vt 0.72123569 0.94714046
vt 0.71724385 0.97462171
vt 0.72123569 0.97462171
vt 0.74917853 0.94714063
vt 0.74518669 0.97462201
vt 0.74917853 0.97462201
vt 0.71325201 0.94714046
vt 0.70926017 0.97462171
vt 0.71325201 0.97462171
vt 0.74518669 0.94714046
vt 0.74119484 0.97462201
vt 0.74518669 0.97462201
vt 0.70926017 0.94714046
vt 0.70526838 0.97462159
vt 0.70926017 0.97462171
vt 0.74119484 0.94714046
vt 0.73720300 0.97462171
vt 0.74119484 0.97462201
vt 0.70526832 0.94714046
vt 0.70127654 0.97462159
vt 0.70526838 0.97462159
vt 0.73720300 0.94714046
vt 0.73321116 0.97462171
vt 0.73720300 0.97462171
vt 0.70127648 0.94714046
vt 0.69728470 0.97462159
vt 0.70127654 0.97462159
vt 0.73321116 0.94714046
vt 0.72921932 0.97462171
vt 0.73321116 0.97462171
vt 0.95073640 0.34305885
vt 0.95601362 0.34187624
vt 0.95355904 0.34023619
vt 0.95508665 0.33654824
vt 0.95601362 0.34187624
vt 0.95798194 0.33712417
vt 0.95508665 0.33654824
vt 0.95798194 0.33198053
vt 0.95508665 0.33255643
vt 0.95355904 0.32886845
vt 0.95798194 0.33198053
vt 0.95601362 0.32722837
vt 0.95355904 0.32886845
vt 0.95237643 0.32359126
vt 0.95073640 0.32604578
vt 0.94704843 0.32451817
vt 0.95237643 0.32359126
vt 0.94762433 0.32162288
vt 0.94704843 0.32451817
vt 0.94248068 0.32162288
vt 0.94305664 0.32451820
vt 0.93936861 0.32604578
vt 0.94248068 0.32162288
vt 0.93772852 0.32359126
vt 0.93936861 0.32604578
vt 0.93409145 0.32722834
vt 0.93654603 0.32886839
vt 0.93501836 0.33255637
vt 0.93409145 0.32722834
vt 0.93212306 0.33198044
vt 0.93501836 0.33255637
vt 0.93212312 0.33712411
vt 0.93501836 0.33654821
vt 0.93654603 0.34023616
vt 0.93212312 0.33712411
vt 0.93409145 0.34187624
vt 0.93936867 0.34305882
vt 0.93409145 0.34187624
vt 0.93772852 0.34551334
vt 0.94305664 0.34458646
vt 0.93772852 0.34551334
vt 0.94248068 0.34748173
vt 0.94305664 0.34458646
vt 0.94762433 0.34748176
vt 0.94704843 0.34458646
vt 0.95073640 0.34305885
vt 0.94762433 0.34748176
vt 0.95237643 0.34551337
vt 0.81686628 0.96203327
vt 0.82200992 0.97595072
vt 0.82200992 0.96203327
vt 0.77571696 0.96203345
vt 0.77057320 0.97595084
vt 0.77571696 0.97595084
vt 0.81172258 0.96203327
vt 0.81686634 0.97595072
vt 0.81686628 0.96203327
vt 0.77057326 0.96203303
vt 0.76542950 0.97595084
vt 0.77057320 0.97595084
vt 0.80657893 0.96203327
vt 0.81172264 0.97595072
vt 0.81172258 0.96203327
vt 0.76542956 0.96203345
vt 0.76028568 0.97595084
vt 0.76542950 0.97595084
vt 0.79629165 0.96203345
vt 0.80143535 0.97595072
vt 0.80143535 0.96203327
vt 0.80143535 0.96203327
vt 0.80657893 0.97595072
vt 0.80657893 0.96203327
vt 0.84258449 0.96203345
vt 0.83744085 0.97595072
vt 0.84258449 0.97595072
vt 0.79629165 0.96203345
vt 0.79114795 0.97595084
vt 0.79629171 0.97595084
vt 0.83744085 0.96203327
vt 0.83229721 0.97595072
vt 0.83744085 0.97595072
vt 0.79114795 0.96203345
vt 0.78600436 0.97595084
vt 0.79114795 0.97595084
vt 0.83229721 0.96203327
vt 0.82715356 0.97595072
vt 0.83229721 0.97595072
vt 0.78600436 0.96203345
vt 0.78086060 0.97595084
vt 0.78600436 0.97595084
vt 0.82200992 0.96203327
vt 0.82715356 0.97595072
vt 0.82715356 0.96203327
vt 0.69728470 0.94714046
vt 0.69329298 0.97462159
vt 0.69728470 0.97462159
vt 0.89066827 0.78336173
vt 0.89443076 0.78775698
vt 0.89443076 0.78261340
vt 0.87233430 0.78700864
vt 0.86857188 0.78261328
vt 0.86857188 0.78775698
vt 0.88927269 0.79037786
vt 0.89443076 0.78775698
vt 0.89066827 0.78700864
vt 0.87372988 0.77999252
vt 0.86857188 0.78261328
vt 0.87233430 0.78336173
vt 0.88927269 0.79037786
vt 0.88882518 0.79614621
vt 0.89246237 0.79250920
vt 0.87372988 0.77999252
vt 0.87417740 0.77422410
vt 0.87054020 0.77786130
vt 0.88332474 0.79435217
vt 0.88882518 0.79614621
vt 0.88669395 0.79295659
vt 0.87967783 0.77601820
vt 0.87417740 0.77422410
vt 0.87630862 0.77741379
vt 0.88332474 0.79435217
vt 0.87892950 0.79811460
vt 0.88407308 0.79811460
vt 0.87967783 0.77601820
vt 0.88407314 0.77225578
vt 0.87892950 0.77225578
vt 0.87630862 0.79295659
vt 0.87892950 0.79811460
vt 0.87967783 0.79435217
vt 0.88669395 0.77741379
vt 0.89246237 0.77786130
vt 0.88882530 0.77422410
vt 0.88669395 0.77741379
vt 0.88407314 0.77225578
vt 0.88332474 0.77601820
vt 0.87630862 0.79295659
vt 0.87054020 0.79250908
vt 0.87417728 0.79614621
vt 0.89066827 0.78336173
vt 0.89246237 0.77786130
vt 0.88927269 0.77999252
vt 0.78086072 0.96203345
vt 0.77571696 0.97595084
vt 0.78086060 0.97595084
vt 0.78710598 0.70533836
vt 0.79075289 0.70079094
vt 0.78710598 0.70079106
vt 0.82357442 0.70533836
vt 0.81992757 0.70079094
vt 0.81992757 0.70533836
vt 0.79439980 0.70533836
vt 0.79075289 0.70079094
vt 0.79075289 0.70533836
vt 0.82722127 0.70533836
vt 0.82357442 0.70079106
vt 0.82357442 0.70533836
vt 0.79804665 0.70533836
vt 0.79439980 0.70079106
vt 0.79439980 0.70533836
vt 0.82722127 0.70533836
vt 0.83086812 0.70079106
vt 0.82722121 0.70079094
vt 0.79804665 0.70533836
vt 0.80169356 0.70079082
vt 0.79804665 0.70079094
vt 0.83086812 0.70533806
vt 0.83451498 0.70079094
vt 0.83086812 0.70079106
vt 0.80169356 0.70533806
vt 0.80534035 0.70079106
vt 0.80169356 0.70079082
vt 0.83816189 0.70533806
vt 0.83451498 0.70079094
vt 0.83451498 0.70533806
vt 0.80534035 0.70533806
vt 0.80898714 0.70079106
vt 0.80534035 0.70079106
vt 0.84180868 0.70533794
vt 0.83816189 0.70079106
vt 0.83816189 0.70533806
vt 0.80898720 0.70533836
vt 0.81263393 0.70079106
vt 0.80898714 0.70079106
vt 0.84180868 0.70533794
vt 0.84545559 0.70079094
vt 0.84180868 0.70079094
vt 0.81628078 0.70533836
vt 0.81992757 0.70079094
vt 0.81628066 0.70079106
vt 0.81263393 0.70533836
vt 0.81628066 0.70079106
vt 0.81263393 0.70079106
vt 0.87233430 0.78700864
vt 0.87054020 0.79250908
vt 0.87372988 0.79037786
vt 0.73663568 0.90177619
vt 0.73524016 0.90514541
vt 0.73921448 0.91474020
vt 0.73663568 0.90177619
vt 0.73921448 0.91474020
vt 0.73921442 0.89919740
vt 0.74258369 0.89780188
vt 0.73921442 0.89919740
vt 0.74623054 0.91613579
vt 0.75357407 0.90879226
vt 0.75217849 0.90177619
vt 0.75217849 0.91216147
vt 0.74959975 0.89919740
vt 0.74623054 0.89780182
vt 0.75217849 0.91216147
vt 0.74959975 0.91474020
vt 0.74623054 0.89780182
vt 0.74623054 0.91613579
vt 0.73921448 0.91474020
vt 0.73524016 0.90514541
vt 0.73663568 0.91216147
vt 0.73921442 0.89919740
vt 0.73921448 0.91474020
vt 0.74258369 0.91613579
vt 0.74623054 0.91613579
vt 0.73921442 0.89919740
vt 0.74258369 0.91613579
vt 0.75357407 0.90514541
vt 0.75217849 0.90177619
vt 0.75357407 0.90879226
vt 0.75217849 0.91216147
vt 0.75217849 0.90177619
vt 0.74959975 0.89919740
vt 0.75217849 0.91216147
vt 0.74623054 0.89780182
vt 0.74959975 0.91474020
vt 0.74623054 0.91613579
vt 0.74623054 0.89780182
vt 0.74258369 0.89780188
vt 0.72921932 0.94714046
vt 0.72522753 0.94714046
vt 0.72522753 0.97462171
vt 0.69329286 0.94714046
vt 0.68930113 0.94714046
vt 0.68930113 0.97462147
vt 0.72522753 0.94714046
vt 0.72123569 0.94714046
vt 0.72123569 0.97462171
vt 0.68930113 0.94714046
vt 0.68530929 0.94714046
vt 0.68530935 0.97462147
vt 0.71724385 0.94714046
vt 0.71325201 0.94714046
vt 0.71325201 0.97462171
vt 0.72123569 0.94714046
vt 0.71724385 0.94714046
vt 0.71724385 0.97462171
vt 0.74917853 0.94714063
vt 0.74518669 0.94714046
vt 0.74518669 0.97462201
vt 0.71325201 0.94714046
vt 0.70926017 0.94714046
vt 0.70926017 0.97462171
vt 0.74518669 0.94714046
vt 0.74119484 0.94714046
vt 0.74119484 0.97462201
vt 0.70926017 0.94714046
vt 0.70526832 0.94714046
vt 0.70526838 0.97462159
vt 0.74119484 0.94714046
vt 0.73720300 0.94714046
vt 0.73720300 0.97462171
vt 0.70526832 0.94714046
vt 0.70127648 0.94714046
vt 0.70127654 0.97462159
vt 0.73720300 0.94714046
vt 0.73321116 0.94714046
vt 0.73321116 0.97462171
vt 0.70127648 0.94714046
vt 0.69728470 0.94714046
vt 0.69728470 0.97462159
vt 0.73321116 0.94714046
vt 0.72921932 0.94714046
vt 0.72921932 0.97462171
vt 0.95073640 0.34305885
vt 0.95237643 0.34551337
vt 0.95601362 0.34187624
vt 0.95508665 0.33654824
vt 0.95355904 0.34023619
vt 0.95601362 0.34187624
vt 0.95508665 0.33654824
vt 0.95798194 0.33712417
vt 0.95798194 0.33198053
vt 0.95355904 0.32886845
vt 0.95508665 0.33255643
vt 0.95798194 0.33198053
vt 0.95355904 0.32886845
vt 0.95601362 0.32722837
vt 0.95237643 0.32359126
vt 0.94704843 0.32451817
vt 0.95073640 0.32604578
vt 0.95237643 0.32359126
vt 0.94704843 0.32451817
vt 0.94762433 0.32162288
vt 0.94248068 0.32162288
vt 0.93936861 0.32604578
vt 0.94305664 0.32451820
vt 0.94248068 0.32162288
vt 0.93936861 0.32604578
vt 0.93772852 0.32359126
vt 0.93409145 0.32722834
vt 0.93501836 0.33255637
vt 0.93654603 0.32886839
vt 0.93409145 0.32722834
vt 0.93501836 0.33255637
vt 0.93212306 0.33198044
vt 0.93212312 0.33712411
vt 0.93654603 0.34023616
vt 0.93501836 0.33654821
vt 0.93212312 0.33712411
vt 0.93936867 0.34305882
vt 0.93654603 0.34023616
vt 0.93409145 0.34187624
vt 0.94305664 0.34458646
vt 0.93936867 0.34305882
vt 0.93772852 0.34551334
vt 0.94305664 0.34458646
vt 0.94248068 0.34748173
vt 0.94762433 0.34748176
vt 0.95073640 0.34305885
vt 0.94704843 0.34458646
vt 0.94762433 0.34748176
vt 0.81686628 0.96203327
vt 0.81686634 0.97595072
vt 0.82200992 0.97595072
vt 0.77571696 0.96203345
vt 0.77057326 0.96203303
vt 0.77057320 0.97595084
vt 0.81172258 0.96203327
vt 0.81172264 0.97595072
vt 0.81686634 0.97595072
vt 0.77057326 0.96203303
vt 0.76542956 0.96203345
vt 0.76542950 0.97595084
vt 0.80657893 0.96203327
vt 0.80657893 0.97595072
vt 0.81172264 0.97595072
vt 0.76542956 0.96203345
vt 0.76028585 0.96203327
vt 0.76028568 0.97595084
vt 0.79629165 0.96203345
vt 0.79629171 0.97595084
vt 0.80143535 0.97595072
vt 0.80143535 0.96203327
vt 0.80143535 0.97595072
vt 0.80657893 0.97595072
vt 0.84258449 0.96203345
vt 0.83744085 0.96203327
vt 0.83744085 0.97595072
vt 0.79629165 0.96203345
vt 0.79114795 0.96203345
vt 0.79114795 0.97595084
vt 0.83744085 0.96203327
vt 0.83229721 0.96203327
vt 0.83229721 0.97595072
vt 0.79114795 0.96203345
vt 0.78600436 0.96203345
vt 0.78600436 0.97595084
vt 0.83229721 0.96203327
vt 0.82715356 0.96203327
vt 0.82715356 0.97595072
vt 0.78600436 0.96203345
vt 0.78086072 0.96203345
vt 0.78086060 0.97595084
vt 0.82200992 0.96203327
vt 0.82200992 0.97595072
vt 0.82715356 0.97595072
vt 0.69728470 0.94714046
vt 0.69329286 0.94714046
vt 0.69329298 0.97462159
vt 0.89066827 0.78336173
vt 0.89066827 0.78700864
vt 0.89443076 0.78775698
vt 0.87233430 0.78700864
vt 0.87233430 0.78336173
vt 0.86857188 0.78261328
vt 0.88927269 0.79037786
vt 0.89246237 0.79250920
vt 0.89443076 0.78775698
vt 0.87372988 0.77999252
vt 0.87054020 0.77786130
vt 0.86857188 0.78261328
vt 0.88927269 0.79037786
vt 0.88669395 0.79295659
vt 0.88882518 0.79614621
vt 0.87372988 0.77999252
vt 0.87630862 0.77741379
vt 0.87417740 0.77422410
vt 0.88332474 0.79435217
vt 0.88407308 0.79811460
vt 0.88882518 0.79614621
vt 0.87967783 0.77601820
vt 0.87892950 0.77225578
vt 0.87417740 0.77422410
vt 0.88332474 0.79435217
vt 0.87967783 0.79435217
vt 0.87892950 0.79811460
vt 0.87967783 0.77601820
vt 0.88332474 0.77601820
vt 0.88407314 0.77225578
vt 0.87630862 0.79295659
vt 0.87417728 0.79614621
vt 0.87892950 0.79811460
vt 0.88669395 0.77741379
vt 0.88927269 0.77999252
vt 0.89246237 0.77786130
vt 0.88669395 0.77741379
vt 0.88882530 0.77422410
vt 0.88407314 0.77225578
vt 0.87630862 0.79295659
vt 0.87372988 0.79037786
vt 0.87054020 0.79250908
vt 0.89066827 0.78336173
vt 0.89443076 0.78261340
vt 0.89246237 0.77786130
vt 0.78086072 0.96203345
vt 0.77571696 0.96203345
vt 0.77571696 0.97595084
vt 0.78710598 0.70533836
vt 0.79075289 0.70533836
vt 0.79075289 0.70079094
vt 0.82357442 0.70533836
vt 0.82357442 0.70079106
vt 0.81992757 0.70079094
vt 0.79439980 0.70533836
vt 0.79439980 0.70079106
vt 0.79075289 0.70079094
vt 0.82722127 0.70533836
vt 0.82722121 0.70079094
vt 0.82357442 0.70079106
vt 0.79804665 0.70533836
vt 0.79804665 0.70079094
vt 0.79439980 0.70079106
vt 0.82722127 0.70533836
vt 0.83086812 0.70533806
vt 0.83086812 0.70079106
vt 0.79804665 0.70533836
vt 0.80169356 0.70533806
vt 0.80169356 0.70079082
vt 0.83086812 0.70533806
vt 0.83451498 0.70533806
vt 0.83451498 0.70079094
vt 0.80169356 0.70533806
vt 0.80534035 0.70533806
vt 0.80534035 0.70079106
vt 0.83816189 0.70533806
vt 0.83816189 0.70079106
vt 0.83451498 0.70079094
vt 0.80534035 0.70533806
vt 0.80898720 0.70533836
vt 0.80898714 0.70079106
vt 0.84180868 0.70533794
vt 0.84180868 0.70079094
vt 0.83816189 0.70079106
vt 0.80898720 0.70533836
vt 0.81263393 0.70533836
vt 0.81263393 0.70079106
vt 0.84180868 0.70533794
vt 0.84545559 0.70533794
vt 0.84545559 0.70079094
vt 0.81628078 0.70533836
vt 0.81992757 0.70533836
vt 0.81992757 0.70079094
vt 0.81263393 0.70533836
vt 0.81628078 0.70533836
vt 0.81628066 0.70079106
vt 0.87233430 0.78700864
vt 0.86857188 0.78775698
vt 0.87054020 0.79250908
vt 0.73524016 0.90514541
vt 0.73524010 0.90879226
vt 0.73663568 0.91216147
vt 0.72921932 0.94714046
vt 0.72921932 0.97462171
vt 0.72522753 0.97462171
vt 0.69329286 0.94714046
vt 0.69329298 0.97462159
vt 0.68930113 0.97462147
vt 0.72522753 0.94714046
vt 0.72522753 0.97462171
vt 0.72123569 0.97462171
vt 0.68930113 0.94714046
vt 0.68930113 0.97462147
vt 0.68530935 0.97462147
vt 0.71724385 0.94714046
vt 0.71724385 0.97462171
vt 0.71325201 0.97462171
vt 0.72123569 0.94714046
vt 0.72123569 0.97462171
vt 0.71724385 0.97462171
vt 0.74917853 0.94714063
vt 0.74917853 0.97462201
vt 0.74518669 0.97462201
vt 0.71325201 0.94714046
vt 0.71325201 0.97462171
vt 0.70926017 0.97462171
vt 0.74518669 0.94714046
vt 0.74518669 0.97462201
vt 0.74119484 0.97462201
vt 0.70926017 0.94714046
vt 0.70926017 0.97462171
vt 0.70526838 0.97462159
vt 0.74119484 0.94714046
vt 0.74119484 0.97462201
vt 0.73720300 0.97462171
vt 0.70526832 0.94714046
vt 0.70526838 0.97462159
vt 0.70127654 0.97462159
vt 0.73720300 0.94714046
vt 0.73720300 0.97462171
vt 0.73321116 0.97462171
vt 0.70127648 0.94714046
vt 0.70127654 0.97462159
vt 0.69728470 0.97462159
vt 0.73321116 0.94714046
vt 0.73321116 0.97462171
vt 0.72921932 0.97462171
vt 0.95073640 0.34305885
vt 0.95355904 0.34023619
vt 0.95601362 0.34187624
vt 0.95508665 0.33654824
vt 0.95798194 0.33712417
vt 0.95601362 0.34187624
vt 0.95508665 0.33654824
vt 0.95508665 0.33255643
vt 0.95798194 0.33198053
vt 0.95355904 0.32886845
vt 0.95601362 0.32722837
vt 0.95798194 0.33198053
vt 0.95355904 0.32886845
vt 0.95073640 0.32604578
vt 0.95237643 0.32359126
vt 0.94704843 0.32451817
vt 0.94762433 0.32162288
vt 0.95237643 0.32359126
vt 0.94704843 0.32451817
vt 0.94305664 0.32451820
vt 0.94248068 0.32162288
vt 0.93936861 0.32604578
vt 0.93772852 0.32359126
vt 0.94248068 0.32162288
vt 0.93936861 0.32604578
vt 0.93654603 0.32886839
vt 0.93409145 0.32722834
vt 0.93501836 0.33255637
vt 0.93212306 0.33198044
vt 0.93409145 0.32722834
vt 0.93501836 0.33255637
vt 0.93501836 0.33654821
vt 0.93212312 0.33712411
vt 0.93654603 0.34023616
vt 0.93409145 0.34187624
vt 0.93212312 0.33712411
vt 0.93936867 0.34305882
vt 0.93772852 0.34551334
vt 0.93409145 0.34187624
vt 0.94305664 0.34458646
vt 0.94248068 0.34748173
vt 0.93772852 0.34551334
vt 0.94305664 0.34458646
vt 0.94704843 0.34458646
vt 0.94762433 0.34748176
vt 0.95073640 0.34305885
vt 0.95237643 0.34551337
vt 0.94762433 0.34748176
vt 0.81686628 0.96203327
vt 0.82200992 0.96203327
vt 0.82200992 0.97595072
vt 0.77571696 0.96203345
vt 0.77571696 0.97595084
vt 0.77057320 0.97595084
vt 0.81172258 0.96203327
vt 0.81686628 0.96203327
vt 0.81686634 0.97595072
vt 0.77057326 0.96203303
vt 0.77057320 0.97595084
vt 0.76542950 0.97595084
vt 0.80657893 0.96203327
vt 0.81172258 0.96203327
vt 0.81172264 0.97595072
vt 0.76542956 0.96203345
vt 0.76542950 0.97595084
vt 0.76028568 0.97595084
vt 0.79629165 0.96203345
vt 0.80143535 0.96203327
vt 0.80143535 0.97595072
vt 0.80143535 0.96203327
vt 0.80657893 0.96203327
vt 0.80657893 0.97595072
vt 0.84258449 0.96203345
vt 0.84258449 0.97595072
vt 0.83744085 0.97595072
vt 0.79629165 0.96203345
vt 0.79629171 0.97595084
vt 0.79114795 0.97595084
vt 0.83744085 0.96203327
vt 0.83744085 0.97595072
vt 0.83229721 0.97595072
vt 0.79114795 0.96203345
vt 0.79114795 0.97595084
vt 0.78600436 0.97595084
vt 0.83229721 0.96203327
vt 0.83229721 0.97595072
vt 0.82715356 0.97595072
vt 0.78600436 0.96203345
vt 0.78600436 0.97595084
vt 0.78086060 0.97595084
vt 0.82200992 0.96203327
vt 0.82715356 0.96203327
vt 0.82715356 0.97595072
vt 0.69728470 0.94714046
vt 0.69728470 0.97462159
vt 0.69329298 0.97462159
vt 0.89066827 0.78336173
vt 0.89443076 0.78261340
vt 0.89443076 0.78775698
vt 0.87233430 0.78700864
vt 0.86857188 0.78775698
vt 0.86857188 0.78261328
vt 0.88927269 0.79037786
vt 0.89066827 0.78700864
vt 0.89443076 0.78775698
vt 0.87372988 0.77999252
vt 0.87233430 0.78336173
vt 0.86857188 0.78261328
vt 0.88927269 0.79037786
vt 0.89246237 0.79250920
vt 0.88882518 0.79614621
vt 0.87372988 0.77999252
vt 0.87054020 0.77786130
vt 0.87417740 0.77422410
vt 0.88332474 0.79435217
vt 0.88669395 0.79295659
vt 0.88882518 0.79614621
vt 0.87967783 0.77601820
vt 0.87630862 0.77741379
vt 0.87417740 0.77422410
vt 0.88332474 0.79435217
vt 0.88407308 0.79811460
vt 0.87892950 0.79811460
vt 0.87967783 0.77601820
vt 0.87892950 0.77225578
vt 0.88407314 0.77225578
vt 0.87630862 0.79295659
vt 0.87967783 0.79435217
vt 0.87892950 0.79811460
vt 0.88669395 0.77741379
vt 0.88882530 0.77422410
vt 0.89246237 0.77786130
vt 0.88669395 0.77741379
vt 0.88332474 0.77601820
vt 0.88407314 0.77225578
vt 0.87630862 0.79295659
vt 0.87417728 0.79614621
vt 0.87054020 0.79250908
vt 0.89066827 0.78336173
vt 0.88927269 0.77999252
vt 0.89246237 0.77786130
vt 0.78086072 0.96203345
vt 0.78086060 0.97595084
vt 0.77571696 0.97595084
vt 0.78710598 0.70533836
vt 0.78710598 0.70079106
vt 0.79075289 0.70079094
vt 0.82357442 0.70533836
vt 0.81992757 0.70533836
vt 0.81992757 0.70079094
vt 0.79439980 0.70533836
vt 0.79075289 0.70533836
vt 0.79075289 0.70079094
vt 0.82722127 0.70533836
vt 0.82357442 0.70533836
vt 0.82357442 0.70079106
vt 0.79804665 0.70533836
vt 0.79439980 0.70533836
vt 0.79439980 0.70079106
vt 0.82722127 0.70533836
vt 0.82722121 0.70079094
vt 0.83086812 0.70079106
vt 0.79804665 0.70533836
vt 0.79804665 0.70079094
vt 0.80169356 0.70079082
vt 0.83086812 0.70533806
vt 0.83086812 0.70079106
vt 0.83451498 0.70079094
vt 0.80169356 0.70533806
vt 0.80169356 0.70079082
vt 0.80534035 0.70079106
vt 0.83816189 0.70533806
vt 0.83451498 0.70533806
vt 0.83451498 0.70079094
vt 0.80534035 0.70533806
vt 0.80534035 0.70079106
vt 0.80898714 0.70079106
vt 0.84180868 0.70533794
vt 0.83816189 0.70533806
vt 0.83816189 0.70079106
vt 0.80898720 0.70533836
vt 0.80898714 0.70079106
vt 0.81263393 0.70079106
vt 0.84180868 0.70533794
vt 0.84180868 0.70079094
vt 0.84545559 0.70079094
vt 0.81628078 0.70533836
vt 0.81628066 0.70079106
vt 0.81992757 0.70079094
vt 0.81263393 0.70533836
vt 0.81263393 0.70079106
vt 0.81628066 0.70079106
vt 0.87233430 0.78700864
vt 0.87372988 0.79037786
vt 0.87054020 0.79250908
vt 0.73663568 0.90177619
vt 0.73921448 0.91474020
vt 0.73524016 0.90514541
vt 0.73663568 0.90177619
vt 0.73921442 0.89919740
vt 0.73921448 0.91474020
vt 0.74258369 0.89780188
vt 0.74623054 0.91613579
vt 0.73921442 0.89919740
vt 0.75357407 0.90879226
vt 0.75217849 0.91216147
vt 0.75217849 0.90177619
vt 0.74959975 0.89919740
vt 0.75217849 0.91216147
vt 0.74623054 0.89780182
vt 0.74959975 0.91474020
vt 0.74623054 0.91613579
vt 0.74623054 0.89780182
vt 0.73921448 0.91474020
vt 0.73663568 0.91216147
vt 0.73524016 0.90514541
vt 0.73921442 0.89919740
vt 0.74258369 0.91613579
vt 0.73921448 0.91474020
vt 0.74623054 0.91613579
vt 0.74258369 0.91613579
vt 0.73921442 0.89919740
vt 0.75357407 0.90514541
vt 0.75357407 0.90879226
vt 0.75217849 0.90177619
vt 0.75217849 0.91216147
vt 0.74959975 0.89919740
vt 0.75217849 0.90177619
vt 0.75217849 0.91216147
vt 0.74959975 0.91474020
vt 0.74623054 0.89780182
vt 0.74623054 0.91613579
vt 0.74258369 0.89780188
vt 0.74623054 0.89780182
vt 0.72921932 0.94714046
vt 0.72522753 0.97462171
vt 0.72522753 0.94714046
vt 0.69329286 0.94714046
vt 0.68930113 0.97462147
vt 0.68930113 0.94714046
vt 0.72522753 0.94714046
vt 0.72123569 0.97462171
vt 0.72123569 0.94714046
vt 0.68930113 0.94714046
vt 0.68530935 0.97462147
vt 0.68530929 0.94714046
vt 0.71724385 0.94714046
vt 0.71325201 0.97462171
vt 0.71325201 0.94714046
vt 0.72123569 0.94714046
vt 0.71724385 0.97462171
vt 0.71724385 0.94714046
vt 0.74917853 0.94714063
vt 0.74518669 0.97462201
vt 0.74518669 0.94714046
vt 0.71325201 0.94714046
vt 0.70926017 0.97462171
vt 0.70926017 0.94714046
vt 0.74518669 0.94714046
vt 0.74119484 0.97462201
vt 0.74119484 0.94714046
vt 0.70926017 0.94714046
vt 0.70526838 0.97462159
vt 0.70526832 0.94714046
vt 0.74119484 0.94714046
vt 0.73720300 0.97462171
vt 0.73720300 0.94714046
vt 0.70526832 0.94714046
vt 0.70127654 0.97462159
vt 0.70127648 0.94714046
vt 0.73720300 0.94714046
vt 0.73321116 0.97462171
vt 0.73321116 0.94714046
vt 0.70127648 0.94714046
vt 0.69728470 0.97462159
vt 0.69728470 0.94714046
vt 0.73321116 0.94714046
vt 0.72921932 0.97462171
vt 0.72921932 0.94714046
vt 0.95073640 0.34305885
vt 0.95601362 0.34187624
vt 0.95237643 0.34551337
vt 0.95508665 0.33654824
vt 0.95601362 0.34187624
vt 0.95355904 0.34023619
vt 0.95508665 0.33654824
vt 0.95798194 0.33198053
vt 0.95798194 0.33712417
vt 0.95355904 0.32886845
vt 0.95798194 0.33198053
vt 0.95508665 0.33255643
vt 0.95355904 0.32886845
vt 0.95237643 0.32359126
vt 0.95601362 0.32722837
vt 0.94704843 0.32451817
vt 0.95237643 0.32359126
vt 0.95073640 0.32604578
vt 0.94704843 0.32451817
vt 0.94248068 0.32162288
vt 0.94762433 0.32162288
vt 0.93936861 0.32604578
vt 0.94248068 0.32162288
vt 0.94305664 0.32451820
vt 0.93936861 0.32604578
vt 0.93409145 0.32722834
vt 0.93772852 0.32359126
vt 0.93501836 0.33255637
vt 0.93409145 0.32722834
vt 0.93654603 0.32886839
vt 0.93501836 0.33255637
vt 0.93212312 0.33712411
vt 0.93212306 0.33198044
vt 0.93654603 0.34023616
vt 0.93212312 0.33712411
vt 0.93501836 0.33654821
vt 0.93936867 0.34305882
vt 0.93409145 0.34187624
vt 0.93654603 0.34023616
vt 0.94305664 0.34458646
vt 0.93772852 0.34551334
vt 0.93936867 0.34305882
vt 0.94305664 0.34458646
vt 0.94762433 0.34748176
vt 0.94248068 0.34748173
vt 0.95073640 0.34305885
vt 0.94762433 0.34748176
vt 0.94704843 0.34458646
vt 0.81686628 0.96203327
vt 0.82200992 0.97595072
vt 0.81686634 0.97595072
vt 0.77571696 0.96203345
vt 0.77057320 0.97595084
vt 0.77057326 0.96203303
vt 0.81172258 0.96203327
vt 0.81686634 0.97595072
vt 0.81172264 0.97595072
vt 0.77057326 0.96203303
vt 0.76542950 0.97595084
vt 0.76542956 0.96203345
vt 0.80657893 0.96203327
vt 0.81172264 0.97595072
vt 0.80657893 0.97595072
vt 0.76542956 0.96203345
vt 0.76028568 0.97595084
vt 0.76028585 0.96203327
vt 0.79629165 0.96203345
vt 0.80143535 0.97595072
vt 0.79629171 0.97595084
vt 0.80143535 0.96203327
vt 0.80657893 0.97595072
vt 0.80143535 0.97595072
vt 0.84258449 0.96203345
vt 0.83744085 0.97595072
vt 0.83744085 0.96203327
vt 0.79629165 0.96203345
vt 0.79114795 0.97595084
vt 0.79114795 0.96203345
vt 0.83744085 0.96203327
vt 0.83229721 0.97595072
vt 0.83229721 0.96203327
vt 0.79114795 0.96203345
vt 0.78600436 0.97595084
vt 0.78600436 0.96203345
vt 0.83229721 0.96203327
vt 0.82715356 0.97595072
vt 0.82715356 0.96203327
vt 0.78600436 0.96203345
vt 0.78086060 0.97595084
vt 0.78086072 0.96203345
vt 0.82200992 0.96203327
vt 0.82715356 0.97595072
vt 0.82200992 0.97595072
vt 0.69728470 0.94714046
vt 0.69329298 0.97462159
vt 0.69329286 0.94714046
vt 0.89066827 0.78336173
vt 0.89443076 0.78775698
vt 0.89066827 0.78700864
vt 0.87233430 0.78700864
vt 0.86857188 0.78261328
vt 0.87233430 0.78336173
vt 0.88927269 0.79037786
vt 0.89443076 0.78775698
vt 0.89246237 0.79250920
vt 0.87372988 0.77999252
vt 0.86857188 0.78261328
vt 0.87054020 0.77786130
vt 0.88927269 0.79037786
vt 0.88882518 0.79614621
vt 0.88669395 0.79295659
vt 0.87372988 0.77999252
vt 0.87417740 0.77422410
vt 0.87630862 0.77741379
vt 0.88332474 0.79435217
vt 0.88882518 0.79614621
vt 0.88407308 0.79811460
vt 0.87967783 0.77601820
vt 0.87417740 0.77422410
vt 0.87892950 0.77225578
vt 0.88332474 0.79435217
vt 0.87892950 0.79811460
vt 0.87967783 0.79435217
vt 0.87967783 0.77601820
vt 0.88407314 0.77225578
vt 0.88332474 0.77601820
vt 0.87630862 0.79295659
vt 0.87892950 0.79811460
vt 0.87417728 0.79614621
vt 0.88669395 0.77741379
vt 0.89246237 0.77786130
vt 0.88927269 0.77999252
vt 0.88669395 0.77741379
vt 0.88407314 0.77225578
vt 0.88882530 0.77422410
vt 0.87630862 0.79295659
vt 0.87054020 0.79250908
vt 0.87372988 0.79037786
vt 0.89066827 0.78336173
vt 0.89246237 0.77786130
vt 0.89443076 0.78261340
vt 0.78086072 0.96203345
vt 0.77571696 0.97595084
vt 0.77571696 0.96203345
vt 0.78710598 0.70533836
vt 0.79075289 0.70079094
vt 0.79075289 0.70533836
vt 0.82357442 0.70533836
vt 0.81992757 0.70079094
vt 0.82357442 0.70079106
vt 0.79439980 0.70533836
vt 0.79075289 0.70079094
vt 0.79439980 0.70079106
vt 0.82722127 0.70533836
vt 0.82357442 0.70079106
vt 0.82722121 0.70079094
vt 0.79804665 0.70533836
vt 0.79439980 0.70079106
vt 0.79804665 0.70079094
vt 0.82722127 0.70533836
vt 0.83086812 0.70079106
vt 0.83086812 0.70533806
vt 0.79804665 0.70533836
vt 0.80169356 0.70079082
vt 0.80169356 0.70533806
vt 0.83086812 0.70533806
vt 0.83451498 0.70079094
vt 0.83451498 0.70533806
vt 0.80169356 0.70533806
vt 0.80534035 0.70079106
vt 0.80534035 0.70533806
vt 0.83816189 0.70533806
vt 0.83451498 0.70079094
vt 0.83816189 0.70079106
vt 0.80534035 0.70533806
vt 0.80898714 0.70079106
vt 0.80898720 0.70533836
vt 0.84180868 0.70533794
vt 0.83816189 0.70079106
vt 0.84180868 0.70079094
vt 0.80898720 0.70533836
vt 0.81263393 0.70079106
vt 0.81263393 0.70533836
vt 0.84180868 0.70533794
vt 0.84545559 0.70079094
vt 0.84545559 0.70533794
vt 0.81628078 0.70533836
vt 0.81992757 0.70079094
vt 0.81992757 0.70533836
vt 0.81263393 0.70533836
vt 0.81628066 0.70079106
vt 0.81628078 0.70533836
vt 0.87233430 0.78700864
vt 0.87054020 0.79250908
vt 0.86857188 0.78775698
vt 0.73524016 0.90514541
vt 0.73663568 0.91216147
vt 0.73524010 0.90879226
vn 0.92387927 -0.38268408 -0.00000029
vn 0.92387897 -0.38268483 -0.00000029
vn 1.00000000 0.00000063 -0.00000039
vn -1.00000000 0.00000071 0.00000039
vn -1.00000000 -0.00000034 0.00000039
vn -0.92387909 -0.38268453 0.00000043
vn 1.00000000 -0.00000039 -0.00000039
vn 1.00000000 0.00000063 -0.00000039
vn 0.92387855 0.38268575 -0.00000043
vn -0.92388052 -0.38268104 0.00000043
vn -0.92387909 -0.38268453 0.00000043
vn -0.70710260 -0.70711100 0.00000041
vn 0.70710874 0.70710486 -0.00000041
vn 0.70710456 0.70710903 -0.00000041
vn 0.38268113 0.92388058 -0.00000033
vn 0.92387992 0.38268244 -0.00000043
vn 0.92387855 0.38268575 -0.00000043
vn 0.70710456 0.70710903 -0.00000041
vn -0.70710766 -0.70710588 0.00000055
vn -0.70710260 -0.70711100 0.00000041
vn -0.38267899 -0.92388147 0.00000049
vn 0.38268653 0.92387825 -0.00000033
vn 0.38268113 0.92388058 -0.00000033
vn -0.00000220 1.00000000 -0.00000019
vn -0.38268656 -0.92387825 0.00000049
vn -0.38267899 -0.92388147 0.00000049
vn 0.00000220 -1.00000000 0.00000033
vn 0.00000255 1.00000000 -0.00000019
vn -0.00000220 1.00000000 -0.00000019
vn -0.38268089 0.92388064 -0.00000003
vn -0.00000047 -1.00000000 0.00000019
vn 0.00000220 -1.00000000 0.00000033
vn 0.38268349 -0.92387956 0.00000003
vn -0.38268349 0.92387944 -0.00000003
vn -0.38268089 0.92388064 -0.00000003
vn -0.70710409 0.70710945 0.00000014
vn 0.38268420 -0.92387927 0.00000003
vn 0.38268349 -0.92387956 0.00000003
vn 0.70710468 -0.70710891 -0.00000014
vn -0.70710742 0.70710611 0.00000014
vn -0.70710409 0.70710945 0.00000014
vn -0.92387968 0.38268310 0.00000029
vn 0.70710593 -0.70710760 -0.00000014
vn 0.70710468 -0.70710891 -0.00000014
vn 0.92387897 -0.38268483 -0.00000029
vn -0.00000039 -0.00000019 -1.00000000
vn -0.00000039 -0.00000019 -1.00000000
vn -0.00000039 -0.00000019 -1.00000000
vn -0.00000039 0.00000334 -1.00000000
vn -0.00000039 -0.00000019 -1.00000000
vn -0.00000039 -0.00000019 -1.00000000
vn -0.00000039 0.00000334 -1.00000000
vn -0.00000039 -0.00000019 -1.00000000
vn -0.00000039 0.00001393 -1.00000000
vn -0.00000039 0.00000796 -1.00000000
vn -0.00000039 0.00001699 -1.00000000
vn -0.00000039 0.00001393 -1.00000000
vn -0.00000039 0.00000796 -1.00000000
vn -0.00000039 -0.00000019 -1.00000000
vn -0.00000039 -0.00000726 -1.00000000
vn -0.00000039 -0.00000019 -1.00000000
vn -0.00000039 -0.00000019 -1.00000000
vn -0.00000039 -0.00000726 -1.00000000
vn -0.00000039 -0.00000019 -1.00000000
vn -0.00000039 -0.00000019 -1.00000000
vn -0.00000039 0.00000687 -1.00000000
vn -0.00000039 -0.00000834 -1.00000000
vn -0.00000039 -0.00001738 -1.00000000
vn -0.00000039 0.00000687 -1.00000000
vn -0.00000039 -0.00000834 -1.00000000
vn -0.00000039 -0.00000019 -1.00000000
vn -0.00000039 -0.00001432 -1.00000000
vn -0.00000039 0.00000688 -1.00000000
vn -0.00000039 -0.00000019 -1.00000000
vn -0.00000039 -0.00001432 -1.00000000
vn -0.00000039 0.00000688 -1.00000000
vn -0.00000039 0.00002195 -1.00000000
vn -0.00000039 0.00002697 -1.00000000
vn -0.00000039 0.00001964 -1.00000000
vn -0.00000039 0.00003417 -1.00000000
vn -0.00000039 0.00002697 -1.00000000
vn -0.00000039 -0.00000019 -1.00000000
vn -0.00000039 0.00000334 -1.00000000
vn -0.00000039 0.00003417 -1.00000000
vn -0.00000039 -0.00000019 -1.00000000
vn -0.00000039 -0.00000019 -1.00000000
vn -0.00000039 0.00000334 -1.00000000
vn -0.00000039 -0.00000019 -1.00000000
vn -0.00000039 -0.00000019 -1.00000000
vn -0.00000039 -0.00000373 -1.00000000
vn -0.00000039 -0.00000019 -1.00000000
vn -0.00000039 -0.00000019 -1.00000000
vn -0.00000039 -0.00000373 -1.00000000
vn 0.92388105 -0.38267970 -0.00000120
vn 0.70710933 -0.70710427 -0.00000215
vn 0.70710200 -0.70711160 -0.00000207
vn -0.92387623 0.38269150 0.00000116
vn -0.92388189 0.38267788 0.00000075
vn -1.00000000 -0.00000471 0.00000005
vn 1.00000000 0.00000510 -0.00000025
vn 0.92388105 -0.38267970 -0.00000120
vn 0.92387736 -0.38268864 -0.00000111
vn -1.00000000 0.00000568 0.00000080
vn -1.00000000 -0.00000471 0.00000005
vn -0.92387795 -0.38268721 0.00000009
vn 0.92387611 0.38269168 0.00000015
vn 1.00000000 0.00000510 -0.00000025
vn 1.00000000 -0.00000527 -0.00000078
vn -0.92388117 -0.38267955 -0.00000013
vn -0.92387795 -0.38268721 0.00000009
vn -0.70710319 -0.70711040 -0.00000067
vn 0.38268504 0.92387891 0.00000115
vn 0.70710319 0.70711040 0.00000072
vn 0.70710957 0.70710403 0.00000057
vn 0.70710319 0.70711040 0.00000072
vn 0.92387611 0.38269168 0.00000015
vn 0.92388123 0.38267925 -0.00000000
vn -0.70711046 -0.70710307 -0.00000164
vn -0.70710319 -0.70711040 -0.00000067
vn -0.38267931 -0.92388123 -0.00000217
vn 0.38268504 0.92387891 0.00000115
vn 0.38268331 0.92387962 0.00000104
vn -0.00000408 1.00000000 0.00000148
vn -0.38268775 -0.92387772 -0.00000205
vn -0.38267931 -0.92388123 -0.00000217
vn 0.00000611 -1.00000000 -0.00000205
vn 0.00000364 1.00000000 0.00000140
vn -0.00000408 1.00000000 0.00000148
vn -0.38268632 0.92387831 0.00000146
vn -0.00000322 -1.00000000 -0.00000196
vn 0.00000611 -1.00000000 -0.00000205
vn 0.38268259 -0.92387992 -0.00000227
vn -0.38268104 0.92388058 0.00000149
vn -0.38268632 0.92387831 0.00000146
vn -0.70710945 0.70710415 0.00000128
vn 0.70710933 -0.70710427 -0.00000215
vn 0.38268241 -0.92387992 -0.00000236
vn 0.38268259 -0.92387992 -0.00000227
vn -0.92388016 0.38268217 0.00000029
vn -0.92387968 0.38268310 0.00000029
vn -1.00000000 -0.00000034 0.00000039
vn 0.00000039 0.00001514 1.00000000
vn 0.00000039 0.00000019 1.00000000
vn 0.00000039 0.00000924 1.00000000
vn 0.00000039 -0.00000728 1.00000000
vn 0.00000039 0.00000019 1.00000000
vn 0.00000039 -0.00001343 1.00000000
vn -0.00000754 -0.00001475 1.00000000
vn 0.00000039 0.00001884 1.00000000
vn 0.00000039 0.00000924 1.00000000
vn 0.00000039 0.00000302 1.00000000
vn 0.00000039 0.00000019 1.00000000
vn 0.00000039 -0.00001343 1.00000000
vn -0.00000754 -0.00001475 1.00000000
vn -0.00000837 0.00000019 1.00000000
vn -0.00000736 -0.00002130 1.00000000
vn 0.00000039 0.00000302 1.00000000
vn 0.00000039 -0.00002625 1.00000000
vn 0.00000039 0.00002169 1.00000000
vn 0.00000039 0.00000019 1.00000000
vn -0.00000630 -0.00003710 1.00000000
vn -0.00000736 -0.00002130 1.00000000
vn 0.00000039 0.00000019 1.00000000
vn 0.00000039 0.00003749 1.00000000
vn 0.00000039 0.00002169 1.00000000
vn 0.00000039 0.00000019 1.00000000
vn 0.00000039 0.00000019 1.00000000
vn 0.00000039 0.00002169 1.00000000
vn 0.00000039 0.00000019 1.00000000
vn 0.00000039 0.00000019 1.00000000
vn 0.00000814 -0.00002130 1.00000000
vn 0.00000039 0.00000302 1.00000000
vn 0.00000039 0.00003749 1.00000000
vn 0.00000039 0.00002169 1.00000000
vn 0.00000832 -0.00001475 1.00000000
vn 0.00000915 0.00000019 1.00000000
vn 0.00000039 0.00000924 1.00000000
vn 0.00000832 -0.00001475 1.00000000
vn 0.00000707 -0.00003710 1.00000000
vn 0.00000814 -0.00002130 1.00000000
vn 0.00000039 0.00000302 1.00000000
vn 0.00000039 -0.00002625 1.00000000
vn 0.00000039 -0.00001343 1.00000000
vn 0.00000039 0.00001514 1.00000000
vn 0.00000039 0.00001884 1.00000000
vn 0.00000039 0.00000924 1.00000000
vn -0.70710307 0.70711046 0.00000130
vn -0.70710945 0.70710415 0.00000128
vn -0.92388189 0.38267788 0.00000075
vn -0.70710069 -0.70711285 0.00000107
vn -0.70712018 -0.70709336 0.00000069
vn -0.38268632 -0.92387843 0.00000089
vn 0.00000457 1.00000000 -0.00000269
vn 0.38268682 0.92387813 -0.00000033
vn 0.38268575 0.92387855 -0.00000243
vn -0.00000577 -1.00000000 0.00000146
vn -0.38267142 -0.92388457 0.00000033
vn -0.38268632 -0.92387843 0.00000089
vn -0.38268557 0.92387867 -0.00000197
vn 0.00000457 1.00000000 -0.00000269
vn -0.00000598 1.00000000 -0.00000267
vn 0.38268319 -0.92387956 0.00000058
vn -0.00000577 -1.00000000 0.00000146
vn 0.00000151 -1.00000000 0.00000154
vn -0.38268557 0.92387867 -0.00000197
vn -0.38268641 0.92387831 -0.00000003
vn -0.70711869 0.70709491 -0.00000155
vn 0.38268319 -0.92387956 0.00000058
vn 0.38269284 -0.92387563 0.00000003
vn 0.70711046 -0.70710307 -0.00000009
vn -0.70711374 0.70709980 -0.00000211
vn -0.70711869 0.70709491 -0.00000155
vn -0.92388421 0.38267213 -0.00000112
vn 0.70710695 -0.70710659 0.00000004
vn 0.70711046 -0.70710307 -0.00000009
vn 0.92388088 -0.38268024 0.00000173
vn -1.00000000 0.00000292 -0.00000119
vn -0.92387789 0.38268739 -0.00000168
vn -0.92388421 0.38267213 -0.00000112
vn 0.92387992 -0.38268250 0.00000006
vn 0.92388088 -0.38268024 0.00000173
vn 1.00000000 -0.00000812 0.00000224
vn -0.92388111 -0.38267967 0.00000129
vn -1.00000000 0.00000292 -0.00000119
vn -1.00000000 -0.00000633 0.00000123
vn 1.00000000 0.00000111 -0.00000167
vn 1.00000000 -0.00000812 0.00000224
vn 0.92388570 0.38266835 -0.00000011
vn -0.92388111 -0.38267967 0.00000129
vn -0.92388493 -0.38267055 0.00000240
vn -0.70712018 -0.70709336 0.00000069
vn 0.70710754 0.70710599 -0.00000102
vn 0.70711827 0.70709532 -0.00000228
vn 0.38268575 0.92387855 -0.00000243
vn 0.92387867 0.38268548 -0.00000216
vn 0.92388570 0.38266835 -0.00000011
vn 0.70711827 0.70709532 -0.00000228
vn 0.00000039 -0.00000728 1.00000000
vn 0.00000039 0.00000019 1.00000000
vn 0.00000039 -0.00001343 1.00000000
vn 0.00000039 0.00000019 1.00000000
vn 0.00000039 0.00000019 1.00000000
vn 0.00000039 0.00000019 1.00000000
vn 0.00000039 0.00000019 1.00000000
vn 0.00000039 0.00000019 1.00000000
vn 0.00000039 0.00000019 1.00000000
vn 0.00000039 0.00000019 1.00000000
vn 0.00000039 0.00000019 1.00000000
vn 0.00000039 0.00000019 1.00000000
vn 0.00000039 0.00000019 1.00000000
vn 0.00000039 0.00000019 1.00000000
vn 0.00000039 0.00000019 1.00000000
vn 0.00000039 0.00000019 1.00000000
vn 0.00000039 0.00000019 1.00000000
vn 0.00000039 0.00000019 1.00000000
vn 0.00000039 0.00000019 1.00000000
vn 0.00000039 0.00000019 1.00000000
vn 0.00000039 0.00000019 1.00000000
vn 0.00000039 0.00000019 1.00000000
vn 0.00000039 0.00000019 1.00000000
vn 0.00000039 0.00000019 1.00000000
vn 0.00000039 0.00000019 1.00000000
vn 0.00000039 0.00000019 1.00000000
vn 0.00000039 0.00000019 1.00000000
vn 0.00000039 0.00000019 1.00000000
vn 0.00000039 0.00000019 1.00000000
vn 0.00000039 0.00000019 1.00000000
vn 0.00000039 0.00000019 1.00000000
vn 0.00000039 0.00000019 1.00000000
vn 0.00000039 0.00000019 1.00000000
vn 0.00000039 0.00000019 1.00000000
vn 0.00000039 0.00000019 1.00000000
vn 0.00000039 0.00000019 1.00000000
vn 0.00000039 0.00000019 1.00000000
vn 0.00000039 0.00000019 1.00000000
vn 0.00000039 0.00000019 1.00000000
vn 0.00000039 0.00000019 1.00000000
vn 0.00000039 0.00000019 1.00000000
vn 0.00000039 0.00000019 1.00000000
vn 0.92387927 -0.38268408 -0.00000029
vn 1.00000000 0.00000063 -0.00000039
vn 1.00000000 -0.00000039 -0.00000039
vn -1.00000000 0.00000071 0.00000039
vn -0.92387909 -0.38268453 0.00000043
vn -0.92388052 -0.38268104 0.00000043
vn 1.00000000 -0.00000039 -0.00000039
vn 0.92387855 0.38268575 -0.00000043
vn 0.92387992 0.38268244 -0.00000043
vn -0.92388052 -0.38268104 0.00000043
vn -0.70710260 -0.70711100 0.00000041
vn -0.70710766 -0.70710588 0.00000055
vn 0.70710874 0.70710486 -0.00000041
vn 0.38268113 0.92388058 -0.00000033
vn 0.38268653 0.92387825 -0.00000033
vn 0.92387992 0.38268244 -0.00000043
vn 0.70710456 0.70710903 -0.00000041
vn 0.70710874 0.70710486 -0.00000041
vn -0.70710766 -0.70710588 0.00000055
vn -0.38267899 -0.92388147 0.00000049
vn -0.38268656 -0.92387825 0.00000049
vn 0.38268653 0.92387825 -0.00000033
vn -0.00000220 1.00000000 -0.00000019
vn 0.00000255 1.00000000 -0.00000019
vn -0.38268656 -0.92387825 0.00000049
vn 0.00000220 -1.00000000 0.00000033
vn -0.00000047 -1.00000000 0.00000019
vn 0.00000255 1.00000000 -0.00000019
vn -0.38268089 0.92388064 -0.00000003
vn -0.38268349 0.92387944 -0.00000003
vn -0.00000047 -1.00000000 0.00000019
vn 0.38268349 -0.92387956 0.00000003
vn 0.38268420 -0.92387927 0.00000003
vn -0.38268349 0.92387944 -0.00000003
vn -0.70710409 0.70710945 0.00000014
vn -0.70710742 0.70710611 0.00000014
vn 0.38268420 -0.92387927 0.00000003
vn 0.70710468 -0.70710891 -0.00000014
vn 0.70710593 -0.70710760 -0.00000014
vn -0.70710742 0.70710611 0.00000014
vn -0.92387968 0.38268310 0.00000029
vn -0.92388016 0.38268217 0.00000029
vn 0.70710593 -0.70710760 -0.00000014
vn 0.92387897 -0.38268483 -0.00000029
vn 0.92387927 -0.38268408 -0.00000029
vn -0.00000039 -0.00000019 -1.00000000
vn -0.00000039 -0.00000019 -1.00000000
vn -0.00000039 -0.00000019 -1.00000000
vn -0.00000039 0.00000334 -1.00000000
vn -0.00000039 -0.00000019 -1.00000000
vn -0.00000039 -0.00000019 -1.00000000
vn -0.00000039 0.00000334 -1.00000000
vn -0.00000039 0.00001393 -1.00000000
vn -0.00000039 -0.00000019 -1.00000000
vn -0.00000039 0.00000796 -1.00000000
vn -0.00000039 0.00001393 -1.00000000
vn -0.00000039 -0.00000019 -1.00000000
vn -0.00000039 0.00000796 -1.00000000
vn -0.00000039 -0.00000726 -1.00000000
vn -0.00000039 0.00001699 -1.00000000
vn -0.00000039 -0.00000019 -1.00000000
vn -0.00000039 -0.00000726 -1.00000000
vn -0.00000039 -0.00000019 -1.00000000
vn -0.00000039 -0.00000019 -1.00000000
vn -0.00000039 0.00000687 -1.00000000
vn -0.00000039 -0.00000019 -1.00000000
vn -0.00000039 -0.00000834 -1.00000000
vn -0.00000039 0.00000687 -1.00000000
vn -0.00000039 -0.00000019 -1.00000000
vn -0.00000039 -0.00000834 -1.00000000
vn -0.00000039 -0.00001432 -1.00000000
vn -0.00000039 -0.00001738 -1.00000000
vn -0.00000039 0.00000688 -1.00000000
vn -0.00000039 -0.00001432 -1.00000000
vn -0.00000039 -0.00000019 -1.00000000
vn -0.00000039 0.00000688 -1.00000000
vn -0.00000039 0.00002697 -1.00000000
vn -0.00000039 -0.00000019 -1.00000000
vn -0.00000039 0.00001964 -1.00000000
vn -0.00000039 0.00002697 -1.00000000
vn -0.00000039 0.00002195 -1.00000000
vn -0.00000039 -0.00000019 -1.00000000
vn -0.00000039 0.00003417 -1.00000000
vn -0.00000039 0.00001964 -1.00000000
vn -0.00000039 -0.00000019 -1.00000000
vn -0.00000039 0.00000334 -1.00000000
vn -0.00000039 -0.00000019 -1.00000000
vn -0.00000039 -0.00000019 -1.00000000
vn -0.00000039 -0.00000373 -1.00000000
vn -0.00000039 -0.00000019 -1.00000000
vn -0.00000039 -0.00000019 -1.00000000
vn -0.00000039 -0.00000373 -1.00000000
vn -0.00000039 -0.00000019 -1.00000000
vn 0.92388105 -0.38267970 -0.00000120
vn 0.70710200 -0.70711160 -0.00000207
vn 0.92387736 -0.38268864 -0.00000111
vn -0.92387623 0.38269150 0.00000116
vn -1.00000000 -0.00000471 0.00000005
vn -1.00000000 0.00000568 0.00000080
vn 1.00000000 0.00000510 -0.00000025
vn 0.92387736 -0.38268864 -0.00000111
vn 1.00000000 -0.00000527 -0.00000078
vn -1.00000000 0.00000568 0.00000080
vn -0.92387795 -0.38268721 0.00000009
vn -0.92388117 -0.38267955 -0.00000013
vn 0.92387611 0.38269168 0.00000015
vn 1.00000000 -0.00000527 -0.00000078
vn 0.92388123 0.38267925 -0.00000000
vn -0.92388117 -0.38267955 -0.00000013
vn -0.70710319 -0.70711040 -0.00000067
vn -0.70711046 -0.70710307 -0.00000164
vn 0.38268504 0.92387891 0.00000115
vn 0.70710957 0.70710403 0.00000057
vn 0.38268331 0.92387962 0.00000104
vn 0.70710319 0.70711040 0.00000072
vn 0.92388123 0.38267925 -0.00000000
vn 0.70710957 0.70710403 0.00000057
vn -0.70711046 -0.70710307 -0.00000164
vn -0.38267931 -0.92388123 -0.00000217
vn -0.38268775 -0.92387772 -0.00000205
vn 0.38268504 0.92387891 0.00000115
vn -0.00000408 1.00000000 0.00000148
vn 0.00000364 1.00000000 0.00000140
vn -0.38268775 -0.92387772 -0.00000205
vn 0.00000611 -1.00000000 -0.00000205
vn -0.00000322 -1.00000000 -0.00000196
vn 0.00000364 1.00000000 0.00000140
vn -0.38268632 0.92387831 0.00000146
vn -0.38268104 0.92388058 0.00000149
vn -0.00000322 -1.00000000 -0.00000196
vn 0.38268259 -0.92387992 -0.00000227
vn 0.38268241 -0.92387992 -0.00000236
vn -0.38268104 0.92388058 0.00000149
vn -0.70710945 0.70710415 0.00000128
vn -0.70710307 0.70711046 0.00000130
vn 0.70710933 -0.70710427 -0.00000215
vn 0.38268259 -0.92387992 -0.00000227
vn 0.70710200 -0.70711160 -0.00000207
vn -0.92388016 0.38268217 0.00000029
vn -1.00000000 -0.00000034 0.00000039
vn -1.00000000 0.00000071 0.00000039
vn 0.00000039 0.00001514 1.00000000
vn 0.00000039 0.00000924 1.00000000
vn 0.00000039 0.00001884 1.00000000
vn 0.00000039 -0.00000728 1.00000000
vn 0.00000039 -0.00001343 1.00000000
vn 0.00000039 0.00000019 1.00000000
vn -0.00000754 -0.00001475 1.00000000
vn 0.00000039 0.00000924 1.00000000
vn -0.00000837 0.00000019 1.00000000
vn 0.00000039 0.00000302 1.00000000
vn 0.00000039 -0.00001343 1.00000000
vn 0.00000039 -0.00002625 1.00000000
vn -0.00000754 -0.00001475 1.00000000
vn -0.00000736 -0.00002130 1.00000000
vn -0.00000630 -0.00003710 1.00000000
vn 0.00000039 0.00000302 1.00000000
vn 0.00000039 0.00002169 1.00000000
vn 0.00000039 0.00003749 1.00000000
vn 0.00000039 0.00000019 1.00000000
vn -0.00000736 -0.00002130 1.00000000
vn 0.00000039 0.00000019 1.00000000
vn 0.00000039 0.00000019 1.00000000
vn 0.00000039 0.00002169 1.00000000
vn 0.00000039 0.00000019 1.00000000
vn 0.00000039 0.00000019 1.00000000
vn 0.00000039 0.00002169 1.00000000
vn 0.00000039 0.00003749 1.00000000
vn 0.00000039 0.00000019 1.00000000
vn 0.00000814 -0.00002130 1.00000000
vn 0.00000707 -0.00003710 1.00000000
vn 0.00000039 0.00000302 1.00000000
vn 0.00000039 0.00002169 1.00000000
vn 0.00000039 -0.00002625 1.00000000
vn 0.00000832 -0.00001475 1.00000000
vn 0.00000039 0.00000924 1.00000000
vn 0.00000039 0.00001884 1.00000000
vn 0.00000832 -0.00001475 1.00000000
vn 0.00000814 -0.00002130 1.00000000
vn 0.00000915 0.00000019 1.00000000
vn 0.00000039 0.00000302 1.00000000
vn 0.00000039 -0.00001343 1.00000000
vn 0.00000039 0.00000019 1.00000000
vn 0.00000039 0.00001514 1.00000000
vn 0.00000039 0.00000924 1.00000000
vn 0.00000039 0.00000019 1.00000000
vn -0.70710307 0.70711046 0.00000130
vn -0.92388189 0.38267788 0.00000075
vn -0.92387623 0.38269150 0.00000116
vn -0.70710069 -0.70711285 0.00000107
vn -0.38268632 -0.92387843 0.00000089
vn -0.38267142 -0.92388457 0.00000033
vn 0.00000457 1.00000000 -0.00000269
vn 0.38268575 0.92387855 -0.00000243
vn -0.00000598 1.00000000 -0.00000267
vn -0.00000577 -1.00000000 0.00000146
vn -0.38268632 -0.92387843 0.00000089
vn 0.00000151 -1.00000000 0.00000154
vn -0.38268557 0.92387867 -0.00000197
vn -0.00000598 1.00000000 -0.00000267
vn -0.38268641 0.92387831 -0.00000003
vn 0.38268319 -0.92387956 0.00000058
vn 0.00000151 -1.00000000 0.00000154
vn 0.38269284 -0.92387563 0.00000003
vn -0.38268557 0.92387867 -0.00000197
vn -0.70711869 0.70709491 -0.00000155
vn -0.70711374 0.70709980 -0.00000211
vn 0.38268319 -0.92387956 0.00000058
vn 0.70711046 -0.70710307 -0.00000009
vn 0.70710695 -0.70710659 0.00000004
vn -0.70711374 0.70709980 -0.00000211
vn -0.92388421 0.38267213 -0.00000112
vn -0.92387789 0.38268739 -0.00000168
vn 0.70710695 -0.70710659 0.00000004
vn 0.92388088 -0.38268024 0.00000173
vn 0.92387992 -0.38268250 0.00000006
vn -1.00000000 0.00000292 -0.00000119
vn -0.92388421 0.38267213 -0.00000112
vn -1.00000000 -0.00000633 0.00000123
vn 0.92387992 -0.38268250 0.00000006
vn 1.00000000 -0.00000812 0.00000224
vn 1.00000000 0.00000111 -0.00000167
vn -0.92388111 -0.38267967 0.00000129
vn -1.00000000 -0.00000633 0.00000123
vn -0.92388493 -0.38267055 0.00000240
vn 1.00000000 0.00000111 -0.00000167
vn 0.92388570 0.38266835 -0.00000011
vn 0.92387867 0.38268548 -0.00000216
vn -0.92388111 -0.38267967 0.00000129
vn -0.70712018 -0.70709336 0.00000069
vn -0.70710069 -0.70711285 0.00000107
vn 0.70710754 0.70710599 -0.00000102
vn 0.38268575 0.92387855 -0.00000243
vn 0.38268682 0.92387813 -0.00000033
vn 0.92387867 0.38268548 -0.00000216
vn 0.70711827 0.70709532 -0.00000228
vn 0.70710754 0.70710599 -0.00000102
vn 0.00000039 -0.00000728 1.00000000
vn 0.00000039 -0.00001343 1.00000000
vn 0.00000039 0.00000019 1.00000000
vn 0.00000039 0.00000019 1.00000000
vn 0.00000039 0.00000019 1.00000000
vn 0.00000039 0.00000019 1.00000000
vn -0.92387938 -0.38268390 0.00000043
vn -1.00000000 0.00000080 0.00000039
vn -0.92387909 -0.38268465 0.00000043
vn 1.00000000 0.00000053 -0.00000039
vn 0.92387909 -0.38268477 -0.00000029
vn 1.00000000 -0.00000051 -0.00000039
vn -1.00000000 -0.00000021 0.00000039
vn -0.92387855 0.38268599 0.00000029
vn -1.00000000 0.00000080 0.00000039
vn 0.92388052 -0.38268128 -0.00000029
vn 0.70710248 -0.70711112 -0.00000014
vn 0.92387909 -0.38268477 -0.00000029
vn -0.70710862 0.70710498 0.00000014
vn -0.38268089 0.92388058 -0.00000003
vn -0.70710444 0.70710915 0.00000014
vn -0.92387992 0.38268268 0.00000029
vn -0.70710444 0.70710915 0.00000014
vn -0.92387855 0.38268599 0.00000029
vn 0.70710754 -0.70710599 -0.00000001
vn 0.38267875 -0.92388147 0.00000019
vn 0.70710248 -0.70711112 -0.00000014
vn -0.38268635 0.92387837 -0.00000003
vn 0.00000238 1.00000000 -0.00000019
vn -0.38268089 0.92388058 -0.00000003
vn 0.38268638 -0.92387837 0.00000019
vn -0.00000238 -1.00000000 0.00000033
vn 0.38267875 -0.92388147 0.00000019
vn -0.00000238 1.00000000 -0.00000019
vn 0.38268107 0.92388052 -0.00000033
vn 0.00000238 1.00000000 -0.00000019
vn 0.00000030 -1.00000000 0.00000019
vn -0.38268366 -0.92387944 0.00000033
vn -0.00000238 -1.00000000 0.00000033
vn 0.38268372 0.92387944 -0.00000033
vn 0.70710421 0.70710933 -0.00000041
vn 0.38268107 0.92388052 -0.00000033
vn -0.38268435 -0.92387915 0.00000033
vn -0.70710486 -0.70710874 0.00000041
vn -0.38268366 -0.92387944 0.00000033
vn 0.70710754 0.70710599 -0.00000041
vn 0.92387980 0.38268292 -0.00000043
vn 0.70710421 0.70710933 -0.00000041
vn -0.70710605 -0.70710748 0.00000041
vn -0.92387909 -0.38268465 0.00000043
vn -0.70710486 -0.70710874 0.00000041
vn -0.00000039 -0.00000019 -1.00000000
vn -0.00000039 -0.00000019 -1.00000000
vn -0.00000039 -0.00000019 -1.00000000
vn -0.00000039 0.00000334 -1.00000000
vn -0.00000039 -0.00000019 -1.00000000
vn -0.00000039 -0.00000019 -1.00000000
vn -0.00000039 0.00000334 -1.00000000
vn -0.00000039 0.00001393 -1.00000000
vn -0.00000039 -0.00000019 -1.00000000
vn -0.00000039 0.00000796 -1.00000000
vn -0.00000039 0.00001393 -1.00000000
vn -0.00000039 0.00001699 -1.00000000
vn -0.00000039 0.00000796 -1.00000000
vn -0.00000039 -0.00000726 -1.00000000
vn -0.00000039 -0.00000019 -1.00000000
vn -0.00000039 -0.00000019 -1.00000000
vn -0.00000039 -0.00000726 -1.00000000
vn -0.00000039 -0.00000019 -1.00000000
vn -0.00000039 -0.00000019 -1.00000000
vn -0.00000039 0.00000687 -1.00000000
vn -0.00000039 -0.00000019 -1.00000000
vn -0.00000039 -0.00000834 -1.00000000
vn -0.00000039 0.00000687 -1.00000000
vn -0.00000039 -0.00001738 -1.00000000
vn -0.00000039 -0.00000834 -1.00000000
vn -0.00000039 -0.00001432 -1.00000000
vn -0.00000039 -0.00000019 -1.00000000
vn -0.00000039 0.00000688 -1.00000000
vn -0.00000039 -0.00001432 -1.00000000
vn -0.00000039 -0.00000019 -1.00000000
vn -0.00000039 0.00000688 -1.00000000
vn -0.00000039 0.00002697 -1.00000000
vn -0.00000039 0.00002195 -1.00000000
vn -0.00000039 0.00001964 -1.00000000
vn -0.00000039 0.00002697 -1.00000000
vn -0.00000039 0.00003417 -1.00000000
vn -0.00000039 -0.00000019 -1.00000000
vn -0.00000039 0.00003417 -1.00000000
vn -0.00000039 0.00000334 -1.00000000
vn -0.00000039 -0.00000019 -1.00000000
vn -0.00000039 0.00000334 -1.00000000
vn -0.00000039 -0.00000019 -1.00000000
vn -0.00000039 -0.00000019 -1.00000000
vn -0.00000039 -0.00000373 -1.00000000
vn -0.00000039 -0.00000019 -1.00000000
vn -0.00000039 -0.00000019 -1.00000000
vn -0.00000039 -0.00000373 -1.00000000
vn -0.00000039 -0.00000019 -1.00000000
vn -0.92388117 -0.38267955 -0.00000049
vn -0.70710212 -0.70711142 -0.00000152
vn -0.70710945 -0.70710415 -0.00000160
vn 0.92387623 0.38269126 0.00000044
vn 1.00000000 -0.00000488 -0.00000073
vn 0.92388201 0.38267770 0.00000003
vn -1.00000000 0.00000528 0.00000053
vn -0.92387748 -0.38268846 -0.00000039
vn -0.92388117 -0.38267955 -0.00000049
vn 1.00000000 0.00000550 0.00000002
vn 0.92387795 -0.38268748 -0.00000063
vn 1.00000000 -0.00000488 -0.00000073
vn -0.92387611 0.38269189 0.00000087
vn -1.00000000 -0.00000510 0.00000000
vn -1.00000000 0.00000528 0.00000053
vn 0.92388105 -0.38267970 -0.00000085
vn 0.70710307 -0.70711052 -0.00000122
vn 0.92387795 -0.38268748 -0.00000063
vn -0.38268486 0.92387891 0.00000145
vn -0.70710945 0.70710415 0.00000112
vn -0.70710307 0.70711046 0.00000127
vn -0.70710307 0.70711046 0.00000127
vn -0.92388123 0.38267949 0.00000072
vn -0.92387611 0.38269189 0.00000087
vn 0.70711035 -0.70710319 -0.00000219
vn 0.38267913 -0.92388135 -0.00000247
vn 0.70710307 -0.70711052 -0.00000122
vn -0.38268486 0.92387891 0.00000145
vn 0.00000426 1.00000000 0.00000148
vn -0.38268307 0.92387962 0.00000134
vn 0.38268757 -0.92387784 -0.00000235
vn -0.00000629 -1.00000000 -0.00000205
vn 0.38267913 -0.92388135 -0.00000247
vn -0.00000346 1.00000000 0.00000140
vn 0.38268650 0.92387819 0.00000116
vn 0.00000426 1.00000000 0.00000148
vn 0.00000304 -1.00000000 -0.00000196
vn -0.38268283 -0.92387980 -0.00000197
vn -0.00000629 -1.00000000 -0.00000205
vn 0.38268122 0.92388046 0.00000120
vn 0.70710957 0.70710403 0.00000072
vn 0.38268650 0.92387819 0.00000116
vn -0.70710945 -0.70710415 -0.00000160
vn -0.38268283 -0.92387980 -0.00000197
vn -0.38268259 -0.92387980 -0.00000206
vn 0.92388016 0.38268194 -0.00000043
vn 1.00000000 -0.00000051 -0.00000039
vn 0.92387980 0.38268292 -0.00000043
vn 0.00000039 0.00001514 1.00000000
vn 0.00000039 0.00000924 1.00000000
vn 0.00000039 0.00000019 1.00000000
vn 0.00000039 -0.00000728 1.00000000
vn 0.00000039 -0.00001343 1.00000000
vn 0.00000039 0.00000019 1.00000000
vn 0.00000832 -0.00001475 1.00000000
vn 0.00000039 0.00000924 1.00000000
vn 0.00000039 0.00001884 1.00000000
vn 0.00000039 0.00000302 1.00000000
vn 0.00000039 -0.00001343 1.00000000
vn 0.00000039 0.00000019 1.00000000
vn 0.00000832 -0.00001475 1.00000000
vn 0.00000814 -0.00002130 1.00000000
vn 0.00000915 0.00000019 1.00000000
vn 0.00000039 0.00000302 1.00000000
vn 0.00000039 0.00002169 1.00000000
vn 0.00000039 -0.00002625 1.00000000
vn 0.00000039 0.00000019 1.00000000
vn 0.00000814 -0.00002130 1.00000000
vn 0.00000707 -0.00003710 1.00000000
vn 0.00000039 0.00000019 1.00000000
vn 0.00000039 0.00002169 1.00000000
vn 0.00000039 0.00003749 1.00000000
vn 0.00000039 0.00000019 1.00000000
vn 0.00000039 0.00002169 1.00000000
vn 0.00000039 0.00000019 1.00000000
vn 0.00000039 0.00000019 1.00000000
vn -0.00000736 -0.00002130 1.00000000
vn 0.00000039 0.00000019 1.00000000
vn 0.00000039 0.00000302 1.00000000
vn 0.00000039 0.00002169 1.00000000
vn 0.00000039 0.00003749 1.00000000
vn -0.00000754 -0.00001475 1.00000000
vn 0.00000039 0.00000924 1.00000000
vn -0.00000837 0.00000019 1.00000000
vn -0.00000754 -0.00001475 1.00000000
vn -0.00000736 -0.00002130 1.00000000
vn -0.00000630 -0.00003710 1.00000000
vn 0.00000039 0.00000302 1.00000000
vn 0.00000039 -0.00001343 1.00000000
vn 0.00000039 -0.00002625 1.00000000
vn 0.00000039 0.00001514 1.00000000
vn 0.00000039 0.00000924 1.00000000
vn 0.00000039 0.00001884 1.00000000
vn 0.70710319 0.70711040 0.00000075
vn 0.92388201 0.38267770 0.00000003
vn 0.70710957 0.70710403 0.00000072
vn 0.70710057 -0.70711297 0.00000052
vn 0.38268605 -0.92387843 0.00000059
vn 0.70712012 -0.70709348 0.00000014
vn -0.00000439 1.00000000 -0.00000269
vn -0.38268557 0.92387867 -0.00000213
vn -0.38268664 0.92387825 -0.00000003
vn 0.00000559 -1.00000000 0.00000146
vn 0.38268605 -0.92387843 0.00000059
vn 0.38267124 -0.92388469 0.00000003
vn 0.38268578 0.92387855 -0.00000226
vn 0.00000615 1.00000000 -0.00000267
vn -0.00000439 1.00000000 -0.00000269
vn -0.38268343 -0.92387962 0.00000088
vn -0.00000169 -1.00000000 0.00000154
vn 0.00000559 -1.00000000 0.00000146
vn 0.38268578 0.92387855 -0.00000226
vn 0.70711881 0.70709479 -0.00000210
vn 0.38268664 0.92387831 -0.00000033
vn -0.38268343 -0.92387962 0.00000088
vn -0.70711058 -0.70710295 0.00000046
vn -0.38269308 -0.92387563 0.00000033
vn 0.70711386 0.70709968 -0.00000266
vn 0.92388433 0.38267198 -0.00000184
vn 0.70711881 0.70709479 -0.00000210
vn -0.70710707 -0.70710647 0.00000059
vn -0.92388099 -0.38268006 0.00000245
vn -0.70711058 -0.70710295 0.00000046
vn 1.00000000 0.00000274 -0.00000197
vn 0.92388433 0.38267198 -0.00000184
vn 0.92387801 0.38268721 -0.00000240
vn -0.92388004 -0.38268232 0.00000078
vn -1.00000000 -0.00000794 0.00000302
vn -0.92388099 -0.38268006 0.00000245
vn 0.92388111 -0.38267988 0.00000057
vn 1.00000000 -0.00000650 0.00000045
vn 1.00000000 0.00000274 -0.00000197
vn -1.00000000 0.00000129 -0.00000089
vn -0.92388570 0.38266858 0.00000061
vn -1.00000000 -0.00000794 0.00000302
vn 0.92388111 -0.38267988 0.00000057
vn 0.70712012 -0.70709348 0.00000014
vn 0.92388481 -0.38267073 0.00000168
vn -0.70710742 0.70710611 -0.00000047
vn -0.38268557 0.92387867 -0.00000213
vn -0.70711815 0.70709544 -0.00000173
vn -0.92387867 0.38268572 -0.00000144
vn -0.70711815 0.70709544 -0.00000173
vn -0.92388570 0.38266858 0.00000061
vn 0.00000039 -0.00000728 1.00000000
vn 0.00000039 -0.00001343 1.00000000
vn 0.00000039 0.00000019 1.00000000
vn 0.00000039 0.00000019 1.00000000
vn 0.00000039 0.00000019 1.00000000
vn 0.00000039 0.00000019 1.00000000
vn 0.00000039 0.00000019 1.00000000
vn 0.00000039 0.00000019 1.00000000
vn 0.00000039 0.00000019 1.00000000
vn 0.00000039 0.00000019 1.00000000
vn 0.00000039 0.00000019 1.00000000
vn 0.00000039 0.00000019 1.00000000
vn 0.00000039 0.00000019 1.00000000
vn 0.00000039 0.00000019 1.00000000
vn 0.00000039 0.00000019 1.00000000
vn 0.00000039 0.00000019 1.00000000
vn 0.00000039 0.00000019 1.00000000
vn 0.00000039 0.00000019 1.00000000
vn 0.00000039 0.00000019 1.00000000
vn 0.00000039 0.00000019 1.00000000
vn 0.00000039 0.00000019 1.00000000
vn 0.00000039 0.00000019 1.00000000
vn 0.00000039 0.00000019 1.00000000
vn 0.00000039 0.00000019 1.00000000
vn 0.00000039 0.00000019 1.00000000
vn 0.00000039 0.00000019 1.00000000
vn 0.00000039 0.00000019 1.00000000
vn 0.00000039 0.00000019 1.00000000
vn 0.00000039 0.00000019 1.00000000
vn 0.00000039 0.00000019 1.00000000
vn 0.00000039 0.00000019 1.00000000
vn 0.00000039 0.00000019 1.00000000
vn 0.00000039 0.00000019 1.00000000
vn 0.00000039 0.00000019 1.00000000
vn 0.00000039 0.00000019 1.00000000
vn 0.00000039 0.00000019 1.00000000
vn 0.00000039 0.00000019 1.00000000
vn 0.00000039 0.00000019 1.00000000
vn 0.00000039 0.00000019 1.00000000
vn 0.00000039 0.00000019 1.00000000
vn 0.00000039 0.00000019 1.00000000
vn 0.00000039 0.00000019 1.00000000
vn -0.92387938 -0.38268390 0.00000043
vn -1.00000000 -0.00000021 0.00000039
vn -1.00000000 0.00000080 0.00000039
vn 1.00000000 0.00000053 -0.00000039
vn 0.92388052 -0.38268128 -0.00000029
vn 0.92387909 -0.38268477 -0.00000029
vn -1.00000000 -0.00000021 0.00000039
vn -0.92387992 0.38268268 0.00000029
vn -0.92387855 0.38268599 0.00000029
vn 0.92388052 -0.38268128 -0.00000029
vn 0.70710754 -0.70710599 -0.00000001
vn 0.70710248 -0.70711112 -0.00000014
vn -0.70710862 0.70710498 0.00000014
vn -0.38268635 0.92387837 -0.00000003
vn -0.38268089 0.92388058 -0.00000003
vn -0.92387992 0.38268268 0.00000029
vn -0.70710862 0.70710498 0.00000014
vn -0.70710444 0.70710915 0.00000014
vn 0.70710754 -0.70710599 -0.00000001
vn 0.38268638 -0.92387837 0.00000019
vn 0.38267875 -0.92388147 0.00000019
vn -0.38268635 0.92387837 -0.00000003
vn -0.00000238 1.00000000 -0.00000019
vn 0.00000238 1.00000000 -0.00000019
vn 0.38268638 -0.92387837 0.00000019
vn 0.00000030 -1.00000000 0.00000019
vn -0.00000238 -1.00000000 0.00000033
vn -0.00000238 1.00000000 -0.00000019
vn 0.38268372 0.92387944 -0.00000033
vn 0.38268107 0.92388052 -0.00000033
vn 0.00000030 -1.00000000 0.00000019
vn -0.38268435 -0.92387915 0.00000033
vn -0.38268366 -0.92387944 0.00000033
vn 0.38268372 0.92387944 -0.00000033
vn 0.70710754 0.70710599 -0.00000041
vn 0.70710421 0.70710933 -0.00000041
vn -0.38268435 -0.92387915 0.00000033
vn -0.70710605 -0.70710748 0.00000041
vn -0.70710486 -0.70710874 0.00000041
vn 0.70710754 0.70710599 -0.00000041
vn 0.92388016 0.38268194 -0.00000043
vn 0.92387980 0.38268292 -0.00000043
vn -0.70710605 -0.70710748 0.00000041
vn -0.92387938 -0.38268390 0.00000043
vn -0.92387909 -0.38268465 0.00000043
vn -0.00000039 -0.00000019 -1.00000000
vn -0.00000039 -0.00000019 -1.00000000
vn -0.00000039 -0.00000019 -1.00000000
vn -0.00000039 0.00000334 -1.00000000
vn -0.00000039 -0.00000019 -1.00000000
vn -0.00000039 -0.00000019 -1.00000000
vn -0.00000039 0.00000334 -1.00000000
vn -0.00000039 -0.00000019 -1.00000000
vn -0.00000039 0.00001393 -1.00000000
vn -0.00000039 0.00000796 -1.00000000
vn -0.00000039 -0.00000019 -1.00000000
vn -0.00000039 0.00001393 -1.00000000
vn -0.00000039 0.00000796 -1.00000000
vn -0.00000039 0.00001699 -1.00000000
vn -0.00000039 -0.00000726 -1.00000000
vn -0.00000039 -0.00000019 -1.00000000
vn -0.00000039 -0.00000019 -1.00000000
vn -0.00000039 -0.00000726 -1.00000000
vn -0.00000039 -0.00000019 -1.00000000
vn -0.00000039 -0.00000019 -1.00000000
vn -0.00000039 0.00000687 -1.00000000
vn -0.00000039 -0.00000834 -1.00000000
vn -0.00000039 -0.00000019 -1.00000000
vn -0.00000039 0.00000687 -1.00000000
vn -0.00000039 -0.00000834 -1.00000000
vn -0.00000039 -0.00001738 -1.00000000
vn -0.00000039 -0.00001432 -1.00000000
vn -0.00000039 0.00000688 -1.00000000
vn -0.00000039 -0.00000019 -1.00000000
vn -0.00000039 -0.00001432 -1.00000000
vn -0.00000039 0.00000688 -1.00000000
vn -0.00000039 -0.00000019 -1.00000000
vn -0.00000039 0.00002697 -1.00000000
vn -0.00000039 0.00001964 -1.00000000
vn -0.00000039 0.00002195 -1.00000000
vn -0.00000039 0.00002697 -1.00000000
vn -0.00000039 -0.00000019 -1.00000000
vn -0.00000039 0.00001964 -1.00000000
vn -0.00000039 0.00003417 -1.00000000
vn -0.00000039 -0.00000019 -1.00000000
vn -0.00000039 -0.00000019 -1.00000000
vn -0.00000039 0.00000334 -1.00000000
vn -0.00000039 -0.00000019 -1.00000000
vn -0.00000039 -0.00000019 -1.00000000
vn -0.00000039 -0.00000373 -1.00000000
vn -0.00000039 -0.00000019 -1.00000000
vn -0.00000039 -0.00000019 -1.00000000
vn -0.00000039 -0.00000373 -1.00000000
vn -0.92388117 -0.38267955 -0.00000049
vn -0.92387748 -0.38268846 -0.00000039
vn -0.70710212 -0.70711142 -0.00000152
vn 0.92387623 0.38269126 0.00000044
vn 1.00000000 0.00000550 0.00000002
vn 1.00000000 -0.00000488 -0.00000073
vn -1.00000000 0.00000528 0.00000053
vn -1.00000000 -0.00000510 0.00000000
vn -0.92387748 -0.38268846 -0.00000039
vn 1.00000000 0.00000550 0.00000002
vn 0.92388105 -0.38267970 -0.00000085
vn 0.92387795 -0.38268748 -0.00000063
vn -0.92387611 0.38269189 0.00000087
vn -0.92388123 0.38267949 0.00000072
vn -1.00000000 -0.00000510 0.00000000
vn 0.92388105 -0.38267970 -0.00000085
vn 0.70711035 -0.70710319 -0.00000219
vn 0.70710307 -0.70711052 -0.00000122
vn -0.38268486 0.92387891 0.00000145
vn -0.38268307 0.92387962 0.00000134
vn -0.70710945 0.70710415 0.00000112
vn -0.70710307 0.70711046 0.00000127
vn -0.70710945 0.70710415 0.00000112
vn -0.92388123 0.38267949 0.00000072
vn 0.70711035 -0.70710319 -0.00000219
vn 0.38268757 -0.92387784 -0.00000235
vn 0.38267913 -0.92388135 -0.00000247
vn -0.38268486 0.92387891 0.00000145
vn -0.00000346 1.00000000 0.00000140
vn 0.00000426 1.00000000 0.00000148
vn 0.38268757 -0.92387784 -0.00000235
vn 0.00000304 -1.00000000 -0.00000196
vn -0.00000629 -1.00000000 -0.00000205
vn -0.00000346 1.00000000 0.00000140
vn 0.38268122 0.92388046 0.00000120
vn 0.38268650 0.92387819 0.00000116
vn 0.00000304 -1.00000000 -0.00000196
vn -0.38268259 -0.92387980 -0.00000206
vn -0.38268283 -0.92387980 -0.00000197
vn 0.38268122 0.92388046 0.00000120
vn 0.70710319 0.70711040 0.00000075
vn 0.70710957 0.70710403 0.00000072
vn -0.70710945 -0.70710415 -0.00000160
vn -0.70710212 -0.70711142 -0.00000152
vn -0.38268283 -0.92387980 -0.00000197
vn 0.92388016 0.38268194 -0.00000043
vn 1.00000000 0.00000053 -0.00000039
vn 1.00000000 -0.00000051 -0.00000039
vn 0.00000039 0.00001514 1.00000000
vn 0.00000039 0.00001884 1.00000000
vn 0.00000039 0.00000924 1.00000000
vn 0.00000039 -0.00000728 1.00000000
vn 0.00000039 0.00000019 1.00000000
vn 0.00000039 -0.00001343 1.00000000
vn 0.00000832 -0.00001475 1.00000000
vn 0.00000915 0.00000019 1.00000000
vn 0.00000039 0.00000924 1.00000000
vn 0.00000039 0.00000302 1.00000000
vn 0.00000039 -0.00002625 1.00000000
vn 0.00000039 -0.00001343 1.00000000
vn 0.00000832 -0.00001475 1.00000000
vn 0.00000707 -0.00003710 1.00000000
vn 0.00000814 -0.00002130 1.00000000
vn 0.00000039 0.00000302 1.00000000
vn 0.00000039 0.00003749 1.00000000
vn 0.00000039 0.00002169 1.00000000
vn 0.00000039 0.00000019 1.00000000
vn 0.00000039 0.00000019 1.00000000
vn 0.00000814 -0.00002130 1.00000000
vn 0.00000039 0.00000019 1.00000000
vn 0.00000039 0.00000019 1.00000000
vn 0.00000039 0.00002169 1.00000000
vn 0.00000039 0.00000019 1.00000000
vn 0.00000039 0.00003749 1.00000000
vn 0.00000039 0.00002169 1.00000000
vn 0.00000039 0.00000019 1.00000000
vn -0.00000630 -0.00003710 1.00000000
vn -0.00000736 -0.00002130 1.00000000
vn 0.00000039 0.00000302 1.00000000
vn 0.00000039 -0.00002625 1.00000000
vn 0.00000039 0.00002169 1.00000000
vn -0.00000754 -0.00001475 1.00000000
vn 0.00000039 0.00001884 1.00000000
vn 0.00000039 0.00000924 1.00000000
vn -0.00000754 -0.00001475 1.00000000
vn -0.00000837 0.00000019 1.00000000
vn -0.00000736 -0.00002130 1.00000000
vn 0.00000039 0.00000302 1.00000000
vn 0.00000039 0.00000019 1.00000000
vn 0.00000039 -0.00001343 1.00000000
vn 0.00000039 0.00001514 1.00000000
vn 0.00000039 0.00000019 1.00000000
vn 0.00000039 0.00000924 1.00000000
vn 0.70710319 0.70711040 0.00000075
vn 0.92387623 0.38269126 0.00000044
vn 0.92388201 0.38267770 0.00000003
vn 0.70710057 -0.70711297 0.00000052
vn 0.38267124 -0.92388469 0.00000003
vn 0.38268605 -0.92387843 0.00000059
vn -0.00000439 1.00000000 -0.00000269
vn 0.00000615 1.00000000 -0.00000267
vn -0.38268557 0.92387867 -0.00000213
vn 0.00000559 -1.00000000 0.00000146
vn -0.00000169 -1.00000000 0.00000154
vn 0.38268605 -0.92387843 0.00000059
vn 0.38268578 0.92387855 -0.00000226
vn 0.38268664 0.92387831 -0.00000033
vn 0.00000615 1.00000000 -0.00000267
vn -0.38268343 -0.92387962 0.00000088
vn -0.38269308 -0.92387563 0.00000033
vn -0.00000169 -1.00000000 0.00000154
vn 0.38268578 0.92387855 -0.00000226
vn 0.70711386 0.70709968 -0.00000266
vn 0.70711881 0.70709479 -0.00000210
vn -0.38268343 -0.92387962 0.00000088
vn -0.70710707 -0.70710647 0.00000059
vn -0.70711058 -0.70710295 0.00000046
vn 0.70711386 0.70709968 -0.00000266
vn 0.92387801 0.38268721 -0.00000240
vn 0.92388433 0.38267198 -0.00000184
vn -0.70710707 -0.70710647 0.00000059
vn -0.92388004 -0.38268232 0.00000078
vn -0.92388099 -0.38268006 0.00000245
vn 1.00000000 0.00000274 -0.00000197
vn 1.00000000 -0.00000650 0.00000045
vn 0.92388433 0.38267198 -0.00000184
vn -0.92388004 -0.38268232 0.00000078
vn -1.00000000 0.00000129 -0.00000089
vn -1.00000000 -0.00000794 0.00000302
vn 0.92388111 -0.38267988 0.00000057
vn 0.92388481 -0.38267073 0.00000168
vn 1.00000000 -0.00000650 0.00000045
vn -1.00000000 0.00000129 -0.00000089
vn -0.92387867 0.38268572 -0.00000144
vn -0.92388570 0.38266858 0.00000061
vn 0.92388111 -0.38267988 0.00000057
vn 0.70710057 -0.70711297 0.00000052
vn 0.70712012 -0.70709348 0.00000014
vn -0.70710742 0.70710611 -0.00000047
vn -0.38268664 0.92387825 -0.00000003
vn -0.38268557 0.92387867 -0.00000213
vn -0.92387867 0.38268572 -0.00000144
vn -0.70710742 0.70710611 -0.00000047
vn -0.70711815 0.70709544 -0.00000173
vn 0.00000039 -0.00000728 1.00000000
vn 0.00000039 0.00000019 1.00000000
vn 0.00000039 -0.00001343 1.00000000
vn 0.00000039 0.00000019 1.00000000
vn 0.00000039 0.00000019 1.00000000
vn 0.00000039 0.00000019 1.00000000
vn 0.92387962 0.38268319 -0.00000043
vn 1.00000000 -0.00000048 -0.00000039
vn 0.92387891 0.38268501 -0.00000043
vn -1.00000000 -0.00000022 0.00000039
vn -0.92387927 0.38268402 0.00000029
vn -1.00000000 -0.00000081 0.00000039
vn 1.00000000 -0.00000109 -0.00000039
vn 0.92387795 -0.38268736 -0.00000029
vn 1.00000000 -0.00000048 -0.00000039
vn -0.92388028 0.38268161 0.00000024
vn -0.70710254 0.70711100 -0.00000002
vn -0.92387927 0.38268402 0.00000029
vn 0.70710802 -0.70710552 -0.00000014
vn 0.38268316 -0.92387968 0.00000003
vn 0.70710325 -0.70711035 -0.00000014
vn 0.92387903 -0.38268468 -0.00000029
vn 0.70710325 -0.70711035 -0.00000014
vn 0.92387795 -0.38268736 -0.00000029
vn -0.70710874 0.70710486 -0.00000006
vn -0.38267893 0.92388141 -0.00000033
vn -0.70710254 0.70711100 -0.00000002
vn 0.38268507 -0.92387891 0.00000003
vn 0.00000169 -1.00000000 0.00000019
vn 0.38268316 -0.92387968 0.00000003
vn -0.38268811 0.92387760 -0.00000019
vn 0.00000238 1.00000000 -0.00000033
vn -0.38267893 0.92388141 -0.00000033
vn -0.00000187 -1.00000000 0.00000019
vn -0.38268524 -0.92387879 0.00000033
vn 0.00000169 -1.00000000 0.00000019
vn 0.00000176 1.00000000 -0.00000037
vn 0.38268387 0.92387933 -0.00000050
vn 0.00000238 1.00000000 -0.00000033
vn -0.38268334 -0.92387956 0.00000033
vn -0.70710486 -0.70710868 0.00000041
vn -0.38268524 -0.92387879 0.00000033
vn 0.38268653 0.92387831 -0.00000059
vn 0.70710486 0.70710874 -0.00000055
vn 0.38268387 0.92387933 -0.00000050
vn -0.70710629 -0.70710725 0.00000041
vn -0.92387795 -0.38268724 0.00000043
vn -0.70710486 -0.70710868 0.00000041
vn 0.70710599 0.70710754 -0.00000048
vn 0.92387891 0.38268501 -0.00000043
vn 0.70710486 0.70710874 -0.00000055
vn -0.00000039 -0.00000019 -1.00000000
vn -0.00000039 -0.00000019 -1.00000000
vn -0.00000039 -0.00000019 -1.00000000
vn -0.00000039 -0.00000373 -1.00000000
vn -0.00000039 -0.00000019 -1.00000000
vn -0.00000039 -0.00000019 -1.00000000
vn -0.00000039 -0.00000373 -1.00000000
vn -0.00000039 -0.00001432 -1.00000000
vn -0.00000039 -0.00000019 -1.00000000
vn -0.00000039 -0.00000834 -1.00000000
vn -0.00000039 -0.00001432 -1.00000000
vn -0.00000039 -0.00001738 -1.00000000
vn -0.00000039 -0.00000834 -1.00000000
vn -0.00000039 0.00000687 -1.00000000
vn -0.00000039 -0.00000019 -1.00000000
vn -0.00000039 -0.00000019 -1.00000000
vn -0.00000039 0.00000687 -1.00000000
vn -0.00000039 -0.00000019 -1.00000000
vn -0.00000039 -0.00000019 -1.00000000
vn -0.00000039 -0.00000726 -1.00000000
vn -0.00000039 -0.00000019 -1.00000000
vn -0.00000039 0.00000796 -1.00000000
vn -0.00000039 -0.00000726 -1.00000000
vn -0.00000039 0.00001699 -1.00000000
vn -0.00000039 0.00000796 -1.00000000
vn -0.00000039 0.00001393 -1.00000000
vn -0.00000039 -0.00000019 -1.00000000
vn -0.00000039 -0.00000727 -1.00000000
vn -0.00000039 0.00001393 -1.00000000
vn -0.00000039 -0.00000019 -1.00000000
vn -0.00000039 -0.00000727 -1.00000000
vn -0.00000039 -0.00002736 -1.00000000
vn -0.00000039 -0.00002234 -1.00000000
vn -0.00000039 -0.00002003 -1.00000000
vn -0.00000039 -0.00002736 -1.00000000
vn -0.00000039 -0.00003456 -1.00000000
vn -0.00000039 -0.00000019 -1.00000000
vn -0.00000039 -0.00003456 -1.00000000
vn -0.00000039 -0.00000373 -1.00000000
vn -0.00000039 -0.00000019 -1.00000000
vn -0.00000039 -0.00000373 -1.00000000
vn -0.00000039 -0.00000019 -1.00000000
vn -0.00000039 -0.00000019 -1.00000000
vn -0.00000039 0.00000334 -1.00000000
vn -0.00000039 -0.00000019 -1.00000000
vn -0.00000039 -0.00000019 -1.00000000
vn -0.00000039 0.00000334 -1.00000000
vn -0.00000039 -0.00000019 -1.00000000
vn 0.92388040 0.38268131 -0.00000129
vn 0.70710313 0.70711046 -0.00000217
vn 0.70710760 0.70710593 -0.00000232
vn -0.92387718 -0.38268906 0.00000184
vn -1.00000000 0.00000397 0.00000038
vn -0.92388242 -0.38267654 0.00000147
vn 1.00000000 -0.00000579 -0.00000010
vn 0.92387801 0.38268706 -0.00000174
vn 0.92388040 0.38268131 -0.00000129
vn -1.00000000 -0.00000599 0.00000040
vn -0.92387855 0.38268602 -0.00000107
vn -1.00000000 0.00000397 0.00000038
vn 0.92387700 -0.38268968 0.00000082
vn 1.00000000 0.00000421 -0.00000073
vn 1.00000000 -0.00000579 -0.00000010
vn -0.92388040 0.38268155 -0.00000067
vn -0.70710301 0.70711058 -0.00000136
vn -0.92387855 0.38268602 -0.00000107
vn 0.38268164 -0.92388034 0.00000246
vn 0.70711166 -0.70710188 0.00000180
vn 0.70710301 -0.70711052 0.00000202
vn 0.70710301 -0.70711052 0.00000202
vn 0.92388159 -0.38267839 0.00000058
vn 0.92387700 -0.38268968 0.00000082
vn -0.70710909 0.70710444 -0.00000138
vn -0.38267943 0.92388117 -0.00000230
vn -0.70710301 0.70711058 -0.00000136
vn 0.38268164 -0.92388034 0.00000246
vn -0.00000592 -1.00000000 0.00000236
vn 0.38268343 -0.92387956 0.00000208
vn -0.38268894 0.92387730 -0.00000219
vn 0.00000629 1.00000000 -0.00000244
vn -0.38267943 0.92388117 -0.00000230
vn 0.00000451 -1.00000000 0.00000248
vn -0.38268781 -0.92387772 0.00000253
vn -0.00000592 -1.00000000 0.00000236
vn -0.00000304 1.00000000 -0.00000235
vn 0.38268387 0.92387933 -0.00000238
vn 0.00000629 1.00000000 -0.00000244
vn -0.38267639 -0.92388242 0.00000255
vn -0.70711178 -0.70710176 0.00000197
vn -0.38268781 -0.92387772 0.00000253
vn 0.70710760 0.70710593 -0.00000232
vn 0.38268387 0.92387933 -0.00000238
vn 0.38268259 0.92387980 -0.00000318
vn -0.92388064 -0.38268083 0.00000043
vn -1.00000000 -0.00000081 0.00000039
vn -0.92387795 -0.38268724 0.00000043
vn 0.00000039 -0.00000728 1.00000000
vn 0.00000039 -0.00001343 1.00000000
vn 0.00000039 0.00000019 1.00000000
vn 0.00000039 0.00000767 1.00000000
vn 0.00000039 0.00001382 1.00000000
vn 0.00000039 0.00000019 1.00000000
vn 0.00000039 0.00000303 1.00000000
vn 0.00000039 -0.00001343 1.00000000
vn 0.00000039 0.00000019 1.00000000
vn 0.00000039 -0.00000264 1.00000000
vn 0.00000039 0.00001382 1.00000000
vn 0.00000039 0.00000019 1.00000000
vn 0.00000039 0.00000303 1.00000000
vn 0.00000039 0.00002169 1.00000000
vn 0.00000039 -0.00002625 1.00000000
vn 0.00000039 -0.00000264 1.00000000
vn 0.00000039 -0.00002130 1.00000000
vn 0.00000039 0.00002664 1.00000000
vn 0.00000039 0.00000019 1.00000000
vn 0.00000039 0.00002169 1.00000000
vn 0.00000039 0.00003749 1.00000000
vn 0.00000039 0.00000019 1.00000000
vn 0.00000039 -0.00002130 1.00000000
vn 0.00000039 -0.00003710 1.00000000
vn 0.00000039 0.00000019 1.00000000
vn 0.00000039 -0.00002130 1.00000000
vn 0.00000039 0.00000019 1.00000000
vn 0.00000039 0.00000019 1.00000000
vn 0.00000039 0.00002169 1.00000000
vn 0.00000039 0.00000019 1.00000000
vn 0.00000039 -0.00000264 1.00000000
vn 0.00000039 -0.00002130 1.00000000
vn 0.00000039 -0.00003710 1.00000000
vn 0.00000039 0.00000303 1.00000000
vn 0.00000039 -0.00001343 1.00000000
vn 0.00000039 -0.00002625 1.00000000
vn 0.00000039 0.00000303 1.00000000
vn 0.00000039 0.00002169 1.00000000
vn 0.00000039 0.00003749 1.00000000
vn 0.00000039 -0.00000264 1.00000000
vn 0.00000039 0.00001382 1.00000000
vn 0.00000039 0.00002664 1.00000000
vn 0.00000039 -0.00000728 1.00000000
vn 0.00000039 -0.00001343 1.00000000
vn 0.00000039 0.00000019 1.00000000
vn -0.70710313 -0.70711040 0.00000226
vn -0.92388242 -0.38267654 0.00000147
vn -0.70711178 -0.70710176 0.00000197
vn -0.70710218 0.70711136 0.00000269
vn -0.38268548 0.92387879 0.00000390
vn -0.70711631 0.70709723 0.00000365
vn 0.00000696 -1.00000000 -0.00000449
vn 0.38268411 -0.92387927 -0.00000453
vn 0.38267279 -0.92388397 -0.00000341
vn -0.00000669 1.00000000 0.00000445
vn -0.38268548 0.92387879 0.00000390
vn -0.38267604 0.92388254 0.00000292
vn -0.38268110 -0.92388052 -0.00000407
vn -0.00000358 -1.00000000 -0.00000438
vn 0.00000696 -1.00000000 -0.00000449
vn 0.38268304 0.92387980 0.00000431
vn 0.00000169 1.00000000 0.00000514
vn -0.00000669 1.00000000 0.00000445
vn -0.38268110 -0.92388052 -0.00000407
vn -0.70711219 -0.70710135 -0.00000366
vn -0.38269445 -0.92387503 -0.00000336
vn 0.38268304 0.92387980 0.00000431
vn 0.70711088 0.70710272 0.00000381
vn 0.38269728 0.92387390 0.00000533
vn -0.70710421 -0.70710939 -0.00000384
vn -0.92388225 -0.38267699 -0.00000196
vn -0.70711219 -0.70710135 -0.00000366
vn 0.70710391 0.70710969 0.00000314
vn 0.92388076 0.38268068 0.00000369
vn 0.70711088 0.70710272 0.00000381
vn -1.00000000 -0.00000294 -0.00000017
vn -0.92388225 -0.38267699 -0.00000196
vn -0.92387784 -0.38268760 -0.00000252
vn 0.92388016 0.38268173 0.00000246
vn 1.00000000 0.00000816 0.00000047
vn 0.92388076 0.38268068 0.00000369
vn -0.92388135 0.38267905 0.00000170
vn -1.00000000 0.00000671 0.00000040
vn -1.00000000 -0.00000294 -0.00000017
vn 1.00000000 -0.00000151 -0.00000194
vn 0.92388505 -0.38267034 -0.00000099
vn 1.00000000 0.00000816 0.00000047
vn -0.92388135 0.38267905 0.00000170
vn -0.70711631 0.70709723 0.00000365
vn -0.92388380 0.38267329 0.00000225
vn 0.70710039 -0.70711321 -0.00000386
vn 0.38268411 -0.92387927 -0.00000453
vn 0.70711941 -0.70709413 -0.00000373
vn 0.92387700 -0.38268948 -0.00000278
vn 0.70711941 -0.70709413 -0.00000373
vn 0.92388505 -0.38267034 -0.00000099
vn 0.00000039 0.00000767 1.00000000
vn 0.00000039 0.00001382 1.00000000
vn 0.00000039 0.00000019 1.00000000
vn 0.00000039 0.00000019 1.00000000
vn 0.00000039 0.00000019 1.00000000
vn 0.00000039 0.00000019 1.00000000
vn 0.00000039 0.00000019 1.00000000
vn 0.00000039 0.00000019 1.00000000
vn 0.00000039 0.00000019 1.00000000
vn 0.00000039 0.00000019 1.00000000
vn 0.00000039 0.00000019 1.00000000
vn 0.00000039 0.00000019 1.00000000
vn 0.00000039 0.00000019 1.00000000
vn 0.00000039 0.00000019 1.00000000
vn 0.00000039 0.00000019 1.00000000
vn 0.00000039 0.00000019 1.00000000
vn 0.00000039 0.00000019 1.00000000
vn 0.00000039 0.00000019 1.00000000
vn 0.00000039 0.00000019 1.00000000
vn 0.00000039 0.00000019 1.00000000
vn 0.00000039 0.00000019 1.00000000
vn 0.00000039 0.00000019 1.00000000
vn 0.00000039 0.00000019 1.00000000
vn 0.00000039 0.00000019 1.00000000
vn 0.00000039 0.00000019 1.00000000
vn 0.00000039 0.00000019 1.00000000
vn 0.00000039 0.00000019 1.00000000
vn 0.00000039 0.00000019 1.00000000
vn 0.00000039 0.00000019 1.00000000
vn 0.00000039 0.00000019 1.00000000
vn 0.00000039 0.00000019 1.00000000
vn 0.00000039 0.00000019 1.00000000
vn 0.00000039 0.00000019 1.00000000
vn 0.00000039 0.00000019 1.00000000
vn 0.00000039 0.00000019 1.00000000
vn 0.00000039 0.00000019 1.00000000
vn 0.00000039 0.00000019 1.00000000
vn 0.00000039 0.00000019 1.00000000
vn 0.00000039 0.00000019 1.00000000
vn 0.00000039 0.00000019 1.00000000
vn 0.00000039 0.00000019 1.00000000
vn 0.00000039 0.00000019 1.00000000
vn 0.92387962 0.38268319 -0.00000043
vn 1.00000000 -0.00000109 -0.00000039
vn 1.00000000 -0.00000048 -0.00000039
vn -1.00000000 -0.00000022 0.00000039
vn -0.92388028 0.38268161 0.00000024
vn -0.92387927 0.38268402 0.00000029
vn 1.00000000 -0.00000109 -0.00000039
vn 0.92387903 -0.38268468 -0.00000029
vn 0.92387795 -0.38268736 -0.00000029
vn -0.92388028 0.38268161 0.00000024
vn -0.70710874 0.70710486 -0.00000006
vn -0.70710254 0.70711100 -0.00000002
vn 0.70710802 -0.70710552 -0.00000014
vn 0.38268507 -0.92387891 0.00000003
vn 0.38268316 -0.92387968 0.00000003
vn 0.92387903 -0.38268468 -0.00000029
vn 0.70710802 -0.70710552 -0.00000014
vn 0.70710325 -0.70711035 -0.00000014
vn -0.70710874 0.70710486 -0.00000006
vn -0.38268811 0.92387760 -0.00000019
vn -0.38267893 0.92388141 -0.00000033
vn 0.38268507 -0.92387891 0.00000003
vn -0.00000187 -1.00000000 0.00000019
vn 0.00000169 -1.00000000 0.00000019
vn -0.38268811 0.92387760 -0.00000019
vn 0.00000176 1.00000000 -0.00000037
vn 0.00000238 1.00000000 -0.00000033
vn -0.00000187 -1.00000000 0.00000019
vn -0.38268334 -0.92387956 0.00000033
vn -0.38268524 -0.92387879 0.00000033
vn 0.00000176 1.00000000 -0.00000037
vn 0.38268653 0.92387831 -0.00000059
vn 0.38268387 0.92387933 -0.00000050
vn -0.38268334 -0.92387956 0.00000033
vn -0.70710629 -0.70710725 0.00000041
vn -0.70710486 -0.70710868 0.00000041
vn 0.38268653 0.92387831 -0.00000059
vn 0.70710599 0.70710754 -0.00000048
vn 0.70710486 0.70710874 -0.00000055
vn -0.70710629 -0.70710725 0.00000041
vn -0.92388064 -0.38268083 0.00000043
vn -0.92387795 -0.38268724 0.00000043
vn 0.70710599 0.70710754 -0.00000048
vn 0.92387962 0.38268319 -0.00000043
vn 0.92387891 0.38268501 -0.00000043
vn -0.00000039 -0.00000019 -1.00000000
vn -0.00000039 -0.00000019 -1.00000000
vn -0.00000039 -0.00000019 -1.00000000
vn -0.00000039 -0.00000373 -1.00000000
vn -0.00000039 -0.00000019 -1.00000000
vn -0.00000039 -0.00000019 -1.00000000
vn -0.00000039 -0.00000373 -1.00000000
vn -0.00000039 -0.00000019 -1.00000000
vn -0.00000039 -0.00001432 -1.00000000
vn -0.00000039 -0.00000834 -1.00000000
vn -0.00000039 -0.00000019 -1.00000000
vn -0.00000039 -0.00001432 -1.00000000
vn -0.00000039 -0.00000834 -1.00000000
vn -0.00000039 -0.00001738 -1.00000000
vn -0.00000039 0.00000687 -1.00000000
vn -0.00000039 -0.00000019 -1.00000000
vn -0.00000039 -0.00000019 -1.00000000
vn -0.00000039 0.00000687 -1.00000000
vn -0.00000039 -0.00000019 -1.00000000
vn -0.00000039 -0.00000019 -1.00000000
vn -0.00000039 -0.00000726 -1.00000000
vn -0.00000039 0.00000796 -1.00000000
vn -0.00000039 -0.00000019 -1.00000000
vn -0.00000039 -0.00000726 -1.00000000
vn -0.00000039 0.00000796 -1.00000000
vn -0.00000039 0.00001699 -1.00000000
vn -0.00000039 0.00001393 -1.00000000
vn -0.00000039 -0.00000727 -1.00000000
vn -0.00000039 -0.00000019 -1.00000000
vn -0.00000039 0.00001393 -1.00000000
vn -0.00000039 -0.00000727 -1.00000000
vn -0.00000039 -0.00000019 -1.00000000
vn -0.00000039 -0.00002736 -1.00000000
vn -0.00000039 -0.00002003 -1.00000000
vn -0.00000039 -0.00002234 -1.00000000
vn -0.00000039 -0.00002736 -1.00000000
vn -0.00000039 -0.00000019 -1.00000000
vn -0.00000039 -0.00002003 -1.00000000
vn -0.00000039 -0.00003456 -1.00000000
vn -0.00000039 -0.00000019 -1.00000000
vn -0.00000039 -0.00000019 -1.00000000
vn -0.00000039 -0.00000373 -1.00000000
vn -0.00000039 -0.00000019 -1.00000000
vn -0.00000039 -0.00000019 -1.00000000
vn -0.00000039 0.00000334 -1.00000000
vn -0.00000039 -0.00000019 -1.00000000
vn -0.00000039 -0.00000019 -1.00000000
vn -0.00000039 0.00000334 -1.00000000
vn 0.92388040 0.38268131 -0.00000129
vn 0.92387801 0.38268706 -0.00000174
vn 0.70710313 0.70711046 -0.00000217
vn -0.92387718 -0.38268906 0.00000184
vn -1.00000000 -0.00000599 0.00000040
vn -1.00000000 0.00000397 0.00000038
vn 1.00000000 -0.00000579 -0.00000010
vn 1.00000000 0.00000421 -0.00000073
vn 0.92387801 0.38268706 -0.00000174
vn -1.00000000 -0.00000599 0.00000040
vn -0.92388040 0.38268155 -0.00000067
vn -0.92387855 0.38268602 -0.00000107
vn 0.92387700 -0.38268968 0.00000082
vn 0.92388159 -0.38267839 0.00000058
vn 1.00000000 0.00000421 -0.00000073
vn -0.92388040 0.38268155 -0.00000067
vn -0.70710909 0.70710444 -0.00000138
vn -0.70710301 0.70711058 -0.00000136
vn 0.38268164 -0.92388034 0.00000246
vn 0.38268343 -0.92387956 0.00000208
vn 0.70711166 -0.70710188 0.00000180
vn 0.70710301 -0.70711052 0.00000202
vn 0.70711166 -0.70710188 0.00000180
vn 0.92388159 -0.38267839 0.00000058
vn -0.70710909 0.70710444 -0.00000138
vn -0.38268894 0.92387730 -0.00000219
vn -0.38267943 0.92388117 -0.00000230
vn 0.38268164 -0.92388034 0.00000246
vn 0.00000451 -1.00000000 0.00000248
vn -0.00000592 -1.00000000 0.00000236
vn -0.38268894 0.92387730 -0.00000219
vn -0.00000304 1.00000000 -0.00000235
vn 0.00000629 1.00000000 -0.00000244
vn 0.00000451 -1.00000000 0.00000248
vn -0.38267639 -0.92388242 0.00000255
vn -0.38268781 -0.92387772 0.00000253
vn -0.00000304 1.00000000 -0.00000235
vn 0.38268259 0.92387980 -0.00000318
vn 0.38268387 0.92387933 -0.00000238
vn -0.38267639 -0.92388242 0.00000255
vn -0.70710313 -0.70711040 0.00000226
vn -0.70711178 -0.70710176 0.00000197
vn 0.70710760 0.70710593 -0.00000232
vn 0.70710313 0.70711046 -0.00000217
vn 0.38268387 0.92387933 -0.00000238
vn -0.92388064 -0.38268083 0.00000043
vn -1.00000000 -0.00000022 0.00000039
vn -1.00000000 -0.00000081 0.00000039
vn 0.00000039 -0.00000728 1.00000000
vn 0.00000039 0.00000019 1.00000000
vn 0.00000039 -0.00001343 1.00000000
vn 0.00000039 0.00000767 1.00000000
vn 0.00000039 0.00000019 1.00000000
vn 0.00000039 0.00001382 1.00000000
vn 0.00000039 0.00000303 1.00000000
vn 0.00000039 -0.00002625 1.00000000
vn 0.00000039 -0.00001343 1.00000000
vn 0.00000039 -0.00000264 1.00000000
vn 0.00000039 0.00002664 1.00000000
vn 0.00000039 0.00001382 1.00000000
vn 0.00000039 0.00000303 1.00000000
vn 0.00000039 0.00003749 1.00000000
vn 0.00000039 0.00002169 1.00000000
vn 0.00000039 -0.00000264 1.00000000
vn 0.00000039 -0.00003710 1.00000000
vn 0.00000039 -0.00002130 1.00000000
vn 0.00000039 0.00000019 1.00000000
vn 0.00000039 0.00000019 1.00000000
vn 0.00000039 0.00002169 1.00000000
vn 0.00000039 0.00000019 1.00000000
vn 0.00000039 0.00000019 1.00000000
vn 0.00000039 -0.00002130 1.00000000
vn 0.00000039 0.00000019 1.00000000
vn 0.00000039 -0.00003710 1.00000000
vn 0.00000039 -0.00002130 1.00000000
vn 0.00000039 0.00000019 1.00000000
vn 0.00000039 0.00003749 1.00000000
vn 0.00000039 0.00002169 1.00000000
vn 0.00000039 -0.00000264 1.00000000
vn 0.00000039 0.00002664 1.00000000
vn 0.00000039 -0.00002130 1.00000000
vn 0.00000039 0.00000303 1.00000000
vn 0.00000039 0.00000019 1.00000000
vn 0.00000039 -0.00001343 1.00000000
vn 0.00000039 0.00000303 1.00000000
vn 0.00000039 -0.00002625 1.00000000
vn 0.00000039 0.00002169 1.00000000
vn 0.00000039 -0.00000264 1.00000000
vn 0.00000039 0.00000019 1.00000000
vn 0.00000039 0.00001382 1.00000000
vn 0.00000039 -0.00000728 1.00000000
vn 0.00000039 0.00000019 1.00000000
vn 0.00000039 -0.00001343 1.00000000
vn -0.70710313 -0.70711040 0.00000226
vn -0.92387718 -0.38268906 0.00000184
vn -0.92388242 -0.38267654 0.00000147
vn -0.70710218 0.70711136 0.00000269
vn -0.38267604 0.92388254 0.00000292
vn -0.38268548 0.92387879 0.00000390
vn 0.00000696 -1.00000000 -0.00000449
vn -0.00000358 -1.00000000 -0.00000438
vn 0.38268411 -0.92387927 -0.00000453
vn -0.00000669 1.00000000 0.00000445
vn 0.00000169 1.00000000 0.00000514
vn -0.38268548 0.92387879 0.00000390
vn -0.38268110 -0.92388052 -0.00000407
vn -0.38269445 -0.92387503 -0.00000336
vn -0.00000358 -1.00000000 -0.00000438
vn 0.38268304 0.92387980 0.00000431
vn 0.38269728 0.92387390 0.00000533
vn 0.00000169 1.00000000 0.00000514
vn -0.38268110 -0.92388052 -0.00000407
vn -0.70710421 -0.70710939 -0.00000384
vn -0.70711219 -0.70710135 -0.00000366
vn 0.38268304 0.92387980 0.00000431
vn 0.70710391 0.70710969 0.00000314
vn 0.70711088 0.70710272 0.00000381
vn -0.70710421 -0.70710939 -0.00000384
vn -0.92387784 -0.38268760 -0.00000252
vn -0.92388225 -0.38267699 -0.00000196
vn 0.70710391 0.70710969 0.00000314
vn 0.92388016 0.38268173 0.00000246
vn 0.92388076 0.38268068 0.00000369
vn -1.00000000 -0.00000294 -0.00000017
vn -1.00000000 0.00000671 0.00000040
vn -0.92388225 -0.38267699 -0.00000196
vn 0.92388016 0.38268173 0.00000246
vn 1.00000000 -0.00000151 -0.00000194
vn 1.00000000 0.00000816 0.00000047
vn -0.92388135 0.38267905 0.00000170
vn -0.92388380 0.38267329 0.00000225
vn -1.00000000 0.00000671 0.00000040
vn 1.00000000 -0.00000151 -0.00000194
vn 0.92387700 -0.38268948 -0.00000278
vn 0.92388505 -0.38267034 -0.00000099
vn -0.92388135 0.38267905 0.00000170
vn -0.70710218 0.70711136 0.00000269
vn -0.70711631 0.70709723 0.00000365
vn 0.70710039 -0.70711321 -0.00000386
vn 0.38267279 -0.92388397 -0.00000341
vn 0.38268411 -0.92387927 -0.00000453
vn 0.92387700 -0.38268948 -0.00000278
vn 0.70710039 -0.70711321 -0.00000386
vn 0.70711941 -0.70709413 -0.00000373
vn 0.00000039 0.00000767 1.00000000
vn 0.00000039 0.00000019 1.00000000
vn 0.00000039 0.00001382 1.00000000
vn 0.00000039 0.00000019 1.00000000
vn 0.00000039 0.00000019 1.00000000
vn 0.00000039 0.00000019 1.00000000
vn -0.92387962 0.38268343 0.00000029
vn -0.92387879 0.38268518 0.00000029
vn -1.00000000 -0.00000031 0.00000039
vn 1.00000000 -0.00000040 -0.00000039
vn 1.00000000 -0.00000099 -0.00000039
vn 0.92387938 0.38268384 -0.00000043
vn -1.00000000 -0.00000092 0.00000039
vn -1.00000000 -0.00000031 0.00000039
vn -0.92387795 -0.38268712 0.00000043
vn 0.92388040 0.38268143 -0.00000048
vn 0.92387938 0.38268384 -0.00000043
vn 0.70710266 0.70711088 -0.00000057
vn -0.70710814 -0.70710546 0.00000041
vn -0.70710337 -0.70711023 0.00000041
vn -0.38268334 -0.92387956 0.00000033
vn -0.92387915 -0.38268450 0.00000043
vn -0.92387795 -0.38268712 0.00000043
vn -0.70710337 -0.70711023 0.00000041
vn 0.70710886 0.70710474 -0.00000061
vn 0.70710266 0.70711088 -0.00000057
vn 0.38267916 0.92388141 -0.00000063
vn -0.38268524 -0.92387879 0.00000033
vn -0.38268334 -0.92387956 0.00000033
vn -0.00000187 -1.00000000 0.00000019
vn 0.38268834 0.92387760 -0.00000049
vn 0.38267916 0.92388141 -0.00000063
vn -0.00000220 1.00000000 -0.00000033
vn 0.00000169 -1.00000000 0.00000019
vn -0.00000187 -1.00000000 0.00000019
vn 0.38268507 -0.92387891 0.00000003
vn -0.00000159 1.00000000 -0.00000037
vn -0.00000220 1.00000000 -0.00000033
vn -0.38268363 0.92387944 -0.00000020
vn 0.38268316 -0.92387968 0.00000003
vn 0.38268507 -0.92387891 0.00000003
vn 0.70710468 -0.70710886 -0.00000014
vn -0.38268632 0.92387831 -0.00000030
vn -0.38268363 0.92387944 -0.00000020
vn -0.70710474 0.70710886 -0.00000000
vn 0.70710623 -0.70710737 -0.00000014
vn 0.70710468 -0.70710886 -0.00000014
vn 0.92387795 -0.38268748 -0.00000029
vn -0.70710588 0.70710766 0.00000007
vn -0.70710474 0.70710886 -0.00000000
vn -0.92387879 0.38268518 0.00000029
vn -0.00000039 -0.00000019 -1.00000000
vn -0.00000039 -0.00000019 -1.00000000
vn -0.00000039 -0.00000019 -1.00000000
vn -0.00000039 -0.00000373 -1.00000000
vn -0.00000039 -0.00000019 -1.00000000
vn -0.00000039 -0.00000019 -1.00000000
vn -0.00000039 -0.00000373 -1.00000000
vn -0.00000039 -0.00000019 -1.00000000
vn -0.00000039 -0.00001432 -1.00000000
vn -0.00000039 -0.00000834 -1.00000000
vn -0.00000039 -0.00001738 -1.00000000
vn -0.00000039 -0.00001432 -1.00000000
vn -0.00000039 -0.00000834 -1.00000000
vn -0.00000039 -0.00000019 -1.00000000
vn -0.00000039 0.00000687 -1.00000000
vn -0.00000039 -0.00000019 -1.00000000
vn -0.00000039 -0.00000019 -1.00000000
vn -0.00000039 0.00000687 -1.00000000
vn -0.00000039 -0.00000019 -1.00000000
vn -0.00000039 -0.00000019 -1.00000000
vn -0.00000039 -0.00000726 -1.00000000
vn -0.00000039 0.00000796 -1.00000000
vn -0.00000039 0.00001699 -1.00000000
vn -0.00000039 -0.00000726 -1.00000000
vn -0.00000039 0.00000796 -1.00000000
vn -0.00000039 -0.00000019 -1.00000000
vn -0.00000039 0.00001393 -1.00000000
vn -0.00000039 -0.00000727 -1.00000000
vn -0.00000039 -0.00000019 -1.00000000
vn -0.00000039 0.00001393 -1.00000000
vn -0.00000039 -0.00000727 -1.00000000
vn -0.00000039 -0.00002234 -1.00000000
vn -0.00000039 -0.00002736 -1.00000000
vn -0.00000039 -0.00002003 -1.00000000
vn -0.00000039 -0.00003456 -1.00000000
vn -0.00000039 -0.00002736 -1.00000000
vn -0.00000039 -0.00000019 -1.00000000
vn -0.00000039 -0.00000373 -1.00000000
vn -0.00000039 -0.00003456 -1.00000000
vn -0.00000039 -0.00000019 -1.00000000
vn -0.00000039 -0.00000019 -1.00000000
vn -0.00000039 -0.00000373 -1.00000000
vn -0.00000039 -0.00000019 -1.00000000
vn -0.00000039 -0.00000019 -1.00000000
vn -0.00000039 0.00000334 -1.00000000
vn -0.00000039 -0.00000019 -1.00000000
vn -0.00000039 -0.00000019 -1.00000000
vn -0.00000039 0.00000334 -1.00000000
vn -0.92388040 0.38268155 -0.00000057
vn -0.70710748 0.70710605 -0.00000177
vn -0.70710301 0.70711058 -0.00000162
vn 0.92387718 -0.38268930 0.00000113
vn 0.92388231 -0.38267672 0.00000075
vn 1.00000000 0.00000380 -0.00000040
vn -1.00000000 -0.00000562 0.00000067
vn -0.92388040 0.38268155 -0.00000057
vn -0.92387801 0.38268730 -0.00000102
vn 1.00000000 -0.00000616 -0.00000038
vn 1.00000000 0.00000380 -0.00000040
vn 0.92387855 0.38268578 -0.00000179
vn -0.92387712 -0.38268951 0.00000154
vn -1.00000000 -0.00000562 0.00000067
vn -1.00000000 0.00000438 0.00000005
vn 0.92388040 0.38268131 -0.00000139
vn 0.92387855 0.38268578 -0.00000179
vn 0.70710313 0.70711046 -0.00000191
vn -0.38268176 -0.92388022 0.00000276
vn -0.70710313 -0.70711040 0.00000257
vn -0.70711178 -0.70710176 0.00000235
vn -0.70710313 -0.70711040 0.00000257
vn -0.92387712 -0.38268951 0.00000154
vn -0.92388171 -0.38267821 0.00000130
vn 0.70710927 0.70710427 -0.00000194
vn 0.70710313 0.70711046 -0.00000191
vn 0.38267967 0.92388117 -0.00000260
vn -0.38268176 -0.92388022 0.00000276
vn -0.38268360 -0.92387944 0.00000238
vn 0.00000575 -1.00000000 0.00000236
vn 0.38268912 0.92387718 -0.00000248
vn 0.38267967 0.92388117 -0.00000260
vn -0.00000611 1.00000000 -0.00000244
vn -0.00000468 -1.00000000 0.00000248
vn 0.00000575 -1.00000000 0.00000236
vn 0.38268763 -0.92387784 0.00000224
vn 0.00000322 1.00000000 -0.00000235
vn -0.00000611 1.00000000 -0.00000244
vn -0.38268366 0.92387944 -0.00000208
vn 0.38267621 -0.92388254 0.00000225
vn 0.38268763 -0.92387784 0.00000224
vn 0.70711166 -0.70710188 0.00000142
vn -0.70710748 0.70710605 -0.00000177
vn -0.38268241 0.92387992 -0.00000288
vn -0.38268366 0.92387944 -0.00000208
vn 0.92388052 -0.38268101 -0.00000029
vn 0.92387795 -0.38268748 -0.00000029
vn 1.00000000 -0.00000099 -0.00000039
vn 0.00000039 -0.00000728 1.00000000
vn 0.00000039 0.00000019 1.00000000
vn 0.00000039 -0.00001343 1.00000000
vn 0.00000039 0.00000767 1.00000000
vn 0.00000039 0.00000019 1.00000000
vn 0.00000039 0.00001382 1.00000000
vn 0.00000039 0.00000303 1.00000000
vn 0.00000039 0.00000019 1.00000000
vn 0.00000039 -0.00001343 1.00000000
vn 0.00000039 -0.00000264 1.00000000
vn 0.00000039 0.00000019 1.00000000
vn 0.00000039 0.00001382 1.00000000
vn 0.00000039 0.00000303 1.00000000
vn 0.00000039 -0.00002625 1.00000000
vn 0.00000039 0.00002169 1.00000000
vn 0.00000039 -0.00000264 1.00000000
vn 0.00000039 0.00002664 1.00000000
vn 0.00000039 -0.00002130 1.00000000
vn 0.00000039 0.00000019 1.00000000
vn 0.00000039 0.00003749 1.00000000
vn 0.00000039 0.00002169 1.00000000
vn 0.00000039 0.00000019 1.00000000
vn 0.00000039 -0.00003710 1.00000000
vn 0.00000039 -0.00002130 1.00000000
vn 0.00000039 0.00000019 1.00000000
vn 0.00000039 0.00000019 1.00000000
vn 0.00000039 -0.00002130 1.00000000
vn 0.00000039 0.00000019 1.00000000
vn 0.00000039 0.00000019 1.00000000
vn 0.00000039 0.00002169 1.00000000
vn 0.00000039 -0.00000264 1.00000000
vn 0.00000039 -0.00003710 1.00000000
vn 0.00000039 -0.00002130 1.00000000
vn 0.00000039 0.00000303 1.00000000
vn 0.00000039 -0.00002625 1.00000000
vn 0.00000039 -0.00001343 1.00000000
vn 0.00000039 0.00000303 1.00000000
vn 0.00000039 0.00003749 1.00000000
vn 0.00000039 0.00002169 1.00000000
vn 0.00000039 -0.00000264 1.00000000
vn 0.00000039 0.00002664 1.00000000
vn 0.00000039 0.00001382 1.00000000
vn 0.00000039 -0.00000728 1.00000000
vn 0.00000039 0.00000019 1.00000000
vn 0.00000039 -0.00001343 1.00000000
vn 0.70710301 -0.70711052 0.00000171
vn 0.70711166 -0.70710188 0.00000142
vn 0.92388231 -0.38267672 0.00000075
vn 0.70710230 0.70711124 0.00000214
vn 0.70711643 0.70709711 0.00000309
vn 0.38268563 0.92387867 0.00000360
vn -0.00000714 -1.00000000 -0.00000449
vn -0.38267297 -0.92388386 -0.00000311
vn -0.38268432 -0.92387915 -0.00000423
vn 0.00000686 1.00000000 0.00000445
vn 0.38267627 0.92388254 0.00000262
vn 0.38268563 0.92387867 0.00000360
vn 0.38268086 -0.92388052 -0.00000437
vn -0.00000714 -1.00000000 -0.00000449
vn 0.00000340 -1.00000000 -0.00000438
vn -0.38268277 0.92387980 0.00000461
vn 0.00000686 1.00000000 0.00000445
vn -0.00000152 1.00000000 0.00000514
vn 0.38268086 -0.92388052 -0.00000437
vn 0.38269427 -0.92387515 -0.00000366
vn 0.70711207 -0.70710146 -0.00000421
vn -0.38268277 0.92387980 0.00000461
vn -0.38269705 0.92387390 0.00000562
vn -0.70711076 0.70710284 0.00000436
vn 0.70710409 -0.70710951 -0.00000439
vn 0.70711207 -0.70710146 -0.00000421
vn 0.92388213 -0.38267717 -0.00000267
vn -0.70710379 0.70710981 0.00000369
vn -0.70711076 0.70710284 0.00000436
vn -0.92388070 0.38268086 0.00000440
vn 1.00000000 -0.00000312 -0.00000095
vn 0.92387772 -0.38268778 -0.00000324
vn 0.92388213 -0.38267717 -0.00000267
vn -0.92388016 0.38268200 0.00000318
vn -0.92388070 0.38268086 0.00000440
vn -1.00000000 0.00000834 0.00000124
vn 0.92388147 0.38267890 0.00000098
vn 1.00000000 -0.00000312 -0.00000095
vn 1.00000000 0.00000653 -0.00000038
vn -1.00000000 -0.00000134 -0.00000116
vn -1.00000000 0.00000834 0.00000124
vn -0.92388505 -0.38267007 -0.00000027
vn 0.92388147 0.38267890 0.00000098
vn 0.92388391 0.38267311 0.00000153
vn 0.70711643 0.70709711 0.00000309
vn -0.70710051 -0.70711309 -0.00000331
vn -0.70711958 -0.70709395 -0.00000318
vn -0.38268432 -0.92387915 -0.00000423
vn -0.92387712 -0.38268930 -0.00000206
vn -0.92388505 -0.38267007 -0.00000027
vn -0.70711958 -0.70709395 -0.00000318
vn 0.00000039 0.00000767 1.00000000
vn 0.00000039 0.00000019 1.00000000
vn 0.00000039 0.00001382 1.00000000
vn 0.00000039 0.00000019 1.00000000
vn 0.00000039 0.00000019 1.00000000
vn 0.00000039 0.00000019 1.00000000
vn 0.00000039 0.00000019 1.00000000
vn 0.00000039 0.00000019 1.00000000
vn 0.00000039 0.00000019 1.00000000
vn 0.00000039 0.00000019 1.00000000
vn 0.00000039 0.00000019 1.00000000
vn 0.00000039 0.00000019 1.00000000
vn 0.00000039 0.00000019 1.00000000
vn 0.00000039 0.00000019 1.00000000
vn 0.00000039 0.00000019 1.00000000
vn 0.00000039 0.00000019 1.00000000
vn 0.00000039 0.00000019 1.00000000
vn 0.00000039 0.00000019 1.00000000
vn 0.00000039 0.00000019 1.00000000
vn 0.00000039 0.00000019 1.00000000
vn 0.00000039 0.00000019 1.00000000
vn 0.00000039 0.00000019 1.00000000
vn 0.00000039 0.00000019 1.00000000
vn 0.00000039 0.00000019 1.00000000
vn 0.00000039 0.00000019 1.00000000
vn 0.00000039 0.00000019 1.00000000
vn 0.00000039 0.00000019 1.00000000
vn 0.00000039 0.00000019 1.00000000
vn 0.00000039 0.00000019 1.00000000
vn 0.00000039 0.00000019 1.00000000
vn 0.00000039 0.00000019 1.00000000
vn 0.00000039 0.00000019 1.00000000
vn 0.00000039 0.00000019 1.00000000
vn 0.00000039 0.00000019 1.00000000
vn 0.00000039 0.00000019 1.00000000
vn 0.00000039 0.00000019 1.00000000
vn 0.00000039 0.00000019 1.00000000
vn 0.00000039 0.00000019 1.00000000
vn 0.00000039 0.00000019 1.00000000
vn 0.00000039 0.00000019 1.00000000
vn 0.00000039 0.00000019 1.00000000
vn 0.00000039 0.00000019 1.00000000
vn -0.92387962 0.38268343 0.00000029
vn -1.00000000 -0.00000031 0.00000039
vn -1.00000000 -0.00000092 0.00000039
vn 1.00000000 -0.00000040 -0.00000039
vn 0.92387938 0.38268384 -0.00000043
vn 0.92388040 0.38268143 -0.00000048
vn -1.00000000 -0.00000092 0.00000039
vn -0.92387795 -0.38268712 0.00000043
vn -0.92387915 -0.38268450 0.00000043
vn 0.92388040 0.38268143 -0.00000048
vn 0.70710266 0.70711088 -0.00000057
vn 0.70710886 0.70710474 -0.00000061
vn -0.70710814 -0.70710546 0.00000041
vn -0.38268334 -0.92387956 0.00000033
vn -0.38268524 -0.92387879 0.00000033
vn -0.92387915 -0.38268450 0.00000043
vn -0.70710337 -0.70711023 0.00000041
vn -0.70710814 -0.70710546 0.00000041
vn 0.70710886 0.70710474 -0.00000061
vn 0.38267916 0.92388141 -0.00000063
vn 0.38268834 0.92387760 -0.00000049
vn -0.38268524 -0.92387879 0.00000033
vn -0.00000187 -1.00000000 0.00000019
vn 0.00000169 -1.00000000 0.00000019
vn 0.38268834 0.92387760 -0.00000049
vn -0.00000220 1.00000000 -0.00000033
vn -0.00000159 1.00000000 -0.00000037
vn 0.00000169 -1.00000000 0.00000019
vn 0.38268507 -0.92387891 0.00000003
vn 0.38268316 -0.92387968 0.00000003
vn -0.00000159 1.00000000 -0.00000037
vn -0.38268363 0.92387944 -0.00000020
vn -0.38268632 0.92387831 -0.00000030
vn 0.38268316 -0.92387968 0.00000003
vn 0.70710468 -0.70710886 -0.00000014
vn 0.70710623 -0.70710737 -0.00000014
vn -0.38268632 0.92387831 -0.00000030
vn -0.70710474 0.70710886 -0.00000000
vn -0.70710588 0.70710766 0.00000007
vn 0.70710623 -0.70710737 -0.00000014
vn 0.92387795 -0.38268748 -0.00000029
vn 0.92388052 -0.38268101 -0.00000029
vn -0.70710588 0.70710766 0.00000007
vn -0.92387879 0.38268518 0.00000029
vn -0.92387962 0.38268343 0.00000029
vn -0.00000039 -0.00000019 -1.00000000
vn -0.00000039 -0.00000019 -1.00000000
vn -0.00000039 -0.00000019 -1.00000000
vn -0.00000039 -0.00000373 -1.00000000
vn -0.00000039 -0.00000019 -1.00000000
vn -0.00000039 -0.00000019 -1.00000000
vn -0.00000039 -0.00000373 -1.00000000
vn -0.00000039 -0.00001432 -1.00000000
vn -0.00000039 -0.00000019 -1.00000000
vn -0.00000039 -0.00000834 -1.00000000
vn -0.00000039 -0.00001432 -1.00000000
vn -0.00000039 -0.00000019 -1.00000000
vn -0.00000039 -0.00000834 -1.00000000
vn -0.00000039 0.00000687 -1.00000000
vn -0.00000039 -0.00001738 -1.00000000
vn -0.00000039 -0.00000019 -1.00000000
vn -0.00000039 0.00000687 -1.00000000
vn -0.00000039 -0.00000019 -1.00000000
vn -0.00000039 -0.00000019 -1.00000000
vn -0.00000039 -0.00000726 -1.00000000
vn -0.00000039 -0.00000019 -1.00000000
vn -0.00000039 0.00000796 -1.00000000
vn -0.00000039 -0.00000726 -1.00000000
vn -0.00000039 -0.00000019 -1.00000000
vn -0.00000039 0.00000796 -1.00000000
vn -0.00000039 0.00001393 -1.00000000
vn -0.00000039 0.00001699 -1.00000000
vn -0.00000039 -0.00000727 -1.00000000
vn -0.00000039 0.00001393 -1.00000000
vn -0.00000039 -0.00000019 -1.00000000
vn -0.00000039 -0.00000727 -1.00000000
vn -0.00000039 -0.00002736 -1.00000000
vn -0.00000039 -0.00000019 -1.00000000
vn -0.00000039 -0.00002003 -1.00000000
vn -0.00000039 -0.00002736 -1.00000000
vn -0.00000039 -0.00002234 -1.00000000
vn -0.00000039 -0.00000019 -1.00000000
vn -0.00000039 -0.00003456 -1.00000000
vn -0.00000039 -0.00002003 -1.00000000
vn -0.00000039 -0.00000019 -1.00000000
vn -0.00000039 -0.00000373 -1.00000000
vn -0.00000039 -0.00000019 -1.00000000
vn -0.00000039 -0.00000019 -1.00000000
vn -0.00000039 0.00000334 -1.00000000
vn -0.00000039 -0.00000019 -1.00000000
vn -0.00000039 -0.00000019 -1.00000000
vn -0.00000039 0.00000334 -1.00000000
vn -0.00000039 -0.00000019 -1.00000000
vn -0.92388040 0.38268155 -0.00000057
vn -0.70710301 0.70711058 -0.00000162
vn -0.92387801 0.38268730 -0.00000102
vn 0.92387718 -0.38268930 0.00000113
vn 1.00000000 0.00000380 -0.00000040
vn 1.00000000 -0.00000616 -0.00000038
vn -1.00000000 -0.00000562 0.00000067
vn -0.92387801 0.38268730 -0.00000102
vn -1.00000000 0.00000438 0.00000005
vn 1.00000000 -0.00000616 -0.00000038
vn 0.92387855 0.38268578 -0.00000179
vn 0.92388040 0.38268131 -0.00000139
vn -0.92387712 -0.38268951 0.00000154
vn -1.00000000 0.00000438 0.00000005
vn -0.92388171 -0.38267821 0.00000130
vn 0.92388040 0.38268131 -0.00000139
vn 0.70710313 0.70711046 -0.00000191
vn 0.70710927 0.70710427 -0.00000194
vn -0.38268176 -0.92388022 0.00000276
vn -0.70711178 -0.70710176 0.00000235
vn -0.38268360 -0.92387944 0.00000238
vn -0.70710313 -0.70711040 0.00000257
vn -0.92388171 -0.38267821 0.00000130
vn -0.70711178 -0.70710176 0.00000235
vn 0.70710927 0.70710427 -0.00000194
vn 0.38267967 0.92388117 -0.00000260
vn 0.38268912 0.92387718 -0.00000248
vn -0.38268176 -0.92388022 0.00000276
vn 0.00000575 -1.00000000 0.00000236
vn -0.00000468 -1.00000000 0.00000248
vn 0.38268912 0.92387718 -0.00000248
vn -0.00000611 1.00000000 -0.00000244
vn 0.00000322 1.00000000 -0.00000235
vn -0.00000468 -1.00000000 0.00000248
vn 0.38268763 -0.92387784 0.00000224
vn 0.38267621 -0.92388254 0.00000225
vn 0.00000322 1.00000000 -0.00000235
vn -0.38268366 0.92387944 -0.00000208
vn -0.38268241 0.92387992 -0.00000288
vn 0.38267621 -0.92388254 0.00000225
vn 0.70711166 -0.70710188 0.00000142
vn 0.70710301 -0.70711052 0.00000171
vn -0.70710748 0.70710605 -0.00000177
vn -0.38268366 0.92387944 -0.00000208
vn -0.70710301 0.70711058 -0.00000162
vn 0.92388052 -0.38268101 -0.00000029
vn 1.00000000 -0.00000099 -0.00000039
vn 1.00000000 -0.00000040 -0.00000039
vn 0.00000039 -0.00000728 1.00000000
vn 0.00000039 -0.00001343 1.00000000
vn 0.00000039 0.00000019 1.00000000
vn 0.00000039 0.00000767 1.00000000
vn 0.00000039 0.00001382 1.00000000
vn 0.00000039 0.00000019 1.00000000
vn 0.00000039 0.00000303 1.00000000
vn 0.00000039 -0.00001343 1.00000000
vn 0.00000039 -0.00002625 1.00000000
vn 0.00000039 -0.00000264 1.00000000
vn 0.00000039 0.00001382 1.00000000
vn 0.00000039 0.00002664 1.00000000
vn 0.00000039 0.00000303 1.00000000
vn 0.00000039 0.00002169 1.00000000
vn 0.00000039 0.00003749 1.00000000
vn 0.00000039 -0.00000264 1.00000000
vn 0.00000039 -0.00002130 1.00000000
vn 0.00000039 -0.00003710 1.00000000
vn 0.00000039 0.00000019 1.00000000
vn 0.00000039 0.00002169 1.00000000
vn 0.00000039 0.00000019 1.00000000
vn 0.00000039 0.00000019 1.00000000
vn 0.00000039 -0.00002130 1.00000000
vn 0.00000039 0.00000019 1.00000000
vn 0.00000039 0.00000019 1.00000000
vn 0.00000039 -0.00002130 1.00000000
vn 0.00000039 -0.00003710 1.00000000
vn 0.00000039 0.00000019 1.00000000
vn 0.00000039 0.00002169 1.00000000
vn 0.00000039 0.00003749 1.00000000
vn 0.00000039 -0.00000264 1.00000000
vn 0.00000039 -0.00002130 1.00000000
vn 0.00000039 0.00002664 1.00000000
vn 0.00000039 0.00000303 1.00000000
vn 0.00000039 -0.00001343 1.00000000
vn 0.00000039 0.00000019 1.00000000
vn 0.00000039 0.00000303 1.00000000
vn 0.00000039 0.00002169 1.00000000
vn 0.00000039 -0.00002625 1.00000000
vn 0.00000039 -0.00000264 1.00000000
vn 0.00000039 0.00001382 1.00000000
vn 0.00000039 0.00000019 1.00000000
vn 0.00000039 -0.00000728 1.00000000
vn 0.00000039 -0.00001343 1.00000000
vn 0.00000039 0.00000019 1.00000000
vn 0.70710301 -0.70711052 0.00000171
vn 0.92388231 -0.38267672 0.00000075
vn 0.92387718 -0.38268930 0.00000113
vn 0.70710230 0.70711124 0.00000214
vn 0.38268563 0.92387867 0.00000360
vn 0.38267627 0.92388254 0.00000262
vn -0.00000714 -1.00000000 -0.00000449
vn -0.38268432 -0.92387915 -0.00000423
vn 0.00000340 -1.00000000 -0.00000438
vn 0.00000686 1.00000000 0.00000445
vn 0.38268563 0.92387867 0.00000360
vn -0.00000152 1.00000000 0.00000514
vn 0.38268086 -0.92388052 -0.00000437
vn 0.00000340 -1.00000000 -0.00000438
vn 0.38269427 -0.92387515 -0.00000366
vn -0.38268277 0.92387980 0.00000461
vn -0.00000152 1.00000000 0.00000514
vn -0.38269705 0.92387390 0.00000562
vn 0.38268086 -0.92388052 -0.00000437
vn 0.70711207 -0.70710146 -0.00000421
vn 0.70710409 -0.70710951 -0.00000439
vn -0.38268277 0.92387980 0.00000461
vn -0.70711076 0.70710284 0.00000436
vn -0.70710379 0.70710981 0.00000369
vn 0.70710409 -0.70710951 -0.00000439
vn 0.92388213 -0.38267717 -0.00000267
vn 0.92387772 -0.38268778 -0.00000324
vn -0.70710379 0.70710981 0.00000369
vn -0.92388070 0.38268086 0.00000440
vn -0.92388016 0.38268200 0.00000318
vn 1.00000000 -0.00000312 -0.00000095
vn 0.92388213 -0.38267717 -0.00000267
vn 1.00000000 0.00000653 -0.00000038
vn -0.92388016 0.38268200 0.00000318
vn -1.00000000 0.00000834 0.00000124
vn -1.00000000 -0.00000134 -0.00000116
vn 0.92388147 0.38267890 0.00000098
vn 1.00000000 0.00000653 -0.00000038
vn 0.92388391 0.38267311 0.00000153
vn -1.00000000 -0.00000134 -0.00000116
vn -0.92388505 -0.38267007 -0.00000027
vn -0.92387712 -0.38268930 -0.00000206
vn 0.92388147 0.38267890 0.00000098
vn 0.70711643 0.70709711 0.00000309
vn 0.70710230 0.70711124 0.00000214
vn -0.70710051 -0.70711309 -0.00000331
vn -0.38268432 -0.92387915 -0.00000423
vn -0.38267297 -0.92388386 -0.00000311
vn -0.92387712 -0.38268930 -0.00000206
vn -0.70711958 -0.70709395 -0.00000318
vn -0.70710051 -0.70711309 -0.00000331
vn 0.00000039 0.00000767 1.00000000
vn 0.00000039 0.00001382 1.00000000
vn 0.00000039 0.00000019 1.00000000
vn 0.00000039 0.00000019 1.00000000
vn 0.00000039 0.00000019 1.00000000
vn 0.00000039 0.00000019 1.00000000
f 785/4573/4573 786/4574/4574 787/4575/4575
f 788/4576/4576 789/4577/4577 790/4578/4578
f 791/4579/4579 787/4580/4580 792/4581/4581
f 793/4582/4582 790/4583/4583 794/4584/4584
f 795/4585/4585 796/4586/4586 797/4587/4587
f 798/4588/4588 792/4589/4589 796/4590/4590
f 799/4591/4591 794/4592/4592 800/4593/4593
f 801/4594/4594 797/4595/4595 802/4596/4596
f 803/4597/4597 800/4598/4598 804/4599/4599
f 805/4600/4600 802/4601/4601 806/4602/4602
f 807/4603/4603 804/4604/4604 808/4605/4605
f 809/4606/4606 806/4607/4607 810/4608/4608
f 811/4609/4609 808/4610/4610 812/4611/4611
f 813/4612/4612 810/4613/4613 814/4614/4614
f 815/4615/4615 812/4616/4616 786/4617/4617
f 795/4618/4618 801/4619/4619 816/4620/4620
f 805/4621/4621 817/4622/4622 816/4623/4623
f 805/4624/4624 809/4625/4625 818/4626/4626
f 813/4627/4627 819/4628/4628 818/4629/4629
f 813/4630/4630 820/4631/4631 821/4632/4632
f 788/4633/4633 822/4634/4634 821/4635/4635
f 788/4636/4636 793/4637/4637 823/4638/4638
f 799/4639/4639 824/4640/4640 823/4641/4641
f 799/4642/4642 803/4643/4643 825/4644/4644
f 807/4645/4645 826/4646/4646 825/4647/4647
f 807/4648/4648 811/4649/4649 827/4650/4650
f 815/4651/4651 828/4652/4652 827/4653/4653
f 785/4654/4654 829/4655/4655 828/4656/4656
f 791/4657/4657 830/4658/4658 829/4659/4659
f 791/4660/4660 798/4661/4661 831/4662/4662
f 795/4663/4663 832/4664/4664 831/4665/4665
f 833/4666/4666 834/4667/4667 828/4668/4668
f 835/4669/4669 821/4670/4670 822/4671/4671
f 836/4672/4672 833/4673/4673 829/4674/4674
f 837/4675/4675 822/4676/4676 823/4677/4677
f 838/4678/4678 836/4679/4679 830/4680/4680
f 839/4681/4681 823/4682/4682 824/4683/4683
f 840/4684/4684 841/4685/4685 832/4686/4686
f 841/4687/4687 838/4688/4688 831/4689/4689
f 842/4690/4690 824/4691/4691 825/4692/4692
f 840/4693/4693 816/4694/4694 817/4695/4695
f 843/4696/4696 825/4697/4697 826/4698/4698
f 844/4699/4699 817/4700/4700 818/4701/4701
f 845/4702/4702 826/4703/4703 827/4704/4704
f 846/4705/4705 818/4706/4706 819/4707/4707
f 834/4708/4708 847/4709/4709 827/4710/4710
f 820/4711/4711 814/4712/4712 789/4713/4713
f 848/4714/4714 844/4715/4715 846/4716/4716
f 849/4717/4717 845/4718/4718 847/4719/4719
f 850/4720/4720 851/4721/4721 846/4722/4722
f 852/4723/4723 853/4724/4724 847/4725/4725
f 850/4726/4726 854/4727/4727 835/4728/4728
f 852/4729/4729 834/4730/4730 833/4731/4731
f 855/4732/4732 856/4733/4733 835/4734/4734
f 857/4735/4735 858/4736/4736 833/4737/4737
f 855/4738/4738 837/4739/4739 839/4740/4740
f 857/4741/4741 836/4742/4742 838/4743/4743
f 859/4744/4744 860/4745/4745 839/4746/4746
f 861/4747/4747 841/4748/4748 840/4749/4749
f 861/4750/4750 862/4751/4751 838/4752/4752
f 859/4753/4753 842/4754/4754 843/4755/4755
f 848/4756/4756 863/4757/4757 840/4758/4758
f 854/4759/4759 819/4760/4760 821/4761/4761
f 864/4762/4762 859/4763/4763 865/4764/4764
f 866/4765/4765 867/4766/4766 863/4767/4767
f 868/4768/4768 869/4769/4769 865/4770/4770
f 870/4771/4771 866/4772/4772 848/4773/4773
f 871/4774/4774 868/4775/4775 849/4776/4776
f 870/4777/4777 851/4778/4778 850/4779/4779
f 871/4780/4780 853/4781/4781 852/4782/4782
f 872/4783/4783 850/4784/4784 856/4785/4785
f 873/4786/4786 852/4787/4787 858/4788/4788
f 874/4789/4789 875/4790/4790 856/4791/4791
f 876/4792/4792 858/4793/4793 857/4794/4794
f 877/4795/4795 874/4796/4796 855/4797/4797
f 878/4798/4798 857/4799/4799 862/4800/4800
f 877/4801/4801 860/4802/4802 859/4803/4803
f 879/4804/4804 861/4805/4805 863/4806/4806
f 880/4807/4807 862/4808/4808 861/4809/4809
f 849/4810/4810 865/4811/4811 843/4812/4812
f 864/4813/4813 872/4814/4814 877/4815/4815
f 864/4816/4816 869/4817/4817 872/4818/4818
f 868/4819/4819 866/4820/4820 869/4821/4821
f 880/4822/4822 879/4823/4823 876/4824/4824
f 873/4825/4825 879/4826/4826 871/4827/4827
f 867/4828/4828 866/4829/4829 871/4830/4830
f 872/4831/4831 875/4832/4832 877/4833/4833
f 869/4834/4834 870/4835/4835 872/4836/4836
f 866/4837/4837 870/4838/4838 869/4839/4839
f 878/4840/4840 880/4841/4841 876/4842/4842
f 879/4843/4843 873/4844/4844 876/4845/4845
f 879/4846/4846 867/4847/4847 871/4848/4848
f 866/4849/4849 868/4850/4850 871/4851/4851
f 785/4852/4852 787/4853/4853 791/4854/4854
f 788/4855/4855 790/4856/4856 793/4857/4857
f 791/4858/4858 792/4859/4859 798/4860/4860
f 793/4861/4861 794/4862/4862 799/4863/4863
f 795/4864/4864 797/4865/4865 801/4866/4866
f 798/4867/4867 796/4868/4868 795/4869/4869
f 799/4870/4870 800/4871/4871 803/4872/4872
f 801/4873/4873 802/4874/4874 805/4875/4875
f 803/4876/4876 804/4877/4877 807/4878/4878
f 805/4879/4879 806/4880/4880 809/4881/4881
f 807/4882/4882 808/4883/4883 811/4884/4884
f 809/4885/4885 810/4886/4886 813/4887/4887
f 811/4888/4888 812/4889/4889 815/4890/4890
f 813/4891/4891 814/4892/4892 820/4893/4893
f 815/4894/4894 786/4895/4895 785/4896/4896
f 795/4897/4897 816/4898/4898 832/4899/4899
f 805/4900/4900 816/4901/4901 801/4902/4902
f 805/4903/4903 818/4904/4904 817/4905/4905
f 813/4906/4906 818/4907/4907 809/4908/4908
f 813/4909/4909 821/4910/4910 819/4911/4911
f 788/4912/4912 821/4913/4913 820/4914/4914
f 788/4915/4915 823/4916/4916 822/4917/4917
f 799/4918/4918 823/4919/4919 793/4920/4920
f 799/4921/4921 825/4922/4922 824/4923/4923
f 807/4924/4924 825/4925/4925 803/4926/4926
f 807/4927/4927 827/4928/4928 826/4929/4929
f 815/4930/4930 827/4931/4931 811/4932/4932
f 785/4933/4933 828/4934/4934 815/4935/4935
f 791/4936/4936 829/4937/4937 785/4938/4938
f 791/4939/4939 831/4940/4940 830/4941/4941
f 795/4942/4942 831/4943/4943 798/4944/4944
f 833/4945/4945 828/4946/4946 829/4947/4947
f 835/4948/4948 822/4949/4949 837/4950/4950
f 836/4951/4951 829/4952/4952 830/4953/4953
f 837/4954/4954 823/4955/4955 839/4956/4956
f 838/4957/4957 830/4958/4958 831/4959/4959
f 839/4960/4960 824/4961/4961 842/4962/4962
f 840/4963/4963 832/4964/4964 816/4965/4965
f 841/4966/4966 831/4967/4967 832/4968/4968
f 842/4969/4969 825/4970/4970 843/4971/4971
f 840/4972/4972 817/4973/4973 844/4974/4974
f 843/4975/4975 826/4976/4976 845/4977/4977
f 844/4978/4978 818/4979/4979 846/4980/4980
f 845/4981/4981 827/4982/4982 847/4983/4983
f 846/4984/4984 819/4985/4985 854/4986/4986
f 834/4987/4987 827/4988/4988 828/4989/4989
f 820/4990/4990 789/4991/4991 788/4992/4992
f 848/4993/4993 846/4994/4994 851/4995/4995
f 849/4996/4996 847/4997/4997 853/4998/4998
f 850/4999/4999 846/5000/5000 854/5001/5001
f 852/5002/5002 847/5003/5003 834/5004/5004
f 850/5005/5005 835/5006/5006 856/5007/5007
f 852/5008/5008 833/5009/5009 858/5010/5010
f 855/5011/5011 835/5012/5012 837/5013/5013
f 857/5014/5014 833/5015/5015 836/5016/5016
f 855/5017/5017 839/5018/5018 860/5019/5019
f 857/5020/5020 838/5021/5021 862/5022/5022
f 859/5023/5023 839/5024/5024 842/5025/5025
f 861/5026/5026 840/5027/5027 863/5028/5028
f 861/5029/5029 838/5030/5030 841/5031/5031
f 859/5032/5032 843/5033/5033 865/5034/5034
f 848/5035/5035 840/5036/5036 844/5037/5037
f 854/5038/5038 821/5039/5039 835/5040/5040
f 864/5041/5041 865/5042/5042 869/5043/5043
f 866/5044/5044 863/5045/5045 848/5046/5046
f 868/5047/5047 865/5048/5048 849/5049/5049
f 870/5050/5050 848/5051/5051 851/5052/5052
f 871/5053/5053 849/5054/5054 853/5055/5055
f 870/5056/5056 850/5057/5057 872/5058/5058
f 871/5059/5059 852/5060/5060 873/5061/5061
f 872/5062/5062 856/5063/5063 875/5064/5064
f 873/5065/5065 858/5066/5066 876/5067/5067
f 874/5068/5068 856/5069/5069 855/5070/5070
f 876/5071/5071 857/5072/5072 878/5073/5073
f 877/5074/5074 855/5075/5075 860/5076/5076
f 878/5077/5077 862/5078/5078 880/5079/5079
f 877/5080/5080 859/5081/5081 864/5082/5082
f 879/5083/5083 863/5084/5084 867/5085/5085
f 880/5086/5086 861/5087/5087 879/5088/5088
f 849/5089/5089 843/5090/5090 845/5091/5091
f 877/5092/5092 875/5093/5093 874/5094/5094
f 881/5095/5095 882/5096/5096 883/5097/5097
f 884/5098/5098 885/5099/5099 886/5100/5100
f 887/5101/5101 888/5102/5102 882/5103/5103
f 889/5104/5104 890/5105/5105 885/5106/5106
f 891/5107/5107 892/5108/5108 893/5109/5109
f 894/5110/5110 893/5111/5111 888/5112/5112
f 895/5113/5113 896/5114/5114 890/5115/5115
f 897/5116/5116 898/5117/5117 892/5118/5118
f 899/5119/5119 900/5120/5120 896/5121/5121
f 901/5122/5122 902/5123/5123 898/5124/5124
f 903/5125/5125 904/5126/5126 900/5127/5127
f 905/5128/5128 906/5129/5129 902/5130/5130
f 907/5131/5131 908/5132/5132 904/5133/5133
f 909/5134/5134 910/5135/5135 906/5136/5136
f 911/5137/5137 883/5138/5138 908/5139/5139
f 891/5140/5140 912/5141/5141 897/5142/5142
f 901/5143/5143 912/5144/5144 913/5145/5145
f 901/5146/5146 914/5147/5147 905/5148/5148
f 909/5149/5149 914/5150/5150 915/5151/5151
f 909/5152/5152 916/5153/5153 917/5154/5154
f 884/5155/5155 916/5156/5156 918/5157/5157
f 884/5158/5158 919/5159/5159 889/5160/5160
f 895/5161/5161 919/5162/5162 920/5163/5163
f 895/5164/5164 921/5165/5165 899/5166/5166
f 903/5167/5167 921/5168/5168 922/5169/5169
f 903/5170/5170 923/5171/5171 907/5172/5172
f 911/5173/5173 923/5174/5174 924/5175/5175
f 881/5176/5176 924/5177/5177 925/5178/5178
f 887/5179/5179 925/5180/5180 926/5181/5181
f 887/5182/5182 927/5183/5183 894/5184/5184
f 891/5185/5185 927/5186/5186 928/5187/5187
f 929/5188/5188 924/5189/5189 930/5190/5190
f 931/5191/5191 918/5192/5192 916/5193/5193
f 932/5194/5194 925/5195/5195 929/5196/5196
f 933/5197/5197 919/5198/5198 918/5199/5199
f 934/5200/5200 926/5201/5201 932/5202/5202
f 935/5203/5203 920/5204/5204 919/5205/5205
f 936/5206/5206 928/5207/5207 937/5208/5208
f 937/5209/5209 927/5210/5210 934/5211/5211
f 938/5212/5212 921/5213/5213 920/5214/5214
f 936/5215/5215 913/5216/5216 912/5217/5217
f 939/5218/5218 922/5219/5219 921/5220/5220
f 940/5221/5221 914/5222/5222 913/5223/5223
f 941/5224/5224 923/5225/5225 922/5226/5226
f 942/5227/5227 915/5228/5228 914/5229/5229
f 930/5230/5230 923/5231/5231 943/5232/5232
f 917/5233/5233 886/5234/5234 910/5235/5235
f 944/5236/5236 942/5237/5237 940/5238/5238
f 945/5239/5239 943/5240/5240 941/5241/5241
f 946/5242/5242 942/5243/5243 947/5244/5244
f 948/5245/5245 943/5246/5246 949/5247/5247
f 946/5248/5248 931/5249/5249 950/5250/5250
f 948/5251/5251 929/5252/5252 930/5253/5253
f 951/5254/5254 931/5255/5255 952/5256/5256
f 953/5257/5257 929/5258/5258 954/5259/5259
f 951/5260/5260 935/5261/5261 933/5262/5262
f 953/5263/5263 934/5264/5264 932/5265/5265
f 955/5266/5266 935/5267/5267 956/5268/5268
f 957/5269/5269 936/5270/5270 937/5271/5271
f 957/5272/5272 934/5273/5273 958/5274/5274
f 955/5275/5275 939/5276/5276 938/5277/5277
f 944/5278/5278 936/5279/5279 959/5280/5280
f 950/5281/5281 916/5282/5282 915/5283/5283
f 960/5284/5284 961/5285/5285 955/5286/5286
f 962/5287/5287 959/5288/5288 963/5289/5289
f 964/5290/5290 961/5291/5291 965/5292/5292
f 966/5293/5293 944/5294/5294 962/5295/5295
f 967/5296/5296 945/5297/5297 964/5298/5298
f 966/5299/5299 946/5300/5300 947/5301/5301
f 967/5302/5302 948/5303/5303 949/5304/5304
f 968/5305/5305 952/5306/5306 946/5307/5307
f 969/5308/5308 954/5309/5309 948/5310/5310
f 970/5311/5311 952/5312/5312 971/5313/5313
f 972/5314/5314 953/5315/5315 954/5316/5316
f 973/5317/5317 951/5318/5318 970/5319/5319
f 974/5320/5320 958/5321/5321 953/5322/5322
f 973/5323/5323 955/5324/5324 956/5325/5325
f 975/5326/5326 959/5327/5327 957/5328/5328
f 976/5329/5329 957/5330/5330 958/5331/5331
f 945/5332/5332 939/5333/5333 961/5334/5334
f 960/5335/5335 973/5336/5336 968/5337/5337
f 960/5338/5338 968/5339/5339 965/5340/5340
f 964/5341/5341 965/5342/5342 962/5343/5343
f 976/5344/5344 972/5345/5345 975/5346/5346
f 969/5347/5347 967/5348/5348 975/5349/5349
f 963/5350/5350 967/5351/5351 962/5352/5352
f 968/5353/5353 973/5354/5354 971/5355/5355
f 965/5356/5356 968/5357/5357 966/5358/5358
f 962/5359/5359 965/5360/5360 966/5361/5361
f 974/5362/5362 972/5363/5363 976/5364/5364
f 975/5365/5365 972/5366/5366 969/5367/5367
f 975/5368/5368 967/5369/5369 963/5370/5370
f 962/5371/5371 967/5372/5372 964/5373/5373
f 881/5374/5374 887/5375/5375 882/5376/5376
f 884/5377/5377 889/5378/5378 885/5379/5379
f 887/5380/5380 894/5381/5381 888/5382/5382
f 889/5383/5383 895/5384/5384 890/5385/5385
f 891/5386/5386 897/5387/5387 892/5388/5388
f 894/5389/5389 891/5390/5390 893/5391/5391
f 895/5392/5392 899/5393/5393 896/5394/5394
f 897/5395/5395 901/5396/5396 898/5397/5397
f 899/5398/5398 903/5399/5399 900/5400/5400
f 901/5401/5401 905/5402/5402 902/5403/5403
f 903/5404/5404 907/5405/5405 904/5406/5406
f 905/5407/5407 909/5408/5408 906/5409/5409
f 907/5410/5410 911/5411/5411 908/5412/5412
f 909/5413/5413 917/5414/5414 910/5415/5415
f 911/5416/5416 881/5417/5417 883/5418/5418
f 891/5419/5419 928/5420/5420 912/5421/5421
f 901/5422/5422 897/5423/5423 912/5424/5424
f 901/5425/5425 913/5426/5426 914/5427/5427
f 909/5428/5428 905/5429/5429 914/5430/5430
f 909/5431/5431 915/5432/5432 916/5433/5433
f 884/5434/5434 917/5435/5435 916/5436/5436
f 884/5437/5437 918/5438/5438 919/5439/5439
f 895/5440/5440 889/5441/5441 919/5442/5442
f 895/5443/5443 920/5444/5444 921/5445/5445
f 903/5446/5446 899/5447/5447 921/5448/5448
f 903/5449/5449 922/5450/5450 923/5451/5451
f 911/5452/5452 907/5453/5453 923/5454/5454
f 881/5455/5455 911/5456/5456 924/5457/5457
f 887/5458/5458 881/5459/5459 925/5460/5460
f 887/5461/5461 926/5462/5462 927/5463/5463
f 891/5464/5464 894/5465/5465 927/5466/5466
f 929/5467/5467 925/5468/5468 924/5469/5469
f 931/5470/5470 933/5471/5471 918/5472/5472
f 932/5473/5473 926/5474/5474 925/5475/5475
f 933/5476/5476 935/5477/5477 919/5478/5478
f 934/5479/5479 927/5480/5480 926/5481/5481
f 935/5482/5482 938/5483/5483 920/5484/5484
f 936/5485/5485 912/5486/5486 928/5487/5487
f 937/5488/5488 928/5489/5489 927/5490/5490
f 938/5491/5491 939/5492/5492 921/5493/5493
f 936/5494/5494 940/5495/5495 913/5496/5496
f 939/5497/5497 941/5498/5498 922/5499/5499
f 940/5500/5500 942/5501/5501 914/5502/5502
f 941/5503/5503 943/5504/5504 923/5505/5505
f 942/5506/5506 950/5507/5507 915/5508/5508
f 930/5509/5509 924/5510/5510 923/5511/5511
f 917/5512/5512 884/5513/5513 886/5514/5514
f 944/5515/5515 947/5516/5516 942/5517/5517
f 945/5518/5518 949/5519/5519 943/5520/5520
f 946/5521/5521 950/5522/5522 942/5523/5523
f 948/5524/5524 930/5525/5525 943/5526/5526
f 946/5527/5527 952/5528/5528 931/5529/5529
f 948/5530/5530 954/5531/5531 929/5532/5532
f 951/5533/5533 933/5534/5534 931/5535/5535
f 953/5536/5536 932/5537/5537 929/5538/5538
f 951/5539/5539 956/5540/5540 935/5541/5541
f 953/5542/5542 958/5543/5543 934/5544/5544
f 955/5545/5545 938/5546/5546 935/5547/5547
f 957/5548/5548 959/5549/5549 936/5550/5550
f 957/5551/5551 937/5552/5552 934/5553/5553
f 955/5554/5554 961/5555/5555 939/5556/5556
f 944/5557/5557 940/5558/5558 936/5559/5559
f 950/5560/5560 931/5561/5561 916/5562/5562
f 960/5563/5563 965/5564/5564 961/5565/5565
f 962/5566/5566 944/5567/5567 959/5568/5568
f 964/5569/5569 945/5570/5570 961/5571/5571
f 966/5572/5572 947/5573/5573 944/5574/5574
f 967/5575/5575 949/5576/5576 945/5577/5577
f 966/5578/5578 968/5579/5579 946/5580/5580
f 967/5581/5581 969/5582/5582 948/5583/5583
f 968/5584/5584 971/5585/5585 952/5586/5586
f 969/5587/5587 972/5588/5588 954/5589/5589
f 970/5590/5590 951/5591/5591 952/5592/5592
f 972/5593/5593 974/5594/5594 953/5595/5595
f 973/5596/5596 956/5597/5597 951/5598/5598
f 974/5599/5599 976/5600/5600 958/5601/5601
f 973/5602/5602 960/5603/5603 955/5604/5604
f 975/5605/5605 963/5606/5606 959/5607/5607
f 976/5608/5608 975/5609/5609 957/5610/5610
f 945/5611/5611 941/5612/5612 939/5613/5613
f 973/5614/5614 970/5615/5615 971/5616/5616
f 977/5617/5617 978/5618/5618 979/5619/5619
f 980/5620/5620 981/5621/5621 982/5622/5622
f 983/5623/5623 984/5624/5624 978/5625/5625
f 985/5626/5626 986/5627/5627 981/5628/5628
f 987/5629/5629 988/5630/5630 989/5631/5631
f 990/5632/5632 989/5633/5633 984/5634/5634
f 991/5635/5635 992/5636/5636 986/5637/5637
f 993/5638/5638 994/5639/5639 988/5640/5640
f 995/5641/5641 996/5642/5642 992/5643/5643
f 997/5644/5644 998/5645/5645 994/5646/5646
f 999/5647/5647 1000/5648/5648 996/5649/5649
f 1001/5650/5650 1002/5651/5651 998/5652/5652
f 1003/5653/5653 1004/5654/5654 1000/5655/5655
f 1005/5656/5656 1006/5657/5657 1002/5658/5658
f 1007/5659/5659 979/5660/5660 1004/5661/5661
f 987/5662/5662 1008/5663/5663 993/5664/5664
f 997/5665/5665 1008/5666/5666 1009/5667/5667
f 997/5668/5668 1010/5669/5669 1001/5670/5670
f 1005/5671/5671 1010/5672/5672 1011/5673/5673
f 1005/5674/5674 1012/5675/5675 1013/5676/5676
f 980/5677/5677 1012/5678/5678 1014/5679/5679
f 980/5680/5680 1015/5681/5681 985/5682/5682
f 991/5683/5683 1015/5684/5684 1016/5685/5685
f 991/5686/5686 1017/5687/5687 995/5688/5688
f 999/5689/5689 1017/5690/5690 1018/5691/5691
f 999/5692/5692 1019/5693/5693 1003/5694/5694
f 1007/5695/5695 1019/5696/5696 1020/5697/5697
f 977/5698/5698 1020/5699/5699 1021/5700/5700
f 983/5701/5701 1021/5702/5702 1022/5703/5703
f 983/5704/5704 1023/5705/5705 990/5706/5706
f 987/5707/5707 1023/5708/5708 1024/5709/5709
f 1025/5710/5710 1020/5711/5711 1026/5712/5712
f 1027/5713/5713 1014/5714/5714 1012/5715/5715
f 1028/5716/5716 1021/5717/5717 1025/5718/5718
f 1029/5719/5719 1015/5720/5720 1014/5721/5721
f 1030/5722/5722 1022/5723/5723 1028/5724/5724
f 1031/5725/5725 1016/5726/5726 1015/5727/5727
f 1032/5728/5728 1024/5729/5729 1033/5730/5730
f 1033/5731/5731 1023/5732/5732 1030/5733/5733
f 1034/5734/5734 1017/5735/5735 1016/5736/5736
f 1032/5737/5737 1009/5738/5738 1008/5739/5739
f 1035/5740/5740 1018/5741/5741 1017/5742/5742
f 1036/5743/5743 1010/5744/5744 1009/5745/5745
f 1037/5746/5746 1019/5747/5747 1018/5748/5748
f 1038/5749/5749 1011/5750/5750 1010/5751/5751
f 1026/5752/5752 1019/5753/5753 1039/5754/5754
f 1013/5755/5755 982/5756/5756 1006/5757/5757
f 1040/5758/5758 1038/5759/5759 1036/5760/5760
f 1041/5761/5761 1039/5762/5762 1037/5763/5763
f 1042/5764/5764 1038/5765/5765 1043/5766/5766
f 1044/5767/5767 1039/5768/5768 1045/5769/5769
f 1042/5770/5770 1027/5771/5771 1046/5772/5772
f 1044/5773/5773 1025/5774/5774 1026/5775/5775
f 1047/5776/5776 1027/5777/5777 1048/5778/5778
f 1049/5779/5779 1025/5780/5780 1050/5781/5781
f 1047/5782/5782 1031/5783/5783 1029/5784/5784
f 1049/5785/5785 1030/5786/5786 1028/5787/5787
f 1051/5788/5788 1031/5789/5789 1052/5790/5790
f 1053/5791/5791 1032/5792/5792 1033/5793/5793
f 1053/5794/5794 1030/5795/5795 1054/5796/5796
f 1051/5797/5797 1035/5798/5798 1034/5799/5799
f 1040/5800/5800 1032/5801/5801 1055/5802/5802
f 1046/5803/5803 1012/5804/5804 1011/5805/5805
f 1056/5806/5806 1057/5807/5807 1051/5808/5808
f 1058/5809/5809 1055/5810/5810 1059/5811/5811
f 1060/5812/5812 1057/5813/5813 1061/5814/5814
f 1062/5815/5815 1040/5816/5816 1058/5817/5817
f 1063/5818/5818 1041/5819/5819 1060/5820/5820
f 1062/5821/5821 1042/5822/5822 1043/5823/5823
f 1063/5824/5824 1044/5825/5825 1045/5826/5826
f 1064/5827/5827 1048/5828/5828 1042/5829/5829
f 1065/5830/5830 1050/5831/5831 1044/5832/5832
f 1066/5833/5833 1048/5834/5834 1067/5835/5835
f 1068/5836/5836 1049/5837/5837 1050/5838/5838
f 1069/5839/5839 1047/5840/5840 1066/5841/5841
f 1070/5842/5842 1054/5843/5843 1049/5844/5844
f 1069/5845/5845 1051/5846/5846 1052/5847/5847
f 1071/5848/5848 1055/5849/5849 1053/5850/5850
f 1072/5851/5851 1053/5852/5852 1054/5853/5853
f 1041/5854/5854 1035/5855/5855 1057/5856/5856
f 1056/5857/5857 1069/5858/5858 1064/5859/5859
f 1056/5860/5860 1064/5861/5861 1061/5862/5862
f 1060/5863/5863 1061/5864/5864 1058/5865/5865
f 1072/5866/5866 1068/5867/5867 1071/5868/5868
f 1065/5869/5869 1063/5870/5870 1071/5871/5871
f 1059/5872/5872 1063/5873/5873 1058/5874/5874
f 1064/5875/5875 1069/5876/5876 1067/5877/5877
f 1061/5878/5878 1064/5879/5879 1062/5880/5880
f 1058/5881/5881 1061/5882/5882 1062/5883/5883
f 1070/5884/5884 1068/5885/5885 1072/5886/5886
f 1071/5887/5887 1068/5888/5888 1065/5889/5889
f 1071/5890/5890 1063/5891/5891 1059/5892/5892
f 1058/5893/5893 1063/5894/5894 1060/5895/5895
f 977/5896/5896 983/5897/5897 978/5898/5898
f 980/5899/5899 985/5900/5900 981/5901/5901
f 983/5902/5902 990/5903/5903 984/5904/5904
f 985/5905/5905 991/5906/5906 986/5907/5907
f 987/5908/5908 993/5909/5909 988/5910/5910
f 990/5911/5911 987/5912/5912 989/5913/5913
f 991/5914/5914 995/5915/5915 992/5916/5916
f 993/5917/5917 997/5918/5918 994/5919/5919
f 995/5920/5920 999/5921/5921 996/5922/5922
f 997/5923/5923 1001/5924/5924 998/5925/5925
f 999/5926/5926 1003/5927/5927 1000/5928/5928
f 1001/5929/5929 1005/5930/5930 1002/5931/5931
f 1003/5932/5932 1007/5933/5933 1004/5934/5934
f 1005/5935/5935 1013/5936/5936 1006/5937/5937
f 1007/5938/5938 977/5939/5939 979/5940/5940
f 987/5941/5941 1024/5942/5942 1008/5943/5943
f 997/5944/5944 993/5945/5945 1008/5946/5946
f 997/5947/5947 1009/5948/5948 1010/5949/5949
f 1005/5950/5950 1001/5951/5951 1010/5952/5952
f 1005/5953/5953 1011/5954/5954 1012/5955/5955
f 980/5956/5956 1013/5957/5957 1012/5958/5958
f 980/5959/5959 1014/5960/5960 1015/5961/5961
f 991/5962/5962 985/5963/5963 1015/5964/5964
f 991/5965/5965 1016/5966/5966 1017/5967/5967
f 999/5968/5968 995/5969/5969 1017/5970/5970
f 999/5971/5971 1018/5972/5972 1019/5973/5973
f 1007/5974/5974 1003/5975/5975 1019/5976/5976
f 977/5977/5977 1007/5978/5978 1020/5979/5979
f 983/5980/5980 977/5981/5981 1021/5982/5982
f 983/5983/5983 1022/5984/5984 1023/5985/5985
f 987/5986/5986 990/5987/5987 1023/5988/5988
f 1025/5989/5989 1021/5990/5990 1020/5991/5991
f 1027/5992/5992 1029/5993/5993 1014/5994/5994
f 1028/5995/5995 1022/5996/5996 1021/5997/5997
f 1029/5998/5998 1031/5999/5999 1015/6000/6000
f 1030/6001/6001 1023/6002/6002 1022/6003/6003
f 1031/6004/6004 1034/6005/6005 1016/6006/6006
f 1032/6007/6007 1008/6008/6008 1024/6009/6009
f 1033/6010/6010 1024/6011/6011 1023/6012/6012
f 1034/6013/6013 1035/6014/6014 1017/6015/6015
f 1032/6016/6016 1036/6017/6017 1009/6018/6018
f 1035/6019/6019 1037/6020/6020 1018/6021/6021
f 1036/6022/6022 1038/6023/6023 1010/6024/6024
f 1037/6025/6025 1039/6026/6026 1019/6027/6027
f 1038/6028/6028 1046/6029/6029 1011/6030/6030
f 1026/6031/6031 1020/6032/6032 1019/6033/6033
f 1013/6034/6034 980/6035/6035 982/6036/6036
f 1040/6037/6037 1043/6038/6038 1038/6039/6039
f 1041/6040/6040 1045/6041/6041 1039/6042/6042
f 1042/6043/6043 1046/6044/6044 1038/6045/6045
f 1044/6046/6046 1026/6047/6047 1039/6048/6048
f 1042/6049/6049 1048/6050/6050 1027/6051/6051
f 1044/6052/6052 1050/6053/6053 1025/6054/6054
f 1047/6055/6055 1029/6056/6056 1027/6057/6057
f 1049/6058/6058 1028/6059/6059 1025/6060/6060
f 1047/6061/6061 1052/6062/6062 1031/6063/6063
f 1049/6064/6064 1054/6065/6065 1030/6066/6066
f 1051/6067/6067 1034/6068/6068 1031/6069/6069
f 1053/6070/6070 1055/6071/6071 1032/6072/6072
f 1053/6073/6073 1033/6074/6074 1030/6075/6075
f 1051/6076/6076 1057/6077/6077 1035/6078/6078
f 1040/6079/6079 1036/6080/6080 1032/6081/6081
f 1046/6082/6082 1027/6083/6083 1012/6084/6084
f 1056/6085/6085 1061/6086/6086 1057/6087/6087
f 1058/6088/6088 1040/6089/6089 1055/6090/6090
f 1060/6091/6091 1041/6092/6092 1057/6093/6093
f 1062/6094/6094 1043/6095/6095 1040/6096/6096
f 1063/6097/6097 1045/6098/6098 1041/6099/6099
f 1062/6100/6100 1064/6101/6101 1042/6102/6102
f 1063/6103/6103 1065/6104/6104 1044/6105/6105
f 1064/6106/6106 1067/6107/6107 1048/6108/6108
f 1065/6109/6109 1068/6110/6110 1050/6111/6111
f 1066/6112/6112 1047/6113/6113 1048/6114/6114
f 1068/6115/6115 1070/6116/6116 1049/6117/6117
f 1069/6118/6118 1052/6119/6119 1047/6120/6120
f 1070/6121/6121 1072/6122/6122 1054/6123/6123
f 1069/6124/6124 1056/6125/6125 1051/6126/6126
f 1071/6127/6127 1059/6128/6128 1055/6129/6129
f 1072/6130/6130 1071/6131/6131 1053/6132/6132
f 1041/6133/6133 1037/6134/6134 1035/6135/6135
f 1069/6136/6136 1066/6137/6137 1067/6138/6138
f 1073/6139/6139 1074/6140/6140 1075/6141/6141
f 1076/6142/6142 1077/6143/6143 1078/6144/6144
f 1079/6145/6145 1075/6146/6146 1080/6147/6147
f 1081/6148/6148 1078/6149/6149 1082/6150/6150
f 1083/6151/6151 1084/6152/6152 1085/6153/6153
f 1086/6154/6154 1080/6155/6155 1084/6156/6156
f 1087/6157/6157 1082/6158/6158 1088/6159/6159
f 1089/6160/6160 1085/6161/6161 1090/6162/6162
f 1091/6163/6163 1088/6164/6164 1092/6165/6165
f 1093/6166/6166 1090/6167/6167 1094/6168/6168
f 1095/6169/6169 1092/6170/6170 1096/6171/6171
f 1097/6172/6172 1094/6173/6173 1098/6174/6174
f 1099/6175/6175 1096/6176/6176 1100/6177/6177
f 1101/6178/6178 1098/6179/6179 1102/6180/6180
f 1103/6181/6181 1100/6182/6182 1074/6183/6183
f 1083/6184/6184 1089/6185/6185 1104/6186/6186
f 1093/6187/6187 1105/6188/6188 1104/6189/6189
f 1093/6190/6190 1097/6191/6191 1106/6192/6192
f 1101/6193/6193 1107/6194/6194 1106/6195/6195
f 1101/6196/6196 1108/6197/6197 1109/6198/6198
f 1076/6199/6199 1110/6200/6200 1109/6201/6201
f 1076/6202/6202 1081/6203/6203 1111/6204/6204
f 1087/6205/6205 1112/6206/6206 1111/6207/6207
f 1087/6208/6208 1091/6209/6209 1113/6210/6210
f 1095/6211/6211 1114/6212/6212 1113/6213/6213
f 1095/6214/6214 1099/6215/6215 1115/6216/6216
f 1103/6217/6217 1116/6218/6218 1115/6219/6219
f 1073/6220/6220 1117/6221/6221 1116/6222/6222
f 1079/6223/6223 1118/6224/6224 1117/6225/6225
f 1079/6226/6226 1086/6227/6227 1119/6228/6228
f 1083/6229/6229 1120/6230/6230 1119/6231/6231
f 1121/6232/6232 1122/6233/6233 1116/6234/6234
f 1123/6235/6235 1109/6236/6236 1110/6237/6237
f 1124/6238/6238 1121/6239/6239 1117/6240/6240
f 1125/6241/6241 1110/6242/6242 1111/6243/6243
f 1126/6244/6244 1124/6245/6245 1118/6246/6246
f 1127/6247/6247 1111/6248/6248 1112/6249/6249
f 1128/6250/6250 1129/6251/6251 1120/6252/6252
f 1129/6253/6253 1126/6254/6254 1119/6255/6255
f 1130/6256/6256 1112/6257/6257 1113/6258/6258
f 1128/6259/6259 1104/6260/6260 1105/6261/6261
f 1131/6262/6262 1113/6263/6263 1114/6264/6264
f 1132/6265/6265 1105/6266/6266 1106/6267/6267
f 1133/6268/6268 1114/6269/6269 1115/6270/6270
f 1134/6271/6271 1106/6272/6272 1107/6273/6273
f 1122/6274/6274 1135/6275/6275 1115/6276/6276
f 1108/6277/6277 1102/6278/6278 1077/6279/6279
f 1136/6280/6280 1132/6281/6281 1134/6282/6282
f 1137/6283/6283 1133/6284/6284 1135/6285/6285
f 1138/6286/6286 1139/6287/6287 1134/6288/6288
f 1140/6289/6289 1141/6290/6290 1135/6291/6291
f 1138/6292/6292 1142/6293/6293 1123/6294/6294
f 1140/6295/6295 1122/6296/6296 1121/6297/6297
f 1143/6298/6298 1144/6299/6299 1123/6300/6300
f 1145/6301/6301 1146/6302/6302 1121/6303/6303
f 1143/6304/6304 1125/6305/6305 1127/6306/6306
f 1145/6307/6307 1124/6308/6308 1126/6309/6309
f 1147/6310/6310 1148/6311/6311 1127/6312/6312
f 1149/6313/6313 1129/6314/6314 1128/6315/6315
f 1149/6316/6316 1150/6317/6317 1126/6318/6318
f 1147/6319/6319 1130/6320/6320 1131/6321/6321
f 1136/6322/6322 1151/6323/6323 1128/6324/6324
f 1142/6325/6325 1107/6326/6326 1109/6327/6327
f 1152/6328/6328 1147/6329/6329 1153/6330/6330
f 1154/6331/6331 1155/6332/6332 1151/6333/6333
f 1156/6334/6334 1157/6335/6335 1153/6336/6336
f 1158/6337/6337 1154/6338/6338 1136/6339/6339
f 1159/6340/6340 1156/6341/6341 1137/6342/6342
f 1158/6343/6343 1139/6344/6344 1138/6345/6345
f 1159/6346/6346 1141/6347/6347 1140/6348/6348
f 1160/6349/6349 1138/6350/6350 1144/6351/6351
f 1161/6352/6352 1140/6353/6353 1146/6354/6354
f 1162/6355/6355 1163/6356/6356 1144/6357/6357
f 1164/6358/6358 1146/6359/6359 1145/6360/6360
f 1165/6361/6361 1162/6362/6362 1143/6363/6363
f 1166/6364/6364 1145/6365/6365 1150/6366/6366
f 1165/6367/6367 1148/6368/6368 1147/6369/6369
f 1167/6370/6370 1149/6371/6371 1151/6372/6372
f 1168/6373/6373 1150/6374/6374 1149/6375/6375
f 1137/6376/6376 1153/6377/6377 1131/6378/6378
f 1152/6379/6379 1160/6380/6380 1165/6381/6381
f 1152/6382/6382 1157/6383/6383 1160/6384/6384
f 1156/6385/6385 1154/6386/6386 1157/6387/6387
f 1168/6388/6388 1167/6389/6389 1164/6390/6390
f 1161/6391/6391 1167/6392/6392 1159/6393/6393
f 1155/6394/6394 1154/6395/6395 1159/6396/6396
f 1160/6397/6397 1163/6398/6398 1165/6399/6399
f 1157/6400/6400 1158/6401/6401 1160/6402/6402
f 1154/6403/6403 1158/6404/6404 1157/6405/6405
f 1166/6406/6406 1168/6407/6407 1164/6408/6408
f 1167/6409/6409 1161/6410/6410 1164/6411/6411
f 1167/6412/6412 1155/6413/6413 1159/6414/6414
f 1154/6415/6415 1156/6416/6416 1159/6417/6417
f 1073/6418/6418 1075/6419/6419 1079/6420/6420
f 1076/6421/6421 1078/6422/6422 1081/6423/6423
f 1079/6424/6424 1080/6425/6425 1086/6426/6426
f 1081/6427/6427 1082/6428/6428 1087/6429/6429
f 1083/6430/6430 1085/6431/6431 1089/6432/6432
f 1086/6433/6433 1084/6434/6434 1083/6435/6435
f 1087/6436/6436 1088/6437/6437 1091/6438/6438
f 1089/6439/6439 1090/6440/6440 1093/6441/6441
f 1091/6442/6442 1092/6443/6443 1095/6444/6444
f 1093/6445/6445 1094/6446/6446 1097/6447/6447
f 1095/6448/6448 1096/6449/6449 1099/6450/6450
f 1097/6451/6451 1098/6452/6452 1101/6453/6453
f 1099/6454/6454 1100/6455/6455 1103/6456/6456
f 1101/6457/6457 1102/6458/6458 1108/6459/6459
f 1103/6460/6460 1074/6461/6461 1073/6462/6462
f 1083/6463/6463 1104/6464/6464 1120/6465/6465
f 1093/6466/6466 1104/6467/6467 1089/6468/6468
f 1093/6469/6469 1106/6470/6470 1105/6471/6471
f 1101/6472/6472 1106/6473/6473 1097/6474/6474
f 1101/6475/6475 1109/6476/6476 1107/6477/6477
f 1076/6478/6478 1109/6479/6479 1108/6480/6480
f 1076/6481/6481 1111/6482/6482 1110/6483/6483
f 1087/6484/6484 1111/6485/6485 1081/6486/6486
f 1087/6487/6487 1113/6488/6488 1112/6489/6489
f 1095/6490/6490 1113/6491/6491 1091/6492/6492
f 1095/6493/6493 1115/6494/6494 1114/6495/6495
f 1103/6496/6496 1115/6497/6497 1099/6498/6498
f 1073/6499/6499 1116/6500/6500 1103/6501/6501
f 1079/6502/6502 1117/6503/6503 1073/6504/6504
f 1079/6505/6505 1119/6506/6506 1118/6507/6507
f 1083/6508/6508 1119/6509/6509 1086/6510/6510
f 1121/6511/6511 1116/6512/6512 1117/6513/6513
f 1123/6514/6514 1110/6515/6515 1125/6516/6516
f 1124/6517/6517 1117/6518/6518 1118/6519/6519
f 1125/6520/6520 1111/6521/6521 1127/6522/6522
f 1126/6523/6523 1118/6524/6524 1119/6525/6525
f 1127/6526/6526 1112/6527/6527 1130/6528/6528
f 1128/6529/6529 1120/6530/6530 1104/6531/6531
f 1129/6532/6532 1119/6533/6533 1120/6534/6534
f 1130/6535/6535 1113/6536/6536 1131/6537/6537
f 1128/6538/6538 1105/6539/6539 1132/6540/6540
f 1131/6541/6541 1114/6542/6542 1133/6543/6543
f 1132/6544/6544 1106/6545/6545 1134/6546/6546
f 1133/6547/6547 1115/6548/6548 1135/6549/6549
f 1134/6550/6550 1107/6551/6551 1142/6552/6552
f 1122/6553/6553 1115/6554/6554 1116/6555/6555
f 1108/6556/6556 1077/6557/6557 1076/6558/6558
f 1136/6559/6559 1134/6560/6560 1139/6561/6561
f 1137/6562/6562 1135/6563/6563 1141/6564/6564
f 1138/6565/6565 1134/6566/6566 1142/6567/6567
f 1140/6568/6568 1135/6569/6569 1122/6570/6570
f 1138/6571/6571 1123/6572/6572 1144/6573/6573
f 1140/6574/6574 1121/6575/6575 1146/6576/6576
f 1143/6577/6577 1123/6578/6578 1125/6579/6579
f 1145/6580/6580 1121/6581/6581 1124/6582/6582
f 1143/6583/6583 1127/6584/6584 1148/6585/6585
f 1145/6586/6586 1126/6587/6587 1150/6588/6588
f 1147/6589/6589 1127/6590/6590 1130/6591/6591
f 1149/6592/6592 1128/6593/6593 1151/6594/6594
f 1149/6595/6595 1126/6596/6596 1129/6597/6597
f 1147/6598/6598 1131/6599/6599 1153/6600/6600
f 1136/6601/6601 1128/6602/6602 1132/6603/6603
f 1142/6604/6604 1109/6605/6605 1123/6606/6606
f 1152/6607/6607 1153/6608/6608 1157/6609/6609
f 1154/6610/6610 1151/6611/6611 1136/6612/6612
f 1156/6613/6613 1153/6614/6614 1137/6615/6615
f 1158/6616/6616 1136/6617/6617 1139/6618/6618
f 1159/6619/6619 1137/6620/6620 1141/6621/6621
f 1158/6622/6622 1138/6623/6623 1160/6624/6624
f 1159/6625/6625 1140/6626/6626 1161/6627/6627
f 1160/6628/6628 1144/6629/6629 1163/6630/6630
f 1161/6631/6631 1146/6632/6632 1164/6633/6633
f 1162/6634/6634 1144/6635/6635 1143/6636/6636
f 1164/6637/6637 1145/6638/6638 1166/6639/6639
f 1165/6640/6640 1143/6641/6641 1148/6642/6642
f 1166/6643/6643 1150/6644/6644 1168/6645/6645
f 1165/6646/6646 1147/6647/6647 1152/6648/6648
f 1167/6649/6649 1151/6650/6650 1155/6651/6651
f 1168/6652/6652 1149/6653/6653 1167/6654/6654
f 1137/6655/6655 1131/6656/6656 1133/6657/6657
f 1165/6658/6658 1163/6659/6659 1162/6660/6660
g booster_cylinder_009
v -0.06464585 0.12971604 -3.62244153
v -0.04452930 0.14002860 -3.62548566
v -0.02345698 0.09355402 -3.47112179
v 0.06464295 0.12971604 -3.62244153
v 0.03405091 0.08788991 -3.47112179
v 0.02345425 0.09355402 -3.47112179
v -0.00000147 -0.07466853 -3.56210685
v -0.00000138 -0.02436531 -3.47112179
v 0.01195619 -0.02318764 -3.47112179
v -0.08227820 0.11583769 -3.61834455
v -0.03405363 0.08789003 -3.47112179
v 0.04452638 0.14002860 -3.62548566
v 0.01195620 0.09704185 -3.47112179
v 0.02269864 -0.07252431 -3.56273985
v 0.02345425 -0.01969969 -3.47112179
v -0.09674866 0.09892678 -3.61335230
v -0.04334170 0.08026743 -3.47112179
v 0.02269864 0.14637911 -3.62736034
v -0.00000137 0.09821963 -3.47112179
v 0.04452640 -0.06617379 -3.56461453
v 0.03405089 -0.01403570 -3.47112179
v -0.10750116 0.07963336 -3.60765696
v -0.05096421 0.07097936 -3.47112179
v 0.06464294 -0.05586123 -3.56765866
v 0.04333894 -0.00641322 -3.47112179
v -0.11412255 0.05869877 -3.60147691
v -0.05662823 0.06038272 -3.47112179
v 0.08227526 -0.04198289 -3.57175541
v 0.05096146 0.00287485 -3.47112179
v -0.11635832 0.03692746 -3.59505010
v -0.06011613 0.04888475 -3.47112179
v 0.09674574 -0.02507198 -3.57674766
v 0.05662548 0.01347148 -3.47112179
v -0.11412255 0.01515615 -3.58862281
v -0.06129386 0.03692710 -3.47112179
v 0.10749825 -0.00577855 -3.58244300
v 0.06011337 0.02496958 -3.47112179
v -0.10750116 -0.00577855 -3.58244300
v -0.06011613 0.02496958 -3.47112179
v 0.11411963 0.01515615 -3.58862281
v 0.06129110 0.03692710 -3.47112179
v -0.09674863 -0.02507198 -3.57674766
v -0.05662823 0.01347148 -3.47112179
v 0.11635540 0.03692734 -3.59505010
v 0.06011337 0.04888475 -3.47112179
v -0.08227818 -0.04198289 -3.57175541
v -0.05096420 0.00287485 -3.47112179
v 0.11411963 0.05869865 -3.60147691
v 0.05662548 0.06038272 -3.47112179
v -0.06464585 -0.05586123 -3.56765866
v -0.04334170 -0.00641322 -3.47112179
v 0.10749824 0.07963336 -3.60765696
v 0.05096146 0.07097936 -3.47112179
v -0.04452929 -0.06617379 -3.56461453
v -0.03405364 -0.01403570 -3.47112179
v -0.02270154 0.14637911 -3.62736034
v -0.00000147 0.14852333 -3.62799335
v 0.09674573 0.09892678 -3.61335230
v 0.04333895 0.08026743 -3.47112179
v -0.02270154 -0.07252431 -3.56273985
v -0.02345699 -0.01969969 -3.47112179
v -0.01195893 0.09704185 -3.47112179
v 0.08227526 0.11583769 -3.61834455
v -0.02431208 0.15414453 -3.62965274
v -0.04768847 0.14734352 -3.62764502
v -0.06923226 0.13629925 -3.62438488
v -0.08811560 0.12143624 -3.61999750
v -0.10361272 0.10332549 -3.61465096
v -0.11512809 0.08266330 -3.60855126
v -0.12221924 0.06024337 -3.60193300
v -0.12461365 0.03692746 -3.59505010
v -0.12221924 0.01361144 -3.58816719
v -0.11512809 -0.00880837 -3.58154869
v -0.10361268 -0.02947080 -3.57544899
v -0.08811557 -0.04758143 -3.57010293
v -0.06923226 -0.06244445 -3.56571531
v -0.04768846 -0.07348859 -3.56245494
v -0.02431207 -0.08028972 -3.56044769
v -0.00000147 -0.08258605 -3.55976939
v 0.02430917 -0.08028972 -3.56044769
v 0.04768557 -0.07348859 -3.56245494
v 0.06922935 -0.06244445 -3.56571531
v 0.08811265 -0.04758143 -3.57010293
v 0.10360979 -0.02947068 -3.57544899
v 0.11512517 -0.00880837 -3.58154893
v 0.12221631 0.01361144 -3.58816719
v 0.12461072 0.03692734 -3.59505010
v 0.12221631 0.06024337 -3.60193300
v 0.11512517 0.08266330 -3.60855126
v 0.10360979 0.10332549 -3.61465096
v 0.08811265 0.12143624 -3.61999750
v 0.06922936 0.13629925 -3.62438488
v 0.04768556 0.14734352 -3.62764502
v 0.02430917 0.15414453 -3.62965274
v -0.00000146 0.15644097 -3.63033056
v -0.06648762 0.05015206 -3.46844125
v 0.06262724 0.01098549 -3.46844125
v 0.05636290 -0.00073433 -3.46844125
v -0.06779017 0.03692710 -3.46844125
v 0.06648482 0.02370214 -3.46844125
v -0.06648762 0.02370226 -3.46844125
v 0.06778736 0.03692710 -3.46844125
v -0.06263005 0.01098549 -3.46844125
v 0.06648482 0.05015206 -3.46844125
v -0.05636569 -0.00073433 -3.46844125
v 0.06262724 0.06286871 -3.46844125
v -0.04793530 -0.01100671 -3.46844125
v 0.05636290 0.07458854 -3.46844125
v -0.03766283 -0.01943719 -3.46844125
v -0.00000140 0.10471594 -3.46844125
v 0.04793250 0.08486104 -3.46844125
v -0.02594304 -0.02570152 -3.46844125
v -0.01322632 0.10341334 -3.46844125
v 0.03766002 0.09329140 -3.46844125
v -0.01322633 -0.02955914 -3.46844125
v -0.02594303 0.09955585 -3.46844125
v 0.02594024 0.09955573 -3.46844125
v 0.01322352 -0.02955914 -3.46844125
v -0.00000142 -0.03086162 -3.46844125
v -0.03766282 0.09329140 -3.46844125
v 0.01322354 0.10341334 -3.46844125
v 0.02594023 -0.02570152 -3.46844125
v -0.04793530 0.08486104 -3.46844125
v 0.03766000 -0.01943719 -3.46844125
v -0.05636571 0.07458854 -3.46844125
v 0.04793249 -0.01100671 -3.46844125
v -0.06263004 0.06286883 -3.46844125
v -0.01195894 -0.02318764 -3.47112179
v -0.01857778 -0.05646265 -3.43578243
v -0.03644028 0.12489843 -3.43578243
v 0.05289970 0.11609924 -3.43578243
v -0.00000141 -0.05829227 -3.43578243
v -0.05290246 0.11609924 -3.43578243
v 0.03643752 0.12489843 -3.43578243
v 0.03643750 -0.05104411 -3.43578243
v 0.01857499 -0.05646265 -3.43578243
v -0.06733170 0.10425746 -3.43578243
v 0.01857501 0.13031697 -3.43578243
v -0.07917347 0.08982825 -3.43578243
v 0.05289968 -0.04224491 -3.43578243
v -0.08797266 0.07336605 -3.43578243
v 0.06732892 -0.03040314 -3.43578243
v -0.09339121 0.05550361 -3.43578243
v 0.07917069 -0.01597393 -3.43578243
v -0.09522083 0.03692710 -3.43578243
v 0.08796990 0.00048828 -3.43578243
v -0.08797267 0.00048828 -3.43578243
v -0.09339122 0.01835072 -3.43578243
v 0.09338843 0.01835072 -3.43578243
v -0.07917344 -0.01597393 -3.43578243
v 0.09521805 0.03692710 -3.43578243
v 0.08796989 0.07336605 -3.43578243
v 0.09338844 0.05550349 -3.43578243
v -0.05290248 -0.04224491 -3.43578243
v -0.06733169 -0.03040314 -3.43578243
v -0.03644029 -0.05104411 -3.43578243
v -0.00000138 0.13214660 -3.43578243
v 0.07917069 0.08982825 -3.43578243
v -0.01857776 0.13031697 -3.43578243
v 0.06732893 0.10425746 -3.43578243
vt 0.78008896 0.38332513
vt 0.77738017 0.37366942
vt 0.84824324 0.36430517
vt 0.78008896 0.32420251
vt 0.84904355 0.33800077
vt 0.84824324 0.34322250
vt 0.87670344 0.24390569
vt 0.89046258 0.28749445
vt 0.88550597 0.28932175
vt 0.78380585 0.39263946
vt 0.78008896 0.38332513
vt 0.84904355 0.36952686
vt 0.77738017 0.33385828
vt 0.84824324 0.34322250
vt 0.84776676 0.34848359
vt 0.86720622 0.24712653
vt 0.88550597 0.28932175
vt 0.88074434 0.29160932
vt 0.78846020 0.40152255
vt 0.78380585 0.39263946
vt 0.85017562 0.37468678
vt 0.77573270 0.34375057
vt 0.84776676 0.34848359
vt 0.84760863 0.35376382
vt 0.85785705 0.25075489
vt 0.88074434 0.29160932
vt 0.87621844 0.29433376
vt 0.79396796 0.40990317
vt 0.78846020 0.40152255
vt 0.85164928 0.37975982
vt 0.84868395 0.25480765
vt 0.87621844 0.29433376
vt 0.87196493 0.29746646
vt 0.80023682 0.41773087
vt 0.79396796 0.40990317
vt 0.85347414 0.38471726
vt 0.83972424 0.25931272
vt 0.87196493 0.29746646
vt 0.86801505 0.30097428
vt 0.80717015 0.42497659
vt 0.80023682 0.41773087
vt 0.85565853 0.38952723
vt 0.83102679 0.26430526
vt 0.86801505 0.30097428
vt 0.86439413 0.30482078
vt 0.81467223 0.43163171
vt 0.80717015 0.42497659
vt 0.85820729 0.39415434
vt 0.82265204 0.26982194
vt 0.86439413 0.30482078
vt 0.86112094 0.30896705
vt 0.82265198 0.43770581
vt 0.81467223 0.43163171
vt 0.86112094 0.39856076
vt 0.81467229 0.27589604
vt 0.86112094 0.30896705
vt 0.85820723 0.31337351
vt 0.83102679 0.44322255
vt 0.82265198 0.43770581
vt 0.86439419 0.40270704
vt 0.80717015 0.28255117
vt 0.85820723 0.31337351
vt 0.85565847 0.31800061
vt 0.83972424 0.44821510
vt 0.83102679 0.44322255
vt 0.86801505 0.40655360
vt 0.80023682 0.28979689
vt 0.85565847 0.31800061
vt 0.85347414 0.32281059
vt 0.84868389 0.45272017
vt 0.83972424 0.44821510
vt 0.87196493 0.41006145
vt 0.79396796 0.29762453
vt 0.85347414 0.32281059
vt 0.85164922 0.32776800
vt 0.85785699 0.45677295
vt 0.84868389 0.45272017
vt 0.87621844 0.41319412
vt 0.77573270 0.36377713
vt 0.77517974 0.35376385
vt 0.84760863 0.35376382
vt 0.78846014 0.30600518
vt 0.85164922 0.32776800
vt 0.85017562 0.33284086
vt 0.86720622 0.46040130
vt 0.85785699 0.45677295
vt 0.88074434 0.41591856
vt 0.77738017 0.37366942
vt 0.77573270 0.36377713
vt 0.84776676 0.35904402
vt 0.78380585 0.31488821
vt 0.85017562 0.33284086
vt 0.84904355 0.33800077
vt 0.79267448 0.55001158
vt 0.79071802 0.55984741
vt 0.78710598 0.55949169
vt 0.79071802 0.55984741
vt 0.79071802 0.56987596
vt 0.78710598 0.57023168
vt 0.79071802 0.56987596
vt 0.79267448 0.57971174
vt 0.78920132 0.58076531
vt 0.79267448 0.57971174
vt 0.79651231 0.58897686
vt 0.79331136 0.59068787
vt 0.79651231 0.58897686
vt 0.80208391 0.59731531
vt 0.79927820 0.59961784
vt 0.80208391 0.59731531
vt 0.80917513 0.60440654
vt 0.80687261 0.60721225
vt 0.80917513 0.60440654
vt 0.81751359 0.60997808
vt 0.81580257 0.61317903
vt 0.81751359 0.60997808
vt 0.82677877 0.61381590
vt 0.82572514 0.61728907
vt 0.83661461 0.61577237
vt 0.83625883 0.61938435
vt 0.82572514 0.61728907
vt 0.84664315 0.61577231
vt 0.84699887 0.61938435
vt 0.83625883 0.61938435
vt 0.85647899 0.61381584
vt 0.85753256 0.61728907
vt 0.84699887 0.61938435
vt 0.86574411 0.60997802
vt 0.86745512 0.61317897
vt 0.85753256 0.61728907
vt 0.87408257 0.60440648
vt 0.87638509 0.60721207
vt 0.86745512 0.61317897
vt 0.88117379 0.59731519
vt 0.88397950 0.59961772
vt 0.87638509 0.60721207
vt 0.88674539 0.58897674
vt 0.88994628 0.59068769
vt 0.88397950 0.59961772
vt 0.89058310 0.57971156
vt 0.89405638 0.58076519
vt 0.88994628 0.59068769
vt 0.89058310 0.57971156
vt 0.89253920 0.56987560
vt 0.89615113 0.57023138
vt 0.89253920 0.56987560
vt 0.89253902 0.55984712
vt 0.89615113 0.55949134
vt 0.89253902 0.55984712
vt 0.89058268 0.55001134
vt 0.89405584 0.54895777
vt 0.89058268 0.55001134
vt 0.88674486 0.54074621
vt 0.88994581 0.53903532
vt 0.88674486 0.54074621
vt 0.88117331 0.53240788
vt 0.88397890 0.53010529
vt 0.88117331 0.53240788
vt 0.87408209 0.52531666
vt 0.87638462 0.52251101
vt 0.87408209 0.52531666
vt 0.86574370 0.51974511
vt 0.86745459 0.51654416
vt 0.86574370 0.51974511
vt 0.85647851 0.51590741
vt 0.85753208 0.51243418
vt 0.84664273 0.51395094
vt 0.84699845 0.51033890
vt 0.85753208 0.51243418
vt 0.83661419 0.51395100
vt 0.83625847 0.51033896
vt 0.84699845 0.51033890
vt 0.82677847 0.51590741
vt 0.82572484 0.51243424
vt 0.83625847 0.51033896
vt 0.81751329 0.51974523
vt 0.81580240 0.51654428
vt 0.82572484 0.51243424
vt 0.80917490 0.52531672
vt 0.80687237 0.52251112
vt 0.81580240 0.51654428
vt 0.80208373 0.53240800
vt 0.79927808 0.53010547
vt 0.80687237 0.52251112
vt 0.79651219 0.54074639
vt 0.79331124 0.53903550
vt 0.79927808 0.53010547
vt 0.79267448 0.55001158
vt 0.78920120 0.54895800
vt 0.79331124 0.53903550
vt 0.85879427 0.08082403
vt 0.80199564 0.05186637
vt 0.80942380 0.04410941
vt 0.86847848 0.17449555
vt 0.87249827 0.17873542
vt 0.83500916 0.21613961
vt 0.86161715 0.07570869
vt 0.80942380 0.04410941
vt 0.81746525 0.03699020
vt 0.86484712 0.16991858
vt 0.86847848 0.17449555
vt 0.82602298 0.21025762
vt 0.86484700 0.07084013
vt 0.81746525 0.03699020
vt 0.82602316 0.03050101
vt 0.86161721 0.16504999
vt 0.86484712 0.16991858
vt 0.81746519 0.20376833
vt 0.86847842 0.06626321
vt 0.82602316 0.03050101
vt 0.83500934 0.02461898
vt 0.85879433 0.15993463
vt 0.86161721 0.16504999
vt 0.80942374 0.19664907
vt 0.87249827 0.06202333
vt 0.83500934 0.02461898
vt 0.84434634 0.01931162
vt 0.85637736 0.15461542
vt 0.85879433 0.15993463
vt 0.80199558 0.18889211
vt 0.87688559 0.05816501
vt 0.84434634 0.01931162
vt 0.85396916 0.01454202
vt 0.85436004 0.14913221
vt 0.85637736 0.15461542
vt 0.79528242 0.18050872
vt 0.88161176 0.05473013
vt 0.85396916 0.01454202
vt 0.86382514 0.01027490
vt 0.84990025 0.12037922
vt 0.77517974 0.12037925
vt 0.77577102 0.10965557
vt 0.85273230 0.14352097
vt 0.85436004 0.14913221
vt 0.78938645 0.17153168
vt 0.88664103 0.05175655
vt 0.86382514 0.01027490
vt 0.87387305 0.00648199
vt 0.85007459 0.11453925
vt 0.77577102 0.10965557
vt 0.77753282 0.09906096
vt 0.85148275 0.13781357
vt 0.85273230 0.14352097
vt 0.78440607 0.16201621
vt 0.89193135 0.04927700
vt 0.87387305 0.00648199
vt 0.88408220 0.00314690
vt 0.85059994 0.10872026
vt 0.77753282 0.09906096
vt 0.78042996 0.08871909
vt 0.85059994 0.13203807
vt 0.85148275 0.13781357
vt 0.78042996 0.15203933
vt 0.89193135 0.19148181
vt 0.89743572 0.19344071
vt 0.88408208 0.23761189
vt 0.85148269 0.10294490
vt 0.78042996 0.08871909
vt 0.78440613 0.07874218
vt 0.85007459 0.12621918
vt 0.85059994 0.13203807
vt 0.77753282 0.14169744
vt 0.88664103 0.18900226
vt 0.89193135 0.19148181
vt 0.87387300 0.23427679
vt 0.85273230 0.09723755
vt 0.78440613 0.07874218
vt 0.78938651 0.06922673
vt 0.84990025 0.12037922
vt 0.85007459 0.12621918
vt 0.77577102 0.13110289
vt 0.88161182 0.18602867
vt 0.88664103 0.18900226
vt 0.86382496 0.23048386
vt 0.85435998 0.09162634
vt 0.78938651 0.06922673
vt 0.79528242 0.06024976
vt 0.87688559 0.18259376
vt 0.88161182 0.18602867
vt 0.85396898 0.22621669
vt 0.85637730 0.08614320
vt 0.79528242 0.06024976
vt 0.80199564 0.05186637
vt 0.87670338 0.46362212
vt 0.86720622 0.46040130
vt 0.88550597 0.41820610
vt 0.84595543 0.84421968
vt 0.84002721 0.82642996
vt 0.84544271 0.82423717
vt 0.76234692 0.79871744
vt 0.78050458 0.79403597
vt 0.78231692 0.79959029
vt 0.76489270 0.75841427
vt 0.78231692 0.76534325
vt 0.78050458 0.77089763
vt 0.85356218 0.72379410
vt 0.84544271 0.74069643
vt 0.84002721 0.73850363
vt 0.76489276 0.80651933
vt 0.78231692 0.79959029
vt 0.78481388 0.80487245
vt 0.76234692 0.76621616
vt 0.78050458 0.77089763
vt 0.77940547 0.77663583
vt 0.83802152 0.71861535
vt 0.84595543 0.72071391
vt 0.84002721 0.73850363
vt 0.76839995 0.81393886
vt 0.78481388 0.80487245
vt 0.78795558 0.80979842
vt 0.76080310 0.77427638
vt 0.77940547 0.77663583
vt 0.77903712 0.78246677
vt 0.83802152 0.71861535
vt 0.83437890 0.73700958
vt 0.82858753 0.73623818
vt 0.77281296 0.82085818
vt 0.78795558 0.80979842
vt 0.79169208 0.81428993
vt 0.82988662 0.71753186
vt 0.82858753 0.73623818
vt 0.82274508 0.73620164
vt 0.77806151 0.82716709
vt 0.79169208 0.81428993
vt 0.79596412 0.81827557
vt 0.82168001 0.71748048
vt 0.82274508 0.73620164
vt 0.81694448 0.73690051
vt 0.78406221 0.83276552
vt 0.79596412 0.81827557
vt 0.80070364 0.82169193
vt 0.81353223 0.71846223
vt 0.81694448 0.73690051
vt 0.81127793 0.73832381
vt 0.79071963 0.83756441
vt 0.80070364 0.82169193
vt 0.80583555 0.82448483
vt 0.80557269 0.72046143
vt 0.81127793 0.73832381
vt 0.80583549 0.74044877
vt 0.80557269 0.84447217
vt 0.79792798 0.84148741
vt 0.80583555 0.82448483
vt 0.79792798 0.72344619
vt 0.80583549 0.74044877
vt 0.80070364 0.74324167
vt 0.81353223 0.84647137
vt 0.80557269 0.84447217
vt 0.81127793 0.82660973
vt 0.79071963 0.72736919
vt 0.80070364 0.74324167
vt 0.79596412 0.74665803
vt 0.81353223 0.84647137
vt 0.81694448 0.82803297
vt 0.82274508 0.82873195
vt 0.77806151 0.73776644
vt 0.78406215 0.73216808
vt 0.79596412 0.74665803
vt 0.82988662 0.84740174
vt 0.82168001 0.84745306
vt 0.82274508 0.82873195
vt 0.77806151 0.73776644
vt 0.79169208 0.75064367
vt 0.78795552 0.75513518
vt 0.83802152 0.84631819
vt 0.82988662 0.84740174
vt 0.82858753 0.82869542
vt 0.76028568 0.78246677
vt 0.77903712 0.78246677
vt 0.77940547 0.78829771
vt 0.77281296 0.74407542
vt 0.78795552 0.75513518
vt 0.78481388 0.76006114
vt 0.83802152 0.84631819
vt 0.83437890 0.82792401
vt 0.84002721 0.82642996
vt 0.76234692 0.79871744
vt 0.76080310 0.79065716
vt 0.77940547 0.78829771
vt 0.76839995 0.75099474
vt 0.78481388 0.76006114
vt 0.78231692 0.76534325
vt 0.87249827 0.17873542
vt 0.87688559 0.18259376
vt 0.84434617 0.22144702
vt 0.82174635 0.67828327
vt 0.83768946 0.66519898
vt 0.82662684 0.67626166
vt 0.83971107 0.66031843
vt 0.83768946 0.66519898
vt 0.81656516 0.67931384
vt 0.81128246 0.67931384
vt 0.84074163 0.65513730
vt 0.81656516 0.67931384
vt 0.84074163 0.64985472
vt 0.84074163 0.65513730
vt 0.80610132 0.67828327
vt 0.80122083 0.67626166
vt 0.83971107 0.64467353
vt 0.80610132 0.67828327
vt 0.83768946 0.63979298
vt 0.83971107 0.64467353
vt 0.79682839 0.67332673
vt 0.79309309 0.66959137
vt 0.83475459 0.63540065
vt 0.79682839 0.67332673
vt 0.80122077 0.62873030
vt 0.80610132 0.62670869
vt 0.79309297 0.63540059
vt 0.79015815 0.63979292
vt 0.80610132 0.62670869
vt 0.78813654 0.64467341
vt 0.81128246 0.62567812
vt 0.81656516 0.62567812
vt 0.78813654 0.64467341
vt 0.78710598 0.64985454
vt 0.81656516 0.62567812
vt 0.78710598 0.65513724
vt 0.82174629 0.62670875
vt 0.82662684 0.62873030
vt 0.78710598 0.65513724
vt 0.78813654 0.66031837
vt 0.82662684 0.62873030
vt 0.79015815 0.66519898
vt 0.83101922 0.63166523
vt 0.83475459 0.63540065
vt 0.79015815 0.66519898
vt 0.79682839 0.63166517
vt 0.80122077 0.62873030
vt 0.79309297 0.63540059
vt 0.80610132 0.62670869
vt 0.79015815 0.63979292
vt 0.79309297 0.63540059
vt 0.80610132 0.62670869
vt 0.81128246 0.62567812
vt 0.78813654 0.64467341
vt 0.81656516 0.62567812
vt 0.78710598 0.64985454
vt 0.78813654 0.64467341
vt 0.81656516 0.62567812
vt 0.82174629 0.62670875
vt 0.78710598 0.65513724
vt 0.82662684 0.62873030
vt 0.78813654 0.66031837
vt 0.78710598 0.65513724
vt 0.82662684 0.62873030
vt 0.83101922 0.63166523
vt 0.79015815 0.66519898
vt 0.83768946 0.66519898
vt 0.83475465 0.66959137
vt 0.82662684 0.67626166
vt 0.83768946 0.66519898
vt 0.82174635 0.67828327
vt 0.81656516 0.67931384
vt 0.84074163 0.65513730
vt 0.83971107 0.66031843
vt 0.81656516 0.67931384
vt 0.84074163 0.65513730
vt 0.81128246 0.67931384
vt 0.80610132 0.67828327
vt 0.83971107 0.64467353
vt 0.84074163 0.64985472
vt 0.80610132 0.67828327
vt 0.83971107 0.64467353
vt 0.80122083 0.67626166
vt 0.79682839 0.67332673
vt 0.83475459 0.63540065
vt 0.83768946 0.63979298
vt 0.79682839 0.67332673
vt 0.83475459 0.63540065
vt 0.79309309 0.66959137
vt 0.79015815 0.66519898
vt 0.78008896 0.38332513
vt 0.84824324 0.36430517
vt 0.84904355 0.36952686
vt 0.78008896 0.32420251
vt 0.84824324 0.34322250
vt 0.77738017 0.33385828
vt 0.87670344 0.24390569
vt 0.88550597 0.28932175
vt 0.86720622 0.24712653
vt 0.78380585 0.39263946
vt 0.84904355 0.36952686
vt 0.85017562 0.37468678
vt 0.77738017 0.33385828
vt 0.84776676 0.34848359
vt 0.77573270 0.34375057
vt 0.86720622 0.24712653
vt 0.88074434 0.29160932
vt 0.85785705 0.25075489
vt 0.78846020 0.40152255
vt 0.85017562 0.37468678
vt 0.85164928 0.37975982
vt 0.77573270 0.34375057
vt 0.84760863 0.35376382
vt 0.77517974 0.35376385
vt 0.85785705 0.25075489
vt 0.87621844 0.29433376
vt 0.84868395 0.25480765
vt 0.79396796 0.40990317
vt 0.85164928 0.37975982
vt 0.85347414 0.38471726
vt 0.84868395 0.25480765
vt 0.87196493 0.29746646
vt 0.83972424 0.25931272
vt 0.80023682 0.41773087
vt 0.85347414 0.38471726
vt 0.85565853 0.38952723
vt 0.83972424 0.25931272
vt 0.86801505 0.30097428
vt 0.83102679 0.26430526
vt 0.80717015 0.42497659
vt 0.85565853 0.38952723
vt 0.85820729 0.39415434
vt 0.83102679 0.26430526
vt 0.86439413 0.30482078
vt 0.82265204 0.26982194
vt 0.81467223 0.43163171
vt 0.85820729 0.39415434
vt 0.86112094 0.39856076
vt 0.82265204 0.26982194
vt 0.86112094 0.30896705
vt 0.81467229 0.27589604
vt 0.82265198 0.43770581
vt 0.86112094 0.39856076
vt 0.86439419 0.40270704
vt 0.81467229 0.27589604
vt 0.85820723 0.31337351
vt 0.80717015 0.28255117
vt 0.83102679 0.44322255
vt 0.86439419 0.40270704
vt 0.86801505 0.40655360
vt 0.80717015 0.28255117
vt 0.85565847 0.31800061
vt 0.80023682 0.28979689
vt 0.83972424 0.44821510
vt 0.86801505 0.40655360
vt 0.87196493 0.41006145
vt 0.80023682 0.28979689
vt 0.85347414 0.32281059
vt 0.79396796 0.29762453
vt 0.84868389 0.45272017
vt 0.87196493 0.41006145
vt 0.87621844 0.41319412
vt 0.79396796 0.29762453
vt 0.85164922 0.32776800
vt 0.78846014 0.30600518
vt 0.85785699 0.45677295
vt 0.87621844 0.41319412
vt 0.88074434 0.41591856
vt 0.77573270 0.36377713
vt 0.84760863 0.35376382
vt 0.84776676 0.35904402
vt 0.78846014 0.30600518
vt 0.85017562 0.33284086
vt 0.78380585 0.31488821
vt 0.86720622 0.46040130
vt 0.88074434 0.41591856
vt 0.88550597 0.41820610
vt 0.77738017 0.37366942
vt 0.84776676 0.35904402
vt 0.84824324 0.36430517
vt 0.78380585 0.31488821
vt 0.84904355 0.33800077
vt 0.78008896 0.32420251
vt 0.83475465 0.66959137
vt 0.83101922 0.67332679
vt 0.82662684 0.67626166
vt 0.79267448 0.55001158
vt 0.78710598 0.55949169
vt 0.78920120 0.54895800
vt 0.79071802 0.55984741
vt 0.78710598 0.57023168
vt 0.78710598 0.55949169
vt 0.79071802 0.56987596
vt 0.78920132 0.58076531
vt 0.78710598 0.57023168
vt 0.79267448 0.57971174
vt 0.79331136 0.59068787
vt 0.78920132 0.58076531
vt 0.79651231 0.58897686
vt 0.79927820 0.59961784
vt 0.79331136 0.59068787
vt 0.80208391 0.59731531
vt 0.80687261 0.60721225
vt 0.79927820 0.59961784
vt 0.80917513 0.60440654
vt 0.81580257 0.61317903
vt 0.80687261 0.60721225
vt 0.81751359 0.60997808
vt 0.82572514 0.61728907
vt 0.81580257 0.61317903
vt 0.83661461 0.61577237
vt 0.82572514 0.61728907
vt 0.82677877 0.61381590
vt 0.84664315 0.61577231
vt 0.83625883 0.61938435
vt 0.83661461 0.61577237
vt 0.85647899 0.61381584
vt 0.84699887 0.61938435
vt 0.84664315 0.61577231
vt 0.86574411 0.60997802
vt 0.85753256 0.61728907
vt 0.85647899 0.61381584
vt 0.87408257 0.60440648
vt 0.86745512 0.61317897
vt 0.86574411 0.60997802
vt 0.88117379 0.59731519
vt 0.87638509 0.60721207
vt 0.87408257 0.60440648
vt 0.88674539 0.58897674
vt 0.88397950 0.59961772
vt 0.88117379 0.59731519
vt 0.89058310 0.57971156
vt 0.88994628 0.59068769
vt 0.88674539 0.58897674
vt 0.89058310 0.57971156
vt 0.89615113 0.57023138
vt 0.89405590 0.58076501
vt 0.89253920 0.56987560
vt 0.89615113 0.55949134
vt 0.89615113 0.57023138
vt 0.89253902 0.55984712
vt 0.89405584 0.54895777
vt 0.89615113 0.55949134
vt 0.89058268 0.55001134
vt 0.88994581 0.53903532
vt 0.89405584 0.54895777
vt 0.88674486 0.54074621
vt 0.88397890 0.53010529
vt 0.88994581 0.53903532
vt 0.88117331 0.53240788
vt 0.87638462 0.52251101
vt 0.88397890 0.53010529
vt 0.87408209 0.52531666
vt 0.86745459 0.51654416
vt 0.87638462 0.52251101
vt 0.86574370 0.51974511
vt 0.85753208 0.51243418
vt 0.86745459 0.51654416
vt 0.84664273 0.51395094
vt 0.85753208 0.51243418
vt 0.85647851 0.51590741
vt 0.83661419 0.51395100
vt 0.84699845 0.51033890
vt 0.84664273 0.51395094
vt 0.82677847 0.51590741
vt 0.83625847 0.51033896
vt 0.83661419 0.51395100
vt 0.81751329 0.51974523
vt 0.82572484 0.51243424
vt 0.82677847 0.51590741
vt 0.80917490 0.52531672
vt 0.81580240 0.51654428
vt 0.81751329 0.51974523
vt 0.80208373 0.53240800
vt 0.80687237 0.52251112
vt 0.80917490 0.52531672
vt 0.79651219 0.54074639
vt 0.79927808 0.53010547
vt 0.80208373 0.53240800
vt 0.79267448 0.55001158
vt 0.79331124 0.53903550
vt 0.79651219 0.54074639
vt 0.85879427 0.08082403
vt 0.80942380 0.04410941
vt 0.86161715 0.07570869
vt 0.86847848 0.17449555
vt 0.83500916 0.21613961
vt 0.82602298 0.21025762
vt 0.86161715 0.07570869
vt 0.81746525 0.03699020
vt 0.86484700 0.07084013
vt 0.86484712 0.16991858
vt 0.82602298 0.21025762
vt 0.81746519 0.20376833
vt 0.86484700 0.07084013
vt 0.82602316 0.03050101
vt 0.86847842 0.06626321
vt 0.86161721 0.16504999
vt 0.81746519 0.20376833
vt 0.80942374 0.19664907
vt 0.86847842 0.06626321
vt 0.83500934 0.02461898
vt 0.87249827 0.06202333
vt 0.85879433 0.15993463
vt 0.80942374 0.19664907
vt 0.80199558 0.18889211
vt 0.87249827 0.06202333
vt 0.84434634 0.01931162
vt 0.87688559 0.05816501
vt 0.85637736 0.15461542
vt 0.80199558 0.18889211
vt 0.79528242 0.18050872
vt 0.87688559 0.05816501
vt 0.85396916 0.01454202
vt 0.88161176 0.05473013
vt 0.85436004 0.14913221
vt 0.79528242 0.18050872
vt 0.78938645 0.17153168
vt 0.88161176 0.05473013
vt 0.86382514 0.01027490
vt 0.88664103 0.05175655
vt 0.84990025 0.12037922
vt 0.77577102 0.10965557
vt 0.85007459 0.11453925
vt 0.85273230 0.14352097
vt 0.78938645 0.17153168
vt 0.78440607 0.16201621
vt 0.88664103 0.05175655
vt 0.87387305 0.00648199
vt 0.89193135 0.04927700
vt 0.85007459 0.11453925
vt 0.77753282 0.09906096
vt 0.85059994 0.10872026
vt 0.85148275 0.13781357
vt 0.78440607 0.16201621
vt 0.78042996 0.15203933
vt 0.89193135 0.04927700
vt 0.88408220 0.00314690
vt 0.89743572 0.04731812
vt 0.85059994 0.10872026
vt 0.78042996 0.08871909
vt 0.85148269 0.10294490
vt 0.85059994 0.13203807
vt 0.78042996 0.15203933
vt 0.77753282 0.14169744
vt 0.89193135 0.19148181
vt 0.88408208 0.23761189
vt 0.87387300 0.23427679
vt 0.85148269 0.10294490
vt 0.78440613 0.07874218
vt 0.85273230 0.09723755
vt 0.85007459 0.12621918
vt 0.77753282 0.14169744
vt 0.77577102 0.13110289
vt 0.88664103 0.18900226
vt 0.87387300 0.23427679
vt 0.86382496 0.23048386
vt 0.85273230 0.09723755
vt 0.78938651 0.06922673
vt 0.85435998 0.09162634
vt 0.84990025 0.12037922
vt 0.77577102 0.13110289
vt 0.77517974 0.12037925
vt 0.88161182 0.18602867
vt 0.86382496 0.23048386
vt 0.85396898 0.22621669
vt 0.85435998 0.09162634
vt 0.79528242 0.06024976
vt 0.85637730 0.08614320
vt 0.87688559 0.18259376
vt 0.85396898 0.22621669
vt 0.84434617 0.22144702
vt 0.85637730 0.08614320
vt 0.80199564 0.05186637
vt 0.85879427 0.08082403
vt 0.87670338 0.46362212
vt 0.88550597 0.41820610
vt 0.89046258 0.42003343
vt 0.84595543 0.84421968
vt 0.84544271 0.82423717
vt 0.85356218 0.84113950
vt 0.76234692 0.79871744
vt 0.78231692 0.79959029
vt 0.76489276 0.80651933
vt 0.76489270 0.75841427
vt 0.78050458 0.77089763
vt 0.76234692 0.76621616
vt 0.85356218 0.72379410
vt 0.84002721 0.73850363
vt 0.84595543 0.72071391
vt 0.76489276 0.80651933
vt 0.78481388 0.80487245
vt 0.76839995 0.81393886
vt 0.76234692 0.76621616
vt 0.77940547 0.77663583
vt 0.76080310 0.77427638
vt 0.83802152 0.71861535
vt 0.84002721 0.73850363
vt 0.83437890 0.73700958
vt 0.76839995 0.81393886
vt 0.78795558 0.80979842
vt 0.77281296 0.82085818
vt 0.76080310 0.77427638
vt 0.77903712 0.78246677
vt 0.76028568 0.78246677
vt 0.83802152 0.71861535
vt 0.82858753 0.73623818
vt 0.82988662 0.71753186
vt 0.77281296 0.82085818
vt 0.79169208 0.81428993
vt 0.77806151 0.82716709
vt 0.82988662 0.71753186
vt 0.82274508 0.73620164
vt 0.82168001 0.71748048
vt 0.77806151 0.82716709
vt 0.79596412 0.81827557
vt 0.78406221 0.83276552
vt 0.82168001 0.71748048
vt 0.81694448 0.73690051
vt 0.81353223 0.71846223
vt 0.78406221 0.83276552
vt 0.80070364 0.82169193
vt 0.79071963 0.83756441
vt 0.81353223 0.71846223
vt 0.81127793 0.73832381
vt 0.80557269 0.72046143
vt 0.79071963 0.83756441
vt 0.80583555 0.82448483
vt 0.79792798 0.84148741
vt 0.80557269 0.72046143
vt 0.80583549 0.74044877
vt 0.79792798 0.72344619
vt 0.80557269 0.84447217
vt 0.80583555 0.82448483
vt 0.81127793 0.82660973
vt 0.79792798 0.72344619
vt 0.80070364 0.74324167
vt 0.79071963 0.72736919
vt 0.81353223 0.84647137
vt 0.81127793 0.82660973
vt 0.81694448 0.82803297
vt 0.79071963 0.72736919
vt 0.79596412 0.74665803
vt 0.78406215 0.73216808
vt 0.81353223 0.84647137
vt 0.82274508 0.82873195
vt 0.82168001 0.84745306
vt 0.77806151 0.73776644
vt 0.79596412 0.74665803
vt 0.79169208 0.75064367
vt 0.82988662 0.84740174
vt 0.82274508 0.82873195
vt 0.82858753 0.82869542
vt 0.77806151 0.73776644
vt 0.78795552 0.75513518
vt 0.77281296 0.74407542
vt 0.83802152 0.84631819
vt 0.82858753 0.82869542
vt 0.83437890 0.82792401
vt 0.76028568 0.78246677
vt 0.77940547 0.78829771
vt 0.76080310 0.79065716
vt 0.77281296 0.74407542
vt 0.78481388 0.76006114
vt 0.76839995 0.75099474
vt 0.83802152 0.84631819
vt 0.84002721 0.82642996
vt 0.84595543 0.84421968
vt 0.76234692 0.79871744
vt 0.77940547 0.78829771
vt 0.78050458 0.79403597
vt 0.76839995 0.75099474
vt 0.78231692 0.76534325
vt 0.76489270 0.75841427
vt 0.87249827 0.17873542
vt 0.84434617 0.22144702
vt 0.83500916 0.21613961
vn 0.46308088 -0.82664949 -0.31969818
vn 0.31568024 -0.89627421 -0.31151009
vn 0.35984632 -0.87741780 -0.31725168
vn -0.46308243 -0.82664871 -0.31969786
vn -0.52099615 -0.78782260 -0.32847914
vn -0.35984614 -0.87741780 -0.31725201
vn 0.00000043 0.87566298 -0.48292282
vn -0.00000012 0.87515271 -0.48384678
vn -0.17098300 0.85851794 -0.48343742
vn 0.59737849 -0.73043334 -0.33106822
vn 0.46308088 -0.82664949 -0.31969818
vn 0.52100086 -0.78781837 -0.32848215
vn -0.31568038 -0.89627439 -0.31150946
vn -0.35984614 -0.87741780 -0.31725201
vn -0.18355852 -0.93296123 -0.30966046
vn -0.19286618 0.85511523 -0.48122814
vn -0.17098300 0.85851794 -0.48343742
vn -0.33652407 0.80935574 -0.48134699
vn 0.71382308 -0.60935390 -0.34517303
vn 0.59737849 -0.73043334 -0.33106822
vn 0.66041243 -0.66811067 -0.34275886
vn -0.15975773 -0.93826807 -0.30680689
vn -0.18355852 -0.93296123 -0.30966046
vn -0.00000044 -0.95176178 -0.30683786
vn -0.37711433 0.79412156 -0.47660863
vn -0.33652407 0.80935574 -0.48134699
vn -0.49023053 0.72972512 -0.47662908
vn 0.80757821 -0.46603945 -0.36142036
vn 0.71382308 -0.60935390 -0.34517303
vn 0.77251679 -0.52354783 -0.35932672
vn -0.54380089 0.69565475 -0.46940926
vn -0.49023053 0.72972512 -0.47662908
vn -0.62672669 0.62216318 -0.46917668
vn 0.87392563 -0.30421916 -0.37908417
vn 0.80757821 -0.46603945 -0.36142036
vn 0.85307425 -0.36040369 -0.37732425
vn -0.68533123 0.56494248 -0.45952278
vn -0.62672669 0.62216318 -0.46917668
vn -0.74105692 0.49008033 -0.45897266
vn 0.90857655 -0.12891059 -0.39732948
vn 0.87392563 -0.30421916 -0.37908417
vn 0.89936501 -0.18560769 -0.39584413
vn -0.79561782 0.40889466 -0.44698730
vn -0.74105692 0.49008033 -0.45897266
vn -0.82878488 0.33774608 -0.44614270
vn 0.90812033 0.05352526 -0.41527385
vn 0.90857655 -0.12891059 -0.39732948
vn 0.91025507 -0.00635360 -0.41399938
vn -0.87052971 0.23557699 -0.43206653
vn -0.82878488 0.33774608 -0.44614270
vn -0.88614339 0.17029466 -0.43098691
vn 0.87053120 0.23556755 -0.43206874
vn 0.90812033 0.05352526 -0.41527385
vn 0.88614148 0.17030355 -0.43098715
vn -0.90812075 0.05352984 -0.41527256
vn -0.88614339 0.17029466 -0.43098691
vn -0.91025561 -0.00635345 -0.41399813
vn 0.79561913 0.40888971 -0.44698924
vn 0.87053120 0.23556755 -0.43206874
vn 0.82878029 0.33775929 -0.44614118
vn -0.90857643 -0.12891573 -0.39732817
vn -0.91025561 -0.00635345 -0.41399813
vn -0.89936543 -0.18560778 -0.39584297
vn 0.68533045 0.56494260 -0.45952374
vn 0.79561913 0.40888971 -0.44698924
vn 0.74105662 0.49007988 -0.45897359
vn -0.87392491 -0.30422291 -0.37908268
vn -0.89936543 -0.18560778 -0.39584297
vn -0.85307479 -0.36040339 -0.37732333
vn 0.54379898 0.69565690 -0.46940842
vn 0.68533045 0.56494260 -0.45952374
vn 0.62672913 0.62215841 -0.46917972
vn -0.80757886 -0.46603909 -0.36141938
vn -0.85307479 -0.36040339 -0.37732333
vn -0.77251714 -0.52354813 -0.35932550
vn 0.37711227 0.79412359 -0.47660688
vn 0.54379898 0.69565690 -0.46940842
vn 0.49023104 0.72972369 -0.47663072
vn 0.15975742 -0.93826789 -0.30680791
vn -0.00000075 -0.95223933 -0.30535257
vn -0.00000044 -0.95176178 -0.30683786
vn -0.71382374 -0.60935360 -0.34517229
vn -0.77251714 -0.52354813 -0.35932550
vn -0.66040879 -0.66811597 -0.34275541
vn 0.19286647 0.85511380 -0.48123056
vn 0.37711227 0.79412359 -0.47660688
vn 0.33652374 0.80935562 -0.48134741
vn 0.31568024 -0.89627421 -0.31151009
vn 0.15975742 -0.93826789 -0.30680791
vn 0.18355793 -0.93296170 -0.30965951
vn -0.59737939 -0.73043287 -0.33106765
vn -0.66040879 -0.66811597 -0.34275541
vn -0.52099615 -0.78782260 -0.32847914
vn -0.00000049 -0.28308156 -0.95909584
vn -0.00000073 -0.28310451 -0.95908904
vn -0.00000051 -0.28310648 -0.95908850
vn -0.00000073 -0.28310451 -0.95908904
vn 0.00000165 -0.28313729 -0.95907944
vn 0.00000165 -0.28314537 -0.95907700
vn 0.00000165 -0.28313729 -0.95907944
vn 0.00000586 -0.28311324 -0.95908654
vn 0.00000472 -0.28311586 -0.95908576
vn 0.00000586 -0.28311324 -0.95908654
vn 0.00001576 -0.28316927 -0.95906997
vn 0.00001501 -0.28317025 -0.95906973
vn 0.00001576 -0.28316927 -0.95906997
vn 0.00000829 -0.28310546 -0.95908880
vn 0.00001130 -0.28311563 -0.95908582
vn 0.00000829 -0.28310546 -0.95908880
vn -0.00001008 -0.28311461 -0.95908606
vn -0.00000983 -0.28311676 -0.95908552
vn -0.00001008 -0.28311461 -0.95908606
vn 0.00001087 -0.28312007 -0.95908457
vn 0.00000946 -0.28312123 -0.95908421
vn 0.00001087 -0.28312007 -0.95908457
vn -0.00000040 -0.28312829 -0.95908213
vn 0.00000591 -0.28312650 -0.95908260
vn 0.00003612 -0.28310359 -0.95908940
vn 0.00003770 -0.28310901 -0.95908773
vn 0.00000591 -0.28312650 -0.95908260
vn 0.00001559 -0.28310841 -0.95908797
vn 0.00001067 -0.28312954 -0.95908177
vn 0.00003770 -0.28310901 -0.95908773
vn -0.00000872 -0.28318101 -0.95906645
vn -0.00000837 -0.28318706 -0.95906472
vn 0.00001067 -0.28312954 -0.95908177
vn 0.00000968 -0.28308591 -0.95909464
vn 0.00001107 -0.28308713 -0.95909429
vn -0.00000837 -0.28318706 -0.95906472
vn -0.00000037 -0.28310946 -0.95908761
vn -0.00000178 -0.28313068 -0.95908135
vn 0.00001107 -0.28308713 -0.95909429
vn -0.00000848 -0.28320786 -0.95905858
vn -0.00000924 -0.28320396 -0.95905972
vn -0.00000178 -0.28313068 -0.95908135
vn -0.00000371 -0.28306976 -0.95909929
vn -0.00000272 -0.28306019 -0.95910221
vn -0.00000924 -0.28320396 -0.95905972
vn -0.00000040 -0.28310391 -0.95908928
vn -0.00000040 -0.28311238 -0.95908678
vn -0.00000272 -0.28306019 -0.95910221
vn -0.00000040 -0.28310391 -0.95908928
vn 0.00000291 -0.28307319 -0.95909834
vn 0.00000192 -0.28306353 -0.95910114
vn 0.00000291 -0.28307319 -0.95909834
vn 0.00000765 -0.28317425 -0.95906854
vn 0.00000845 -0.28316629 -0.95907086
vn 0.00000765 -0.28317425 -0.95906854
vn -0.00000020 -0.28310210 -0.95908976
vn 0.00000129 -0.28311583 -0.95908570
vn -0.00000020 -0.28310210 -0.95908976
vn -0.00001000 -0.28309473 -0.95909202
vn -0.00001136 -0.28309387 -0.95909226
vn -0.00001000 -0.28309473 -0.95909202
vn 0.00000377 -0.28316584 -0.95907104
vn 0.00000536 -0.28317043 -0.95906961
vn 0.00000377 -0.28316584 -0.95907104
vn -0.00003803 -0.28309619 -0.95909154
vn -0.00003314 -0.28311038 -0.95908731
vn -0.00003803 -0.28309619 -0.95909154
vn -0.00003696 -0.28312054 -0.95908433
vn -0.00004112 -0.28312191 -0.95908397
vn -0.00003696 -0.28312054 -0.95908433
vn -0.00000040 -0.28311035 -0.95908743
vn -0.00000669 -0.28311479 -0.95908606
vn -0.00001168 -0.28312540 -0.95908290
vn -0.00001025 -0.28313017 -0.95908153
vn -0.00000669 -0.28311479 -0.95908606
vn 0.00000908 -0.28313285 -0.95908070
vn 0.00000888 -0.28313085 -0.95908129
vn -0.00001025 -0.28313017 -0.95908153
vn -0.00000949 -0.28311849 -0.95908493
vn -0.00001249 -0.28312278 -0.95908374
vn 0.00000888 -0.28313085 -0.95908129
vn -0.00001692 -0.28313521 -0.95908004
vn -0.00001616 -0.28315020 -0.95907557
vn -0.00001249 -0.28312278 -0.95908374
vn -0.00000667 -0.28314239 -0.95907789
vn -0.00000551 -0.28315711 -0.95907354
vn -0.00001616 -0.28315020 -0.95907557
vn -0.00000260 -0.28313944 -0.95907879
vn -0.00000260 -0.28314570 -0.95907694
vn -0.00000551 -0.28315711 -0.95907354
vn -0.00000022 -0.28310215 -0.95908976
vn -0.00000046 -0.28309682 -0.95909137
vn -0.00000260 -0.28314570 -0.95907694
vn -0.00000049 -0.28308156 -0.95909584
vn -0.00000051 -0.28307822 -0.95909685
vn -0.00000046 -0.28309682 -0.95909137
vn -0.89808780 0.18569072 0.39869440
vn -0.87300670 0.30431402 0.38111973
vn -0.90721512 0.12944362 0.40025625
vn 0.82623774 -0.33630264 0.45192009
vn 0.73834336 -0.48784921 0.46567395
vn 0.79367381 -0.40622935 0.45283511
vn -0.90850890 0.00671920 0.41781157
vn -0.90721512 0.12944362 0.40025625
vn -0.90640152 -0.05238729 0.41915625
vn 0.88394755 -0.16948697 0.43578774
vn 0.82623774 -0.33630264 0.45192009
vn 0.86860579 -0.23368984 0.43693602
vn -0.88394845 -0.16947840 0.43578935
vn -0.90640152 -0.05238729 0.41915625
vn -0.86860436 -0.23369353 0.43693697
vn 0.90850931 0.00671198 0.41781071
vn 0.88394755 -0.16948697 0.43578774
vn 0.90640205 -0.05238424 0.41915545
vn -0.82623690 -0.33630326 0.45192119
vn -0.86860436 -0.23369353 0.43693697
vn -0.79367077 -0.40623492 0.45283544
vn 0.89808702 0.18569762 0.39869300
vn 0.90850931 0.00671198 0.41781071
vn 0.90721565 0.12944250 0.40025532
vn -0.73834020 -0.48785537 0.46567252
vn -0.79367077 -0.40623492 0.45283544
vn -0.68355024 -0.56154603 0.46628869
vn 0.85221857 0.36038569 0.37926984
vn 0.89808702 0.18569762 0.39869300
vn 0.87300891 0.30430794 0.38111967
vn -0.62408042 -0.61910260 0.47669238
vn -0.68355024 -0.56154603 0.46628869
vn -0.54234624 -0.69162506 0.47698566
vn 0.77200133 0.52353019 0.36045814
vn 0.85221857 0.36038569 0.37926984
vn 0.80710560 0.46590003 0.36265394
vn -0.48792106 -0.72587389 0.48480937
vn -0.54234624 -0.69162506 0.47698566
vn -0.37607965 -0.78961611 0.48484069
vn 0.00000086 0.95206881 0.30588388
vn 0.00000064 0.95255977 0.30435169
vn -0.15989442 0.93855596 0.30585366
vn 0.66014236 0.66815698 0.34318849
vn 0.77200133 0.52353019 0.36045814
vn 0.71371704 0.60917467 0.34570840
vn -0.33480543 -0.80486554 0.48999676
vn -0.37607965 -0.78961611 0.48484069
vn -0.19231141 -0.85029584 0.48991156
vn -0.18353985 0.93324786 0.30880657
vn -0.15989442 0.93855596 0.30585366
vn -0.31592703 0.89646143 0.31072018
vn 0.52088279 0.78795552 0.32834023
vn 0.66014236 0.66815698 0.34318849
vn 0.59752810 0.73032898 0.33102843
vn -0.17004810 -0.85363394 0.49233398
vn -0.19231141 -0.85029584 0.48991156
vn -0.00000013 -0.87072128 0.49177700
vn -0.35980344 0.87764251 0.31667829
vn -0.31592703 0.89646143 0.31072018
vn -0.46334514 0.82668811 0.31921482
vn 0.35980463 0.87764192 0.31667867
vn 0.52088279 0.78795552 0.32834023
vn 0.46334478 0.82668871 0.31921393
vn 0.17004927 -0.85363317 0.49233502
vn -0.00000011 -0.87013686 0.49281013
vn -0.00000013 -0.87072128 0.49177700
vn -0.52088141 0.78795654 0.32833979
vn -0.46334514 0.82668811 0.31921482
vn -0.59752685 0.73032987 0.33102870
vn 0.18354088 0.93324786 0.30880591
vn 0.35980463 0.87764192 0.31667867
vn 0.31592518 0.89646262 0.31071848
vn 0.33480617 -0.80486423 0.48999837
vn 0.17004927 -0.85363317 0.49233502
vn 0.19231211 -0.85029548 0.48991188
vn -0.66014224 0.66815686 0.34318891
vn -0.59752685 0.73032987 0.33102870
vn -0.71371776 0.60917312 0.34570950
vn 0.00000086 0.95206881 0.30588388
vn 0.18354088 0.93324786 0.30880591
vn 0.15989469 0.93855608 0.30585301
vn 0.48792151 -0.72587383 0.48480913
vn 0.33480617 -0.80486423 0.48999837
vn 0.37608030 -0.78961539 0.48484135
vn -0.77200115 0.52353007 0.36045882
vn -0.71371776 0.60917312 0.34570950
vn -0.80710512 0.46590003 0.36265469
vn 0.62408501 -0.61909592 0.47669503
vn 0.48792151 -0.72587383 0.48480913
vn 0.54234546 -0.69162667 0.47698417
vn -0.85222018 0.36038020 0.37927169
vn -0.80710512 0.46590003 0.36265469
vn -0.87300670 0.30431402 0.38111973
vn 0.00000043 0.87566298 -0.48292282
vn 0.19286647 0.85511380 -0.48123056
vn 0.17098284 0.85851789 -0.48343757
vn -0.14939076 -0.75102252 -0.64315444
vn -0.14938867 -0.75102073 -0.64315695
vn -0.00000026 -0.76573563 -0.64315557
vn -0.29303443 0.70744932 -0.64315337
vn -0.29303604 0.70744586 -0.64315653
vn -0.42542148 0.63668627 -0.64315403
vn 0.42542461 0.63668042 -0.64315778
vn 0.42541814 0.63669103 -0.64315158
vn 0.29303294 0.70745069 -0.64315259
vn -0.00000396 -0.76573437 -0.64315695
vn -0.00000026 -0.76573563 -0.64315557
vn 0.14938852 -0.75102037 -0.64315742
vn -0.42541918 0.63668537 -0.64315659
vn -0.42542148 0.63668627 -0.64315403
vn -0.54145747 0.54145849 -0.64315361
vn 0.29303920 0.70744228 -0.64315903
vn 0.29303294 0.70745069 -0.64315259
vn 0.14938827 0.75102168 -0.64315593
vn 0.29303414 -0.70744878 -0.64315420
vn 0.14938720 -0.75102484 -0.64315248
vn 0.14938852 -0.75102037 -0.64315742
vn -0.54145753 0.54145414 -0.64315718
vn -0.54145747 0.54145849 -0.64315361
vn -0.63668483 0.42542663 -0.64315206
vn 0.14939149 0.75102025 -0.64315701
vn 0.14938827 0.75102168 -0.64315593
vn 0.00000065 0.76573884 -0.64315164
vn 0.29303414 -0.70744878 -0.64315420
vn 0.29303476 -0.70744616 -0.64315671
vn 0.42541805 -0.63669091 -0.64315176
vn -0.63668627 0.42541888 -0.64315581
vn -0.63668483 0.42542663 -0.64315206
vn -0.70744896 0.29303312 -0.64315438
vn 0.42541808 -0.63668644 -0.64315611
vn 0.42541805 -0.63669091 -0.64315176
vn 0.54145646 -0.54145956 -0.64315355
vn -0.70744723 0.29303685 -0.64315456
vn -0.70744896 0.29303312 -0.64315438
vn -0.75102425 0.14938046 -0.64315480
vn 0.54145724 -0.54145384 -0.64315772
vn 0.54145646 -0.54145956 -0.64315355
vn 0.63668698 -0.42541906 -0.64315504
vn -0.75102216 0.14939241 -0.64315432
vn -0.75102425 0.14938046 -0.64315480
vn -0.76573670 0.00000037 -0.64315420
vn 0.63668627 -0.42541763 -0.64315659
vn 0.63668698 -0.42541906 -0.64315504
vn 0.70744848 -0.29303327 -0.64315480
vn -0.76573652 0.00000402 -0.64315438
vn -0.76573670 0.00000037 -0.64315420
vn -0.75102389 -0.14938222 -0.64315474
vn 0.70744663 -0.29303774 -0.64315486
vn 0.70744848 -0.29303327 -0.64315480
vn 0.75102329 -0.14938441 -0.64315498
vn -0.70744735 -0.29303652 -0.64315462
vn -0.75102288 -0.14939016 -0.64315420
vn -0.75102389 -0.14938222 -0.64315474
vn 0.75102198 -0.14939284 -0.64315468
vn 0.75102329 -0.14938441 -0.64315498
vn 0.76573634 -0.00000064 -0.64315468
vn -0.63668811 -0.42541665 -0.64315552
vn -0.70744735 -0.29303652 -0.64315462
vn -0.70744962 -0.29303062 -0.64315480
vn 0.76573604 -0.00000430 -0.64315498
vn 0.76573634 -0.00000064 -0.64315468
vn 0.75102347 0.14938210 -0.64315528
vn -0.63668811 -0.42541665 -0.64315552
vn -0.63668585 -0.42542392 -0.64315289
vn -0.54145712 -0.54145932 -0.64315319
vn 0.70744938 0.29302812 -0.64315629
vn 0.75102222 0.14938991 -0.64315498
vn 0.75102347 0.14938210 -0.64315528
vn -0.42541882 -0.63668650 -0.64315569
vn -0.54146022 -0.54145122 -0.64315736
vn -0.54145712 -0.54145932 -0.64315319
vn 0.70744938 0.29302812 -0.64315629
vn 0.70744801 0.29303527 -0.64315444
vn 0.63668537 0.42542318 -0.64315385
vn -0.29303482 -0.70744932 -0.64315325
vn -0.42541882 -0.63668650 -0.64315569
vn -0.42541888 -0.63669097 -0.64315122
vn 0.00000303 0.76573658 -0.64315432
vn 0.00000065 0.76573884 -0.64315164
vn -0.14938834 0.75102270 -0.64315474
vn 0.63669044 0.42541099 -0.64315689
vn 0.63668537 0.42542318 -0.64315385
vn 0.54145676 0.54145801 -0.64315462
vn -0.29303482 -0.70744932 -0.64315325
vn -0.29303575 -0.70744598 -0.64315647
vn -0.14938867 -0.75102073 -0.64315695
vn -0.29303443 0.70744932 -0.64315337
vn -0.14938721 0.75102520 -0.64315206
vn -0.14938834 0.75102270 -0.64315474
vn 0.54145932 0.54145527 -0.64315474
vn 0.54145676 0.54145801 -0.64315462
vn 0.42541814 0.63669103 -0.64315158
vn 0.73834336 -0.48784921 0.46567395
vn 0.62408501 -0.61909592 0.47669503
vn 0.68354964 -0.56154782 0.46628743
vn -0.00000039 -0.00000019 -1.00000000
vn -0.00000039 -0.00000019 -1.00000000
vn -0.00000039 -0.00000019 -1.00000000
vn -0.00000039 -0.00000145 -1.00000000
vn -0.00000039 -0.00000019 -1.00000000
vn -0.00000039 -0.00000024 -1.00000000
vn -0.00000039 -0.00000019 -1.00000000
vn -0.00000039 -0.00000050 -1.00000000
vn -0.00000039 -0.00000024 -1.00000000
vn -0.00000039 -0.00000109 -1.00000000
vn -0.00000039 -0.00000050 -1.00000000
vn -0.00000039 -0.00000024 -1.00000000
vn -0.00000039 -0.00000019 -1.00000000
vn -0.00000039 -0.00000386 -1.00000000
vn -0.00000039 -0.00000024 -1.00000000
vn -0.00000039 -0.00000311 -1.00000000
vn -0.00000039 -0.00000386 -1.00000000
vn -0.00000039 -0.00000041 -1.00000000
vn -0.00000039 0.00000235 -1.00000000
vn -0.00000039 -0.00000050 -1.00000000
vn -0.00000039 -0.00000041 -1.00000000
vn -0.00000039 -0.00000019 -1.00000000
vn -0.00000039 -0.00000058 -1.00000000
vn -0.00000039 -0.00000019 -1.00000000
vn -0.00000039 -0.00000019 -1.00000000
vn -0.00000039 -0.00000058 -1.00000000
vn -0.00000039 0.00000430 -1.00000000
vn -0.00000039 -0.00000027 -1.00000000
vn -0.00000039 -0.00000001 -1.00000000
vn -0.00000039 0.00000430 -1.00000000
vn -0.00000039 0.00000112 -1.00000000
vn -0.00000039 -0.00000001 -1.00000000
vn -0.00000039 -0.00000019 -1.00000000
vn -0.00000039 -0.00000019 -1.00000000
vn -0.00000039 -0.00000019 -1.00000000
vn -0.00000039 -0.00000019 -1.00000000
vn -0.00000039 -0.00000019 -1.00000000
vn -0.00000039 -0.00000019 -1.00000000
vn -0.00000039 0.00000252 -1.00000000
vn -0.00000039 -0.00000019 -1.00000000
vn -0.00000039 -0.00000050 -1.00000000
vn -0.00000039 0.00000252 -1.00000000
vn -0.00000039 -0.00000019 -1.00000000
vn -0.00000039 -0.00000019 -1.00000000
vn -0.00000039 -0.00000019 -1.00000000
vn -0.00000039 -0.00000058 -1.00000000
vn -0.00000039 -0.00000019 -1.00000000
vn -0.00000039 -0.00000019 -1.00000000
vn -0.00000039 -0.00000058 -1.00000000
vn -0.00000039 -0.00000027 -1.00000000
vn -0.00000039 0.00000430 -1.00000000
vn -0.00000039 -0.00000001 -1.00000000
vn -0.00000039 0.00000112 -1.00000000
vn -0.00000039 0.00000430 -1.00000000
vn -0.00000039 -0.00000001 -1.00000000
vn -0.00000039 -0.00000019 -1.00000000
vn -0.00000039 -0.00000019 -1.00000000
vn -0.00000039 -0.00000019 -1.00000000
vn -0.00000039 -0.00000019 -1.00000000
vn -0.00000039 -0.00000019 -1.00000000
vn -0.00000039 -0.00000019 -1.00000000
vn -0.00000039 -0.00000019 -1.00000000
vn -0.00000039 0.00000252 -1.00000000
vn -0.00000039 -0.00000019 -1.00000000
vn -0.00000039 -0.00000019 -1.00000000
vn -0.00000039 -0.00000019 -1.00000000
vn -0.00000039 -0.00000019 -1.00000000
vn -0.00000039 -0.00000019 -1.00000000
vn -0.00000039 -0.00000024 -1.00000000
vn -0.00000039 -0.00000050 -1.00000000
vn -0.00000039 -0.00000145 -1.00000000
vn -0.00000039 -0.00000024 -1.00000000
vn -0.00000039 -0.00000050 -1.00000000
vn -0.00000039 -0.00000019 -1.00000000
vn -0.00000039 -0.00000024 -1.00000000
vn -0.00000039 -0.00000386 -1.00000000
vn -0.00000039 -0.00000109 -1.00000000
vn -0.00000039 -0.00000024 -1.00000000
vn -0.00000039 -0.00000386 -1.00000000
vn -0.00000039 -0.00000019 -1.00000000
vn -0.00000039 -0.00000041 -1.00000000
vn -0.00000039 -0.00000050 -1.00000000
vn -0.00000039 -0.00000311 -1.00000000
vn -0.00000039 -0.00000041 -1.00000000
vn -0.00000039 -0.00000050 -1.00000000
vn -0.00000039 0.00000235 -1.00000000
vn -0.00000039 0.00000252 -1.00000000
vn 0.46308088 -0.82664949 -0.31969818
vn 0.35984632 -0.87741780 -0.31725168
vn 0.52100086 -0.78781837 -0.32848215
vn -0.46308243 -0.82664871 -0.31969786
vn -0.35984614 -0.87741780 -0.31725201
vn -0.31568038 -0.89627439 -0.31150946
vn 0.00000043 0.87566298 -0.48292282
vn -0.17098300 0.85851794 -0.48343742
vn -0.19286618 0.85511523 -0.48122814
vn 0.59737849 -0.73043334 -0.33106822
vn 0.52100086 -0.78781837 -0.32848215
vn 0.66041243 -0.66811067 -0.34275886
vn -0.31568038 -0.89627439 -0.31150946
vn -0.18355852 -0.93296123 -0.30966046
vn -0.15975773 -0.93826807 -0.30680689
vn -0.19286618 0.85511523 -0.48122814
vn -0.33652407 0.80935574 -0.48134699
vn -0.37711433 0.79412156 -0.47660863
vn 0.71382308 -0.60935390 -0.34517303
vn 0.66041243 -0.66811067 -0.34275886
vn 0.77251679 -0.52354783 -0.35932672
vn -0.15975773 -0.93826807 -0.30680689
vn -0.00000044 -0.95176178 -0.30683786
vn -0.00000075 -0.95223933 -0.30535257
vn -0.37711433 0.79412156 -0.47660863
vn -0.49023053 0.72972512 -0.47662908
vn -0.54380089 0.69565475 -0.46940926
vn 0.80757821 -0.46603945 -0.36142036
vn 0.77251679 -0.52354783 -0.35932672
vn 0.85307425 -0.36040369 -0.37732425
vn -0.54380089 0.69565475 -0.46940926
vn -0.62672669 0.62216318 -0.46917668
vn -0.68533123 0.56494248 -0.45952278
vn 0.87392563 -0.30421916 -0.37908417
vn 0.85307425 -0.36040369 -0.37732425
vn 0.89936501 -0.18560769 -0.39584413
vn -0.68533123 0.56494248 -0.45952278
vn -0.74105692 0.49008033 -0.45897266
vn -0.79561782 0.40889466 -0.44698730
vn 0.90857655 -0.12891059 -0.39732948
vn 0.89936501 -0.18560769 -0.39584413
vn 0.91025507 -0.00635360 -0.41399938
vn -0.79561782 0.40889466 -0.44698730
vn -0.82878488 0.33774608 -0.44614270
vn -0.87052971 0.23557699 -0.43206653
vn 0.90812033 0.05352526 -0.41527385
vn 0.91025507 -0.00635360 -0.41399938
vn 0.88614148 0.17030355 -0.43098715
vn -0.87052971 0.23557699 -0.43206653
vn -0.88614339 0.17029466 -0.43098691
vn -0.90812075 0.05352984 -0.41527256
vn 0.87053120 0.23556755 -0.43206874
vn 0.88614148 0.17030355 -0.43098715
vn 0.82878029 0.33775929 -0.44614118
vn -0.90812075 0.05352984 -0.41527256
vn -0.91025561 -0.00635345 -0.41399813
vn -0.90857643 -0.12891573 -0.39732817
vn 0.79561913 0.40888971 -0.44698924
vn 0.82878029 0.33775929 -0.44614118
vn 0.74105662 0.49007988 -0.45897359
vn -0.90857643 -0.12891573 -0.39732817
vn -0.89936543 -0.18560778 -0.39584297
vn -0.87392491 -0.30422291 -0.37908268
vn 0.68533045 0.56494260 -0.45952374
vn 0.74105662 0.49007988 -0.45897359
vn 0.62672913 0.62215841 -0.46917972
vn -0.87392491 -0.30422291 -0.37908268
vn -0.85307479 -0.36040339 -0.37732333
vn -0.80757886 -0.46603909 -0.36141938
vn 0.54379898 0.69565690 -0.46940842
vn 0.62672913 0.62215841 -0.46917972
vn 0.49023104 0.72972369 -0.47663072
vn -0.80757886 -0.46603909 -0.36141938
vn -0.77251714 -0.52354813 -0.35932550
vn -0.71382374 -0.60935360 -0.34517229
vn 0.37711227 0.79412359 -0.47660688
vn 0.49023104 0.72972369 -0.47663072
vn 0.33652374 0.80935562 -0.48134741
vn 0.15975742 -0.93826789 -0.30680791
vn -0.00000044 -0.95176178 -0.30683786
vn 0.18355793 -0.93296170 -0.30965951
vn -0.71382374 -0.60935360 -0.34517229
vn -0.66040879 -0.66811597 -0.34275541
vn -0.59737939 -0.73043287 -0.33106765
vn 0.19286647 0.85511380 -0.48123056
vn 0.33652374 0.80935562 -0.48134741
vn 0.17098284 0.85851789 -0.48343757
vn 0.31568024 -0.89627421 -0.31151009
vn 0.18355793 -0.93296170 -0.30965951
vn 0.35984632 -0.87741780 -0.31725168
vn -0.59737939 -0.73043287 -0.33106765
vn -0.52099615 -0.78782260 -0.32847914
vn -0.46308243 -0.82664871 -0.31969786
vn -0.00000039 -0.00000019 -1.00000000
vn -0.00000039 -0.00000019 -1.00000000
vn -0.00000039 -0.00000019 -1.00000000
vn -0.00000049 -0.28308156 -0.95909584
vn -0.00000051 -0.28310648 -0.95908850
vn -0.00000051 -0.28307822 -0.95909685
vn -0.00000073 -0.28310451 -0.95908904
vn 0.00000165 -0.28314537 -0.95907700
vn -0.00000051 -0.28310648 -0.95908850
vn 0.00000165 -0.28313729 -0.95907944
vn 0.00000472 -0.28311586 -0.95908576
vn 0.00000165 -0.28314537 -0.95907700
vn 0.00000586 -0.28311324 -0.95908654
vn 0.00001501 -0.28317025 -0.95906973
vn 0.00000472 -0.28311586 -0.95908576
vn 0.00001576 -0.28316927 -0.95906997
vn 0.00001130 -0.28311563 -0.95908582
vn 0.00001501 -0.28317025 -0.95906973
vn 0.00000829 -0.28310546 -0.95908880
vn -0.00000983 -0.28311676 -0.95908552
vn 0.00001130 -0.28311563 -0.95908582
vn -0.00001008 -0.28311461 -0.95908606
vn 0.00000946 -0.28312123 -0.95908421
vn -0.00000983 -0.28311676 -0.95908552
vn 0.00001087 -0.28312007 -0.95908457
vn 0.00000591 -0.28312650 -0.95908260
vn 0.00000946 -0.28312123 -0.95908421
vn 0.00003612 -0.28310359 -0.95908940
vn 0.00000591 -0.28312650 -0.95908260
vn -0.00000040 -0.28312829 -0.95908213
vn 0.00001559 -0.28310841 -0.95908797
vn 0.00003770 -0.28310901 -0.95908773
vn 0.00003612 -0.28310359 -0.95908940
vn -0.00000872 -0.28318101 -0.95906645
vn 0.00001067 -0.28312954 -0.95908177
vn 0.00001559 -0.28310841 -0.95908797
vn 0.00000968 -0.28308591 -0.95909464
vn -0.00000837 -0.28318706 -0.95906472
vn -0.00000872 -0.28318101 -0.95906645
vn -0.00000037 -0.28310946 -0.95908761
vn 0.00001107 -0.28308713 -0.95909429
vn 0.00000968 -0.28308591 -0.95909464
vn -0.00000848 -0.28320786 -0.95905858
vn -0.00000178 -0.28313068 -0.95908135
vn -0.00000037 -0.28310946 -0.95908761
vn -0.00000371 -0.28306976 -0.95909929
vn -0.00000924 -0.28320396 -0.95905972
vn -0.00000848 -0.28320786 -0.95905858
vn -0.00000040 -0.28310391 -0.95908928
vn -0.00000272 -0.28306019 -0.95910221
vn -0.00000371 -0.28306976 -0.95909929
vn -0.00000040 -0.28310391 -0.95908928
vn 0.00000192 -0.28306353 -0.95910114
vn -0.00000040 -0.28311238 -0.95908678
vn 0.00000291 -0.28307319 -0.95909834
vn 0.00000845 -0.28316629 -0.95907086
vn 0.00000192 -0.28306353 -0.95910114
vn 0.00000765 -0.28317425 -0.95906854
vn 0.00000129 -0.28311583 -0.95908570
vn 0.00000845 -0.28316629 -0.95907086
vn -0.00000020 -0.28310210 -0.95908976
vn -0.00001136 -0.28309387 -0.95909226
vn 0.00000129 -0.28311583 -0.95908570
vn -0.00001000 -0.28309473 -0.95909202
vn 0.00000536 -0.28317043 -0.95906961
vn -0.00001136 -0.28309387 -0.95909226
vn 0.00000377 -0.28316584 -0.95907104
vn -0.00003314 -0.28311038 -0.95908731
vn 0.00000536 -0.28317043 -0.95906961
vn -0.00003803 -0.28309619 -0.95909154
vn -0.00004112 -0.28312191 -0.95908397
vn -0.00003314 -0.28311038 -0.95908731
vn -0.00003696 -0.28312054 -0.95908433
vn -0.00000669 -0.28311479 -0.95908606
vn -0.00004112 -0.28312191 -0.95908397
vn -0.00001168 -0.28312540 -0.95908290
vn -0.00000669 -0.28311479 -0.95908606
vn -0.00000040 -0.28311035 -0.95908743
vn 0.00000908 -0.28313285 -0.95908070
vn -0.00001025 -0.28313017 -0.95908153
vn -0.00001168 -0.28312540 -0.95908290
vn -0.00000949 -0.28311849 -0.95908493
vn 0.00000888 -0.28313085 -0.95908129
vn 0.00000908 -0.28313285 -0.95908070
vn -0.00001692 -0.28313521 -0.95908004
vn -0.00001249 -0.28312278 -0.95908374
vn -0.00000949 -0.28311849 -0.95908493
vn -0.00000667 -0.28314239 -0.95907789
vn -0.00001616 -0.28315020 -0.95907557
vn -0.00001692 -0.28313521 -0.95908004
vn -0.00000260 -0.28313944 -0.95907879
vn -0.00000551 -0.28315711 -0.95907354
vn -0.00000667 -0.28314239 -0.95907789
vn -0.00000022 -0.28310215 -0.95908976
vn -0.00000260 -0.28314570 -0.95907694
vn -0.00000260 -0.28313944 -0.95907879
vn -0.00000049 -0.28308156 -0.95909584
vn -0.00000046 -0.28309682 -0.95909137
vn -0.00000022 -0.28310215 -0.95908976
vn -0.89808780 0.18569072 0.39869440
vn -0.90721512 0.12944362 0.40025625
vn -0.90850890 0.00671920 0.41781157
vn 0.82623774 -0.33630264 0.45192009
vn 0.79367381 -0.40622935 0.45283511
vn 0.86860579 -0.23368984 0.43693602
vn -0.90850890 0.00671920 0.41781157
vn -0.90640152 -0.05238729 0.41915625
vn -0.88394845 -0.16947840 0.43578935
vn 0.88394755 -0.16948697 0.43578774
vn 0.86860579 -0.23368984 0.43693602
vn 0.90640205 -0.05238424 0.41915545
vn -0.88394845 -0.16947840 0.43578935
vn -0.86860436 -0.23369353 0.43693697
vn -0.82623690 -0.33630326 0.45192119
vn 0.90850931 0.00671198 0.41781071
vn 0.90640205 -0.05238424 0.41915545
vn 0.90721565 0.12944250 0.40025532
vn -0.82623690 -0.33630326 0.45192119
vn -0.79367077 -0.40623492 0.45283544
vn -0.73834020 -0.48785537 0.46567252
vn 0.89808702 0.18569762 0.39869300
vn 0.90721565 0.12944250 0.40025532
vn 0.87300891 0.30430794 0.38111967
vn -0.73834020 -0.48785537 0.46567252
vn -0.68355024 -0.56154603 0.46628869
vn -0.62408042 -0.61910260 0.47669238
vn 0.85221857 0.36038569 0.37926984
vn 0.87300891 0.30430794 0.38111967
vn 0.80710560 0.46590003 0.36265394
vn -0.62408042 -0.61910260 0.47669238
vn -0.54234624 -0.69162506 0.47698566
vn -0.48792106 -0.72587389 0.48480937
vn 0.77200133 0.52353019 0.36045814
vn 0.80710560 0.46590003 0.36265394
vn 0.71371704 0.60917467 0.34570840
vn -0.48792106 -0.72587389 0.48480937
vn -0.37607965 -0.78961611 0.48484069
vn -0.33480543 -0.80486554 0.48999676
vn 0.00000086 0.95206881 0.30588388
vn -0.15989442 0.93855596 0.30585366
vn -0.18353985 0.93324786 0.30880657
vn 0.66014236 0.66815698 0.34318849
vn 0.71371704 0.60917467 0.34570840
vn 0.59752810 0.73032898 0.33102843
vn -0.33480543 -0.80486554 0.48999676
vn -0.19231141 -0.85029584 0.48991156
vn -0.17004810 -0.85363394 0.49233398
vn -0.18353985 0.93324786 0.30880657
vn -0.31592703 0.89646143 0.31072018
vn -0.35980344 0.87764251 0.31667829
vn 0.52088279 0.78795552 0.32834023
vn 0.59752810 0.73032898 0.33102843
vn 0.46334478 0.82668871 0.31921393
vn -0.17004810 -0.85363394 0.49233398
vn -0.00000013 -0.87072128 0.49177700
vn -0.00000011 -0.87013686 0.49281013
vn -0.35980344 0.87764251 0.31667829
vn -0.46334514 0.82668811 0.31921482
vn -0.52088141 0.78795654 0.32833979
vn 0.35980463 0.87764192 0.31667867
vn 0.46334478 0.82668871 0.31921393
vn 0.31592518 0.89646262 0.31071848
vn 0.17004927 -0.85363317 0.49233502
vn -0.00000013 -0.87072128 0.49177700
vn 0.19231211 -0.85029548 0.48991188
vn -0.52088141 0.78795654 0.32833979
vn -0.59752685 0.73032987 0.33102870
vn -0.66014224 0.66815686 0.34318891
vn 0.18354088 0.93324786 0.30880591
vn 0.31592518 0.89646262 0.31071848
vn 0.15989469 0.93855608 0.30585301
vn 0.33480617 -0.80486423 0.48999837
vn 0.19231211 -0.85029548 0.48991188
vn 0.37608030 -0.78961539 0.48484135
vn -0.66014224 0.66815686 0.34318891
vn -0.71371776 0.60917312 0.34570950
vn -0.77200115 0.52353007 0.36045882
vn 0.00000086 0.95206881 0.30588388
vn 0.15989469 0.93855608 0.30585301
vn 0.00000064 0.95255977 0.30435169
vn 0.48792151 -0.72587383 0.48480913
vn 0.37608030 -0.78961539 0.48484135
vn 0.54234546 -0.69162667 0.47698417
vn -0.77200115 0.52353007 0.36045882
vn -0.80710512 0.46590003 0.36265469
vn -0.85222018 0.36038020 0.37927169
vn 0.62408501 -0.61909592 0.47669503
vn 0.54234546 -0.69162667 0.47698417
vn 0.68354964 -0.56154782 0.46628743
vn -0.85222018 0.36038020 0.37927169
vn -0.87300670 0.30431402 0.38111973
vn -0.89808780 0.18569072 0.39869440
vn 0.00000043 0.87566298 -0.48292282
vn 0.17098284 0.85851789 -0.48343757
vn -0.00000012 0.87515271 -0.48384678
vn -0.14939076 -0.75102252 -0.64315444
vn -0.00000026 -0.76573563 -0.64315557
vn -0.00000396 -0.76573437 -0.64315695
vn -0.29303443 0.70744932 -0.64315337
vn -0.42542148 0.63668627 -0.64315403
vn -0.42541918 0.63668537 -0.64315659
vn 0.42542461 0.63668042 -0.64315778
vn 0.29303294 0.70745069 -0.64315259
vn 0.29303920 0.70744228 -0.64315903
vn -0.00000396 -0.76573437 -0.64315695
vn 0.14938852 -0.75102037 -0.64315742
vn 0.14938720 -0.75102484 -0.64315248
vn -0.42541918 0.63668537 -0.64315659
vn -0.54145747 0.54145849 -0.64315361
vn -0.54145753 0.54145414 -0.64315718
vn 0.29303920 0.70744228 -0.64315903
vn 0.14938827 0.75102168 -0.64315593
vn 0.14939149 0.75102025 -0.64315701
vn 0.29303414 -0.70744878 -0.64315420
vn 0.14938852 -0.75102037 -0.64315742
vn 0.29303476 -0.70744616 -0.64315671
vn -0.54145753 0.54145414 -0.64315718
vn -0.63668483 0.42542663 -0.64315206
vn -0.63668627 0.42541888 -0.64315581
vn 0.14939149 0.75102025 -0.64315701
vn 0.00000065 0.76573884 -0.64315164
vn 0.00000303 0.76573658 -0.64315432
vn 0.29303414 -0.70744878 -0.64315420
vn 0.42541805 -0.63669091 -0.64315176
vn 0.42541808 -0.63668644 -0.64315611
vn -0.63668627 0.42541888 -0.64315581
vn -0.70744896 0.29303312 -0.64315438
vn -0.70744723 0.29303685 -0.64315456
vn 0.42541808 -0.63668644 -0.64315611
vn 0.54145646 -0.54145956 -0.64315355
vn 0.54145724 -0.54145384 -0.64315772
vn -0.70744723 0.29303685 -0.64315456
vn -0.75102425 0.14938046 -0.64315480
vn -0.75102216 0.14939241 -0.64315432
vn 0.54145724 -0.54145384 -0.64315772
vn 0.63668698 -0.42541906 -0.64315504
vn 0.63668627 -0.42541763 -0.64315659
vn -0.75102216 0.14939241 -0.64315432
vn -0.76573670 0.00000037 -0.64315420
vn -0.76573652 0.00000402 -0.64315438
vn 0.63668627 -0.42541763 -0.64315659
vn 0.70744848 -0.29303327 -0.64315480
vn 0.70744663 -0.29303774 -0.64315486
vn -0.76573652 0.00000402 -0.64315438
vn -0.75102389 -0.14938222 -0.64315474
vn -0.75102288 -0.14939016 -0.64315420
vn 0.70744663 -0.29303774 -0.64315486
vn 0.75102329 -0.14938441 -0.64315498
vn 0.75102198 -0.14939284 -0.64315468
vn -0.70744735 -0.29303652 -0.64315462
vn -0.75102389 -0.14938222 -0.64315474
vn -0.70744962 -0.29303062 -0.64315480
vn 0.75102198 -0.14939284 -0.64315468
vn 0.76573634 -0.00000064 -0.64315468
vn 0.76573604 -0.00000430 -0.64315498
vn -0.63668811 -0.42541665 -0.64315552
vn -0.70744962 -0.29303062 -0.64315480
vn -0.63668585 -0.42542392 -0.64315289
vn 0.76573604 -0.00000430 -0.64315498
vn 0.75102347 0.14938210 -0.64315528
vn 0.75102222 0.14938991 -0.64315498
vn -0.63668811 -0.42541665 -0.64315552
vn -0.54145712 -0.54145932 -0.64315319
vn -0.54146022 -0.54145122 -0.64315736
vn 0.70744938 0.29302812 -0.64315629
vn 0.75102347 0.14938210 -0.64315528
vn 0.70744801 0.29303527 -0.64315444
vn -0.42541882 -0.63668650 -0.64315569
vn -0.54145712 -0.54145932 -0.64315319
vn -0.42541888 -0.63669097 -0.64315122
vn 0.70744938 0.29302812 -0.64315629
vn 0.63668537 0.42542318 -0.64315385
vn 0.63669044 0.42541099 -0.64315689
vn -0.29303482 -0.70744932 -0.64315325
vn -0.42541888 -0.63669097 -0.64315122
vn -0.29303575 -0.70744598 -0.64315647
vn 0.00000303 0.76573658 -0.64315432
vn -0.14938834 0.75102270 -0.64315474
vn -0.14938721 0.75102520 -0.64315206
vn 0.63669044 0.42541099 -0.64315689
vn 0.54145676 0.54145801 -0.64315462
vn 0.54145932 0.54145527 -0.64315474
vn -0.29303482 -0.70744932 -0.64315325
vn -0.14938867 -0.75102073 -0.64315695
vn -0.14939076 -0.75102252 -0.64315444
vn -0.29303443 0.70744932 -0.64315337
vn -0.14938834 0.75102270 -0.64315474
vn -0.29303604 0.70744586 -0.64315653
vn 0.54145932 0.54145527 -0.64315474
vn 0.42541814 0.63669103 -0.64315158
vn 0.42542461 0.63668042 -0.64315778
vn 0.73834336 -0.48784921 0.46567395
vn 0.68354964 -0.56154782 0.46628743
vn 0.79367381 -0.40622935 0.45283511
f 1169/6661/6661 1170/6662/6662 1171/6663/6663
f 1172/6664/6664 1173/6665/6665 1174/6666/6666
f 1175/6667/6667 1176/6668/6668 1177/6669/6669
f 1178/6670/6670 1169/6671/6671 1179/6672/6672
f 1180/6673/6673 1174/6674/6674 1181/6675/6675
f 1182/6676/6676 1177/6677/6677 1183/6678/6678
f 1184/6679/6679 1178/6680/6680 1185/6681/6681
f 1186/6682/6682 1181/6683/6683 1187/6684/6684
f 1188/6685/6685 1183/6686/6686 1189/6687/6687
f 1190/6688/6688 1184/6689/6689 1191/6690/6690
f 1192/6691/6691 1189/6692/6692 1193/6693/6693
f 1194/6694/6694 1190/6695/6695 1195/6696/6696
f 1196/6697/6697 1193/6698/6698 1197/6699/6699
f 1198/6700/6700 1194/6701/6701 1199/6702/6702
f 1200/6703/6703 1197/6704/6704 1201/6705/6705
f 1202/6706/6706 1198/6707/6707 1203/6708/6708
f 1204/6709/6709 1201/6710/6710 1205/6711/6711
f 1206/6712/6712 1202/6713/6713 1207/6714/6714
f 1208/6715/6715 1205/6716/6716 1209/6717/6717
f 1210/6718/6718 1206/6719/6719 1211/6720/6720
f 1212/6721/6721 1209/6722/6722 1213/6723/6723
f 1214/6724/6724 1210/6725/6725 1215/6726/6726
f 1216/6727/6727 1213/6728/6728 1217/6729/6729
f 1218/6730/6730 1214/6731/6731 1219/6732/6732
f 1220/6733/6733 1217/6734/6734 1221/6735/6735
f 1222/6736/6736 1218/6737/6737 1223/6738/6738
f 1224/6739/6739 1225/6740/6740 1187/6741/6741
f 1226/6742/6742 1221/6743/6743 1227/6744/6744
f 1228/6745/6745 1222/6746/6746 1229/6747/6747
f 1170/6748/6748 1224/6749/6749 1230/6750/6750
f 1231/6751/6751 1227/6752/6752 1173/6753/6753
f 1225/6754/6754 1224/6755/6755 1232/6756/6756
f 1224/6757/6757 1170/6758/6758 1233/6759/6759
f 1170/6760/6760 1169/6761/6761 1234/6762/6762
f 1169/6763/6763 1178/6764/6764 1235/6765/6765
f 1178/6766/6766 1184/6767/6767 1236/6768/6768
f 1184/6769/6769 1190/6770/6770 1237/6771/6771
f 1190/6772/6772 1194/6773/6773 1238/6774/6774
f 1194/6775/6775 1198/6776/6776 1239/6777/6777
f 1202/6778/6778 1240/6779/6779 1239/6780/6780
f 1206/6781/6781 1241/6782/6782 1240/6783/6783
f 1210/6784/6784 1242/6785/6785 1241/6786/6786
f 1214/6787/6787 1243/6788/6788 1242/6789/6789
f 1218/6790/6790 1244/6791/6791 1243/6792/6792
f 1222/6793/6793 1245/6794/6794 1244/6795/6795
f 1228/6796/6796 1246/6797/6797 1245/6798/6798
f 1175/6799/6799 1247/6800/6800 1246/6801/6801
f 1175/6802/6802 1182/6803/6803 1248/6804/6804
f 1182/6805/6805 1188/6806/6806 1249/6807/6807
f 1188/6808/6808 1192/6809/6809 1250/6810/6810
f 1192/6811/6811 1196/6812/6812 1251/6813/6813
f 1196/6814/6814 1200/6815/6815 1252/6816/6816
f 1200/6817/6817 1204/6818/6818 1253/6819/6819
f 1204/6820/6820 1208/6821/6821 1254/6822/6822
f 1208/6823/6823 1212/6824/6824 1255/6825/6825
f 1216/6826/6826 1256/6827/6827 1255/6828/6828
f 1220/6829/6829 1257/6830/6830 1256/6831/6831
f 1226/6832/6832 1258/6833/6833 1257/6834/6834
f 1231/6835/6835 1259/6836/6836 1258/6837/6837
f 1172/6838/6838 1260/6839/6839 1259/6840/6840
f 1180/6841/6841 1261/6842/6842 1260/6843/6843
f 1186/6844/6844 1262/6845/6845 1261/6846/6846
f 1225/6847/6847 1263/6848/6848 1262/6849/6849
f 1264/6850/6850 1238/6851/6851 1239/6852/6852
f 1265/6853/6853 1266/6854/6854 1252/6855/6855
f 1267/6856/6856 1239/6857/6857 1240/6858/6858
f 1268/6859/6859 1265/6860/6860 1253/6861/6861
f 1269/6862/6862 1240/6863/6863 1241/6864/6864
f 1270/6865/6865 1268/6866/6866 1254/6867/6867
f 1271/6868/6868 1241/6869/6869 1242/6870/6870
f 1272/6871/6871 1270/6872/6872 1255/6873/6873
f 1273/6874/6874 1242/6875/6875 1243/6876/6876
f 1274/6877/6877 1272/6878/6878 1256/6879/6879
f 1275/6880/6880 1243/6881/6881 1244/6882/6882
f 1276/6883/6883 1274/6884/6884 1257/6885/6885
f 1277/6886/6886 1244/6887/6887 1245/6888/6888
f 1278/6889/6889 1263/6890/6890 1232/6891/6891
f 1279/6892/6892 1276/6893/6893 1258/6894/6894
f 1280/6895/6895 1245/6896/6896 1246/6897/6897
f 1281/6898/6898 1232/6899/6899 1233/6900/6900
f 1282/6901/6901 1279/6902/6902 1259/6903/6903
f 1283/6904/6904 1246/6905/6905 1247/6906/6906
f 1284/6907/6907 1233/6908/6908 1234/6909/6909
f 1285/6910/6910 1282/6911/6911 1260/6912/6912
f 1286/6913/6913 1287/6914/6914 1247/6915/6915
f 1288/6916/6916 1234/6917/6917 1235/6918/6918
f 1289/6919/6919 1285/6920/6920 1261/6921/6921
f 1290/6922/6922 1286/6923/6923 1248/6924/6924
f 1291/6925/6925 1235/6926/6926 1236/6927/6927
f 1278/6928/6928 1289/6929/6929 1262/6930/6930
f 1292/6931/6931 1290/6932/6932 1249/6933/6933
f 1293/6934/6934 1236/6935/6935 1237/6936/6936
f 1294/6937/6937 1292/6938/6938 1250/6939/6939
f 1295/6940/6940 1237/6941/6941 1238/6942/6942
f 1175/6943/6943 1228/6944/6944 1296/6945/6945
f 1297/6946/6946 1283/6947/6947 1287/6948/6948
f 1298/6949/6949 1284/6950/6950 1288/6951/6951
f 1299/6952/6952 1282/6953/6953 1285/6954/6954
f 1300/6955/6955 1287/6956/6956 1286/6957/6957
f 1301/6958/6958 1288/6959/6959 1291/6960/6960
f 1302/6961/6961 1285/6962/6962 1289/6963/6963
f 1303/6964/6964 1304/6965/6965 1286/6966/6966
f 1305/6967/6967 1291/6968/6968 1293/6969/6969
f 1306/6970/6970 1289/6971/6971 1278/6972/6972
f 1303/6973/6973 1290/6974/6974 1292/6975/6975
f 1307/6976/6976 1293/6977/6977 1295/6978/6978
f 1308/6979/6979 1292/6980/6980 1294/6981/6981
f 1309/6982/6982 1295/6983/6983 1264/6984/6984
f 1310/6985/6985 1294/6986/6986 1266/6987/6987
f 1311/6988/6988 1264/6989/6989 1267/6990/6990
f 1312/6991/6991 1266/6992/6992 1265/6993/6993
f 1313/6994/6994 1267/6995/6995 1269/6996/6996
f 1314/6997/6997 1265/6998/6998 1268/6999/6999
f 1315/7000/7000 1316/7001/7001 1269/7002/7002
f 1317/7003/7003 1268/7004/7004 1270/7005/7005
f 1318/7006/7006 1315/7007/7007 1271/7008/7008
f 1319/7009/7009 1270/7010/7010 1272/7011/7011
f 1318/7012/7012 1273/7013/7013 1275/7014/7014
f 1320/7015/7015 1321/7016/7016 1272/7017/7017
f 1322/7018/7018 1323/7019/7019 1275/7020/7020
f 1320/7021/7021 1274/7022/7022 1276/7023/7023
f 1324/7024/7024 1322/7025/7025 1277/7026/7026
f 1325/7027/7027 1278/7028/7028 1281/7029/7029
f 1326/7030/7030 1276/7031/7031 1279/7032/7032
f 1324/7033/7033 1280/7034/7034 1283/7035/7035
f 1298/7036/7036 1327/7037/7037 1281/7038/7038
f 1328/7039/7039 1279/7040/7040 1282/7041/7041
f 1266/7042/7042 1294/7043/7043 1251/7044/7044
f 1201/7045/7045 1217/7046/7046 1205/7047/7047
f 1221/7048/7048 1217/7049/7049 1197/7050/7050
f 1193/7051/7051 1227/7052/7052 1197/7053/7053
f 1173/7054/7054 1227/7055/7055 1189/7056/7056
f 1183/7057/7057 1174/7058/7058 1189/7059/7059
f 1181/7060/7060 1174/7061/7061 1177/7062/7062
f 1176/7063/7063 1187/7064/7064 1177/7065/7065
f 1199/7066/7066 1195/7067/7067 1207/7068/7068
f 1211/7069/7069 1195/7070/7070 1215/7071/7071
f 1191/7072/7072 1185/7073/7073 1215/7074/7074
f 1219/7075/7075 1185/7076/7076 1223/7077/7077
f 1179/7078/7078 1171/7079/7079 1223/7080/7080
f 1229/7081/7081 1171/7082/7082 1296/7083/7083
f 1230/7084/7084 1187/7085/7085 1296/7086/7086
f 1203/7087/7087 1199/7088/7088 1207/7089/7089
f 1195/7090/7090 1211/7091/7091 1207/7092/7092
f 1195/7093/7093 1191/7094/7094 1215/7095/7095
f 1185/7096/7096 1219/7097/7097 1215/7098/7098
f 1185/7099/7099 1179/7100/7100 1223/7101/7101
f 1171/7102/7102 1229/7103/7103 1223/7104/7104
f 1171/7105/7105 1230/7106/7106 1296/7107/7107
f 1217/7108/7108 1213/7109/7109 1205/7110/7110
f 1217/7111/7111 1201/7112/7112 1197/7113/7113
f 1227/7114/7114 1221/7115/7115 1197/7116/7116
f 1227/7117/7117 1193/7118/7118 1189/7119/7119
f 1174/7120/7120 1173/7121/7121 1189/7122/7122
f 1174/7123/7123 1183/7124/7124 1177/7125/7125
f 1187/7126/7126 1181/7127/7127 1177/7128/7128
f 1187/7129/7129 1176/7130/7130 1296/7131/7131
f 1169/7132/7132 1171/7133/7133 1179/7134/7134
f 1172/7135/7135 1174/7136/7136 1180/7137/7137
f 1175/7138/7138 1177/7139/7139 1182/7140/7140
f 1178/7141/7141 1179/7142/7142 1185/7143/7143
f 1180/7144/7144 1181/7145/7145 1186/7146/7146
f 1182/7147/7147 1183/7148/7148 1188/7149/7149
f 1184/7150/7150 1185/7151/7151 1191/7152/7152
f 1186/7153/7153 1187/7154/7154 1225/7155/7155
f 1188/7156/7156 1189/7157/7157 1192/7158/7158
f 1190/7159/7159 1191/7160/7160 1195/7161/7161
f 1192/7162/7162 1193/7163/7163 1196/7164/7164
f 1194/7165/7165 1195/7166/7166 1199/7167/7167
f 1196/7168/7168 1197/7169/7169 1200/7170/7170
f 1198/7171/7171 1199/7172/7172 1203/7173/7173
f 1200/7174/7174 1201/7175/7175 1204/7176/7176
f 1202/7177/7177 1203/7178/7178 1207/7179/7179
f 1204/7180/7180 1205/7181/7181 1208/7182/7182
f 1206/7183/7183 1207/7184/7184 1211/7185/7185
f 1208/7186/7186 1209/7187/7187 1212/7188/7188
f 1210/7189/7189 1211/7190/7190 1215/7191/7191
f 1212/7192/7192 1213/7193/7193 1216/7194/7194
f 1214/7195/7195 1215/7196/7196 1219/7197/7197
f 1216/7198/7198 1217/7199/7199 1220/7200/7200
f 1218/7201/7201 1219/7202/7202 1223/7203/7203
f 1220/7204/7204 1221/7205/7205 1226/7206/7206
f 1222/7207/7207 1223/7208/7208 1229/7209/7209
f 1224/7210/7210 1187/7211/7211 1230/7212/7212
f 1226/7213/7213 1227/7214/7214 1231/7215/7215
f 1228/7216/7216 1229/7217/7217 1296/7218/7218
f 1170/7219/7219 1230/7220/7220 1171/7221/7221
f 1231/7222/7222 1173/7223/7223 1172/7224/7224
f 1213/7225/7225 1209/7226/7226 1205/7227/7227
f 1225/7228/7228 1232/7229/7229 1263/7230/7230
f 1224/7231/7231 1233/7232/7232 1232/7233/7233
f 1170/7234/7234 1234/7235/7235 1233/7236/7236
f 1169/7237/7237 1235/7238/7238 1234/7239/7239
f 1178/7240/7240 1236/7241/7241 1235/7242/7242
f 1184/7243/7243 1237/7244/7244 1236/7245/7245
f 1190/7246/7246 1238/7247/7247 1237/7248/7248
f 1194/7249/7249 1239/7250/7250 1238/7251/7251
f 1202/7252/7252 1239/7253/7253 1198/7254/7254
f 1206/7255/7255 1240/7256/7256 1202/7257/7257
f 1210/7258/7258 1241/7259/7259 1206/7260/7260
f 1214/7261/7261 1242/7262/7262 1210/7263/7263
f 1218/7264/7264 1243/7265/7265 1214/7266/7266
f 1222/7267/7267 1244/7268/7268 1218/7269/7269
f 1228/7270/7270 1245/7271/7271 1222/7272/7272
f 1175/7273/7273 1246/7274/7274 1228/7275/7275
f 1175/7276/7276 1248/7277/7277 1247/7278/7278
f 1182/7279/7279 1249/7280/7280 1248/7281/7281
f 1188/7282/7282 1250/7283/7283 1249/7284/7284
f 1192/7285/7285 1251/7286/7286 1250/7287/7287
f 1196/7288/7288 1252/7289/7289 1251/7290/7290
f 1200/7291/7291 1253/7292/7292 1252/7293/7293
f 1204/7294/7294 1254/7295/7295 1253/7296/7296
f 1208/7297/7297 1255/7298/7298 1254/7299/7299
f 1216/7300/7300 1255/7301/7301 1212/7302/7302
f 1220/7303/7303 1256/7304/7304 1216/7305/7305
f 1226/7306/7306 1257/7307/7307 1220/7308/7308
f 1231/7309/7309 1258/7310/7310 1226/7311/7311
f 1172/7312/7312 1259/7313/7313 1231/7314/7314
f 1180/7315/7315 1260/7316/7316 1172/7317/7317
f 1186/7318/7318 1261/7319/7319 1180/7320/7320
f 1225/7321/7321 1262/7322/7322 1186/7323/7323
f 1264/7324/7324 1239/7325/7325 1267/7326/7326
f 1265/7327/7327 1252/7328/7328 1253/7329/7329
f 1267/7330/7330 1240/7331/7331 1269/7332/7332
f 1268/7333/7333 1253/7334/7334 1254/7335/7335
f 1269/7336/7336 1241/7337/7337 1271/7338/7338
f 1270/7339/7339 1254/7340/7340 1255/7341/7341
f 1271/7342/7342 1242/7343/7343 1273/7344/7344
f 1272/7345/7345 1255/7346/7346 1256/7347/7347
f 1273/7348/7348 1243/7349/7349 1275/7350/7350
f 1274/7351/7351 1256/7352/7352 1257/7353/7353
f 1275/7354/7354 1244/7355/7355 1277/7356/7356
f 1276/7357/7357 1257/7358/7358 1258/7359/7359
f 1277/7360/7360 1245/7361/7361 1280/7362/7362
f 1278/7363/7363 1232/7364/7364 1281/7365/7365
f 1279/7366/7366 1258/7367/7367 1259/7368/7368
f 1280/7369/7369 1246/7370/7370 1283/7371/7371
f 1281/7372/7372 1233/7373/7373 1284/7374/7374
f 1282/7375/7375 1259/7376/7376 1260/7377/7377
f 1283/7378/7378 1247/7379/7379 1287/7380/7380
f 1284/7381/7381 1234/7382/7382 1288/7383/7383
f 1285/7384/7384 1260/7385/7385 1261/7386/7386
f 1286/7387/7387 1247/7388/7388 1248/7389/7389
f 1288/7390/7390 1235/7391/7391 1291/7392/7392
f 1289/7393/7393 1261/7394/7394 1262/7395/7395
f 1290/7396/7396 1248/7397/7397 1249/7398/7398
f 1291/7399/7399 1236/7400/7400 1293/7401/7401
f 1278/7402/7402 1262/7403/7403 1263/7404/7404
f 1292/7405/7405 1249/7406/7406 1250/7407/7407
f 1293/7408/7408 1237/7409/7409 1295/7410/7410
f 1294/7411/7411 1250/7412/7412 1251/7413/7413
f 1295/7414/7414 1238/7415/7415 1264/7416/7416
f 1175/7417/7417 1296/7418/7418 1176/7419/7419
f 1297/7420/7420 1287/7421/7421 1300/7422/7422
f 1298/7423/7423 1288/7424/7424 1301/7425/7425
f 1299/7426/7426 1285/7427/7427 1302/7428/7428
f 1300/7429/7429 1286/7430/7430 1304/7431/7431
f 1301/7432/7432 1291/7433/7433 1305/7434/7434
f 1302/7435/7435 1289/7436/7436 1306/7437/7437
f 1303/7438/7438 1286/7439/7439 1290/7440/7440
f 1305/7441/7441 1293/7442/7442 1307/7443/7443
f 1306/7444/7444 1278/7445/7445 1325/7446/7446
f 1303/7447/7447 1292/7448/7448 1308/7449/7449
f 1307/7450/7450 1295/7451/7451 1309/7452/7452
f 1308/7453/7453 1294/7454/7454 1310/7455/7455
f 1309/7456/7456 1264/7457/7457 1311/7458/7458
f 1310/7459/7459 1266/7460/7460 1312/7461/7461
f 1311/7462/7462 1267/7463/7463 1313/7464/7464
f 1312/7465/7465 1265/7466/7466 1314/7467/7467
f 1313/7468/7468 1269/7469/7469 1316/7470/7470
f 1314/7471/7471 1268/7472/7472 1317/7473/7473
f 1315/7474/7474 1269/7475/7475 1271/7476/7476
f 1317/7477/7477 1270/7478/7478 1319/7479/7479
f 1318/7480/7480 1271/7481/7481 1273/7482/7482
f 1319/7483/7483 1272/7484/7484 1321/7485/7485
f 1318/7486/7486 1275/7487/7487 1323/7488/7488
f 1320/7489/7489 1272/7490/7490 1274/7491/7491
f 1322/7492/7492 1275/7493/7493 1277/7494/7494
f 1320/7495/7495 1276/7496/7496 1326/7497/7497
f 1324/7498/7498 1277/7499/7499 1280/7500/7500
f 1325/7501/7501 1281/7502/7502 1327/7503/7503
f 1326/7504/7504 1279/7505/7505 1328/7506/7506
f 1324/7507/7507 1283/7508/7508 1297/7509/7509
f 1298/7510/7510 1281/7511/7511 1284/7512/7512
f 1328/7513/7513 1282/7514/7514 1299/7515/7515
f 1266/7516/7516 1251/7517/7517 1252/7518/7518
g booster_cylinder_010
v 0.22643523 0.29164791 -3.24512577
v 0.23389398 0.29910660 -3.24075651
v 0.24135271 0.30656528 -3.24512577
v 0.24135271 0.30656528 -3.26622248
v 0.22334576 0.28855848 -3.25567389
v 0.24444221 0.30965495 -3.25567389
v 0.22643523 0.29164791 -3.26622248
v 0.23389398 0.29910660 -3.27059126
v 0.26963699 0.27828097 -3.26622248
v 0.26217827 0.27082229 -3.27059126
v 0.27272648 0.28137064 -3.25567389
v 0.26963702 0.27828097 -3.24512577
v 0.26217830 0.27082229 -3.24075651
v 0.25471953 0.26336360 -3.24512577
v 0.25163004 0.26027417 -3.25567389
v 0.25471950 0.26336360 -3.26622248
v -0.22643782 0.29164791 -3.24512577
v -0.24135530 0.30656552 -3.24512577
v -0.23389657 0.29910660 -3.24075627
v -0.24135530 0.30656552 -3.26622248
v -0.24444480 0.30965495 -3.25567389
v -0.22334835 0.28855848 -3.25567389
v -0.22643782 0.29164791 -3.26622248
v -0.23389657 0.29910660 -3.27059126
v -0.26218089 0.27082253 -3.27059126
v -0.26963961 0.27828121 -3.26622248
v -0.27272910 0.28137064 -3.25567389
v -0.26963958 0.27828121 -3.24512577
v -0.25472209 0.26336360 -3.24512577
v -0.26218086 0.27082229 -3.24075627
v -0.25163266 0.26027417 -3.25567389
v -0.25472212 0.26336360 -3.26622248
v 0.22643518 -0.21779358 -3.24512601
v 0.24135266 -0.23271108 -3.24512601
v 0.23389393 -0.22525239 -3.24075651
v 0.24135266 -0.23271108 -3.26622248
v 0.24444216 -0.23580062 -3.25567412
v 0.22334571 -0.21470416 -3.25567412
v 0.22643518 -0.21779358 -3.26622248
v 0.23389393 -0.22525239 -3.27059126
v 0.26217824 -0.19696808 -3.27059126
v 0.26963696 -0.20442677 -3.26622248
v 0.27272645 -0.20751631 -3.25567412
v 0.26963696 -0.20442677 -3.24512601
v 0.25471947 -0.18950939 -3.24512601
v 0.26217824 -0.19696808 -3.24075651
v 0.25163001 -0.18641984 -3.25567412
v 0.25471947 -0.18950939 -3.26622248
v -0.22643787 -0.21779358 -3.24512577
v -0.23389661 -0.22525227 -3.24075651
v -0.24135534 -0.23271096 -3.24512577
v -0.24135534 -0.23271096 -3.26622248
v -0.22334839 -0.21470404 -3.25567389
v -0.24444485 -0.23580050 -3.25567389
v -0.22643787 -0.21779358 -3.26622248
v -0.23389661 -0.22525227 -3.27059126
v -0.26963964 -0.20442677 -3.26622248
v -0.26218092 -0.19696808 -3.27059126
v -0.27272913 -0.20751631 -3.25567389
v -0.26963964 -0.20442677 -3.24512577
v -0.26218092 -0.19696808 -3.24075651
v -0.25472215 -0.18950939 -3.24512577
v -0.25163269 -0.18641984 -3.25567389
v -0.25472215 -0.18950927 -3.26622248
vt 0.85694826 0.66684878
vt 0.86105412 0.67095459
vt 0.86105400 0.67676127
vt 0.85114145 0.68086708
vt 0.85114145 0.66684878
vt 0.85694826 0.68086725
vt 0.85114145 0.66684878
vt 0.85694826 0.66684878
vt 0.85694826 0.68086725
vt 0.84703547 0.67095459
vt 0.85114145 0.66684878
vt 0.85114145 0.68086708
vt 0.85114145 0.68086708
vt 0.84703565 0.67676097
vt 0.84703547 0.67095459
vt 0.88891518 0.93792516
vt 0.86857188 0.93792516
vt 0.86857188 0.93211859
vt 0.88891518 0.94373190
vt 0.86857188 0.94373190
vt 0.86857188 0.93792516
vt 0.74946809 0.92242968
vt 0.75357407 0.92653567
vt 0.75357407 0.93234229
vt 0.74366158 0.92242968
vt 0.74946809 0.92242968
vt 0.75357407 0.93234229
vt 0.73955560 0.92653549
vt 0.74366158 0.92242968
vt 0.74946809 0.93644816
vt 0.74366158 0.93644816
vt 0.73955560 0.93234217
vt 0.73955560 0.92653549
vt 0.74946809 0.93644816
vt 0.74366158 0.93644816
vt 0.73955560 0.92653549
vt 0.86857188 0.94953847
vt 0.86857188 0.94373190
vt 0.88891518 0.94373190
vt 0.86857188 0.90889198
vt 0.86857188 0.90308535
vt 0.88891518 0.90308535
vt 0.86857188 0.91469866
vt 0.86857188 0.90889198
vt 0.88891518 0.90889198
vt 0.86857188 0.92050523
vt 0.86857188 0.91469866
vt 0.88891518 0.91469866
vt 0.88891518 0.92631197
vt 0.86857188 0.92631197
vt 0.86857188 0.92050523
vt 0.88891518 0.93211859
vt 0.86857188 0.93211859
vt 0.86857188 0.92631197
vt 0.86105400 0.67676127
vt 0.85694826 0.68086725
vt 0.85694826 0.66684878
vt 0.88891518 0.93792516
vt 0.86857188 0.93211859
vt 0.88891518 0.93211859
vt 0.88891518 0.94373190
vt 0.86857188 0.93792516
vt 0.88891518 0.93792516
vt 0.75357407 0.93234229
vt 0.74946809 0.93644816
vt 0.74366158 0.92242968
vt 0.86857188 0.94953847
vt 0.88891518 0.94373190
vt 0.88891518 0.94953847
vt 0.86857188 0.90889198
vt 0.88891518 0.90308535
vt 0.88891518 0.90889198
vt 0.86857188 0.91469866
vt 0.88891518 0.90889198
vt 0.88891518 0.91469866
vt 0.86857188 0.92050523
vt 0.88891518 0.91469866
vt 0.88891518 0.92050523
vt 0.88891518 0.92631197
vt 0.86857188 0.92050523
vt 0.88891518 0.92050523
vt 0.88891518 0.93211859
vt 0.86857188 0.92631197
vt 0.88891518 0.92631197
vt 0.85694826 0.66684878
vt 0.86105400 0.67676127
vt 0.86105412 0.67095459
vt 0.85114145 0.68086708
vt 0.85694826 0.68086725
vt 0.85114145 0.66684878
vt 0.85114145 0.66684878
vt 0.85694826 0.68086725
vt 0.85694826 0.66684878
vt 0.84703547 0.67095459
vt 0.85114145 0.68086708
vt 0.85114145 0.66684878
vt 0.85114145 0.68086708
vt 0.84703547 0.67095459
vt 0.84703565 0.67676097
vt 0.88891518 0.93792516
vt 0.86857188 0.93211859
vt 0.86857188 0.93792516
vt 0.88891518 0.94373190
vt 0.86857188 0.93792516
vt 0.86857188 0.94373190
vt 0.74946809 0.92242968
vt 0.75357407 0.93234229
vt 0.75357407 0.92653567
vt 0.74366158 0.92242968
vt 0.75357407 0.93234229
vt 0.74946809 0.92242968
vt 0.73955560 0.92653549
vt 0.74946809 0.93644816
vt 0.74366158 0.92242968
vt 0.74366158 0.93644816
vt 0.73955560 0.92653549
vt 0.73955560 0.93234217
vt 0.74946809 0.93644816
vt 0.73955560 0.92653549
vt 0.74366158 0.93644816
vt 0.86857188 0.94953847
vt 0.88891518 0.94373190
vt 0.86857188 0.94373190
vt 0.86857188 0.90889198
vt 0.88891518 0.90308535
vt 0.86857188 0.90308535
vt 0.86857188 0.91469866
vt 0.88891518 0.90889198
vt 0.86857188 0.90889198
vt 0.86857188 0.92050523
vt 0.88891518 0.91469866
vt 0.86857188 0.91469866
vt 0.88891518 0.92631197
vt 0.86857188 0.92050523
vt 0.86857188 0.92631197
vt 0.88891518 0.93211859
vt 0.86857188 0.92631197
vt 0.86857188 0.93211859
vt 0.86105400 0.67676127
vt 0.85694826 0.66684878
vt 0.85694826 0.68086725
vt 0.88891518 0.93792516
vt 0.88891518 0.93211859
vt 0.86857188 0.93211859
vt 0.88891518 0.94373190
vt 0.88891518 0.93792516
vt 0.86857188 0.93792516
vt 0.75357407 0.93234229
vt 0.74366158 0.92242968
vt 0.74946809 0.93644816
vt 0.86857188 0.94953847
vt 0.88891518 0.94953847
vt 0.88891518 0.94373190
vt 0.86857188 0.90889198
vt 0.88891518 0.90889198
vt 0.88891518 0.90308535
vt 0.86857188 0.91469866
vt 0.88891518 0.91469866
vt 0.88891518 0.90889198
vt 0.86857188 0.92050523
vt 0.88891518 0.92050523
vt 0.88891518 0.91469866
vt 0.88891518 0.92631197
vt 0.88891518 0.92050523
vt 0.86857188 0.92050523
vt 0.88891518 0.93211859
vt 0.88891518 0.92631197
vt 0.86857188 0.92631197
vt 0.85694826 0.66684878
vt 0.86105400 0.67676127
vt 0.86105412 0.67095459
vt 0.85114145 0.68086708
vt 0.85694826 0.68086725
vt 0.85114145 0.66684878
vt 0.85114145 0.66684878
vt 0.85694826 0.68086725
vt 0.85694826 0.66684878
vt 0.84703547 0.67095459
vt 0.85114145 0.68086708
vt 0.85114145 0.66684878
vt 0.85114145 0.68086708
vt 0.84703547 0.67095459
vt 0.84703565 0.67676097
vt 0.88891518 0.93792516
vt 0.86857188 0.93211859
vt 0.86857188 0.93792516
vt 0.88891518 0.94373190
vt 0.86857188 0.93792516
vt 0.86857188 0.94373190
vt 0.74946809 0.92242968
vt 0.75357407 0.93234229
vt 0.75357407 0.92653567
vt 0.74366158 0.92242968
vt 0.75357407 0.93234229
vt 0.74946809 0.92242968
vt 0.73955560 0.92653549
vt 0.74946809 0.93644816
vt 0.74366158 0.92242968
vt 0.74366158 0.93644816
vt 0.73955560 0.92653549
vt 0.73955560 0.93234217
vt 0.74946809 0.93644816
vt 0.73955560 0.92653549
vt 0.74366158 0.93644816
vt 0.86857188 0.94953847
vt 0.88891518 0.94373190
vt 0.86857188 0.94373190
vt 0.86857188 0.90889198
vt 0.88891518 0.90308535
vt 0.86857188 0.90308535
vt 0.86857188 0.91469866
vt 0.88891518 0.90889198
vt 0.86857188 0.90889198
vt 0.86857188 0.92050523
vt 0.88891518 0.91469866
vt 0.86857188 0.91469866
vt 0.88891518 0.92631197
vt 0.86857188 0.92050523
vt 0.86857188 0.92631197
vt 0.88891518 0.93211859
vt 0.86857188 0.92631197
vt 0.86857188 0.93211859
vt 0.86105400 0.67676127
vt 0.85694826 0.66684878
vt 0.85694826 0.68086725
vt 0.88891518 0.93792516
vt 0.88891518 0.93211859
vt 0.86857188 0.93211859
vt 0.88891518 0.94373190
vt 0.88891518 0.93792516
vt 0.86857188 0.93792516
vt 0.75357407 0.93234229
vt 0.74366158 0.92242968
vt 0.74946809 0.93644816
vt 0.86857188 0.94953847
vt 0.88891518 0.94953847
vt 0.88891518 0.94373190
vt 0.86857188 0.90889198
vt 0.88891518 0.90889198
vt 0.88891518 0.90308535
vt 0.86857188 0.91469866
vt 0.88891518 0.91469866
vt 0.88891518 0.90889198
vt 0.86857188 0.92050523
vt 0.88891518 0.92050523
vt 0.88891518 0.91469866
vt 0.88891518 0.92631197
vt 0.88891518 0.92050523
vt 0.86857188 0.92050523
vt 0.88891518 0.93211859
vt 0.88891518 0.92631197
vt 0.86857188 0.92631197
vt 0.85694826 0.66684878
vt 0.86105412 0.67095459
vt 0.86105400 0.67676127
vt 0.85114145 0.68086708
vt 0.85114145 0.66684878
vt 0.85694826 0.68086725
vt 0.85114145 0.66684878
vt 0.85694826 0.66684878
vt 0.85694826 0.68086725
vt 0.84703547 0.67095459
vt 0.85114145 0.66684878
vt 0.85114145 0.68086708
vt 0.85114145 0.68086708
vt 0.84703565 0.67676097
vt 0.84703547 0.67095459
vt 0.88891518 0.93792516
vt 0.86857188 0.93792516
vt 0.86857188 0.93211859
vt 0.88891518 0.94373190
vt 0.86857188 0.94373190
vt 0.86857188 0.93792516
vt 0.74946809 0.92242968
vt 0.75357407 0.92653567
vt 0.75357407 0.93234229
vt 0.74366158 0.92242968
vt 0.74946809 0.92242968
vt 0.75357407 0.93234229
vt 0.73955560 0.92653549
vt 0.74366158 0.92242968
vt 0.74946809 0.93644816
vt 0.74366158 0.93644816
vt 0.73955560 0.93234217
vt 0.73955560 0.92653549
vt 0.74946809 0.93644816
vt 0.74366158 0.93644816
vt 0.73955560 0.92653549
vt 0.86857188 0.94953847
vt 0.86857188 0.94373190
vt 0.88891518 0.94373190
vt 0.86857188 0.90889198
vt 0.86857188 0.90308535
vt 0.88891518 0.90308535
vt 0.86857188 0.91469866
vt 0.86857188 0.90889198
vt 0.88891518 0.90889198
vt 0.86857188 0.92050523
vt 0.86857188 0.91469866
vt 0.88891518 0.91469866
vt 0.88891518 0.92631197
vt 0.86857188 0.92631197
vt 0.86857188 0.92050523
vt 0.88891518 0.93211859
vt 0.86857188 0.93211859
vt 0.86857188 0.92631197
vt 0.86105400 0.67676127
vt 0.85694826 0.68086725
vt 0.85694826 0.66684878
vt 0.88891518 0.93792516
vt 0.86857188 0.93211859
vt 0.88891518 0.93211859
vt 0.88891518 0.94373190
vt 0.86857188 0.93792516
vt 0.88891518 0.93792516
vt 0.75357407 0.93234229
vt 0.74946809 0.93644816
vt 0.74366158 0.92242968
vt 0.86857188 0.94953847
vt 0.88891518 0.94373190
vt 0.88891518 0.94953847
vt 0.86857188 0.90889198
vt 0.88891518 0.90308535
vt 0.88891518 0.90889198
vt 0.86857188 0.91469866
vt 0.88891518 0.90889198
vt 0.88891518 0.91469866
vt 0.86857188 0.92050523
vt 0.88891518 0.91469866
vt 0.88891518 0.92050523
vt 0.88891518 0.92631197
vt 0.86857188 0.92050523
vt 0.88891518 0.92050523
vt 0.88891518 0.93211859
vt 0.86857188 0.92631197
vt 0.88891518 0.92631197
vn -0.70711511 0.70709848 0.00000127
vn -0.70711052 0.70710307 -0.00000491
vn -0.70709687 0.70711672 -0.00000070
vn -0.70709693 0.70711660 -0.00000099
vn -0.70710719 0.70710635 0.00000112
vn -0.70709580 0.70711780 -0.00000085
vn -0.70710719 0.70710635 0.00000112
vn -0.70711511 0.70709848 0.00000127
vn -0.70709580 0.70711780 -0.00000085
vn -0.70710152 0.70711201 0.00000098
vn -0.70710719 0.70710635 0.00000112
vn -0.70709693 0.70711660 -0.00000099
vn -0.70709693 0.70711660 -0.00000099
vn -0.70713323 0.70708030 0.00000519
vn -0.70710152 0.70711201 0.00000098
vn 0.50000006 0.49999705 -0.70710891
vn 0.49998850 0.49999246 -0.70712030
vn -0.00000634 -0.00000827 -1.00000000
vn 0.70711493 0.70709860 0.00000866
vn 0.70709747 0.70711607 0.00001037
vn 0.49998850 0.49999246 -0.70712030
vn 0.70709419 -0.70711935 -0.00000182
vn 0.70708907 -0.70712453 -0.00001024
vn 0.70709491 -0.70711863 -0.00000182
vn 0.70710409 -0.70710951 0.00000134
vn 0.70709419 -0.70711935 -0.00000182
vn 0.70709491 -0.70711863 -0.00000182
vn 0.70710886 -0.70710474 0.00000282
vn 0.70710409 -0.70710951 0.00000134
vn 0.70710427 -0.70710927 -0.00000104
vn 0.70710832 -0.70710522 -0.00000194
vn 0.70709032 -0.70712328 0.00000997
vn 0.70710886 -0.70710474 0.00000282
vn 0.70710427 -0.70710927 -0.00000104
vn 0.70710832 -0.70710522 -0.00000194
vn 0.70710886 -0.70710474 0.00000282
vn 0.49999610 0.50001895 0.70709616
vn 0.70709747 0.70711607 0.00001037
vn 0.70711493 0.70709860 0.00000866
vn -0.00000635 0.00000585 1.00000000
vn 0.49999610 0.50001895 0.70709616
vn 0.50001556 0.49999553 0.70709890
vn -0.50000691 -0.50001532 0.70709115
vn -0.00000635 0.00000585 1.00000000
vn 0.00000828 -0.00000563 1.00000000
vn -0.70710659 -0.70710695 0.00000606
vn -0.50000691 -0.50001532 0.70709115
vn -0.49999920 -0.50000304 0.70710522
vn -0.49999130 -0.49999142 -0.70711899
vn -0.50000060 -0.49999869 -0.70710725
vn -0.70710659 -0.70710695 0.00000606
vn 0.00000684 0.00000810 -1.00000000
vn -0.00000634 -0.00000827 -1.00000000
vn -0.50000060 -0.49999869 -0.70710725
vn -0.70709687 0.70711672 -0.00000070
vn -0.70709580 0.70711780 -0.00000085
vn -0.70711511 0.70709848 0.00000127
vn 0.50000006 0.49999705 -0.70710891
vn -0.00000634 -0.00000827 -1.00000000
vn 0.00000684 0.00000810 -1.00000000
vn 0.70711493 0.70709860 0.00000866
vn 0.49998850 0.49999246 -0.70712030
vn 0.50000006 0.49999705 -0.70710891
vn 0.70709491 -0.70711863 -0.00000182
vn 0.70710427 -0.70710927 -0.00000104
vn 0.70710409 -0.70710951 0.00000134
vn 0.49999610 0.50001895 0.70709616
vn 0.70711493 0.70709860 0.00000866
vn 0.50001556 0.49999553 0.70709890
vn -0.00000635 0.00000585 1.00000000
vn 0.50001556 0.49999553 0.70709890
vn 0.00000828 -0.00000563 1.00000000
vn -0.50000691 -0.50001532 0.70709115
vn 0.00000828 -0.00000563 1.00000000
vn -0.49999920 -0.50000304 0.70710522
vn -0.70710659 -0.70710695 0.00000606
vn -0.49999920 -0.50000304 0.70710522
vn -0.70711184 -0.70710176 0.00000622
vn -0.49999130 -0.49999142 -0.70711899
vn -0.70710659 -0.70710695 0.00000606
vn -0.70711184 -0.70710176 0.00000622
vn 0.00000684 0.00000810 -1.00000000
vn -0.50000060 -0.49999869 -0.70710725
vn -0.49999130 -0.49999142 -0.70711899
vn 0.70711523 0.70709836 0.00000072
vn 0.70709699 0.70711660 -0.00000125
vn 0.70711064 0.70710295 -0.00000546
vn 0.70709705 0.70711648 -0.00000154
vn 0.70709586 0.70711774 -0.00000140
vn 0.70710731 0.70710623 0.00000057
vn 0.70710731 0.70710623 0.00000057
vn 0.70709586 0.70711774 -0.00000140
vn 0.70711523 0.70709836 0.00000072
vn 0.70710164 0.70711190 0.00000043
vn 0.70709705 0.70711648 -0.00000154
vn 0.70710731 0.70710623 0.00000057
vn 0.70709705 0.70711648 -0.00000154
vn 0.70710164 0.70711190 0.00000043
vn 0.70713335 0.70708019 0.00000464
vn -0.50000054 0.49999708 -0.70710844
vn 0.00000557 -0.00000827 -1.00000000
vn -0.49998900 0.49999261 -0.70711988
vn -0.70711482 0.70709872 0.00000920
vn -0.49998900 0.49999261 -0.70711988
vn -0.70709735 0.70711619 0.00001092
vn -0.70709431 -0.70711923 -0.00000127
vn -0.70709503 -0.70711851 -0.00000127
vn -0.70708919 -0.70712441 -0.00000969
vn -0.70710421 -0.70710933 0.00000189
vn -0.70709503 -0.70711851 -0.00000127
vn -0.70709431 -0.70711923 -0.00000127
vn -0.70710891 -0.70710462 0.00000337
vn -0.70710438 -0.70710921 -0.00000049
vn -0.70710421 -0.70710933 0.00000189
vn -0.70710844 -0.70710510 -0.00000139
vn -0.70710891 -0.70710462 0.00000337
vn -0.70709044 -0.70712316 0.00001052
vn -0.70710438 -0.70710921 -0.00000049
vn -0.70710891 -0.70710462 0.00000337
vn -0.70710844 -0.70710510 -0.00000139
vn -0.49999544 0.50001901 0.70709658
vn -0.70711482 0.70709872 0.00000920
vn -0.70709735 0.70711619 0.00001092
vn 0.00000713 0.00000585 1.00000000
vn -0.50001496 0.49999559 0.70709932
vn -0.49999544 0.50001901 0.70709658
vn 0.50000739 -0.50001538 0.70709074
vn -0.00000750 -0.00000563 1.00000000
vn 0.00000713 0.00000585 1.00000000
vn 0.70710641 -0.70710713 0.00000551
vn 0.49999967 -0.50000310 0.70710480
vn 0.50000739 -0.50001538 0.70709074
vn 0.49999064 -0.49999151 -0.70711941
vn 0.70710641 -0.70710713 0.00000551
vn 0.50000006 -0.49999878 -0.70710766
vn -0.00000762 0.00000810 -1.00000000
vn 0.50000006 -0.49999878 -0.70710766
vn 0.00000557 -0.00000827 -1.00000000
vn 0.70709699 0.70711660 -0.00000125
vn 0.70711523 0.70709836 0.00000072
vn 0.70709586 0.70711774 -0.00000140
vn -0.50000054 0.49999708 -0.70710844
vn -0.00000762 0.00000810 -1.00000000
vn 0.00000557 -0.00000827 -1.00000000
vn -0.70711482 0.70709872 0.00000920
vn -0.50000054 0.49999708 -0.70710844
vn -0.49998900 0.49999261 -0.70711988
vn -0.70709503 -0.70711851 -0.00000127
vn -0.70710421 -0.70710933 0.00000189
vn -0.70710438 -0.70710921 -0.00000049
vn -0.49999544 0.50001901 0.70709658
vn -0.50001496 0.49999559 0.70709932
vn -0.70711482 0.70709872 0.00000920
vn 0.00000713 0.00000585 1.00000000
vn -0.00000750 -0.00000563 1.00000000
vn -0.50001496 0.49999559 0.70709932
vn 0.50000739 -0.50001538 0.70709074
vn 0.49999967 -0.50000310 0.70710480
vn -0.00000750 -0.00000563 1.00000000
vn 0.70710641 -0.70710713 0.00000551
vn 0.70711172 -0.70710188 0.00000567
vn 0.49999967 -0.50000310 0.70710480
vn 0.49999064 -0.49999151 -0.70711941
vn 0.70711172 -0.70710188 0.00000567
vn 0.70710641 -0.70710713 0.00000551
vn -0.00000762 0.00000810 -1.00000000
vn 0.49999064 -0.49999151 -0.70711941
vn 0.50000006 -0.49999878 -0.70710766
vn -0.70711315 -0.70710039 0.00000027
vn -0.70710331 -0.70711023 0.00000306
vn -0.70714849 -0.70706505 -0.00000464
vn -0.70710659 -0.70710701 -0.00000199
vn -0.70710230 -0.70711130 -0.00000115
vn -0.70710069 -0.70711285 0.00000082
vn -0.70710069 -0.70711285 0.00000082
vn -0.70710230 -0.70711130 -0.00000115
vn -0.70711315 -0.70710039 0.00000027
vn -0.70709360 -0.70711994 0.00000474
vn -0.70710659 -0.70710701 -0.00000199
vn -0.70710069 -0.70711285 0.00000082
vn -0.70710659 -0.70710701 -0.00000199
vn -0.70709360 -0.70711994 0.00000474
vn -0.70713210 -0.70708144 0.00000547
vn 0.49999401 -0.49999982 -0.70711118
vn -0.00000615 0.00000749 -1.00000000
vn 0.49998763 -0.49998641 -0.70712513
vn 0.70711052 -0.70710301 0.00000586
vn 0.49998763 -0.49998641 -0.70712513
vn 0.70710260 -0.70711094 0.00000239
vn 0.70709997 0.70711362 0.00000013
vn 0.70711768 0.70709586 -0.00000266
vn 0.70712835 0.70708525 -0.00001809
vn 0.70710433 0.70710927 0.00000246
vn 0.70711768 0.70709586 -0.00000266
vn 0.70709997 0.70711362 0.00000013
vn 0.70710248 0.70711112 0.00000353
vn 0.70711225 0.70710129 -0.00000271
vn 0.70710433 0.70710927 0.00000246
vn 0.70710063 0.70711291 -0.00000402
vn 0.70710248 0.70711112 0.00000353
vn 0.70709044 0.70712316 0.00001980
vn 0.70711225 0.70710129 -0.00000271
vn 0.70710248 0.70711112 0.00000353
vn 0.70710063 0.70711291 -0.00000402
vn 0.49999961 -0.50000483 0.70710367
vn 0.70711052 -0.70710301 0.00000586
vn 0.70710260 -0.70711094 0.00000239
vn -0.00000550 0.00000659 1.00000000
vn 0.50001138 -0.50000018 0.70709866
vn 0.49999961 -0.50000483 0.70710367
vn -0.50000685 0.50001496 0.70709133
vn 0.00000690 -0.00000900 1.00000000
vn -0.00000550 0.00000659 1.00000000
vn -0.70710379 0.70710975 0.00000270
vn -0.50000083 0.49999484 0.70710993
vn -0.50000685 0.50001496 0.70709133
vn -0.49999097 0.49998519 -0.70712370
vn -0.70710379 0.70710975 0.00000270
vn -0.49999517 0.50000161 -0.70710915
vn 0.00000670 -0.00000832 -1.00000000
vn -0.49999517 0.50000161 -0.70710915
vn -0.00000615 0.00000749 -1.00000000
vn -0.70710331 -0.70711023 0.00000306
vn -0.70711315 -0.70710039 0.00000027
vn -0.70710230 -0.70711130 -0.00000115
vn 0.49999401 -0.49999982 -0.70711118
vn 0.00000670 -0.00000832 -1.00000000
vn -0.00000615 0.00000749 -1.00000000
vn 0.70711052 -0.70710301 0.00000586
vn 0.49999401 -0.49999982 -0.70711118
vn 0.49998763 -0.49998641 -0.70712513
vn 0.70711768 0.70709586 -0.00000266
vn 0.70710433 0.70710927 0.00000246
vn 0.70711225 0.70710129 -0.00000271
vn 0.49999961 -0.50000483 0.70710367
vn 0.50001138 -0.50000018 0.70709866
vn 0.70711052 -0.70710301 0.00000586
vn -0.00000550 0.00000659 1.00000000
vn 0.00000690 -0.00000900 1.00000000
vn 0.50001138 -0.50000018 0.70709866
vn -0.50000685 0.50001496 0.70709133
vn -0.50000083 0.49999484 0.70710993
vn 0.00000690 -0.00000900 1.00000000
vn -0.70710379 0.70710975 0.00000270
vn -0.70711720 0.70709634 -0.00000048
vn -0.50000083 0.49999484 0.70710993
vn -0.49999097 0.49998519 -0.70712370
vn -0.70711720 0.70709634 -0.00000048
vn -0.70710379 0.70710975 0.00000270
vn 0.00000670 -0.00000832 -1.00000000
vn -0.49999097 0.49998519 -0.70712370
vn -0.49999517 0.50000161 -0.70710915
vn 0.70711303 -0.70710051 -0.00000028
vn 0.70714837 -0.70706517 -0.00000519
vn 0.70710319 -0.70711035 0.00000251
vn 0.70710653 -0.70710707 -0.00000254
vn 0.70710057 -0.70711297 0.00000027
vn 0.70710218 -0.70711136 -0.00000170
vn 0.70710057 -0.70711297 0.00000027
vn 0.70711303 -0.70710051 -0.00000028
vn 0.70710218 -0.70711136 -0.00000170
vn 0.70709348 -0.70712006 0.00000419
vn 0.70710057 -0.70711297 0.00000027
vn 0.70710653 -0.70710707 -0.00000254
vn 0.70710653 -0.70710707 -0.00000254
vn 0.70713198 -0.70708156 0.00000491
vn 0.70709348 -0.70712006 0.00000419
vn -0.49999467 -0.49999967 -0.70711076
vn -0.49998829 -0.49998632 -0.70712471
vn 0.00000537 0.00000749 -1.00000000
vn -0.70711058 -0.70710295 0.00000640
vn -0.70710272 -0.70711082 0.00000294
vn -0.49998829 -0.49998632 -0.70712471
vn -0.70709985 0.70711374 0.00000068
vn -0.70712823 0.70708537 -0.00001754
vn -0.70711756 0.70709598 -0.00000211
vn -0.70710415 0.70710939 0.00000301
vn -0.70709985 0.70711374 0.00000068
vn -0.70711756 0.70709598 -0.00000211
vn -0.70710236 0.70711118 0.00000408
vn -0.70710415 0.70710939 0.00000301
vn -0.70711213 0.70710140 -0.00000216
vn -0.70710051 0.70711303 -0.00000347
vn -0.70709032 0.70712328 0.00002035
vn -0.70710236 0.70711118 0.00000408
vn -0.70711213 0.70710140 -0.00000216
vn -0.70710051 0.70711303 -0.00000347
vn -0.70710236 0.70711118 0.00000408
vn -0.49999911 -0.50000477 0.70710409
vn -0.70710272 -0.70711082 0.00000294
vn -0.70711058 -0.70710295 0.00000640
vn 0.00000628 0.00000659 1.00000000
vn -0.49999911 -0.50000477 0.70710409
vn -0.50001091 -0.50000012 0.70709908
vn 0.50000745 0.50001490 0.70709097
vn 0.00000628 0.00000659 1.00000000
vn -0.00000612 -0.00000900 1.00000000
vn 0.70710397 0.70710957 0.00000214
vn 0.50000745 0.50001490 0.70709097
vn 0.50000143 0.49999478 0.70710945
vn 0.49999049 0.49998504 -0.70712405
vn 0.49999467 0.50000149 -0.70710951
vn 0.70710397 0.70710957 0.00000214
vn -0.00000746 -0.00000832 -1.00000000
vn 0.00000537 0.00000749 -1.00000000
vn 0.49999467 0.50000149 -0.70710951
vn 0.70710319 -0.70711035 0.00000251
vn 0.70710218 -0.70711136 -0.00000170
vn 0.70711303 -0.70710051 -0.00000028
vn -0.49999467 -0.49999967 -0.70711076
vn 0.00000537 0.00000749 -1.00000000
vn -0.00000746 -0.00000832 -1.00000000
vn -0.70711058 -0.70710295 0.00000640
vn -0.49998829 -0.49998632 -0.70712471
vn -0.49999467 -0.49999967 -0.70711076
vn -0.70711756 0.70709598 -0.00000211
vn -0.70711213 0.70710140 -0.00000216
vn -0.70710415 0.70710939 0.00000301
vn -0.49999911 -0.50000477 0.70710409
vn -0.70711058 -0.70710295 0.00000640
vn -0.50001091 -0.50000012 0.70709908
vn 0.00000628 0.00000659 1.00000000
vn -0.50001091 -0.50000012 0.70709908
vn -0.00000612 -0.00000900 1.00000000
vn 0.50000745 0.50001490 0.70709097
vn -0.00000612 -0.00000900 1.00000000
vn 0.50000143 0.49999478 0.70710945
vn 0.70710397 0.70710957 0.00000214
vn 0.50000143 0.49999478 0.70710945
vn 0.70711732 0.70709622 -0.00000103
vn 0.49999049 0.49998504 -0.70712405
vn 0.70710397 0.70710957 0.00000214
vn 0.70711732 0.70709622 -0.00000103
vn -0.00000746 -0.00000832 -1.00000000
vn 0.49999467 0.50000149 -0.70710951
vn 0.49999049 0.49998504 -0.70712405
f 1329/7519/7519 1330/7520/7520 1331/7521/7521
f 1332/7522/7522 1333/7523/7523 1334/7524/7524
f 1333/7525/7525 1329/7526/7526 1334/7527/7527
f 1335/7528/7528 1333/7529/7529 1332/7530/7530
f 1332/7531/7531 1336/7532/7532 1335/7533/7533
f 1332/7534/7534 1337/7535/7535 1338/7536/7536
f 1334/7537/7537 1339/7538/7538 1337/7539/7539
f 1340/7540/7540 1341/7541/7541 1342/7542/7542
f 1339/7543/7543 1340/7544/7544 1342/7545/7545
f 1337/7546/7546 1339/7547/7547 1343/7548/7548
f 1344/7549/7549 1338/7550/7550 1337/7551/7551
f 1343/7552/7552 1344/7553/7553 1337/7554/7554
f 1340/7555/7555 1339/7556/7556 1334/7557/7557
f 1341/7558/7558 1340/7559/7559 1331/7560/7560
f 1342/7561/7561 1341/7562/7562 1330/7563/7563
f 1343/7564/7564 1342/7565/7565 1329/7566/7566
f 1335/7567/7567 1344/7568/7568 1343/7569/7569
f 1336/7570/7570 1338/7571/7571 1344/7572/7572
f 1331/7573/7573 1334/7574/7574 1329/7575/7575
f 1332/7576/7576 1338/7577/7577 1336/7578/7578
f 1334/7579/7579 1337/7580/7580 1332/7581/7581
f 1342/7582/7582 1343/7583/7583 1339/7584/7584
f 1340/7585/7585 1334/7586/7586 1331/7587/7587
f 1341/7588/7588 1331/7589/7589 1330/7590/7590
f 1342/7591/7591 1330/7592/7592 1329/7593/7593
f 1343/7594/7594 1329/7595/7595 1333/7596/7596
f 1335/7597/7597 1343/7598/7598 1333/7599/7599
f 1336/7600/7600 1344/7601/7601 1335/7602/7602
f 1345/7603/7603 1346/7604/7604 1347/7605/7605
f 1348/7606/7606 1349/7607/7607 1350/7608/7608
f 1350/7609/7609 1349/7610/7610 1345/7611/7611
f 1351/7612/7612 1348/7613/7613 1350/7614/7614
f 1348/7615/7615 1351/7616/7616 1352/7617/7617
f 1348/7618/7618 1353/7619/7619 1354/7620/7620
f 1349/7621/7621 1354/7622/7622 1355/7623/7623
f 1356/7624/7624 1357/7625/7625 1358/7626/7626
f 1355/7627/7627 1357/7628/7628 1356/7629/7629
f 1354/7630/7630 1359/7631/7631 1355/7632/7632
f 1360/7633/7633 1354/7634/7634 1353/7635/7635
f 1359/7636/7636 1354/7637/7637 1360/7638/7638
f 1356/7639/7639 1349/7640/7640 1355/7641/7641
f 1358/7642/7642 1346/7643/7643 1356/7644/7644
f 1357/7645/7645 1347/7646/7646 1358/7647/7647
f 1359/7648/7648 1345/7649/7649 1357/7650/7650
f 1351/7651/7651 1359/7652/7652 1360/7653/7653
f 1352/7654/7654 1360/7655/7655 1353/7656/7656
f 1346/7657/7657 1345/7658/7658 1349/7659/7659
f 1348/7660/7660 1352/7661/7661 1353/7662/7662
f 1349/7663/7663 1348/7664/7664 1354/7665/7665
f 1357/7666/7666 1355/7667/7667 1359/7668/7668
f 1356/7669/7669 1346/7670/7670 1349/7671/7671
f 1358/7672/7672 1347/7673/7673 1346/7674/7674
f 1357/7675/7675 1345/7676/7676 1347/7677/7677
f 1359/7678/7678 1350/7679/7679 1345/7680/7680
f 1351/7681/7681 1350/7682/7682 1359/7683/7683
f 1352/7684/7684 1351/7685/7685 1360/7686/7686
f 1361/7687/7687 1362/7688/7688 1363/7689/7689
f 1364/7690/7690 1365/7691/7691 1366/7692/7692
f 1366/7693/7693 1365/7694/7694 1361/7695/7695
f 1367/7696/7696 1364/7697/7697 1366/7698/7698
f 1364/7699/7699 1367/7700/7700 1368/7701/7701
f 1364/7702/7702 1369/7703/7703 1370/7704/7704
f 1365/7705/7705 1370/7706/7706 1371/7707/7707
f 1372/7708/7708 1373/7709/7709 1374/7710/7710
f 1371/7711/7711 1373/7712/7712 1372/7713/7713
f 1370/7714/7714 1375/7715/7715 1371/7716/7716
f 1376/7717/7717 1370/7718/7718 1369/7719/7719
f 1375/7720/7720 1370/7721/7721 1376/7722/7722
f 1372/7723/7723 1365/7724/7724 1371/7725/7725
f 1374/7726/7726 1362/7727/7727 1372/7728/7728
f 1373/7729/7729 1363/7730/7730 1374/7731/7731
f 1375/7732/7732 1361/7733/7733 1373/7734/7734
f 1367/7735/7735 1375/7736/7736 1376/7737/7737
f 1368/7738/7738 1376/7739/7739 1369/7740/7740
f 1362/7741/7741 1361/7742/7742 1365/7743/7743
f 1364/7744/7744 1368/7745/7745 1369/7746/7746
f 1365/7747/7747 1364/7748/7748 1370/7749/7749
f 1373/7750/7750 1371/7751/7751 1375/7752/7752
f 1372/7753/7753 1362/7754/7754 1365/7755/7755
f 1374/7756/7756 1363/7757/7757 1362/7758/7758
f 1373/7759/7759 1361/7760/7760 1363/7761/7761
f 1375/7762/7762 1366/7763/7763 1361/7764/7764
f 1367/7765/7765 1366/7766/7766 1375/7767/7767
f 1368/7768/7768 1367/7769/7769 1376/7770/7770
f 1377/7771/7771 1378/7772/7772 1379/7773/7773
f 1380/7774/7774 1381/7775/7775 1382/7776/7776
f 1381/7777/7777 1377/7778/7778 1382/7779/7779
f 1383/7780/7780 1381/7781/7781 1380/7782/7782
f 1380/7783/7783 1384/7784/7784 1383/7785/7785
f 1380/7786/7786 1385/7787/7787 1386/7788/7788
f 1382/7789/7789 1387/7790/7790 1385/7791/7791
f 1388/7792/7792 1389/7793/7793 1390/7794/7794
f 1387/7795/7795 1388/7796/7796 1390/7797/7797
f 1385/7798/7798 1387/7799/7799 1391/7800/7800
f 1392/7801/7801 1386/7802/7802 1385/7803/7803
f 1391/7804/7804 1392/7805/7805 1385/7806/7806
f 1388/7807/7807 1387/7808/7808 1382/7809/7809
f 1389/7810/7810 1388/7811/7811 1379/7812/7812
f 1390/7813/7813 1389/7814/7814 1378/7815/7815
f 1391/7816/7816 1390/7817/7817 1377/7818/7818
f 1383/7819/7819 1392/7820/7820 1391/7821/7821
f 1384/7822/7822 1386/7823/7823 1392/7824/7824
f 1379/7825/7825 1382/7826/7826 1377/7827/7827
f 1380/7828/7828 1386/7829/7829 1384/7830/7830
f 1382/7831/7831 1385/7832/7832 1380/7833/7833
f 1390/7834/7834 1391/7835/7835 1387/7836/7836
f 1388/7837/7837 1382/7838/7838 1379/7839/7839
f 1389/7840/7840 1379/7841/7841 1378/7842/7842
f 1390/7843/7843 1378/7844/7844 1377/7845/7845
f 1391/7846/7846 1377/7847/7847 1381/7848/7848
f 1383/7849/7849 1391/7850/7850 1381/7851/7851
f 1384/7852/7852 1392/7853/7853 1383/7854/7854
g booster_plane_001
v 0.63664848 0.67762494 -3.98785925
v 0.41981864 0.46079493 -3.68508029
v 0.42015398 0.46245408 -3.68208003
v 0.20298874 0.24396503 -3.38230085
v 0.42386705 0.45674658 -3.68508029
v 0.42552611 0.45708203 -3.68208003
v 0.64069688 0.67357635 -3.98785925
v 0.69332236 0.73894620 -3.91766882
v 0.64437860 0.69000220 -3.98776960
v 0.42247292 0.46809673 -3.67415309
v 0.64198148 0.68577814 -3.98899508
v 0.42110005 0.46489692 -3.67836070
v 0.63930780 0.68160796 -3.98902559
v 0.70201808 0.73025036 -3.91766882
v 0.47878689 0.50701928 -3.60595083
v 0.43116871 0.45940089 -3.67415309
v 0.42796883 0.45802808 -3.67836070
v 0.64885026 0.67890954 -3.98899508
v 0.64467996 0.67623591 -3.98902559
v 0.20708744 0.23714662 -3.36772633
v 0.20637235 0.23792815 -3.37513447
v 0.20926310 0.23749530 -3.36053562
v 0.25555569 0.28378797 -3.29423285
v 0.20100023 0.24330032 -3.37513399
v 0.20021865 0.24401546 -3.36772585
v 0.47009116 0.51571488 -3.60595083
v 0.20056735 0.24619102 -3.36053562
v 0.28102663 0.30925894 -3.25775146
v 0.26134282 0.28957510 -3.23026514
v 0.23587185 0.26410413 -3.26674652
v 0.27233094 0.31795454 -3.25775146
v 0.24685991 0.29248357 -3.29423285
v 0.22717610 0.27279973 -3.26674652
v 0.20703720 0.23991656 -3.38230085
v 0.65307438 0.68130660 -3.98776960
v 0.71473128 0.76035500 -3.88700628
v 0.72407997 0.75231218 -3.87925100
v 0.71538424 0.76100802 -3.87925100
v 0.71467936 0.76030302 -3.87544298
v 0.72409773 0.75233006 -3.88318586
v 0.71540195 0.76102567 -3.88318586
v 0.23544887 0.28107262 -3.23041964
v 0.22706701 0.27269077 -3.24242449
v 0.23576277 0.26399493 -3.24242449
v 0.24696568 0.29258943 -3.22827053
v 0.25566146 0.28389359 -3.22827053
v 0.24111193 0.28673553 -3.22832251
v 0.24980766 0.27803993 -3.22832251
v 0.24414462 0.27237678 -3.23041964
v 0.23435217 0.26258445 -3.25045919
v 0.23438926 0.26262140 -3.25873756
v 0.22565642 0.27128005 -3.25045919
v 0.22569349 0.27131724 -3.25873756
v 0.25264710 0.29827070 -3.23026514
v 0.72337526 0.75160742 -3.87544298
v 0.72342700 0.75165939 -3.88700628
v -0.63665158 0.67762494 -3.98785853
v -0.42015690 0.46245432 -3.68207979
v -0.41982156 0.46079516 -3.68508005
v -0.20299146 0.24396503 -3.38230085
v -0.42386997 0.45674658 -3.68508005
v -0.42552903 0.45708227 -3.68207979
v -0.64069998 0.67357659 -3.98785853
v -0.69332534 0.73894620 -3.91766810
v -0.42247579 0.46809673 -3.67415285
v -0.64438170 0.69000244 -3.98776889
v -0.64198458 0.68577838 -3.98899436
v -0.42110297 0.46489692 -3.67836046
v -0.63931090 0.68160820 -3.98902488
v -0.70202106 0.73025060 -3.91766810
v -0.43117163 0.45940089 -3.67415285
v -0.47878969 0.50701928 -3.60595059
v -0.64885336 0.67890954 -3.98899436
v -0.42797175 0.45802808 -3.67836046
v -0.64468306 0.67623615 -3.98902488
v -0.20637506 0.23792827 -3.37513423
v -0.20709012 0.23714662 -3.36772609
v -0.20926578 0.23749542 -3.36053562
v -0.25555831 0.28378797 -3.29423285
v -0.20100291 0.24330032 -3.37513399
v -0.20022133 0.24401546 -3.36772585
v -0.47009397 0.51571512 -3.60595059
v -0.20057003 0.24619114 -3.36053562
v -0.28102925 0.30925894 -3.25775123
v -0.23587447 0.26410413 -3.26674628
v -0.26134539 0.28957510 -3.23026514
v -0.27233350 0.31795478 -3.25775123
v -0.22717869 0.27279973 -3.26674628
v -0.24686253 0.29248381 -3.29423285
v -0.20703991 0.23991668 -3.38230085
v -0.65307748 0.68130660 -3.98776889
v -0.71473426 0.76035523 -3.88700557
v -0.72408295 0.75231242 -3.87925029
v -0.71468234 0.76030326 -3.87544227
v -0.71538723 0.76100802 -3.87925029
v -0.72410071 0.75233006 -3.88318515
v -0.71540493 0.76102591 -3.88318515
v -0.23545143 0.28107262 -3.23041940
v -0.23576537 0.26399493 -3.24242449
v -0.22706960 0.27269077 -3.24242449
v -0.24696824 0.29258943 -3.22827029
v -0.25566402 0.28389359 -3.22827053
v -0.24111450 0.28673553 -3.22832251
v -0.24981022 0.27803993 -3.22832251
v -0.24414721 0.27237678 -3.23041940
v -0.23435476 0.26258445 -3.25045919
v -0.23439185 0.26262140 -3.25873756
v -0.22565901 0.27128005 -3.25045919
v -0.22569609 0.27131724 -3.25873756
v -0.25264966 0.29827094 -3.23026514
v -0.72337824 0.75160742 -3.87544227
v -0.72342998 0.75165939 -3.88700557
v 0.63664836 -0.60377097 -3.98785949
v 0.42015392 -0.38860011 -3.68208003
v 0.41981858 -0.38694084 -3.68508005
v 0.20298871 -0.17011082 -3.38230085
v 0.42386699 -0.38289249 -3.68508005
v 0.42552605 -0.38322794 -3.68208003
v 0.64069676 -0.59972250 -3.98785949
v 0.69332224 -0.66509223 -3.91766906
v 0.42247283 -0.39424264 -3.67415309
v 0.64437848 -0.61614835 -3.98776984
v 0.64198136 -0.61192429 -3.98899531
v 0.42109999 -0.39104271 -3.67836046
v 0.63930768 -0.60775411 -3.98902583
v 0.70201796 -0.65639651 -3.91766906
v 0.43116865 -0.38554680 -3.67415309
v 0.47878680 -0.43316495 -3.60595083
v 0.64885014 -0.60505557 -3.98899531
v 0.42796877 -0.38417399 -3.67836046
v 0.64467984 -0.60238206 -3.98902583
v 0.20637232 -0.16407394 -3.37513423
v 0.20708740 -0.16329241 -3.36772609
v 0.20926307 -0.16364110 -3.36053586
v 0.25555563 -0.20993364 -3.29423308
v 0.20100018 -0.16944611 -3.37513423
v 0.20021860 -0.17016113 -3.36772609
v 0.47009107 -0.44186080 -3.60595083
v 0.20056731 -0.17233682 -3.36053586
v 0.28102660 -0.23540461 -3.25775146
v 0.23587182 -0.19024980 -3.26674652
v 0.26134276 -0.21572077 -3.23026514
v 0.27233088 -0.24410033 -3.25775146
v 0.22717606 -0.19894552 -3.26674652
v 0.24685986 -0.21862936 -3.29423308
v 0.20703717 -0.16606236 -3.38230085
v 0.65307426 -0.60745263 -3.98776984
v 0.71473116 -0.68650115 -3.88700652
v 0.72407985 -0.67845833 -3.87925124
v 0.71467924 -0.68644917 -3.87544322
v 0.71538413 -0.68715405 -3.87925124
v 0.72409761 -0.67847610 -3.88318610
v 0.71540183 -0.68717182 -3.88318610
v 0.23544882 -0.20721829 -3.23041964
v 0.23576273 -0.19014072 -3.24242449
v 0.22706696 -0.19883645 -3.24242449
v 0.24696563 -0.21873510 -3.22827053
v 0.25566140 -0.21003938 -3.22827053
v 0.24111189 -0.21288133 -3.22832274
v 0.24980761 -0.20418561 -3.22832274
v 0.24414459 -0.19852257 -3.23041964
v 0.23435213 -0.18873012 -3.25045919
v 0.23438922 -0.18876719 -3.25873780
v 0.22565638 -0.19742584 -3.25045919
v 0.22569345 -0.19746292 -3.25873780
v 0.25264704 -0.22441649 -3.23026514
v 0.72337514 -0.67775345 -3.87544322
v 0.72342688 -0.67780542 -3.88700652
v -0.63665169 -0.60377085 -3.98785877
v -0.41982162 -0.38694084 -3.68507981
v -0.42015696 -0.38859999 -3.68207979
v -0.20299149 -0.17011082 -3.38230085
v -0.42387003 -0.38289237 -3.68507981
v -0.42552909 -0.38322783 -3.68207979
v -0.64070010 -0.59972239 -3.98785877
v -0.69332546 -0.66509211 -3.91766834
v -0.64438182 -0.61614823 -3.98776913
v -0.42247587 -0.39424253 -3.67415285
v -0.64198470 -0.61192417 -3.98899460
v -0.42110303 -0.39104271 -3.67836022
v -0.63931102 -0.60775399 -3.98902512
v -0.70202118 -0.65639639 -3.91766834
v -0.47878978 -0.43316495 -3.60595059
v -0.43117169 -0.38554680 -3.67415285
v -0.42797181 -0.38417387 -3.67836022
v -0.64885348 -0.60505545 -3.98899460
v -0.64468318 -0.60238194 -3.98902512
v -0.20709017 -0.16329229 -3.36772585
v -0.20637509 -0.16407394 -3.37513399
v -0.20926581 -0.16364110 -3.36053562
v -0.25555837 -0.20993352 -3.29423285
v -0.20100296 -0.16944611 -3.37513399
v -0.20022137 -0.17016113 -3.36772585
v -0.47009405 -0.44186080 -3.60595059
v -0.20057008 -0.17233682 -3.36053562
v -0.28102928 -0.23540449 -3.25775146
v -0.26134545 -0.21572065 -3.23026514
v -0.23587450 -0.19024968 -3.26674652
v -0.27233356 -0.24410021 -3.25775146
v -0.24686258 -0.21862936 -3.29423285
v -0.22717874 -0.19894552 -3.26674652
v -0.20703994 -0.16606236 -3.38230085
v -0.65307760 -0.60745251 -3.98776913
v -0.71473438 -0.68650103 -3.88700581
v -0.72408307 -0.67845821 -3.87925053
v -0.71538734 -0.68715394 -3.87925053
v -0.71468246 -0.68644905 -3.87544250
v -0.72410083 -0.67847598 -3.88318539
v -0.71540505 -0.68717170 -3.88318539
v -0.23545147 -0.20721829 -3.23041964
v -0.22706965 -0.19883645 -3.24242449
v -0.23576541 -0.19014060 -3.24242449
v -0.24696828 -0.21873510 -3.22827053
v -0.25566408 -0.21003926 -3.22827053
v -0.24111454 -0.21288133 -3.22832251
v -0.24981026 -0.20418549 -3.22832251
v -0.24414724 -0.19852257 -3.23041964
v -0.23435481 -0.18873000 -3.25045919
v -0.23439190 -0.18876708 -3.25873756
v -0.22565906 -0.19742584 -3.25045919
v -0.22569613 -0.19746292 -3.25873756
v -0.25264972 -0.22441649 -3.23026514
v -0.72337836 -0.67775333 -3.87544250
v -0.72343010 -0.67780530 -3.88700581
vt 0.67757213 0.49181724
vt 0.67872202 0.27074188
vt 0.68262398 0.26945466
vt 0.90823925 0.97074378
vt 0.90706396 0.77353030
vt 0.91050607 0.77352422
vt 0.58501637 0.23773739
vt 0.58111423 0.23645015
vt 0.57996434 0.01537521
vt 0.74165893 0.50399989
vt 0.68943834 0.50404501
vt 0.69070596 0.26818049
vt 0.68538082 0.50173837
vt 0.68663216 0.26865992
vt 0.69070596 0.26818049
vt 0.68140876 0.49792108
vt 0.68262398 0.26945466
vt 0.68663216 0.26865992
vt 0.64405107 0.00319242
vt 0.64404452 0.23896767
vt 0.59309816 0.23901181
vt 0.59309816 0.23901181
vt 0.58902436 0.23853183
vt 0.58777291 0.00545366
vt 0.58902436 0.23853183
vt 0.58501637 0.23773739
vt 0.58380091 0.00927080
vt 0.58902436 0.23853183
vt 0.59069496 0.47184539
vt 0.58667219 0.46792677
vt 0.59309816 0.23901181
vt 0.59476864 0.47421187
vt 0.59069496 0.47184539
vt 0.64404452 0.23896767
vt 0.64411032 0.47420380
vt 0.59476864 0.47421187
vt 0.68663216 0.26865992
vt 0.68262398 0.26945466
vt 0.68427986 0.03926554
vt 0.69070596 0.26818049
vt 0.68663216 0.26865992
vt 0.68830252 0.03534665
vt 0.74165231 0.26822421
vt 0.69070596 0.26818049
vt 0.69237614 0.03298016
vt 0.67127645 0.47420114
vt 0.67127824 0.49493027
vt 0.64411229 0.49493265
vt 0.76888406 0.03299088
vt 0.74171817 0.03298852
vt 0.74172008 0.01225925
vt 0.83811146 0.50297129
vt 0.78729951 0.50297129
vt 0.78729934 0.49626511
vt 0.77921975 0.49754670
vt 0.77921975 0.50168973
vt 0.77517974 0.50117934
vt 0.78325951 0.50226694
vt 0.77921975 0.50168973
vt 0.77921975 0.49754670
vt 0.78729951 0.50297129
vt 0.78325951 0.50226694
vt 0.78325951 0.49696949
vt 0.58501637 0.23773739
vt 0.58667219 0.46792677
vt 0.58273184 0.46155968
vt 0.90988648 0.57340115
vt 0.90932912 0.57631195
vt 0.90588683 0.57631803
vt 0.90467745 0.57050121
vt 0.91051751 0.57049036
vt 0.90988648 0.57340115
vt 0.90389550 0.56759268
vt 0.91128910 0.56757933
vt 0.91051751 0.57049036
vt 0.91118246 0.50835001
vt 0.90378886 0.50836343
vt 0.90374225 0.48245558
vt 0.91112733 0.47770995
vt 0.90373361 0.47772330
vt 0.90372956 0.47535682
vt 0.91113168 0.48007587
vt 0.90373796 0.48008910
vt 0.90373361 0.47772330
vt 0.90374225 0.48245558
vt 0.90373796 0.48008910
vt 0.91113168 0.48007587
vt 0.90421832 0.01330342
vt 0.90419996 0.00316026
vt 0.91159356 0.00314690
vt 0.90423614 0.02325810
vt 0.91162986 0.02324487
vt 0.91163880 0.02822214
vt 0.90422726 0.01828083
vt 0.91162086 0.01826747
vt 0.91162986 0.02324487
vt 0.90421832 0.01330342
vt 0.91161180 0.01329006
vt 0.91162086 0.01826747
vt 0.84703547 0.63019264
vt 0.84703547 0.62567812
vt 0.85374159 0.62567812
vt 0.84703559 0.63470691
vt 0.84703547 0.63019264
vt 0.85374171 0.63019264
vt 0.84703559 0.63922149
vt 0.84703559 0.63470691
vt 0.85374171 0.63470691
vt 0.91168123 0.05174205
vt 0.90428752 0.05175542
vt 0.90424520 0.02823551
vt 0.84703547 0.66055489
vt 0.84703559 0.63922149
vt 0.85374171 0.63922149
vt 0.67127645 0.47420114
vt 0.64411032 0.47420380
vt 0.64404452 0.23896767
vt 0.67127824 0.00753853
vt 0.67127645 0.47420114
vt 0.64404452 0.23896767
vt 0.66873389 0.00426276
vt 0.67021126 0.00574070
vt 0.67127824 0.00753853
vt 0.66693646 0.00319534
vt 0.66873389 0.00426276
vt 0.67127824 0.00753853
vt 0.64405107 0.00319242
vt 0.66693646 0.00319534
vt 0.67127824 0.00753853
vt 0.91112316 0.47534347
vt 0.90372956 0.47535682
vt 0.90428752 0.05175542
vt 0.90706396 0.77353030
vt 0.90588683 0.57631803
vt 0.90932912 0.57631195
vt 0.76454425 0.50399625
vt 0.74165893 0.50399989
vt 0.76888603 0.49965307
vt 0.76781917 0.50145108
vt 0.76634163 0.50292885
vt 0.76454425 0.50399625
vt 0.74165231 0.26822421
vt 0.76888603 0.49965307
vt 0.74165893 0.50399989
vt 0.76888603 0.49965307
vt 0.76781917 0.50145108
vt 0.76454425 0.50399625
vt 0.76888406 0.03299088
vt 0.76888603 0.49965307
vt 0.74165231 0.26822421
vt 0.68262398 0.26945466
vt 0.67872202 0.27074188
vt 0.68033946 0.04563235
vt 0.90389550 0.56759268
vt 0.90378886 0.50836343
vt 0.91118246 0.50835001
vt 0.67757213 0.49181724
vt 0.68262398 0.26945466
vt 0.68140876 0.49792108
vt 0.90823925 0.97074378
vt 0.91050607 0.77352422
vt 0.91168123 0.97073793
vt 0.58501637 0.23773739
vt 0.57996434 0.01537521
vt 0.58380091 0.00927080
vt 0.74165893 0.50399989
vt 0.69070596 0.26818049
vt 0.74165231 0.26822421
vt 0.68538082 0.50173837
vt 0.69070596 0.26818049
vt 0.68943834 0.50404501
vt 0.68140876 0.49792108
vt 0.68663216 0.26865992
vt 0.68538082 0.50173837
vt 0.64405107 0.00319242
vt 0.59309816 0.23901181
vt 0.59183043 0.00314690
vt 0.59309816 0.23901181
vt 0.58777291 0.00545366
vt 0.59183043 0.00314690
vt 0.58902436 0.23853183
vt 0.58380091 0.00927080
vt 0.58777291 0.00545366
vt 0.58902436 0.23853183
vt 0.58667219 0.46792677
vt 0.58501637 0.23773739
vt 0.59309816 0.23901181
vt 0.59069496 0.47184539
vt 0.58902436 0.23853183
vt 0.64404452 0.23896767
vt 0.59476864 0.47421187
vt 0.59309816 0.23901181
vt 0.68663216 0.26865992
vt 0.68427986 0.03926554
vt 0.68830252 0.03534665
vt 0.69070596 0.26818049
vt 0.68830252 0.03534665
vt 0.69237614 0.03298016
vt 0.74165231 0.26822421
vt 0.69237614 0.03298016
vt 0.74171817 0.03298852
vt 0.64635181 0.49870467
vt 0.64411229 0.49493265
vt 0.66903943 0.49870259
vt 0.64945388 0.50180614
vt 0.64635181 0.49870467
vt 0.66593796 0.50180465
vt 0.65322632 0.50404513
vt 0.64945388 0.50180614
vt 0.66216594 0.50404418
vt 0.64635181 0.49870467
vt 0.66903943 0.49870259
vt 0.66593796 0.50180465
vt 0.64411229 0.49493265
vt 0.67127824 0.49493027
vt 0.66903943 0.49870259
vt 0.67127645 0.47420114
vt 0.64411229 0.49493265
vt 0.64411032 0.47420380
vt 0.76664722 0.00848944
vt 0.76888603 0.01226161
vt 0.74395949 0.00848721
vt 0.76354557 0.00538698
vt 0.76664722 0.00848944
vt 0.74706155 0.00538573
vt 0.75977355 0.00314746
vt 0.76354557 0.00538698
vt 0.75083393 0.00314690
vt 0.76664722 0.00848944
vt 0.74395949 0.00848721
vt 0.74706155 0.00538573
vt 0.76888603 0.01226161
vt 0.74172008 0.01225925
vt 0.74395949 0.00848721
vt 0.76888406 0.03299088
vt 0.74172008 0.01225925
vt 0.76888603 0.01226161
vt 0.83811146 0.50297129
vt 0.78729934 0.49626511
vt 0.83811146 0.49626526
vt 0.77921975 0.49754670
vt 0.77517974 0.50117934
vt 0.77517974 0.49805716
vt 0.78325951 0.50226694
vt 0.77921975 0.49754670
vt 0.78325951 0.49696949
vt 0.78729951 0.50297129
vt 0.78325951 0.49696949
vt 0.78729934 0.49626511
vt 0.58501637 0.23773739
vt 0.58273184 0.46155968
vt 0.58111423 0.23645015
vt 0.90988648 0.57340115
vt 0.90588683 0.57631803
vt 0.90531874 0.57340950
vt 0.90467745 0.57050121
vt 0.90988648 0.57340115
vt 0.90531874 0.57340950
vt 0.90389550 0.56759268
vt 0.91051751 0.57049036
vt 0.90467745 0.57050121
vt 0.91118246 0.50835001
vt 0.90374225 0.48245558
vt 0.91113597 0.48244235
vt 0.91112733 0.47770995
vt 0.90372956 0.47535682
vt 0.91112316 0.47534347
vt 0.91113168 0.48007587
vt 0.90373361 0.47772330
vt 0.91112733 0.47770995
vt 0.90374225 0.48245558
vt 0.91113168 0.48007587
vt 0.91113597 0.48244235
vt 0.90421832 0.01330342
vt 0.91159356 0.00314690
vt 0.91161180 0.01329006
vt 0.90423614 0.02325810
vt 0.91163880 0.02822214
vt 0.90424520 0.02823551
vt 0.90422726 0.01828083
vt 0.91162986 0.02324487
vt 0.90423614 0.02325810
vt 0.90421832 0.01330342
vt 0.91162086 0.01826747
vt 0.90422726 0.01828083
vt 0.84703547 0.63019264
vt 0.85374159 0.62567812
vt 0.85374171 0.63019264
vt 0.84703559 0.63470691
vt 0.85374171 0.63019264
vt 0.85374171 0.63470691
vt 0.84703559 0.63922149
vt 0.85374171 0.63470691
vt 0.85374171 0.63922149
vt 0.91168123 0.05174205
vt 0.90424520 0.02823551
vt 0.91163880 0.02822214
vt 0.84703547 0.66055489
vt 0.85374171 0.63922149
vt 0.85374171 0.66055477
vt 0.64404452 0.23896767
vt 0.64405107 0.00319242
vt 0.67127824 0.00753853
vt 0.91112316 0.47534347
vt 0.90428752 0.05175542
vt 0.91168123 0.05174205
vt 0.76354557 0.00538698
vt 0.74706155 0.00538573
vt 0.75083393 0.00314690
vt 0.64945388 0.50180614
vt 0.66593796 0.50180465
vt 0.66216594 0.50404418
vt 0.90706396 0.77353030
vt 0.90932912 0.57631195
vt 0.91050607 0.77352422
vt 0.74165231 0.26822421
vt 0.74171817 0.03298852
vt 0.76888406 0.03299088
vt 0.68262398 0.26945466
vt 0.68033946 0.04563235
vt 0.68427986 0.03926554
vt 0.90389550 0.56759268
vt 0.91118246 0.50835001
vt 0.91128910 0.56757933
vt 0.67757213 0.49181724
vt 0.68262398 0.26945466
vt 0.67872202 0.27074188
vt 0.90823925 0.97074378
vt 0.91050607 0.77352422
vt 0.90706396 0.77353030
vt 0.58501637 0.23773739
vt 0.57996434 0.01537521
vt 0.58111423 0.23645015
vt 0.74165893 0.50399989
vt 0.69070596 0.26818049
vt 0.68943834 0.50404501
vt 0.68538082 0.50173837
vt 0.69070596 0.26818049
vt 0.68663216 0.26865992
vt 0.68140876 0.49792108
vt 0.68663216 0.26865992
vt 0.68262398 0.26945466
vt 0.64405107 0.00319242
vt 0.59309816 0.23901181
vt 0.64404452 0.23896767
vt 0.59309816 0.23901181
vt 0.58777291 0.00545366
vt 0.58902436 0.23853183
vt 0.58902436 0.23853183
vt 0.58380091 0.00927080
vt 0.58501637 0.23773739
vt 0.58902436 0.23853183
vt 0.58667219 0.46792677
vt 0.59069496 0.47184539
vt 0.59309816 0.23901181
vt 0.59069496 0.47184539
vt 0.59476864 0.47421187
vt 0.64404452 0.23896767
vt 0.59476864 0.47421187
vt 0.64411032 0.47420380
vt 0.68663216 0.26865992
vt 0.68427986 0.03926554
vt 0.68262398 0.26945466
vt 0.69070596 0.26818049
vt 0.68830252 0.03534665
vt 0.68663216 0.26865992
vt 0.74165231 0.26822421
vt 0.69237614 0.03298016
vt 0.69070596 0.26818049
vt 0.67127645 0.47420114
vt 0.64411229 0.49493265
vt 0.67127824 0.49493027
vt 0.76888406 0.03299088
vt 0.74172008 0.01225925
vt 0.74171817 0.03298852
vt 0.83811146 0.50297129
vt 0.78729934 0.49626511
vt 0.78729951 0.50297129
vt 0.77921975 0.49754670
vt 0.77517974 0.50117934
vt 0.77921975 0.50168973
vt 0.78325951 0.50226694
vt 0.77921975 0.49754670
vt 0.77921975 0.50168973
vt 0.78729951 0.50297129
vt 0.78325951 0.49696949
vt 0.78325951 0.50226694
vt 0.58501637 0.23773739
vt 0.58273184 0.46155968
vt 0.58667219 0.46792677
vt 0.90988648 0.57340115
vt 0.90588683 0.57631803
vt 0.90932912 0.57631195
vt 0.90467745 0.57050121
vt 0.90988648 0.57340115
vt 0.91051751 0.57049036
vt 0.90389550 0.56759268
vt 0.91051751 0.57049036
vt 0.91128910 0.56757933
vt 0.91118246 0.50835001
vt 0.90374225 0.48245558
vt 0.90378886 0.50836343
vt 0.91112733 0.47770995
vt 0.90372956 0.47535682
vt 0.90373361 0.47772330
vt 0.91113168 0.48007587
vt 0.90373361 0.47772330
vt 0.90373796 0.48008910
vt 0.90374225 0.48245558
vt 0.91113168 0.48007587
vt 0.90373796 0.48008910
vt 0.90421832 0.01330342
vt 0.91159356 0.00314690
vt 0.90419996 0.00316026
vt 0.90423614 0.02325810
vt 0.91163880 0.02822214
vt 0.91162986 0.02324487
vt 0.90422726 0.01828083
vt 0.91162986 0.02324487
vt 0.91162086 0.01826747
vt 0.90421832 0.01330342
vt 0.91162086 0.01826747
vt 0.91161180 0.01329006
vt 0.84703547 0.63019264
vt 0.85374159 0.62567812
vt 0.84703547 0.62567812
vt 0.84703559 0.63470691
vt 0.85374171 0.63019264
vt 0.84703547 0.63019264
vt 0.84703559 0.63922149
vt 0.85374171 0.63470691
vt 0.84703559 0.63470691
vt 0.91168123 0.05174205
vt 0.90424520 0.02823551
vt 0.90428752 0.05175542
vt 0.84703547 0.66055489
vt 0.85374171 0.63922149
vt 0.84703559 0.63922149
vt 0.67127645 0.47420114
vt 0.64404452 0.23896767
vt 0.64411032 0.47420380
vt 0.67127824 0.00753853
vt 0.64404452 0.23896767
vt 0.67127645 0.47420114
vt 0.66873389 0.00426276
vt 0.67127824 0.00753853
vt 0.67021126 0.00574070
vt 0.66693646 0.00319534
vt 0.67127824 0.00753853
vt 0.66873389 0.00426276
vt 0.64405107 0.00319242
vt 0.67127824 0.00753853
vt 0.66693646 0.00319534
vt 0.91112316 0.47534347
vt 0.90428752 0.05175542
vt 0.90372956 0.47535682
vt 0.90706396 0.77353030
vt 0.90932912 0.57631195
vt 0.90588683 0.57631803
vt 0.76454425 0.50399625
vt 0.76888603 0.49965307
vt 0.74165893 0.50399989
vt 0.76781917 0.50145108
vt 0.76454425 0.50399625
vt 0.76634163 0.50292885
vt 0.74165231 0.26822421
vt 0.74165893 0.50399989
vt 0.76888603 0.49965307
vt 0.76888603 0.49965307
vt 0.76454425 0.50399625
vt 0.76781917 0.50145108
vt 0.76888406 0.03299088
vt 0.74165231 0.26822421
vt 0.76888603 0.49965307
vt 0.68262398 0.26945466
vt 0.68033946 0.04563235
vt 0.67872202 0.27074188
vt 0.90389550 0.56759268
vt 0.91118246 0.50835001
vt 0.90378886 0.50836343
vt 0.67757213 0.49181724
vt 0.68140876 0.49792108
vt 0.68262398 0.26945466
vt 0.90823925 0.97074378
vt 0.91168123 0.97073793
vt 0.91050607 0.77352422
vt 0.58501637 0.23773739
vt 0.58380091 0.00927080
vt 0.57996434 0.01537521
vt 0.74165893 0.50399989
vt 0.74165231 0.26822421
vt 0.69070596 0.26818049
vt 0.68538082 0.50173837
vt 0.68943834 0.50404501
vt 0.69070596 0.26818049
vt 0.68140876 0.49792108
vt 0.68538082 0.50173837
vt 0.68663216 0.26865992
vt 0.64405107 0.00319242
vt 0.59183043 0.00314690
vt 0.59309816 0.23901181
vt 0.59309816 0.23901181
vt 0.59183043 0.00314690
vt 0.58777291 0.00545366
vt 0.58902436 0.23853183
vt 0.58777291 0.00545366
vt 0.58380091 0.00927080
vt 0.58902436 0.23853183
vt 0.58501637 0.23773739
vt 0.58667219 0.46792677
vt 0.59309816 0.23901181
vt 0.58902436 0.23853183
vt 0.59069496 0.47184539
vt 0.64404452 0.23896767
vt 0.59309816 0.23901181
vt 0.59476864 0.47421187
vt 0.68663216 0.26865992
vt 0.68830252 0.03534665
vt 0.68427986 0.03926554
vt 0.69070596 0.26818049
vt 0.69237614 0.03298016
vt 0.68830252 0.03534665
vt 0.74165231 0.26822421
vt 0.74171817 0.03298852
vt 0.69237614 0.03298016
vt 0.64635181 0.49870467
vt 0.66903943 0.49870259
vt 0.64411229 0.49493265
vt 0.64945388 0.50180614
vt 0.66593796 0.50180465
vt 0.64635181 0.49870467
vt 0.65322632 0.50404513
vt 0.66216594 0.50404418
vt 0.64945388 0.50180614
vt 0.64635181 0.49870467
vt 0.66593796 0.50180465
vt 0.66903943 0.49870259
vt 0.64411229 0.49493265
vt 0.66903943 0.49870259
vt 0.67127824 0.49493027
vt 0.67127645 0.47420114
vt 0.64411032 0.47420380
vt 0.64411229 0.49493265
vt 0.76664722 0.00848944
vt 0.74395949 0.00848721
vt 0.76888603 0.01226161
vt 0.76354557 0.00538698
vt 0.74706155 0.00538573
vt 0.76664722 0.00848944
vt 0.75977355 0.00314746
vt 0.75083393 0.00314690
vt 0.76354557 0.00538698
vt 0.76664722 0.00848944
vt 0.74706155 0.00538573
vt 0.74395949 0.00848721
vt 0.76888603 0.01226161
vt 0.74395949 0.00848721
vt 0.74172008 0.01225925
vt 0.76888406 0.03299088
vt 0.76888603 0.01226161
vt 0.74172008 0.01225925
vt 0.83811146 0.50297129
vt 0.83811146 0.49626526
vt 0.78729934 0.49626511
vt 0.77921975 0.49754670
vt 0.77517974 0.49805716
vt 0.77517974 0.50117934
vt 0.78325951 0.50226694
vt 0.78325951 0.49696949
vt 0.77921975 0.49754670
vt 0.78729951 0.50297129
vt 0.78729934 0.49626511
vt 0.78325951 0.49696949
vt 0.58501637 0.23773739
vt 0.58111423 0.23645015
vt 0.58273184 0.46155968
vt 0.90988648 0.57340115
vt 0.90531874 0.57340950
vt 0.90588683 0.57631803
vt 0.90467745 0.57050121
vt 0.90531874 0.57340950
vt 0.90988648 0.57340115
vt 0.90389550 0.56759268
vt 0.90467745 0.57050121
vt 0.91051751 0.57049036
vt 0.91118246 0.50835001
vt 0.91113597 0.48244235
vt 0.90374225 0.48245558
vt 0.91112733 0.47770995
vt 0.91112316 0.47534347
vt 0.90372956 0.47535682
vt 0.91113168 0.48007587
vt 0.91112733 0.47770995
vt 0.90373361 0.47772330
vt 0.90374225 0.48245558
vt 0.91113597 0.48244235
vt 0.91113168 0.48007587
vt 0.90421832 0.01330342
vt 0.91161180 0.01329006
vt 0.91159356 0.00314690
vt 0.90423614 0.02325810
vt 0.90424520 0.02823551
vt 0.91163880 0.02822214
vt 0.90422726 0.01828083
vt 0.90423614 0.02325810
vt 0.91162986 0.02324487
vt 0.90421832 0.01330342
vt 0.90422726 0.01828083
vt 0.91162086 0.01826747
vt 0.84703547 0.63019264
vt 0.85374171 0.63019264
vt 0.85374159 0.62567812
vt 0.84703559 0.63470691
vt 0.85374171 0.63470691
vt 0.85374171 0.63019264
vt 0.84703559 0.63922149
vt 0.85374171 0.63922149
vt 0.85374171 0.63470691
vt 0.91168123 0.05174205
vt 0.91163880 0.02822214
vt 0.90424520 0.02823551
vt 0.84703547 0.66055489
vt 0.85374171 0.66055477
vt 0.85374171 0.63922149
vt 0.64404452 0.23896767
vt 0.67127824 0.00753853
vt 0.64405107 0.00319242
vt 0.91112316 0.47534347
vt 0.91168123 0.05174205
vt 0.90428752 0.05175542
vt 0.76354557 0.00538698
vt 0.75083393 0.00314690
vt 0.74706155 0.00538573
vt 0.64945388 0.50180614
vt 0.66216594 0.50404418
vt 0.66593796 0.50180465
vt 0.90706396 0.77353030
vt 0.91050607 0.77352422
vt 0.90932912 0.57631195
vt 0.74165231 0.26822421
vt 0.76888406 0.03299088
vt 0.74171817 0.03298852
vt 0.68262398 0.26945466
vt 0.68427986 0.03926554
vt 0.68033946 0.04563235
vt 0.90389550 0.56759268
vt 0.91128910 0.56757933
vt 0.91118246 0.50835001
vt 0.67757213 0.49181724
vt 0.68262398 0.26945466
vt 0.67872202 0.27074188
vt 0.90823925 0.97074378
vt 0.91050607 0.77352422
vt 0.90706396 0.77353030
vt 0.58501637 0.23773739
vt 0.57996434 0.01537521
vt 0.58111423 0.23645015
vt 0.74165893 0.50399989
vt 0.69070596 0.26818049
vt 0.68943834 0.50404501
vt 0.68538082 0.50173837
vt 0.69070596 0.26818049
vt 0.68663216 0.26865992
vt 0.68140876 0.49792108
vt 0.68663216 0.26865992
vt 0.68262398 0.26945466
vt 0.64405107 0.00319242
vt 0.59309816 0.23901181
vt 0.64404452 0.23896767
vt 0.59309816 0.23901181
vt 0.58777291 0.00545366
vt 0.58902436 0.23853183
vt 0.58902436 0.23853183
vt 0.58380091 0.00927080
vt 0.58501637 0.23773739
vt 0.58902436 0.23853183
vt 0.58667219 0.46792677
vt 0.59069496 0.47184539
vt 0.59309816 0.23901181
vt 0.59069496 0.47184539
vt 0.59476864 0.47421187
vt 0.64404452 0.23896767
vt 0.59476864 0.47421187
vt 0.64411032 0.47420380
vt 0.68663216 0.26865992
vt 0.68427986 0.03926554
vt 0.68262398 0.26945466
vt 0.69070596 0.26818049
vt 0.68830252 0.03534665
vt 0.68663216 0.26865992
vt 0.74165231 0.26822421
vt 0.69237614 0.03298016
vt 0.69070596 0.26818049
vt 0.67127645 0.47420114
vt 0.64411229 0.49493265
vt 0.67127824 0.49493027
vt 0.76888406 0.03299088
vt 0.74172008 0.01225925
vt 0.74171817 0.03298852
vt 0.83811146 0.50297129
vt 0.78729934 0.49626511
vt 0.78729951 0.50297129
vt 0.77921975 0.49754670
vt 0.77517974 0.50117934
vt 0.77921975 0.50168973
vt 0.78325951 0.50226694
vt 0.77921975 0.49754670
vt 0.77921975 0.50168973
vt 0.78729951 0.50297129
vt 0.78325951 0.49696949
vt 0.78325951 0.50226694
vt 0.58501637 0.23773739
vt 0.58273184 0.46155968
vt 0.58667219 0.46792677
vt 0.90988648 0.57340115
vt 0.90588683 0.57631803
vt 0.90932912 0.57631195
vt 0.90467745 0.57050121
vt 0.90988648 0.57340115
vt 0.91051751 0.57049036
vt 0.90389550 0.56759268
vt 0.91051751 0.57049036
vt 0.91128910 0.56757933
vt 0.91118246 0.50835001
vt 0.90374225 0.48245558
vt 0.90378886 0.50836343
vt 0.91112733 0.47770995
vt 0.90372956 0.47535682
vt 0.90373361 0.47772330
vt 0.91113168 0.48007587
vt 0.90373361 0.47772330
vt 0.90373796 0.48008910
vt 0.90374225 0.48245558
vt 0.91113168 0.48007587
vt 0.90373796 0.48008910
vt 0.90421832 0.01330342
vt 0.91159356 0.00314690
vt 0.90419996 0.00316026
vt 0.90423614 0.02325810
vt 0.91163880 0.02822214
vt 0.91162986 0.02324487
vt 0.90422726 0.01828083
vt 0.91162986 0.02324487
vt 0.91162086 0.01826747
vt 0.90421832 0.01330342
vt 0.91162086 0.01826747
vt 0.91161180 0.01329006
vt 0.84703547 0.63019264
vt 0.85374159 0.62567812
vt 0.84703547 0.62567812
vt 0.84703559 0.63470691
vt 0.85374171 0.63019264
vt 0.84703547 0.63019264
vt 0.84703559 0.63922149
vt 0.85374171 0.63470691
vt 0.84703559 0.63470691
vt 0.91168123 0.05174205
vt 0.90424520 0.02823551
vt 0.90428752 0.05175542
vt 0.84703547 0.66055489
vt 0.85374171 0.63922149
vt 0.84703559 0.63922149
vt 0.67127645 0.47420114
vt 0.64404452 0.23896767
vt 0.64411032 0.47420380
vt 0.67127824 0.00753853
vt 0.64404452 0.23896767
vt 0.67127645 0.47420114
vt 0.66873389 0.00426276
vt 0.67127824 0.00753853
vt 0.67021126 0.00574070
vt 0.66693646 0.00319534
vt 0.67127824 0.00753853
vt 0.66873389 0.00426276
vt 0.64405107 0.00319242
vt 0.67127824 0.00753853
vt 0.66693646 0.00319534
vt 0.91112316 0.47534347
vt 0.90428752 0.05175542
vt 0.90372956 0.47535682
vt 0.90706396 0.77353030
vt 0.90932912 0.57631195
vt 0.90588683 0.57631803
vt 0.76454425 0.50399625
vt 0.76888603 0.49965307
vt 0.74165893 0.50399989
vt 0.76781917 0.50145108
vt 0.76454425 0.50399625
vt 0.76634163 0.50292885
vt 0.74165231 0.26822421
vt 0.74165893 0.50399989
vt 0.76888603 0.49965307
vt 0.76888603 0.49965307
vt 0.76454425 0.50399625
vt 0.76781917 0.50145108
vt 0.76888406 0.03299088
vt 0.74165231 0.26822421
vt 0.76888603 0.49965307
vt 0.68262398 0.26945466
vt 0.68033946 0.04563235
vt 0.67872202 0.27074188
vt 0.90389550 0.56759268
vt 0.91118246 0.50835001
vt 0.90378886 0.50836343
vt 0.67757213 0.49181724
vt 0.68140876 0.49792108
vt 0.68262398 0.26945466
vt 0.90823925 0.97074378
vt 0.91168123 0.97073793
vt 0.91050607 0.77352422
vt 0.58501637 0.23773739
vt 0.58380091 0.00927080
vt 0.57996434 0.01537521
vt 0.74165893 0.50399989
vt 0.74165231 0.26822421
vt 0.69070596 0.26818049
vt 0.68538082 0.50173837
vt 0.68943834 0.50404501
vt 0.69070596 0.26818049
vt 0.68140876 0.49792108
vt 0.68538082 0.50173837
vt 0.68663216 0.26865992
vt 0.64405107 0.00319242
vt 0.59183043 0.00314690
vt 0.59309816 0.23901181
vt 0.59309816 0.23901181
vt 0.59183043 0.00314690
vt 0.58777291 0.00545366
vt 0.58902436 0.23853183
vt 0.58777291 0.00545366
vt 0.58380091 0.00927080
vt 0.58902436 0.23853183
vt 0.58501637 0.23773739
vt 0.58667219 0.46792677
vt 0.59309816 0.23901181
vt 0.58902436 0.23853183
vt 0.59069496 0.47184539
vt 0.64404452 0.23896767
vt 0.59309816 0.23901181
vt 0.59476864 0.47421187
vt 0.68663216 0.26865992
vt 0.68830252 0.03534665
vt 0.68427986 0.03926554
vt 0.69070596 0.26818049
vt 0.69237614 0.03298016
vt 0.68830252 0.03534665
vt 0.74165231 0.26822421
vt 0.74171817 0.03298852
vt 0.69237614 0.03298016
vt 0.64635181 0.49870467
vt 0.66903943 0.49870259
vt 0.64411229 0.49493265
vt 0.64945388 0.50180614
vt 0.66593796 0.50180465
vt 0.64635181 0.49870467
vt 0.65322632 0.50404513
vt 0.66216594 0.50404418
vt 0.64945388 0.50180614
vt 0.64635181 0.49870467
vt 0.66593796 0.50180465
vt 0.66903943 0.49870259
vt 0.64411229 0.49493265
vt 0.66903943 0.49870259
vt 0.67127824 0.49493027
vt 0.67127645 0.47420114
vt 0.64411032 0.47420380
vt 0.64411229 0.49493265
vt 0.76664722 0.00848944
vt 0.74395949 0.00848721
vt 0.76888603 0.01226161
vt 0.76354557 0.00538698
vt 0.74706155 0.00538573
vt 0.76664722 0.00848944
vt 0.75977355 0.00314746
vt 0.75083393 0.00314690
vt 0.76354557 0.00538698
vt 0.76664722 0.00848944
vt 0.74706155 0.00538573
vt 0.74395949 0.00848721
vt 0.76888603 0.01226161
vt 0.74395949 0.00848721
vt 0.74172008 0.01225925
vt 0.76888406 0.03299088
vt 0.76888603 0.01226161
vt 0.74172008 0.01225925
vt 0.83811146 0.50297129
vt 0.83811146 0.49626526
vt 0.78729934 0.49626511
vt 0.77921975 0.49754670
vt 0.77517974 0.49805716
vt 0.77517974 0.50117934
vt 0.78325951 0.50226694
vt 0.78325951 0.49696949
vt 0.77921975 0.49754670
vt 0.78729951 0.50297129
vt 0.78729934 0.49626511
vt 0.78325951 0.49696949
vt 0.58501637 0.23773739
vt 0.58111423 0.23645015
vt 0.58273184 0.46155968
vt 0.90988648 0.57340115
vt 0.90531874 0.57340950
vt 0.90588683 0.57631803
vt 0.90467745 0.57050121
vt 0.90531874 0.57340950
vt 0.90988648 0.57340115
vt 0.90389550 0.56759268
vt 0.90467745 0.57050121
vt 0.91051751 0.57049036
vt 0.91118246 0.50835001
vt 0.91113597 0.48244235
vt 0.90374225 0.48245558
vt 0.91112733 0.47770995
vt 0.91112316 0.47534347
vt 0.90372956 0.47535682
vt 0.91113168 0.48007587
vt 0.91112733 0.47770995
vt 0.90373361 0.47772330
vt 0.90374225 0.48245558
vt 0.91113597 0.48244235
vt 0.91113168 0.48007587
vt 0.90421832 0.01330342
vt 0.91161180 0.01329006
vt 0.91159356 0.00314690
vt 0.90423614 0.02325810
vt 0.90424520 0.02823551
vt 0.91163880 0.02822214
vt 0.90422726 0.01828083
vt 0.90423614 0.02325810
vt 0.91162986 0.02324487
vt 0.90421832 0.01330342
vt 0.90422726 0.01828083
vt 0.91162086 0.01826747
vt 0.84703547 0.63019264
vt 0.85374171 0.63019264
vt 0.85374159 0.62567812
vt 0.84703559 0.63470691
vt 0.85374171 0.63470691
vt 0.85374171 0.63019264
vt 0.84703559 0.63922149
vt 0.85374171 0.63922149
vt 0.85374171 0.63470691
vt 0.91168123 0.05174205
vt 0.91163880 0.02822214
vt 0.90424520 0.02823551
vt 0.84703547 0.66055489
vt 0.85374171 0.66055477
vt 0.85374171 0.63922149
vt 0.64404452 0.23896767
vt 0.67127824 0.00753853
vt 0.64405107 0.00319242
vt 0.91112316 0.47534347
vt 0.91168123 0.05174205
vt 0.90428752 0.05175542
vt 0.76354557 0.00538698
vt 0.75083393 0.00314690
vt 0.74706155 0.00538573
vt 0.64945388 0.50180614
vt 0.66216594 0.50404418
vt 0.66593796 0.50180465
vt 0.90706396 0.77353030
vt 0.91050607 0.77352422
vt 0.90932912 0.57631195
vt 0.74165231 0.26822421
vt 0.76888406 0.03299088
vt 0.74171817 0.03298852
vt 0.68262398 0.26945466
vt 0.68427986 0.03926554
vt 0.68033946 0.04563235
vt 0.90389550 0.56759268
vt 0.91128910 0.56757933
vt 0.91118246 0.50835001
vt 0.67757213 0.49181724
vt 0.67872202 0.27074188
vt 0.68262398 0.26945466
vt 0.90823925 0.97074378
vt 0.90706396 0.77353030
vt 0.91050607 0.77352422
vt 0.58501637 0.23773739
vt 0.58111423 0.23645015
vt 0.57996434 0.01537521
vt 0.74165893 0.50399989
vt 0.68943834 0.50404501
vt 0.69070596 0.26818049
vt 0.68538082 0.50173837
vt 0.68663216 0.26865992
vt 0.69070596 0.26818049
vt 0.68140876 0.49792108
vt 0.68262398 0.26945466
vt 0.68663216 0.26865992
vt 0.64405107 0.00319242
vt 0.64404452 0.23896767
vt 0.59309816 0.23901181
vt 0.59309816 0.23901181
vt 0.58902436 0.23853183
vt 0.58777291 0.00545366
vt 0.58902436 0.23853183
vt 0.58501637 0.23773739
vt 0.58380091 0.00927080
vt 0.58902436 0.23853183
vt 0.59069496 0.47184539
vt 0.58667219 0.46792677
vt 0.59309816 0.23901181
vt 0.59476864 0.47421187
vt 0.59069496 0.47184539
vt 0.64404452 0.23896767
vt 0.64411032 0.47420380
vt 0.59476864 0.47421187
vt 0.68663216 0.26865992
vt 0.68262398 0.26945466
vt 0.68427986 0.03926554
vt 0.69070596 0.26818049
vt 0.68663216 0.26865992
vt 0.68830252 0.03534665
vt 0.74165231 0.26822421
vt 0.69070596 0.26818049
vt 0.69237614 0.03298016
vt 0.67127645 0.47420114
vt 0.67127824 0.49493027
vt 0.64411229 0.49493265
vt 0.76888406 0.03299088
vt 0.74171817 0.03298852
vt 0.74172008 0.01225925
vt 0.83811146 0.50297129
vt 0.78729951 0.50297129
vt 0.78729934 0.49626511
vt 0.77921975 0.49754670
vt 0.77921975 0.50168973
vt 0.77517974 0.50117934
vt 0.78325951 0.50226694
vt 0.77921975 0.50168973
vt 0.77921975 0.49754670
vt 0.78729951 0.50297129
vt 0.78325951 0.50226694
vt 0.78325951 0.49696949
vt 0.58501637 0.23773739
vt 0.58667219 0.46792677
vt 0.58273184 0.46155968
vt 0.90988648 0.57340115
vt 0.90932912 0.57631195
vt 0.90588683 0.57631803
vt 0.90467745 0.57050121
vt 0.91051751 0.57049036
vt 0.90988648 0.57340115
vt 0.90389550 0.56759268
vt 0.91128910 0.56757933
vt 0.91051751 0.57049036
vt 0.91118246 0.50835001
vt 0.90378886 0.50836343
vt 0.90374225 0.48245558
vt 0.91112733 0.47770995
vt 0.90373361 0.47772330
vt 0.90372956 0.47535682
vt 0.91113168 0.48007587
vt 0.90373796 0.48008910
vt 0.90373361 0.47772330
vt 0.90374225 0.48245558
vt 0.90373796 0.48008910
vt 0.91113168 0.48007587
vt 0.90421832 0.01330342
vt 0.90419996 0.00316026
vt 0.91159356 0.00314690
vt 0.90423614 0.02325810
vt 0.91162986 0.02324487
vt 0.91163880 0.02822214
vt 0.90422726 0.01828083
vt 0.91162086 0.01826747
vt 0.91162986 0.02324487
vt 0.90421832 0.01330342
vt 0.91161180 0.01329006
vt 0.91162086 0.01826747
vt 0.84703547 0.63019264
vt 0.84703547 0.62567812
vt 0.85374159 0.62567812
vt 0.84703559 0.63470691
vt 0.84703547 0.63019264
vt 0.85374171 0.63019264
vt 0.84703559 0.63922149
vt 0.84703559 0.63470691
vt 0.85374171 0.63470691
vt 0.91168123 0.05174205
vt 0.90428752 0.05175542
vt 0.90424520 0.02823551
vt 0.84703547 0.66055489
vt 0.84703559 0.63922149
vt 0.85374171 0.63922149
vt 0.67127645 0.47420114
vt 0.64411032 0.47420380
vt 0.64404452 0.23896767
vt 0.67127824 0.00753853
vt 0.67127645 0.47420114
vt 0.64404452 0.23896767
vt 0.66873389 0.00426276
vt 0.67021126 0.00574070
vt 0.67127824 0.00753853
vt 0.66693646 0.00319534
vt 0.66873389 0.00426276
vt 0.67127824 0.00753853
vt 0.64405107 0.00319242
vt 0.66693646 0.00319534
vt 0.67127824 0.00753853
vt 0.91112316 0.47534347
vt 0.90372956 0.47535682
vt 0.90428752 0.05175542
vt 0.90706396 0.77353030
vt 0.90588683 0.57631803
vt 0.90932912 0.57631195
vt 0.76454425 0.50399625
vt 0.74165893 0.50399989
vt 0.76888603 0.49965307
vt 0.76781917 0.50145108
vt 0.76634163 0.50292885
vt 0.76454425 0.50399625
vt 0.74165231 0.26822421
vt 0.76888603 0.49965307
vt 0.74165893 0.50399989
vt 0.76888603 0.49965307
vt 0.76781917 0.50145108
vt 0.76454425 0.50399625
vt 0.76888406 0.03299088
vt 0.76888603 0.49965307
vt 0.74165231 0.26822421
vt 0.68262398 0.26945466
vt 0.67872202 0.27074188
vt 0.68033946 0.04563235
vt 0.90389550 0.56759268
vt 0.90378886 0.50836343
vt 0.91118246 0.50835001
vt 0.67757213 0.49181724
vt 0.68262398 0.26945466
vt 0.68140876 0.49792108
vt 0.90823925 0.97074378
vt 0.91050607 0.77352422
vt 0.91168123 0.97073793
vt 0.58501637 0.23773739
vt 0.57996434 0.01537521
vt 0.58380091 0.00927080
vt 0.74165893 0.50399989
vt 0.69070596 0.26818049
vt 0.74165231 0.26822421
vt 0.68538082 0.50173837
vt 0.69070596 0.26818049
vt 0.68943834 0.50404501
vt 0.68140876 0.49792108
vt 0.68663216 0.26865992
vt 0.68538082 0.50173837
vt 0.64405107 0.00319242
vt 0.59309816 0.23901181
vt 0.59183043 0.00314690
vt 0.59309816 0.23901181
vt 0.58777291 0.00545366
vt 0.59183043 0.00314690
vt 0.58902436 0.23853183
vt 0.58380091 0.00927080
vt 0.58777291 0.00545366
vt 0.58902436 0.23853183
vt 0.58667219 0.46792677
vt 0.58501637 0.23773739
vt 0.59309816 0.23901181
vt 0.59069496 0.47184539
vt 0.58902436 0.23853183
vt 0.64404452 0.23896767
vt 0.59476864 0.47421187
vt 0.59309816 0.23901181
vt 0.68663216 0.26865992
vt 0.68427986 0.03926554
vt 0.68830252 0.03534665
vt 0.69070596 0.26818049
vt 0.68830252 0.03534665
vt 0.69237614 0.03298016
vt 0.74165231 0.26822421
vt 0.69237614 0.03298016
vt 0.74171817 0.03298852
vt 0.64635181 0.49870467
vt 0.64411229 0.49493265
vt 0.66903943 0.49870259
vt 0.64945388 0.50180614
vt 0.64635181 0.49870467
vt 0.66593796 0.50180465
vt 0.65322632 0.50404513
vt 0.64945388 0.50180614
vt 0.66216594 0.50404418
vt 0.64635181 0.49870467
vt 0.66903943 0.49870259
vt 0.66593796 0.50180465
vt 0.64411229 0.49493265
vt 0.67127824 0.49493027
vt 0.66903943 0.49870259
vt 0.67127645 0.47420114
vt 0.64411229 0.49493265
vt 0.64411032 0.47420380
vt 0.76664722 0.00848944
vt 0.76888603 0.01226161
vt 0.74395949 0.00848721
vt 0.76354557 0.00538698
vt 0.76664722 0.00848944
vt 0.74706155 0.00538573
vt 0.75977355 0.00314746
vt 0.76354557 0.00538698
vt 0.75083393 0.00314690
vt 0.76664722 0.00848944
vt 0.74395949 0.00848721
vt 0.74706155 0.00538573
vt 0.76888603 0.01226161
vt 0.74172008 0.01225925
vt 0.74395949 0.00848721
vt 0.76888406 0.03299088
vt 0.74172008 0.01225925
vt 0.76888603 0.01226161
vt 0.83811146 0.50297129
vt 0.78729934 0.49626511
vt 0.83811146 0.49626526
vt 0.77921975 0.49754670
vt 0.77517974 0.50117934
vt 0.77517974 0.49805716
vt 0.78325951 0.50226694
vt 0.77921975 0.49754670
vt 0.78325951 0.49696949
vt 0.78729951 0.50297129
vt 0.78325951 0.49696949
vt 0.78729934 0.49626511
vt 0.58501637 0.23773739
vt 0.58273184 0.46155968
vt 0.58111423 0.23645015
vt 0.90988648 0.57340115
vt 0.90588683 0.57631803
vt 0.90531874 0.57340950
vt 0.90467745 0.57050121
vt 0.90988648 0.57340115
vt 0.90531874 0.57340950
vt 0.90389550 0.56759268
vt 0.91051751 0.57049036
vt 0.90467745 0.57050121
vt 0.91118246 0.50835001
vt 0.90374225 0.48245558
vt 0.91113597 0.48244235
vt 0.91112733 0.47770995
vt 0.90372956 0.47535682
vt 0.91112316 0.47534347
vt 0.91113168 0.48007587
vt 0.90373361 0.47772330
vt 0.91112733 0.47770995
vt 0.90374225 0.48245558
vt 0.91113168 0.48007587
vt 0.91113597 0.48244235
vt 0.90421832 0.01330342
vt 0.91159356 0.00314690
vt 0.91161180 0.01329006
vt 0.90423614 0.02325810
vt 0.91163880 0.02822214
vt 0.90424520 0.02823551
vt 0.90422726 0.01828083
vt 0.91162986 0.02324487
vt 0.90423614 0.02325810
vt 0.90421832 0.01330342
vt 0.91162086 0.01826747
vt 0.90422726 0.01828083
vt 0.84703547 0.63019264
vt 0.85374159 0.62567812
vt 0.85374171 0.63019264
vt 0.84703559 0.63470691
vt 0.85374171 0.63019264
vt 0.85374171 0.63470691
vt 0.84703559 0.63922149
vt 0.85374171 0.63470691
vt 0.85374171 0.63922149
vt 0.91168123 0.05174205
vt 0.90424520 0.02823551
vt 0.91163880 0.02822214
vt 0.84703547 0.66055489
vt 0.85374171 0.63922149
vt 0.85374171 0.66055477
vt 0.64404452 0.23896767
vt 0.64405107 0.00319242
vt 0.67127824 0.00753853
vt 0.91112316 0.47534347
vt 0.90428752 0.05175542
vt 0.91168123 0.05174205
vt 0.76354557 0.00538698
vt 0.74706155 0.00538573
vt 0.75083393 0.00314690
vt 0.64945388 0.50180614
vt 0.66593796 0.50180465
vt 0.66216594 0.50404418
vt 0.90706396 0.77353030
vt 0.90932912 0.57631195
vt 0.91050607 0.77352422
vt 0.74165231 0.26822421
vt 0.74171817 0.03298852
vt 0.76888406 0.03299088
vt 0.68262398 0.26945466
vt 0.68033946 0.04563235
vt 0.68427986 0.03926554
vt 0.90389550 0.56759268
vt 0.91118246 0.50835001
vt 0.91128910 0.56757933
vn -0.83732289 0.48563427 -0.25109720
vn -0.81990826 0.53486234 -0.20413901
vn -0.81273222 0.55198425 -0.18649323
vn -0.61597329 -0.61596560 -0.49108386
vn -0.49681589 -0.49683967 -0.71156472
vn -0.49681586 -0.49683952 -0.71156484
vn 0.55197459 -0.81274217 -0.18647839
vn 0.53490537 -0.81989264 -0.20408942
vn 0.48570070 -0.83730334 -0.25103384
vn -0.70710665 0.70710695 0.00000044
vn -0.76225865 0.64161766 -0.08537287
vn -0.76185870 0.64212489 -0.08512902
vn -0.82297957 0.52830708 -0.20879719
vn -0.80530578 0.56829870 -0.16887631
vn -0.76185870 0.64212489 -0.08512902
vn -0.82569581 0.52069551 -0.21703169
vn -0.81273222 0.55198425 -0.18649323
vn -0.80530578 0.56829870 -0.16887631
vn 0.70710623 -0.70710731 -0.00000149
vn 0.70710713 -0.70710647 -0.00000039
vn 0.64213443 -0.76185101 -0.08512606
vn 0.64213443 -0.76185101 -0.08512606
vn 0.56828207 -0.80531597 -0.16888420
vn 0.52826691 -0.82299894 -0.20882234
vn 0.56828207 -0.80531597 -0.16888420
vn 0.55197459 -0.81274217 -0.18647839
vn 0.52071428 -0.82568008 -0.21704629
vn 0.56828207 -0.80531597 -0.16888420
vn 0.59332401 -0.79249471 -0.14113392
vn 0.58874655 -0.79488862 -0.14673008
vn 0.64213443 -0.76185101 -0.08512606
vn 0.66510826 -0.74462408 -0.05626689
vn 0.59332401 -0.79249471 -0.14113392
vn 0.70710713 -0.70710647 -0.00000039
vn 0.70710701 -0.70710659 0.00000002
vn 0.66510826 -0.74462408 -0.05626689
vn -0.80530578 0.56829870 -0.16887631
vn -0.81273222 0.55198425 -0.18649323
vn -0.79488343 0.58875299 -0.14673185
vn -0.76185870 0.64212489 -0.08512902
vn -0.80530578 0.56829870 -0.16887631
vn -0.79249978 0.59331656 -0.14113659
vn -0.70710617 0.70710737 0.00000040
vn -0.76185870 0.64212489 -0.08512902
vn -0.74462944 0.66510212 -0.05626918
vn 0.70710605 -0.70710754 0.00000067
vn 0.70711851 -0.70709509 -0.00000079
vn 0.70710194 -0.70711160 0.00000007
vn -0.70710641 0.70710719 0.00000070
vn -0.70710778 0.70710576 0.00000060
vn -0.70710403 0.70710957 0.00000107
vn -0.50315851 -0.50316054 0.70261019
vn -0.61111420 -0.61111259 0.50307137
vn -0.61111206 -0.61111408 0.50307226
vn -0.70196825 -0.70197988 -0.12027016
vn -0.70196742 -0.70198166 -0.12026408
vn -0.61597329 -0.61596560 -0.49108386
vn -0.70105666 -0.70105153 0.13056196
vn -0.70196742 -0.70198166 -0.12026408
vn -0.70196825 -0.70197988 -0.12027016
vn -0.61111420 -0.61111259 0.50307137
vn -0.70105666 -0.70105153 0.13056196
vn -0.70105141 -0.70105755 0.13055772
vn 0.55197459 -0.81274217 -0.18647839
vn 0.58874655 -0.79488862 -0.14673008
vn 0.56636453 -0.80617493 -0.17121081
vn -0.07230966 -0.07229428 -0.99475867
vn -0.33620867 -0.33623961 -0.87971967
vn -0.33621067 -0.33620065 -0.87973380
vn 0.10559850 0.10558341 -0.98878771
vn 0.10560235 0.10563408 -0.98878193
vn -0.07230966 -0.07229428 -0.99475867
vn 0.36882579 0.36881369 -0.85319632
vn 0.36882752 0.36883703 -0.85318547
vn 0.10560235 0.10563408 -0.98878193
vn 0.50315785 0.50315875 -0.70261186
vn 0.50315821 0.50315744 -0.70261258
vn 0.61670768 0.61670738 -0.48922765
vn 0.70103240 0.70102936 0.13081060
vn 0.70100206 0.70105672 0.13082640
vn 0.61225557 0.61228615 0.50024879
vn 0.70217687 0.70212096 -0.11821094
vn 0.70212293 0.70217532 -0.11820821
vn 0.70100206 0.70105672 0.13082640
vn 0.61670768 0.61670738 -0.48922765
vn 0.70212293 0.70217532 -0.11820821
vn 0.70217687 0.70212096 -0.11821094
vn -0.35374293 -0.35375631 0.86586523
vn -0.61670417 -0.61670864 0.48923048
vn -0.61671048 -0.61669499 0.48923981
vn 0.08362114 0.08359034 0.99298555
vn 0.08362018 0.08356611 0.99298763
vn 0.34593770 0.34590778 0.87216687
vn -0.09249073 -0.09252606 0.99140525
vn -0.09249117 -0.09250530 0.99140716
vn 0.08362018 0.08356611 0.99298763
vn -0.35374293 -0.35375631 0.86586523
vn -0.35374439 -0.35373381 0.86587375
vn -0.09249117 -0.09250530 0.99140716
vn -0.70214832 -0.70214492 0.11823834
vn -0.61671048 -0.61669499 0.48923981
vn -0.61670417 -0.61670864 0.48923048
vn -0.70102525 -0.70103484 -0.13081959
vn -0.70214832 -0.70214492 0.11823834
vn -0.70214325 -0.70215070 0.11823361
vn -0.61226845 -0.61226541 -0.50025839
vn -0.70102525 -0.70103484 -0.13081959
vn -0.70103741 -0.70102251 -0.13082047
vn 0.49681836 0.49681836 0.71157789
vn 0.49681789 0.49681848 0.71157813
vn 0.34593454 0.34592703 0.87216049
vn -0.49682257 -0.49681693 -0.71157598
vn -0.61226845 -0.61226541 -0.50025839
vn -0.61227769 -0.61225921 -0.50025463
vn 0.70710605 -0.70710754 0.00000067
vn 0.70710701 -0.70710659 0.00000002
vn 0.70710713 -0.70710647 -0.00000039
vn 0.70711219 -0.70710140 -0.00000903
vn 0.70710605 -0.70710754 0.00000067
vn 0.70710713 -0.70710647 -0.00000039
vn 0.70707500 -0.70713854 -0.00001135
vn 0.70728922 -0.70692426 -0.00003056
vn 0.70711219 -0.70710140 -0.00000903
vn 0.70710343 -0.70711017 -0.00002001
vn 0.70707500 -0.70713854 -0.00001135
vn 0.70711219 -0.70710140 -0.00000903
vn 0.70710623 -0.70710731 -0.00000149
vn 0.70710343 -0.70711017 -0.00002001
vn 0.70711219 -0.70710140 -0.00000903
vn 0.61225784 0.61230040 0.50022846
vn 0.61225557 0.61228615 0.50024879
vn 0.49681789 0.49681848 0.71157813
vn -0.49681589 -0.49683967 -0.71156472
vn -0.33621067 -0.33620065 -0.87973380
vn -0.33620867 -0.33623961 -0.87971967
vn -0.70711547 0.70709813 0.00000565
vn -0.70710665 0.70710695 0.00000044
vn -0.70710874 0.70710486 0.00000195
vn -0.70712912 0.70708442 0.00000079
vn -0.70716757 0.70704603 0.00001534
vn -0.70711547 0.70709813 0.00000565
vn -0.70710617 0.70710737 0.00000040
vn -0.70710874 0.70710486 0.00000195
vn -0.70710665 0.70710695 0.00000044
vn -0.70710874 0.70710486 0.00000195
vn -0.70712912 0.70708442 0.00000079
vn -0.70711547 0.70709813 0.00000565
vn -0.70710641 0.70710719 0.00000070
vn -0.70710874 0.70710486 0.00000195
vn -0.70710617 0.70710737 0.00000040
vn -0.81273222 0.55198425 -0.18649323
vn -0.81990826 0.53486234 -0.20413901
vn -0.80617690 0.56635517 -0.17123260
vn 0.36882579 0.36881369 -0.85319632
vn 0.50315821 0.50315744 -0.70261258
vn 0.50315785 0.50315875 -0.70261186
vn -0.83732289 0.48563427 -0.25109720
vn -0.81273222 0.55198425 -0.18649323
vn -0.82569581 0.52069551 -0.21703169
vn -0.61597329 -0.61596560 -0.49108386
vn -0.49681586 -0.49683952 -0.71156484
vn -0.61597568 -0.61595166 -0.49109828
vn 0.55197459 -0.81274217 -0.18647839
vn 0.48570070 -0.83730334 -0.25103384
vn 0.52071428 -0.82568008 -0.21704629
vn -0.70710665 0.70710695 0.00000044
vn -0.76185870 0.64212489 -0.08512902
vn -0.70710617 0.70710737 0.00000040
vn -0.82297957 0.52830708 -0.20879719
vn -0.76185870 0.64212489 -0.08512902
vn -0.76225865 0.64161766 -0.08537287
vn -0.82569581 0.52069551 -0.21703169
vn -0.80530578 0.56829870 -0.16887631
vn -0.82297957 0.52830708 -0.20879719
vn 0.70710623 -0.70710731 -0.00000149
vn 0.64213443 -0.76185101 -0.08512606
vn 0.64159787 -0.76227438 -0.08538087
vn 0.64213443 -0.76185101 -0.08512606
vn 0.52826691 -0.82299894 -0.20882234
vn 0.64159787 -0.76227438 -0.08538087
vn 0.56828207 -0.80531597 -0.16888420
vn 0.52071428 -0.82568008 -0.21704629
vn 0.52826691 -0.82299894 -0.20882234
vn 0.56828207 -0.80531597 -0.16888420
vn 0.58874655 -0.79488862 -0.14673008
vn 0.55197459 -0.81274217 -0.18647839
vn 0.64213443 -0.76185101 -0.08512606
vn 0.59332401 -0.79249471 -0.14113392
vn 0.56828207 -0.80531597 -0.16888420
vn 0.70710713 -0.70710647 -0.00000039
vn 0.66510826 -0.74462408 -0.05626689
vn 0.64213443 -0.76185101 -0.08512606
vn -0.80530578 0.56829870 -0.16887631
vn -0.79488343 0.58875299 -0.14673185
vn -0.79249978 0.59331656 -0.14113659
vn -0.76185870 0.64212489 -0.08512902
vn -0.79249978 0.59331656 -0.14113659
vn -0.74462944 0.66510212 -0.05626918
vn -0.70710617 0.70710737 0.00000040
vn -0.74462944 0.66510212 -0.05626918
vn -0.70710778 0.70710576 0.00000060
vn 0.70709288 -0.70712066 0.00000052
vn 0.70710194 -0.70711160 0.00000007
vn 0.70712769 -0.70708591 -0.00000265
vn 0.70710897 -0.70710462 0.00000195
vn 0.70709288 -0.70712066 0.00000052
vn 0.70710689 -0.70710665 0.00000141
vn 0.70710671 -0.70710683 -0.00000014
vn 0.70710897 -0.70710462 0.00000195
vn 0.70714104 -0.70707256 -0.00000014
vn 0.70709288 -0.70712066 0.00000052
vn 0.70712769 -0.70708591 -0.00000265
vn 0.70710689 -0.70710665 0.00000141
vn 0.70710194 -0.70711160 0.00000007
vn 0.70711851 -0.70709509 -0.00000079
vn 0.70712769 -0.70708591 -0.00000265
vn 0.70710605 -0.70710754 0.00000067
vn 0.70710194 -0.70711160 0.00000007
vn 0.70710701 -0.70710659 0.00000002
vn -0.70712525 0.70708835 -0.00000202
vn -0.70711476 0.70709878 -0.00000187
vn -0.70709777 0.70711577 0.00000092
vn -0.70710903 0.70710456 0.00000763
vn -0.70712525 0.70708835 -0.00000202
vn -0.70709741 0.70711613 0.00000157
vn -0.70709693 0.70711666 -0.00000639
vn -0.70710903 0.70710456 0.00000763
vn -0.70712757 0.70708603 -0.00000071
vn -0.70712525 0.70708835 -0.00000202
vn -0.70709777 0.70711577 0.00000092
vn -0.70709741 0.70711613 0.00000157
vn -0.70711476 0.70709878 -0.00000187
vn -0.70710403 0.70710957 0.00000107
vn -0.70709777 0.70711577 0.00000092
vn -0.70710641 0.70710719 0.00000070
vn -0.70710403 0.70710957 0.00000107
vn -0.70711476 0.70709878 -0.00000187
vn -0.50315851 -0.50316054 0.70261019
vn -0.61111206 -0.61111408 0.50307226
vn -0.50315863 -0.50316030 0.70261019
vn -0.70196825 -0.70197988 -0.12027016
vn -0.61597329 -0.61596560 -0.49108386
vn -0.61597568 -0.61595166 -0.49109828
vn -0.70105666 -0.70105153 0.13056196
vn -0.70196825 -0.70197988 -0.12027016
vn -0.70105141 -0.70105755 0.13055772
vn -0.61111420 -0.61111259 0.50307137
vn -0.70105141 -0.70105755 0.13055772
vn -0.61111206 -0.61111408 0.50307226
vn 0.55197459 -0.81274217 -0.18647839
vn 0.56636453 -0.80617493 -0.17121081
vn 0.53490537 -0.81989264 -0.20408942
vn -0.07230966 -0.07229428 -0.99475867
vn -0.33621067 -0.33620065 -0.87973380
vn -0.07230846 -0.07228924 -0.99475914
vn 0.10559850 0.10558341 -0.98878771
vn -0.07230966 -0.07229428 -0.99475867
vn -0.07230846 -0.07228924 -0.99475914
vn 0.36882579 0.36881369 -0.85319632
vn 0.10560235 0.10563408 -0.98878193
vn 0.10559850 0.10558341 -0.98878771
vn 0.50315785 0.50315875 -0.70261186
vn 0.61670768 0.61670738 -0.48922765
vn 0.61672348 0.61668581 -0.48923492
vn 0.70103240 0.70102936 0.13081060
vn 0.61225557 0.61228615 0.50024879
vn 0.61225784 0.61230040 0.50022846
vn 0.70217687 0.70212096 -0.11821094
vn 0.70100206 0.70105672 0.13082640
vn 0.70103240 0.70102936 0.13081060
vn 0.61670768 0.61670738 -0.48922765
vn 0.70217687 0.70212096 -0.11821094
vn 0.61672348 0.61668581 -0.48923492
vn -0.35374293 -0.35375631 0.86586523
vn -0.61671048 -0.61669499 0.48923981
vn -0.35374439 -0.35373381 0.86587375
vn 0.08362114 0.08359034 0.99298555
vn 0.34593770 0.34590778 0.87216687
vn 0.34593454 0.34592703 0.87216049
vn -0.09249073 -0.09252606 0.99140525
vn 0.08362018 0.08356611 0.99298763
vn 0.08362114 0.08359034 0.99298555
vn -0.35374293 -0.35375631 0.86586523
vn -0.09249117 -0.09250530 0.99140716
vn -0.09249073 -0.09252606 0.99140525
vn -0.70214832 -0.70214492 0.11823834
vn -0.61670417 -0.61670864 0.48923048
vn -0.70214325 -0.70215070 0.11823361
vn -0.70102525 -0.70103484 -0.13081959
vn -0.70214325 -0.70215070 0.11823361
vn -0.70103741 -0.70102251 -0.13082047
vn -0.61226845 -0.61226541 -0.50025839
vn -0.70103741 -0.70102251 -0.13082047
vn -0.61227769 -0.61225921 -0.50025463
vn 0.49681836 0.49681836 0.71157789
vn 0.34593454 0.34592703 0.87216049
vn 0.34593770 0.34590778 0.87216687
vn -0.49682257 -0.49681693 -0.71157598
vn -0.61227769 -0.61225921 -0.50025463
vn -0.49682212 -0.49681801 -0.71157557
vn 0.70710713 -0.70710647 -0.00000039
vn 0.70710623 -0.70710731 -0.00000149
vn 0.70711219 -0.70710140 -0.00000903
vn 0.61225784 0.61230040 0.50022846
vn 0.49681789 0.49681848 0.71157813
vn 0.49681836 0.49681836 0.71157789
vn -0.70710903 0.70710456 0.00000763
vn -0.70709741 0.70711613 0.00000157
vn -0.70712757 0.70708603 -0.00000071
vn 0.70710897 -0.70710462 0.00000195
vn 0.70710689 -0.70710665 0.00000141
vn 0.70714104 -0.70707256 -0.00000014
vn -0.49681589 -0.49683967 -0.71156472
vn -0.33620867 -0.33623961 -0.87971967
vn -0.49681586 -0.49683952 -0.71156484
vn -0.70710617 0.70710737 0.00000040
vn -0.70710778 0.70710576 0.00000060
vn -0.70710641 0.70710719 0.00000070
vn -0.81273222 0.55198425 -0.18649323
vn -0.80617690 0.56635517 -0.17123260
vn -0.79488343 0.58875299 -0.14673185
vn 0.36882579 0.36881369 -0.85319632
vn 0.50315785 0.50315875 -0.70261186
vn 0.36882752 0.36883703 -0.85318547
vn 0.83732277 0.48563412 -0.25109786
vn 0.81273216 0.55198401 -0.18649384
vn 0.81990826 0.53486222 -0.20413966
vn 0.61597276 -0.61596572 -0.49108434
vn 0.49681517 -0.49683967 -0.71156526
vn 0.49681523 -0.49683976 -0.71156508
vn -0.55197483 -0.81274223 -0.18647799
vn -0.48570105 -0.83730322 -0.25103346
vn -0.53490567 -0.81989247 -0.20408897
vn 0.70710671 0.70710689 -0.00000011
vn 0.76185864 0.64212483 -0.08512961
vn 0.76225877 0.64161760 -0.08537347
vn 0.82297957 0.52830696 -0.20879786
vn 0.76185864 0.64212483 -0.08512961
vn 0.80530578 0.56829852 -0.16887690
vn 0.82569563 0.52069539 -0.21703233
vn 0.80530578 0.56829852 -0.16887690
vn 0.81273216 0.55198401 -0.18649384
vn -0.70710635 -0.70710719 -0.00000094
vn -0.64213473 -0.76185089 -0.08512559
vn -0.70710719 -0.70710641 0.00000016
vn -0.64213473 -0.76185089 -0.08512559
vn -0.52826726 -0.82299876 -0.20882189
vn -0.56828231 -0.80531579 -0.16888377
vn -0.56828231 -0.80531579 -0.16888377
vn -0.52071464 -0.82567996 -0.21704587
vn -0.55197483 -0.81274223 -0.18647799
vn -0.56828231 -0.80531579 -0.16888377
vn -0.58874679 -0.79488844 -0.14672960
vn -0.59332424 -0.79249465 -0.14113347
vn -0.64213473 -0.76185089 -0.08512559
vn -0.59332424 -0.79249465 -0.14113347
vn -0.66510844 -0.74462402 -0.05626637
vn -0.70710719 -0.70710641 0.00000016
vn -0.66510844 -0.74462402 -0.05626637
vn -0.70710713 -0.70710641 0.00000057
vn 0.80530578 0.56829852 -0.16887690
vn 0.79488343 0.58875281 -0.14673246
vn 0.81273216 0.55198401 -0.18649384
vn 0.76185864 0.64212483 -0.08512961
vn 0.79249990 0.59331644 -0.14113721
vn 0.80530578 0.56829852 -0.16887690
vn 0.70710635 0.70710725 -0.00000016
vn 0.74462950 0.66510195 -0.05626975
vn 0.76185864 0.64212483 -0.08512961
vn -0.70710617 -0.70710742 0.00000122
vn -0.70710206 -0.70711154 0.00000062
vn -0.70711863 -0.70709497 -0.00000024
vn 0.70710653 0.70710707 0.00000015
vn 0.70710415 0.70710939 0.00000052
vn 0.70710790 0.70710570 0.00000005
vn 0.50315899 -0.50316060 0.70260978
vn 0.61111230 -0.61111420 0.50307178
vn 0.61111444 -0.61111277 0.50307095
vn 0.70196795 -0.70198005 -0.12027068
vn 0.61597276 -0.61596572 -0.49108434
vn 0.70196724 -0.70198184 -0.12026463
vn 0.70105660 -0.70105159 0.13056141
vn 0.70196795 -0.70198005 -0.12027068
vn 0.70196724 -0.70198184 -0.12026463
vn 0.61111444 -0.61111277 0.50307095
vn 0.70105135 -0.70105761 0.13055716
vn 0.70105660 -0.70105159 0.13056141
vn -0.55197483 -0.81274223 -0.18647799
vn -0.56636477 -0.80617487 -0.17121038
vn -0.58874679 -0.79488844 -0.14672960
vn 0.07230887 -0.07229429 -0.99475873
vn 0.33620995 -0.33620071 -0.87973404
vn 0.33620796 -0.33623967 -0.87971991
vn -0.10559925 0.10558344 -0.98878765
vn 0.07230887 -0.07229429 -0.99475873
vn -0.10560309 0.10563409 -0.98878187
vn -0.36882633 0.36881381 -0.85319608
vn -0.10560309 0.10563409 -0.98878187
vn -0.36882812 0.36883712 -0.85318518
vn -0.50315839 0.50315887 -0.70261151
vn -0.61670792 0.61670750 -0.48922718
vn -0.50315869 0.50315750 -0.70261216
vn -0.70103216 0.70102948 0.13081114
vn -0.61225510 0.61228627 0.50024927
vn -0.70100188 0.70105684 0.13082695
vn -0.70217687 0.70212108 -0.11821039
vn -0.70100188 0.70105684 0.13082695
vn -0.70212293 0.70217544 -0.11820766
vn -0.61670792 0.61670750 -0.48922718
vn -0.70217687 0.70212108 -0.11821039
vn -0.70212293 0.70217544 -0.11820766
vn 0.35374349 -0.35375634 0.86586487
vn 0.61671072 -0.61669511 0.48923934
vn 0.61670440 -0.61670876 0.48923001
vn -0.08362035 0.08359035 0.99298561
vn -0.34593695 0.34590781 0.87216705
vn -0.08361939 0.08356613 0.99298769
vn 0.09249149 -0.09252608 0.99140519
vn -0.08361939 0.08356613 0.99298769
vn 0.09249194 -0.09250531 0.99140716
vn 0.35374349 -0.35375634 0.86586487
vn 0.09249194 -0.09250531 0.99140716
vn 0.35374498 -0.35373387 0.86587352
vn 0.70214826 -0.70214510 0.11823781
vn 0.61670440 -0.61670876 0.48923001
vn 0.61671072 -0.61669511 0.48923934
vn 0.70102507 -0.70103496 -0.13082013
vn 0.70214325 -0.70215082 0.11823306
vn 0.70214826 -0.70214510 0.11823781
vn 0.61226797 -0.61226553 -0.50025886
vn 0.70103717 -0.70102262 -0.13082100
vn 0.70102507 -0.70103496 -0.13082013
vn -0.49681771 0.49681839 0.71157831
vn -0.34593385 0.34592709 0.87216073
vn -0.49681723 0.49681857 0.71157855
vn 0.49682191 -0.49681702 -0.71157640
vn 0.61227721 -0.61225933 -0.50025511
vn 0.61226797 -0.61226553 -0.50025886
vn -0.70710617 -0.70710742 0.00000122
vn -0.70710719 -0.70710641 0.00000016
vn -0.70710713 -0.70710641 0.00000057
vn -0.70711225 -0.70710129 -0.00000848
vn -0.70710719 -0.70710641 0.00000016
vn -0.70710617 -0.70710742 0.00000122
vn -0.70707512 -0.70713842 -0.00001080
vn -0.70711225 -0.70710129 -0.00000848
vn -0.70728934 -0.70692414 -0.00003001
vn -0.70710355 -0.70711005 -0.00001945
vn -0.70711225 -0.70710129 -0.00000848
vn -0.70707512 -0.70713842 -0.00001080
vn -0.70710635 -0.70710719 -0.00000094
vn -0.70711225 -0.70710129 -0.00000848
vn -0.70710355 -0.70711005 -0.00001945
vn -0.61225736 0.61230046 0.50022894
vn -0.49681723 0.49681857 0.71157855
vn -0.61225510 0.61228627 0.50024927
vn 0.49681523 -0.49683976 -0.71156508
vn 0.33620796 -0.33623967 -0.87971991
vn 0.33620995 -0.33620071 -0.87973404
vn 0.70711553 0.70709807 0.00000510
vn 0.70710880 0.70710474 0.00000140
vn 0.70710671 0.70710689 -0.00000011
vn 0.70712924 0.70708430 0.00000024
vn 0.70711553 0.70709807 0.00000510
vn 0.70716769 0.70704591 0.00001479
vn 0.70710635 0.70710725 -0.00000016
vn 0.70710671 0.70710689 -0.00000011
vn 0.70710880 0.70710474 0.00000140
vn 0.70710880 0.70710474 0.00000140
vn 0.70711553 0.70709807 0.00000510
vn 0.70712924 0.70708430 0.00000024
vn 0.70710653 0.70710707 0.00000015
vn 0.70710635 0.70710725 -0.00000016
vn 0.70710880 0.70710474 0.00000140
vn 0.81273216 0.55198401 -0.18649384
vn 0.80617690 0.56635499 -0.17123322
vn 0.81990826 0.53486222 -0.20413966
vn -0.36882633 0.36881381 -0.85319608
vn -0.50315839 0.50315887 -0.70261151
vn -0.50315869 0.50315750 -0.70261216
vn 0.83732277 0.48563412 -0.25109786
vn 0.82569563 0.52069539 -0.21703233
vn 0.81273216 0.55198401 -0.18649384
vn 0.61597276 -0.61596572 -0.49108434
vn 0.61597520 -0.61595178 -0.49109876
vn 0.49681517 -0.49683967 -0.71156526
vn -0.55197483 -0.81274223 -0.18647799
vn -0.52071464 -0.82567996 -0.21704587
vn -0.48570105 -0.83730322 -0.25103346
vn 0.70710671 0.70710689 -0.00000011
vn 0.70710635 0.70710725 -0.00000016
vn 0.76185864 0.64212483 -0.08512961
vn 0.82297957 0.52830696 -0.20879786
vn 0.76225877 0.64161760 -0.08537347
vn 0.76185864 0.64212483 -0.08512961
vn 0.82569563 0.52069539 -0.21703233
vn 0.82297957 0.52830696 -0.20879786
vn 0.80530578 0.56829852 -0.16887690
vn -0.70710635 -0.70710719 -0.00000094
vn -0.64159811 -0.76227427 -0.08538038
vn -0.64213473 -0.76185089 -0.08512559
vn -0.64213473 -0.76185089 -0.08512559
vn -0.64159811 -0.76227427 -0.08538038
vn -0.52826726 -0.82299876 -0.20882189
vn -0.56828231 -0.80531579 -0.16888377
vn -0.52826726 -0.82299876 -0.20882189
vn -0.52071464 -0.82567996 -0.21704587
vn -0.56828231 -0.80531579 -0.16888377
vn -0.55197483 -0.81274223 -0.18647799
vn -0.58874679 -0.79488844 -0.14672960
vn -0.64213473 -0.76185089 -0.08512559
vn -0.56828231 -0.80531579 -0.16888377
vn -0.59332424 -0.79249465 -0.14113347
vn -0.70710719 -0.70710641 0.00000016
vn -0.64213473 -0.76185089 -0.08512559
vn -0.66510844 -0.74462402 -0.05626637
vn 0.80530578 0.56829852 -0.16887690
vn 0.79249990 0.59331644 -0.14113721
vn 0.79488343 0.58875281 -0.14673246
vn 0.76185864 0.64212483 -0.08512961
vn 0.74462950 0.66510195 -0.05626975
vn 0.79249990 0.59331644 -0.14113721
vn 0.70710635 0.70710725 -0.00000016
vn 0.70710790 0.70710570 0.00000005
vn 0.74462950 0.66510195 -0.05626975
vn -0.70709300 -0.70712054 0.00000107
vn -0.70712781 -0.70708579 -0.00000210
vn -0.70710206 -0.70711154 0.00000062
vn -0.70710909 -0.70710450 0.00000250
vn -0.70710701 -0.70710653 0.00000196
vn -0.70709300 -0.70712054 0.00000107
vn -0.70710683 -0.70710671 0.00000041
vn -0.70714116 -0.70707244 0.00000041
vn -0.70710909 -0.70710450 0.00000250
vn -0.70709300 -0.70712054 0.00000107
vn -0.70710701 -0.70710653 0.00000196
vn -0.70712781 -0.70708579 -0.00000210
vn -0.70710206 -0.70711154 0.00000062
vn -0.70712781 -0.70708579 -0.00000210
vn -0.70711863 -0.70709497 -0.00000024
vn -0.70710617 -0.70710742 0.00000122
vn -0.70710713 -0.70710641 0.00000057
vn -0.70710206 -0.70711154 0.00000062
vn 0.70712531 0.70708829 -0.00000257
vn 0.70709789 0.70711565 0.00000037
vn 0.70711488 0.70709866 -0.00000242
vn 0.70710915 0.70710444 0.00000708
vn 0.70709753 0.70711601 0.00000102
vn 0.70712531 0.70708829 -0.00000257
vn 0.70709705 0.70711654 -0.00000694
vn 0.70712769 0.70708591 -0.00000126
vn 0.70710915 0.70710444 0.00000708
vn 0.70712531 0.70708829 -0.00000257
vn 0.70709753 0.70711601 0.00000102
vn 0.70709789 0.70711565 0.00000037
vn 0.70711488 0.70709866 -0.00000242
vn 0.70709789 0.70711565 0.00000037
vn 0.70710415 0.70710939 0.00000052
vn 0.70710653 0.70710707 0.00000015
vn 0.70711488 0.70709866 -0.00000242
vn 0.70710415 0.70710939 0.00000052
vn 0.50315899 -0.50316060 0.70260978
vn 0.50315917 -0.50316042 0.70260984
vn 0.61111230 -0.61111420 0.50307178
vn 0.70196795 -0.70198005 -0.12027068
vn 0.61597520 -0.61595178 -0.49109876
vn 0.61597276 -0.61596572 -0.49108434
vn 0.70105660 -0.70105159 0.13056141
vn 0.70105135 -0.70105761 0.13055716
vn 0.70196795 -0.70198005 -0.12027068
vn 0.61111444 -0.61111277 0.50307095
vn 0.61111230 -0.61111420 0.50307178
vn 0.70105135 -0.70105761 0.13055716
vn -0.55197483 -0.81274223 -0.18647799
vn -0.53490567 -0.81989247 -0.20408897
vn -0.56636477 -0.80617487 -0.17121038
vn 0.07230887 -0.07229429 -0.99475873
vn 0.07230767 -0.07228925 -0.99475920
vn 0.33620995 -0.33620071 -0.87973404
vn -0.10559925 0.10558344 -0.98878765
vn 0.07230767 -0.07228925 -0.99475920
vn 0.07230887 -0.07229429 -0.99475873
vn -0.36882633 0.36881381 -0.85319608
vn -0.10559925 0.10558344 -0.98878765
vn -0.10560309 0.10563409 -0.98878187
vn -0.50315839 0.50315887 -0.70261151
vn -0.61672372 0.61668593 -0.48923445
vn -0.61670792 0.61670750 -0.48922718
vn -0.70103216 0.70102948 0.13081114
vn -0.61225736 0.61230046 0.50022894
vn -0.61225510 0.61228627 0.50024927
vn -0.70217687 0.70212108 -0.11821039
vn -0.70103216 0.70102948 0.13081114
vn -0.70100188 0.70105684 0.13082695
vn -0.61670792 0.61670750 -0.48922718
vn -0.61672372 0.61668593 -0.48923445
vn -0.70217687 0.70212108 -0.11821039
vn 0.35374349 -0.35375634 0.86586487
vn 0.35374498 -0.35373387 0.86587352
vn 0.61671072 -0.61669511 0.48923934
vn -0.08362035 0.08359035 0.99298561
vn -0.34593385 0.34592709 0.87216073
vn -0.34593695 0.34590781 0.87216705
vn 0.09249149 -0.09252608 0.99140519
vn -0.08362035 0.08359035 0.99298561
vn -0.08361939 0.08356613 0.99298769
vn 0.35374349 -0.35375634 0.86586487
vn 0.09249149 -0.09252608 0.99140519
vn 0.09249194 -0.09250531 0.99140716
vn 0.70214826 -0.70214510 0.11823781
vn 0.70214325 -0.70215082 0.11823306
vn 0.61670440 -0.61670876 0.48923001
vn 0.70102507 -0.70103496 -0.13082013
vn 0.70103717 -0.70102262 -0.13082100
vn 0.70214325 -0.70215082 0.11823306
vn 0.61226797 -0.61226553 -0.50025886
vn 0.61227721 -0.61225933 -0.50025511
vn 0.70103717 -0.70102262 -0.13082100
vn -0.49681771 0.49681839 0.71157831
vn -0.34593695 0.34590781 0.87216705
vn -0.34593385 0.34592709 0.87216073
vn 0.49682191 -0.49681702 -0.71157640
vn 0.49682140 -0.49681804 -0.71157593
vn 0.61227721 -0.61225933 -0.50025511
vn -0.70710719 -0.70710641 0.00000016
vn -0.70711225 -0.70710129 -0.00000848
vn -0.70710635 -0.70710719 -0.00000094
vn -0.61225736 0.61230046 0.50022894
vn -0.49681771 0.49681839 0.71157831
vn -0.49681723 0.49681857 0.71157855
vn 0.70710915 0.70710444 0.00000708
vn 0.70712769 0.70708591 -0.00000126
vn 0.70709753 0.70711601 0.00000102
vn -0.70710909 -0.70710450 0.00000250
vn -0.70714116 -0.70707244 0.00000041
vn -0.70710701 -0.70710653 0.00000196
vn 0.49681523 -0.49683976 -0.71156508
vn 0.49681517 -0.49683967 -0.71156526
vn 0.33620796 -0.33623967 -0.87971991
vn 0.70710635 0.70710725 -0.00000016
vn 0.70710653 0.70710707 0.00000015
vn 0.70710790 0.70710570 0.00000005
vn 0.81273216 0.55198401 -0.18649384
vn 0.79488343 0.58875281 -0.14673246
vn 0.80617690 0.56635499 -0.17123322
vn -0.36882633 0.36881381 -0.85319608
vn -0.36882812 0.36883712 -0.85318518
vn -0.50315839 0.50315887 -0.70261151
vn -0.83727348 -0.48572335 -0.25108993
vn -0.81273675 -0.55197799 -0.18649206
vn -0.81990272 -0.53487122 -0.20413804
vn -0.61597747 0.61595851 -0.49108753
vn -0.49681658 0.49684018 -0.71156394
vn -0.49681649 0.49684033 -0.71156389
vn 0.55196899 0.81274575 -0.18647970
vn 0.48567566 0.83732176 -0.25102082
vn 0.53486264 0.81991774 -0.20410021
vn -0.70710742 -0.70710611 0.00000131
vn -0.76186216 -0.64212042 -0.08513167
vn -0.76226044 -0.64161569 -0.08537159
vn -0.82298315 -0.52830231 -0.20879512
vn -0.76186216 -0.64212042 -0.08513167
vn -0.80531180 -0.56828970 -0.16887836
vn -0.82568562 -0.52071226 -0.21702991
vn -0.80531180 -0.56828970 -0.16887836
vn -0.81273675 -0.55197799 -0.18649206
vn 0.70710826 0.70710528 -0.00000182
vn 0.64213133 0.76185316 -0.08512998
vn 0.70710754 0.70710605 -0.00000050
vn 0.64213133 0.76185316 -0.08512998
vn 0.52826619 0.82299948 -0.20882224
vn 0.56828624 0.80531335 -0.16888228
vn 0.56828624 0.80531335 -0.16888228
vn 0.52070910 0.82568401 -0.21704353
vn 0.55196899 0.81274575 -0.18647970
vn 0.56828624 0.80531335 -0.16888228
vn 0.58875376 0.79488289 -0.14673191
vn 0.59331542 0.79250085 -0.14113541
vn 0.64213133 0.76185316 -0.08512998
vn 0.59331542 0.79250085 -0.14113541
vn 0.66510230 0.74462938 -0.05626822
vn 0.70710754 0.70710605 -0.00000050
vn 0.66510230 0.74462938 -0.05626822
vn 0.70710677 0.70710683 -0.00000001
vn -0.80531180 -0.56828970 -0.16887836
vn -0.79488558 -0.58874911 -0.14673653
vn -0.81273675 -0.55197799 -0.18649206
vn -0.76186216 -0.64212042 -0.08513167
vn -0.79249948 -0.59331733 -0.14113513
vn -0.80531180 -0.56828970 -0.16887836
vn -0.70710677 -0.70710677 0.00000065
vn -0.74462831 -0.66510355 -0.05626746
vn -0.76186216 -0.64212042 -0.08513167
vn 0.70710778 0.70710582 0.00000035
vn 0.70710158 0.70711201 -0.00000000
vn 0.70711213 0.70710140 -0.00000087
vn -0.70710737 -0.70710623 0.00000084
vn -0.70710433 -0.70710927 0.00000047
vn -0.70710707 -0.70710647 0.00000101
vn -0.50315887 0.50315958 0.70261061
vn -0.61111701 0.61110139 0.50308168
vn -0.61111426 0.61110926 0.50307542
vn -0.70197386 0.70197392 -0.12027197
vn -0.61597747 0.61595851 -0.49108753
vn -0.70197582 0.70197171 -0.12027352
vn -0.70104676 0.70106292 0.13055372
vn -0.70197386 0.70197392 -0.12027197
vn -0.70197582 0.70197171 -0.12027352
vn -0.61111426 0.61110926 0.50307542
vn -0.70105076 0.70105749 0.13056161
vn -0.70104676 0.70106292 0.13055372
vn 0.55196899 0.81274575 -0.18647970
vn 0.56640267 0.80614626 -0.17121990
vn 0.58875376 0.79488289 -0.14673191
vn -0.07230969 0.07231601 -0.99475712
vn -0.33620256 0.33618701 -0.87974209
vn -0.33619913 0.33624229 -0.87972230
vn 0.10559862 -0.10557119 -0.98878896
vn -0.07230969 0.07231601 -0.99475712
vn 0.10560270 -0.10560089 -0.98878545
vn 0.36882573 -0.36881390 -0.85319626
vn 0.10560270 -0.10560089 -0.98878545
vn 0.36882749 -0.36883748 -0.85318542
vn 0.50315881 -0.50315607 -0.70261317
vn 0.61670864 -0.61670488 -0.48922962
vn 0.50315887 -0.50315547 -0.70261347
vn 0.70103133 -0.70103043 0.13081053
vn 0.61225390 -0.61228961 0.50024664
vn 0.70099723 -0.70106190 0.13082498
vn 0.70217294 -0.70212519 -0.11820935
vn 0.70099723 -0.70106190 0.13082498
vn 0.70212281 -0.70217556 -0.11820796
vn 0.61670864 -0.61670488 -0.48922962
vn 0.70217294 -0.70212519 -0.11820935
vn 0.70212281 -0.70217556 -0.11820796
vn -0.35374039 0.35374886 0.86586922
vn -0.61670905 0.61669374 0.48924306
vn -0.61670095 0.61671007 0.48923281
vn 0.08360559 -0.08359270 0.99298668
vn 0.34592885 -0.34592378 0.87216401
vn 0.08360364 -0.08361407 0.99298495
vn -0.09249892 0.09250111 0.99140686
vn 0.08360364 -0.08361407 0.99298495
vn -0.09250124 0.09249196 0.99140745
vn -0.35374039 0.35374886 0.86586922
vn -0.09250124 0.09249196 0.99140745
vn -0.35374016 0.35374489 0.86587101
vn -0.70214367 0.70214909 0.11824074
vn -0.61670095 0.61671007 0.48923281
vn -0.61670905 0.61669374 0.48924306
vn -0.70103300 0.70102710 -0.13081941
vn -0.70214379 0.70214993 0.11823567
vn -0.70214367 0.70214909 0.11824074
vn -0.61226594 0.61227173 -0.50025380
vn -0.70103890 0.70102125 -0.13081948
vn -0.70103300 0.70102710 -0.13081941
vn 0.49682003 -0.49681818 0.71157688
vn 0.34592730 -0.34591025 0.87216991
vn 0.49681988 -0.49681818 0.71157688
vn -0.49682111 0.49682030 -0.71157461
vn -0.61226469 0.61227691 -0.50024891
vn -0.61226594 0.61227173 -0.50025380
vn 0.70710778 0.70710582 0.00000035
vn 0.70710754 0.70710605 -0.00000050
vn 0.70710677 0.70710683 -0.00000001
vn 0.70711613 0.70709741 -0.00000927
vn 0.70710754 0.70710605 -0.00000050
vn 0.70710778 0.70710582 0.00000035
vn 0.70707250 0.70714104 -0.00001163
vn 0.70711613 0.70709741 -0.00000927
vn 0.70722854 0.70698506 -0.00003083
vn 0.70712268 0.70709085 -0.00002028
vn 0.70711613 0.70709741 -0.00000927
vn 0.70707250 0.70714104 -0.00001163
vn 0.70710826 0.70710528 -0.00000182
vn 0.70711613 0.70709741 -0.00000927
vn 0.70712268 0.70709085 -0.00002028
vn 0.61225992 -0.61229962 0.50022697
vn 0.49681988 -0.49681818 0.71157688
vn 0.61225390 -0.61228961 0.50024664
vn -0.49681649 0.49684033 -0.71156389
vn -0.33619913 0.33624229 -0.87972230
vn -0.33620256 0.33618701 -0.87974209
vn -0.70711553 -0.70709807 0.00000592
vn -0.70711029 -0.70710331 0.00000303
vn -0.70710742 -0.70710611 0.00000131
vn -0.70712924 -0.70708430 0.00000107
vn -0.70711553 -0.70709807 0.00000592
vn -0.70716769 -0.70704591 0.00001562
vn -0.70710677 -0.70710677 0.00000065
vn -0.70710742 -0.70710611 0.00000131
vn -0.70711029 -0.70710331 0.00000303
vn -0.70711029 -0.70710331 0.00000303
vn -0.70711553 -0.70709807 0.00000592
vn -0.70712924 -0.70708430 0.00000107
vn -0.70710737 -0.70710623 0.00000084
vn -0.70710677 -0.70710677 0.00000065
vn -0.70711029 -0.70710331 0.00000303
vn -0.81273675 -0.55197799 -0.18649206
vn -0.80619842 -0.56632078 -0.17124499
vn -0.81990272 -0.53487122 -0.20413804
vn 0.36882573 -0.36881390 -0.85319626
vn 0.50315881 -0.50315607 -0.70261317
vn 0.50315887 -0.50315547 -0.70261347
vn -0.83727348 -0.48572335 -0.25108993
vn -0.82568562 -0.52071226 -0.21702991
vn -0.81273675 -0.55197799 -0.18649206
vn -0.61597747 0.61595851 -0.49108753
vn -0.61597556 0.61595154 -0.49109852
vn -0.49681658 0.49684018 -0.71156394
vn 0.55196899 0.81274575 -0.18647970
vn 0.52070910 0.82568401 -0.21704353
vn 0.48567566 0.83732176 -0.25102082
vn -0.70710742 -0.70710611 0.00000131
vn -0.70710677 -0.70710677 0.00000065
vn -0.76186216 -0.64212042 -0.08513167
vn -0.82298315 -0.52830231 -0.20879512
vn -0.76226044 -0.64161569 -0.08537159
vn -0.76186216 -0.64212042 -0.08513167
vn -0.82568562 -0.52071226 -0.21702991
vn -0.82298315 -0.52830231 -0.20879512
vn -0.80531180 -0.56828970 -0.16887836
vn 0.70710826 0.70710528 -0.00000182
vn 0.64159703 0.76227516 -0.08538105
vn 0.64213133 0.76185316 -0.08512998
vn 0.64213133 0.76185316 -0.08512998
vn 0.64159703 0.76227516 -0.08538105
vn 0.52826619 0.82299948 -0.20882224
vn 0.56828624 0.80531335 -0.16888228
vn 0.52826619 0.82299948 -0.20882224
vn 0.52070910 0.82568401 -0.21704353
vn 0.56828624 0.80531335 -0.16888228
vn 0.55196899 0.81274575 -0.18647970
vn 0.58875376 0.79488289 -0.14673191
vn 0.64213133 0.76185316 -0.08512998
vn 0.56828624 0.80531335 -0.16888228
vn 0.59331542 0.79250085 -0.14113541
vn 0.70710754 0.70710605 -0.00000050
vn 0.64213133 0.76185316 -0.08512998
vn 0.66510230 0.74462938 -0.05626822
vn -0.80531180 -0.56828970 -0.16887836
vn -0.79249948 -0.59331733 -0.14113513
vn -0.79488558 -0.58874911 -0.14673653
vn -0.76186216 -0.64212042 -0.08513167
vn -0.74462831 -0.66510355 -0.05626746
vn -0.79249948 -0.59331733 -0.14113513
vn -0.70710677 -0.70710677 0.00000065
vn -0.70710707 -0.70710647 0.00000101
vn -0.74462831 -0.66510355 -0.05626746
vn 0.70709008 0.70712352 0.00000090
vn 0.70711607 0.70709753 -0.00000113
vn 0.70710158 0.70711201 -0.00000000
vn 0.70709705 0.70711648 0.00000283
vn 0.70711106 0.70710254 0.00000236
vn 0.70709008 0.70712352 0.00000090
vn 0.70711339 0.70710015 -0.00000694
vn 0.70713747 0.70707613 -0.00000250
vn 0.70709705 0.70711648 0.00000283
vn 0.70709008 0.70712352 0.00000090
vn 0.70711106 0.70710254 0.00000236
vn 0.70711607 0.70709753 -0.00000113
vn 0.70710158 0.70711201 -0.00000000
vn 0.70711607 0.70709753 -0.00000113
vn 0.70711213 0.70710140 -0.00000087
vn 0.70710778 0.70710582 0.00000035
vn 0.70710677 0.70710683 -0.00000001
vn 0.70710158 0.70711201 -0.00000000
vn -0.70710182 -0.70711172 -0.00000297
vn -0.70710623 -0.70710731 -0.00000066
vn -0.70710468 -0.70710891 -0.00000199
vn -0.70710444 -0.70710909 0.00000445
vn -0.70712537 -0.70708823 -0.00000034
vn -0.70710182 -0.70711172 -0.00000297
vn -0.70709378 -0.70711976 0.00000041
vn -0.70712662 -0.70708692 -0.00000165
vn -0.70710444 -0.70710909 0.00000445
vn -0.70710182 -0.70711172 -0.00000297
vn -0.70712537 -0.70708823 -0.00000034
vn -0.70710623 -0.70710731 -0.00000066
vn -0.70710468 -0.70710891 -0.00000199
vn -0.70710623 -0.70710731 -0.00000066
vn -0.70710433 -0.70710927 0.00000047
vn -0.70710737 -0.70710623 0.00000084
vn -0.70710468 -0.70710891 -0.00000199
vn -0.70710433 -0.70710927 0.00000047
vn -0.50315887 0.50315958 0.70261061
vn -0.50315857 0.50316066 0.70261002
vn -0.61111701 0.61110139 0.50308168
vn -0.70197386 0.70197392 -0.12027197
vn -0.61597556 0.61595154 -0.49109852
vn -0.61597747 0.61595851 -0.49108753
vn -0.70104676 0.70106292 0.13055372
vn -0.70105076 0.70105749 0.13056161
vn -0.70197386 0.70197392 -0.12027197
vn -0.61111426 0.61110926 0.50307542
vn -0.61111701 0.61110139 0.50308168
vn -0.70105076 0.70105749 0.13056161
vn 0.55196899 0.81274575 -0.18647970
vn 0.53486264 0.81991774 -0.20410021
vn 0.56640267 0.80614626 -0.17121990
vn -0.07230969 0.07231601 -0.99475712
vn -0.07230894 0.07226710 -0.99476069
vn -0.33620256 0.33618701 -0.87974209
vn 0.10559862 -0.10557119 -0.98878896
vn -0.07230894 0.07226710 -0.99476069
vn -0.07230969 0.07231601 -0.99475712
vn 0.36882573 -0.36881390 -0.85319626
vn 0.10559862 -0.10557119 -0.98878896
vn 0.10560270 -0.10560089 -0.98878545
vn 0.50315881 -0.50315607 -0.70261317
vn 0.61672127 -0.61668688 -0.48923630
vn 0.61670864 -0.61670488 -0.48922962
vn 0.70103133 -0.70103043 0.13081053
vn 0.61225992 -0.61229962 0.50022697
vn 0.61225390 -0.61228961 0.50024664
vn 0.70217294 -0.70212519 -0.11820935
vn 0.70103133 -0.70103043 0.13081053
vn 0.70099723 -0.70106190 0.13082498
vn 0.61670864 -0.61670488 -0.48922962
vn 0.61672127 -0.61668688 -0.48923630
vn 0.70217294 -0.70212519 -0.11820935
vn -0.35374039 0.35374886 0.86586922
vn -0.35374016 0.35374489 0.86587101
vn -0.61670905 0.61669374 0.48924306
vn 0.08360559 -0.08359270 0.99298668
vn 0.34592730 -0.34591025 0.87216991
vn 0.34592885 -0.34592378 0.87216401
vn -0.09249892 0.09250111 0.99140686
vn 0.08360559 -0.08359270 0.99298668
vn 0.08360364 -0.08361407 0.99298495
vn -0.35374039 0.35374886 0.86586922
vn -0.09249892 0.09250111 0.99140686
vn -0.09250124 0.09249196 0.99140745
vn -0.70214367 0.70214909 0.11824074
vn -0.70214379 0.70214993 0.11823567
vn -0.61670095 0.61671007 0.48923281
vn -0.70103300 0.70102710 -0.13081941
vn -0.70103890 0.70102125 -0.13081948
vn -0.70214379 0.70214993 0.11823567
vn -0.61226594 0.61227173 -0.50025380
vn -0.61226469 0.61227691 -0.50024891
vn -0.70103890 0.70102125 -0.13081948
vn 0.49682003 -0.49681818 0.71157688
vn 0.34592885 -0.34592378 0.87216401
vn 0.34592730 -0.34591025 0.87216991
vn -0.49682111 0.49682030 -0.71157461
vn -0.49682203 0.49681783 -0.71157575
vn -0.61226469 0.61227691 -0.50024891
vn 0.70710754 0.70710605 -0.00000050
vn 0.70711613 0.70709741 -0.00000927
vn 0.70710826 0.70710528 -0.00000182
vn 0.61225992 -0.61229962 0.50022697
vn 0.49682003 -0.49681818 0.71157688
vn 0.49681988 -0.49681818 0.71157688
vn -0.70710444 -0.70710909 0.00000445
vn -0.70712662 -0.70708692 -0.00000165
vn -0.70712537 -0.70708823 -0.00000034
vn 0.70709705 0.70711648 0.00000283
vn 0.70713747 0.70707613 -0.00000250
vn 0.70711106 0.70710254 0.00000236
vn -0.49681649 0.49684033 -0.71156389
vn -0.49681658 0.49684018 -0.71156394
vn -0.33619913 0.33624229 -0.87972230
vn -0.70710677 -0.70710677 0.00000065
vn -0.70710737 -0.70710623 0.00000084
vn -0.70710707 -0.70710647 0.00000101
vn -0.81273675 -0.55197799 -0.18649206
vn -0.79488558 -0.58874911 -0.14673653
vn -0.80619842 -0.56632078 -0.17124499
vn 0.36882573 -0.36881390 -0.85319626
vn 0.36882749 -0.36883748 -0.85318542
vn 0.50315881 -0.50315607 -0.70261317
vn 0.83727312 -0.48572344 -0.25109056
vn 0.81990248 -0.53487140 -0.20413867
vn 0.81273651 -0.55197811 -0.18649265
vn 0.61597723 0.61595839 -0.49108800
vn 0.49681595 0.49684015 -0.71156430
vn 0.49681610 0.49684003 -0.71156436
vn -0.55196893 0.81274581 -0.18647926
vn -0.53486264 0.81991780 -0.20409979
vn -0.48567572 0.83732188 -0.25102043
vn 0.70710731 -0.70710623 0.00000076
vn 0.76226032 -0.64161581 -0.08537219
vn 0.76186204 -0.64212054 -0.08513227
vn 0.82298291 -0.52830249 -0.20879576
vn 0.80531144 -0.56828982 -0.16887897
vn 0.76186204 -0.64212054 -0.08513227
vn 0.82568538 -0.52071244 -0.21703054
vn 0.81273651 -0.55197811 -0.18649265
vn 0.80531144 -0.56828982 -0.16887897
vn -0.70710814 0.70710540 -0.00000127
vn -0.70710742 0.70710611 0.00000005
vn -0.64213127 0.76185340 -0.08512948
vn -0.64213127 0.76185340 -0.08512948
vn -0.56828624 0.80531341 -0.16888183
vn -0.52826619 0.82299954 -0.20882182
vn -0.56828624 0.80531341 -0.16888183
vn -0.55196893 0.81274581 -0.18647926
vn -0.52070910 0.82568419 -0.21704315
vn -0.56828624 0.80531341 -0.16888183
vn -0.59331542 0.79250103 -0.14113496
vn -0.58875382 0.79488295 -0.14673145
vn -0.64213127 0.76185340 -0.08512948
vn -0.66510218 0.74462950 -0.05626771
vn -0.59331542 0.79250103 -0.14113496
vn -0.70710742 0.70710611 0.00000005
vn -0.70710665 0.70710695 0.00000055
vn -0.66510218 0.74462950 -0.05626771
vn 0.80531144 -0.56828982 -0.16887897
vn 0.81273651 -0.55197811 -0.18649265
vn 0.79488528 -0.58874923 -0.14673711
vn 0.76186204 -0.64212054 -0.08513227
vn 0.80531144 -0.56828982 -0.16887897
vn 0.79249924 -0.59331751 -0.14113574
vn 0.70710665 -0.70710689 0.00000010
vn 0.76186204 -0.64212054 -0.08513227
vn 0.74462813 -0.66510361 -0.05626804
vn -0.70710766 0.70710593 0.00000091
vn -0.70711201 0.70710152 -0.00000032
vn -0.70710146 0.70711213 0.00000055
vn 0.70710731 -0.70710629 0.00000029
vn 0.70710695 -0.70710665 0.00000046
vn 0.70710415 -0.70710939 -0.00000008
vn 0.50315946 0.50315952 0.70261019
vn 0.61111474 0.61110914 0.50307494
vn 0.61111748 0.61110127 0.50308120
vn 0.70197386 0.70197380 -0.12027250
vn 0.70197582 0.70197159 -0.12027407
vn 0.61597723 0.61595839 -0.49108800
vn 0.70104700 0.70106280 0.13055319
vn 0.70197582 0.70197159 -0.12027407
vn 0.70197386 0.70197380 -0.12027250
vn 0.61111474 0.61110914 0.50307494
vn 0.70104700 0.70106280 0.13055319
vn 0.70105100 0.70105731 0.13056105
vn -0.55196893 0.81274581 -0.18647926
vn -0.58875382 0.79488295 -0.14673145
vn -0.56640267 0.80614632 -0.17121947
vn 0.07230893 0.07231600 -0.99475718
vn 0.33619848 0.33624220 -0.87972254
vn 0.33620191 0.33618695 -0.87974232
vn -0.10559941 -0.10557118 -0.98878890
vn -0.10560349 -0.10560087 -0.98878539
vn 0.07230893 0.07231600 -0.99475718
vn -0.36882648 -0.36881384 -0.85319608
vn -0.36882821 -0.36883739 -0.85318512
vn -0.10560349 -0.10560087 -0.98878539
vn -0.50315940 -0.50315607 -0.70261276
vn -0.50315952 -0.50315547 -0.70261312
vn -0.61670905 -0.61670476 -0.48922917
vn -0.70103133 -0.70103031 0.13081107
vn -0.70099723 -0.70106179 0.13082552
vn -0.61225361 -0.61228943 0.50024706
vn -0.70217317 -0.70212507 -0.11820883
vn -0.70212299 -0.70217538 -0.11820740
vn -0.70099723 -0.70106179 0.13082552
vn -0.61670905 -0.61670476 -0.48922917
vn -0.70212299 -0.70217538 -0.11820740
vn -0.70217317 -0.70212507 -0.11820883
vn 0.35374111 0.35374880 0.86586899
vn 0.61670142 0.61670995 0.48923233
vn 0.61670953 0.61669362 0.48924261
vn -0.08360482 -0.08359268 0.99298674
vn -0.08360288 -0.08361406 0.99298501
vn -0.34592825 -0.34592372 0.87216425
vn 0.09249971 0.09250110 0.99140680
vn 0.09250203 0.09249193 0.99140739
vn -0.08360288 -0.08361406 0.99298501
vn 0.35374111 0.35374880 0.86586899
vn 0.35374084 0.35374480 0.86587065
vn 0.09250203 0.09249193 0.99140739
vn 0.70214385 0.70214903 0.11824021
vn 0.61670953 0.61669362 0.48924261
vn 0.61670142 0.61670995 0.48923233
vn 0.70103306 0.70102704 -0.13081996
vn 0.70214385 0.70214903 0.11824021
vn 0.70214397 0.70214975 0.11823511
vn 0.61226565 0.61227155 -0.50025421
vn 0.70103306 0.70102704 -0.13081996
vn 0.70103890 0.70102113 -0.13082002
vn -0.49681956 -0.49681810 0.71157730
vn -0.49681941 -0.49681813 0.71157730
vn -0.34592673 -0.34591022 0.87217027
vn 0.49682063 0.49682021 -0.71157503
vn 0.61226565 0.61227155 -0.50025421
vn 0.61226445 0.61227673 -0.50024939
vn -0.70710766 0.70710593 0.00000091
vn -0.70710665 0.70710695 0.00000055
vn -0.70710742 0.70710611 0.00000005
vn -0.70711601 0.70709753 -0.00000871
vn -0.70710766 0.70710593 0.00000091
vn -0.70710742 0.70710611 0.00000005
vn -0.70707238 0.70714116 -0.00001108
vn -0.70722842 0.70698518 -0.00003028
vn -0.70711601 0.70709753 -0.00000871
vn -0.70712256 0.70709097 -0.00001973
vn -0.70707238 0.70714116 -0.00001108
vn -0.70711601 0.70709753 -0.00000871
vn -0.70710814 0.70710540 -0.00000127
vn -0.70712256 0.70709097 -0.00001973
vn -0.70711601 0.70709753 -0.00000871
vn -0.61225969 -0.61229950 0.50022739
vn -0.61225361 -0.61228943 0.50024706
vn -0.49681941 -0.49681813 0.71157730
vn 0.49681595 0.49684015 -0.71156430
vn 0.33620191 0.33618695 -0.87974232
vn 0.33619848 0.33624220 -0.87972254
vn 0.70711547 -0.70709813 0.00000537
vn 0.70710731 -0.70710623 0.00000076
vn 0.70711017 -0.70710337 0.00000248
vn 0.70712912 -0.70708442 0.00000052
vn 0.70716757 -0.70704603 0.00001507
vn 0.70711547 -0.70709813 0.00000537
vn 0.70710665 -0.70710689 0.00000010
vn 0.70711017 -0.70710337 0.00000248
vn 0.70710731 -0.70710623 0.00000076
vn 0.70711017 -0.70710337 0.00000248
vn 0.70712912 -0.70708442 0.00000052
vn 0.70711547 -0.70709813 0.00000537
vn 0.70710731 -0.70710629 0.00000029
vn 0.70711017 -0.70710337 0.00000248
vn 0.70710665 -0.70710689 0.00000010
vn 0.81273651 -0.55197811 -0.18649265
vn 0.81990248 -0.53487140 -0.20413867
vn 0.80619818 -0.56632096 -0.17124562
vn -0.36882648 -0.36881384 -0.85319608
vn -0.50315952 -0.50315547 -0.70261312
vn -0.50315940 -0.50315607 -0.70261276
vn 0.83727312 -0.48572344 -0.25109056
vn 0.81273651 -0.55197811 -0.18649265
vn 0.82568538 -0.52071244 -0.21703054
vn 0.61597723 0.61595839 -0.49108800
vn 0.49681610 0.49684003 -0.71156436
vn 0.61597532 0.61595142 -0.49109900
vn -0.55196893 0.81274581 -0.18647926
vn -0.48567572 0.83732188 -0.25102043
vn -0.52070910 0.82568419 -0.21704315
vn 0.70710731 -0.70710623 0.00000076
vn 0.76186204 -0.64212054 -0.08513227
vn 0.70710665 -0.70710689 0.00000010
vn 0.82298291 -0.52830249 -0.20879576
vn 0.76186204 -0.64212054 -0.08513227
vn 0.76226032 -0.64161581 -0.08537219
vn 0.82568538 -0.52071244 -0.21703054
vn 0.80531144 -0.56828982 -0.16887897
vn 0.82298291 -0.52830249 -0.20879576
vn -0.70710814 0.70710540 -0.00000127
vn -0.64213127 0.76185340 -0.08512948
vn -0.64159691 0.76227528 -0.08538055
vn -0.64213127 0.76185340 -0.08512948
vn -0.52826619 0.82299954 -0.20882182
vn -0.64159691 0.76227528 -0.08538055
vn -0.56828624 0.80531341 -0.16888183
vn -0.52070910 0.82568419 -0.21704315
vn -0.52826619 0.82299954 -0.20882182
vn -0.56828624 0.80531341 -0.16888183
vn -0.58875382 0.79488295 -0.14673145
vn -0.55196893 0.81274581 -0.18647926
vn -0.64213127 0.76185340 -0.08512948
vn -0.59331542 0.79250103 -0.14113496
vn -0.56828624 0.80531341 -0.16888183
vn -0.70710742 0.70710611 0.00000005
vn -0.66510218 0.74462950 -0.05626771
vn -0.64213127 0.76185340 -0.08512948
vn 0.80531144 -0.56828982 -0.16887897
vn 0.79488528 -0.58874923 -0.14673711
vn 0.79249924 -0.59331751 -0.14113574
vn 0.76186204 -0.64212054 -0.08513227
vn 0.79249924 -0.59331751 -0.14113574
vn 0.74462813 -0.66510361 -0.05626804
vn 0.70710665 -0.70710689 0.00000010
vn 0.74462813 -0.66510361 -0.05626804
vn 0.70710695 -0.70710665 0.00000046
vn -0.70708996 0.70712364 0.00000145
vn -0.70710146 0.70711213 0.00000055
vn -0.70711595 0.70709765 -0.00000058
vn -0.70709693 0.70711660 0.00000338
vn -0.70708996 0.70712364 0.00000145
vn -0.70711094 0.70710266 0.00000291
vn -0.70711327 0.70710027 -0.00000639
vn -0.70709693 0.70711660 0.00000338
vn -0.70713735 0.70707625 -0.00000195
vn -0.70708996 0.70712364 0.00000145
vn -0.70711595 0.70709765 -0.00000058
vn -0.70711094 0.70710266 0.00000291
vn -0.70710146 0.70711213 0.00000055
vn -0.70711201 0.70710152 -0.00000032
vn -0.70711595 0.70709765 -0.00000058
vn -0.70710766 0.70710593 0.00000091
vn -0.70710146 0.70711213 0.00000055
vn -0.70710665 0.70710695 0.00000055
vn 0.70710170 -0.70711184 -0.00000352
vn 0.70710456 -0.70710903 -0.00000254
vn 0.70710611 -0.70710748 -0.00000122
vn 0.70710438 -0.70710921 0.00000390
vn 0.70710170 -0.70711184 -0.00000352
vn 0.70712519 -0.70708835 -0.00000089
vn 0.70709366 -0.70711988 -0.00000014
vn 0.70710438 -0.70710921 0.00000390
vn 0.70712650 -0.70708704 -0.00000220
vn 0.70710170 -0.70711184 -0.00000352
vn 0.70710611 -0.70710748 -0.00000122
vn 0.70712519 -0.70708835 -0.00000089
vn 0.70710456 -0.70710903 -0.00000254
vn 0.70710415 -0.70710939 -0.00000008
vn 0.70710611 -0.70710748 -0.00000122
vn 0.70710731 -0.70710629 0.00000029
vn 0.70710415 -0.70710939 -0.00000008
vn 0.70710456 -0.70710903 -0.00000254
vn 0.50315946 0.50315952 0.70261019
vn 0.61111748 0.61110127 0.50308120
vn 0.50315917 0.50316060 0.70260960
vn 0.70197386 0.70197380 -0.12027250
vn 0.61597723 0.61595839 -0.49108800
vn 0.61597532 0.61595142 -0.49109900
vn 0.70104700 0.70106280 0.13055319
vn 0.70197386 0.70197380 -0.12027250
vn 0.70105100 0.70105731 0.13056105
vn 0.61111474 0.61110914 0.50307494
vn 0.70105100 0.70105731 0.13056105
vn 0.61111748 0.61110127 0.50308120
vn -0.55196893 0.81274581 -0.18647926
vn -0.56640267 0.80614632 -0.17121947
vn -0.53486264 0.81991780 -0.20409979
vn 0.07230893 0.07231600 -0.99475718
vn 0.33620191 0.33618695 -0.87974232
vn 0.07230818 0.07226709 -0.99476075
vn -0.10559941 -0.10557118 -0.98878890
vn 0.07230893 0.07231600 -0.99475718
vn 0.07230818 0.07226709 -0.99476075
vn -0.36882648 -0.36881384 -0.85319608
vn -0.10560349 -0.10560087 -0.98878539
vn -0.10559941 -0.10557118 -0.98878890
vn -0.50315940 -0.50315607 -0.70261276
vn -0.61670905 -0.61670476 -0.48922917
vn -0.61672175 -0.61668676 -0.48923582
vn -0.70103133 -0.70103031 0.13081107
vn -0.61225361 -0.61228943 0.50024706
vn -0.61225969 -0.61229950 0.50022739
vn -0.70217317 -0.70212507 -0.11820883
vn -0.70099723 -0.70106179 0.13082552
vn -0.70103133 -0.70103031 0.13081107
vn -0.61670905 -0.61670476 -0.48922917
vn -0.70217317 -0.70212507 -0.11820883
vn -0.61672175 -0.61668676 -0.48923582
vn 0.35374111 0.35374880 0.86586899
vn 0.61670953 0.61669362 0.48924261
vn 0.35374084 0.35374480 0.86587065
vn -0.08360482 -0.08359268 0.99298674
vn -0.34592825 -0.34592372 0.87216425
vn -0.34592673 -0.34591022 0.87217027
vn 0.09249971 0.09250110 0.99140680
vn -0.08360288 -0.08361406 0.99298501
vn -0.08360482 -0.08359268 0.99298674
vn 0.35374111 0.35374880 0.86586899
vn 0.09250203 0.09249193 0.99140739
vn 0.09249971 0.09250110 0.99140680
vn 0.70214385 0.70214903 0.11824021
vn 0.61670142 0.61670995 0.48923233
vn 0.70214397 0.70214975 0.11823511
vn 0.70103306 0.70102704 -0.13081996
vn 0.70214397 0.70214975 0.11823511
vn 0.70103890 0.70102113 -0.13082002
vn 0.61226565 0.61227155 -0.50025421
vn 0.70103890 0.70102113 -0.13082002
vn 0.61226445 0.61227673 -0.50024939
vn -0.49681956 -0.49681810 0.71157730
vn -0.34592673 -0.34591022 0.87217027
vn -0.34592825 -0.34592372 0.87216425
vn 0.49682063 0.49682021 -0.71157503
vn 0.61226445 0.61227673 -0.50024939
vn 0.49682149 0.49681768 -0.71157610
vn -0.70710742 0.70710611 0.00000005
vn -0.70710814 0.70710540 -0.00000127
vn -0.70711601 0.70709753 -0.00000871
vn -0.61225969 -0.61229950 0.50022739
vn -0.49681941 -0.49681813 0.71157730
vn -0.49681956 -0.49681810 0.71157730
vn 0.70710438 -0.70710921 0.00000390
vn 0.70712519 -0.70708835 -0.00000089
vn 0.70712650 -0.70708704 -0.00000220
vn -0.70709693 0.70711660 0.00000338
vn -0.70711094 0.70710266 0.00000291
vn -0.70713735 0.70707625 -0.00000195
vn 0.49681595 0.49684015 -0.71156430
vn 0.33619848 0.33624220 -0.87972254
vn 0.49681610 0.49684003 -0.71156436
vn 0.70710665 -0.70710689 0.00000010
vn 0.70710695 -0.70710665 0.00000046
vn 0.70710731 -0.70710629 0.00000029
vn 0.81273651 -0.55197811 -0.18649265
vn 0.80619818 -0.56632096 -0.17124562
vn 0.79488528 -0.58874923 -0.14673711
vn -0.36882648 -0.36881384 -0.85319608
vn -0.50315940 -0.50315607 -0.70261276
vn -0.36882821 -0.36883739 -0.85318512
f 1393/7855/7855 1394/7856/7856 1395/7857/7857
f 1396/7858/7858 1394/7859/7859 1397/7860/7860
f 1398/7861/7861 1397/7862/7862 1399/7863/7863
f 1400/7864/7864 1401/7865/7865 1402/7866/7866
f 1403/7867/7867 1404/7868/7868 1402/7869/7869
f 1405/7870/7870 1395/7871/7871 1404/7872/7872
f 1406/7873/7873 1407/7874/7874 1408/7875/7875
f 1408/7876/7876 1409/7877/7877 1410/7878/7878
f 1409/7879/7879 1398/7880/7880 1411/7881/7881
f 1409/7882/7882 1412/7883/7883 1413/7884/7884
f 1408/7885/7885 1414/7886/7886 1412/7887/7887
f 1407/7888/7888 1415/7889/7889 1414/7890/7890
f 1404/7891/7891 1395/7892/7892 1416/7893/7893
f 1402/7894/7894 1404/7895/7895 1417/7896/7896
f 1418/7897/7897 1402/7898/7898 1419/7899/7899
f 1420/7900/7900 1421/7901/7901 1422/7902/7902
f 1423/7903/7903 1424/7904/7904 1425/7905/7905
f 1424/7906/7906 1419/7907/7907 1414/7908/7908
f 1413/7909/7909 1416/7910/7910 1396/7911/7911
f 1417/7912/7912 1416/7913/7913 1413/7914/7914
f 1419/7915/7915 1417/7916/7916 1412/7917/7917
f 1398/7918/7918 1413/7919/7919 1426/7920/7920
f 1411/7921/7921 1399/7922/7922 1393/7923/7923
f 1403/7924/7924 1410/7925/7925 1411/7926/7926
f 1401/7927/7927 1427/7928/7928 1410/7929/7929
f 1406/7930/7930 1400/7931/7931 1428/7932/7932
f 1429/7933/7933 1430/7934/7934 1431/7935/7935
f 1432/7936/7936 1433/7937/7937 1430/7938/7938
f 1428/7939/7939 1433/7940/7940 1432/7941/7941
f 1434/7942/7942 1435/7943/7943 1436/7944/7944
f 1437/7945/7945 1438/7946/7946 1421/7947/7947
f 1439/7948/7948 1440/7949/7949 1438/7950/7950
f 1434/7951/7951 1441/7952/7952 1440/7953/7953
f 1442/7954/7954 1436/7955/7955 1435/7956/7956
f 1443/7957/7957 1442/7958/7958 1444/7959/7959
f 1422/7960/7960 1443/7961/7961 1445/7962/7962
f 1420/7963/7963 1423/7964/7964 1446/7965/7965
f 1415/7966/7966 1422/7967/7967 1425/7968/7968
f 1420/7969/7969 1415/7970/7970 1407/7971/7971
f 1447/7972/7972 1420/7973/7973 1407/7974/7974
f 1432/7975/7975 1429/7976/7976 1447/7977/7977
f 1448/7978/7978 1432/7979/7979 1447/7980/7980
f 1406/7981/7981 1448/7982/7982 1447/7983/7983
f 1447/7984/7984 1431/7985/7985 1423/7986/7986
f 1394/7987/7987 1393/7988/7988 1399/7989/7989
f 1428/7990/7990 1400/7991/7991 1431/7992/7992
f 1430/7993/7993 1433/7994/7994 1428/7995/7995
f 1418/7996/7996 1431/7997/7997 1400/7998/7998
f 1431/7999/7999 1430/8000/8000 1428/8001/8001
f 1423/8002/8002 1431/8003/8003 1418/8004/8004
f 1395/8005/8005 1394/8006/8006 1396/8007/8007
f 1401/8008/8008 1400/8009/8009 1406/8010/8010
f 1393/8011/8011 1395/8012/8012 1405/8013/8013
f 1396/8014/8014 1397/8015/8015 1426/8016/8016
f 1398/8017/8017 1399/8018/8018 1411/8019/8019
f 1400/8020/8020 1402/8021/8021 1418/8022/8022
f 1403/8023/8023 1402/8024/8024 1401/8025/8025
f 1405/8026/8026 1404/8027/8027 1403/8028/8028
f 1406/8029/8029 1408/8030/8030 1427/8031/8031
f 1408/8032/8032 1410/8033/8033 1427/8034/8034
f 1409/8035/8035 1411/8036/8036 1410/8037/8037
f 1409/8038/8038 1413/8039/8039 1398/8040/8040
f 1408/8041/8041 1412/8042/8042 1409/8043/8043
f 1407/8044/8044 1414/8045/8045 1408/8046/8046
f 1404/8047/8047 1416/8048/8048 1417/8049/8049
f 1402/8050/8050 1417/8051/8051 1419/8052/8052
f 1418/8053/8053 1419/8054/8054 1424/8055/8055
f 1443/8056/8056 1422/8057/8057 1438/8058/8058
f 1442/8059/8059 1443/8060/8060 1440/8061/8061
f 1436/8062/8062 1442/8063/8063 1441/8064/8064
f 1443/8065/8065 1438/8066/8066 1440/8067/8067
f 1422/8068/8068 1421/8069/8069 1438/8070/8070
f 1420/8071/8071 1422/8072/8072 1415/8073/8073
f 1437/8074/8074 1446/8075/8075 1445/8076/8076
f 1439/8077/8077 1437/8078/8078 1444/8079/8079
f 1434/8080/8080 1439/8081/8081 1435/8082/8082
f 1437/8083/8083 1445/8084/8084 1444/8085/8085
f 1446/8086/8086 1425/8087/8087 1445/8088/8088
f 1423/8089/8089 1425/8090/8090 1446/8091/8091
f 1424/8092/8092 1414/8093/8093 1415/8094/8094
f 1413/8095/8095 1396/8096/8096 1426/8097/8097
f 1417/8098/8098 1413/8099/8099 1412/8100/8100
f 1419/8101/8101 1412/8102/8102 1414/8103/8103
f 1398/8104/8104 1426/8105/8105 1397/8106/8106
f 1411/8107/8107 1393/8108/8108 1405/8109/8109
f 1403/8110/8110 1411/8111/8111 1405/8112/8112
f 1401/8113/8113 1410/8114/8114 1403/8115/8115
f 1406/8116/8116 1428/8117/8117 1448/8118/8118
f 1429/8119/8119 1431/8120/8120 1447/8121/8121
f 1432/8122/8122 1430/8123/8123 1429/8124/8124
f 1428/8125/8125 1432/8126/8126 1448/8127/8127
f 1434/8128/8128 1436/8129/8129 1441/8130/8130
f 1437/8131/8131 1421/8132/8132 1446/8133/8133
f 1439/8134/8134 1438/8135/8135 1437/8136/8136
f 1434/8137/8137 1440/8138/8138 1439/8139/8139
f 1442/8140/8140 1435/8141/8141 1444/8142/8142
f 1443/8143/8143 1444/8144/8144 1445/8145/8145
f 1422/8146/8146 1445/8147/8147 1425/8148/8148
f 1420/8149/8149 1446/8150/8150 1421/8151/8151
f 1415/8152/8152 1425/8153/8153 1424/8154/8154
f 1407/8155/8155 1406/8156/8156 1447/8157/8157
f 1447/8158/8158 1423/8159/8159 1420/8160/8160
f 1439/8161/8161 1444/8162/8162 1435/8163/8163
f 1442/8164/8164 1440/8165/8165 1441/8166/8166
f 1394/8167/8167 1399/8168/8168 1397/8169/8169
f 1418/8170/8170 1424/8171/8171 1423/8172/8172
f 1395/8173/8173 1396/8174/8174 1416/8175/8175
f 1401/8176/8176 1406/8177/8177 1427/8178/8178
f 1449/8179/8179 1450/8180/8180 1451/8181/8181
f 1452/8182/8182 1453/8183/8183 1451/8184/8184
f 1454/8185/8185 1455/8186/8186 1453/8187/8187
f 1456/8188/8188 1457/8189/8189 1458/8190/8190
f 1459/8191/8191 1457/8192/8192 1460/8193/8193
f 1461/8194/8194 1460/8195/8195 1450/8196/8196
f 1462/8197/8197 1463/8198/8198 1464/8199/8199
f 1463/8200/8200 1465/8201/8201 1466/8202/8202
f 1466/8203/8203 1467/8204/8204 1454/8205/8205
f 1466/8206/8206 1468/8207/8207 1469/8208/8208
f 1463/8209/8209 1469/8210/8210 1470/8211/8211
f 1464/8212/8212 1470/8213/8213 1471/8214/8214
f 1460/8215/8215 1472/8216/8216 1450/8217/8217
f 1457/8218/8218 1473/8219/8219 1460/8220/8220
f 1474/8221/8221 1475/8222/8222 1457/8223/8223
f 1476/8224/8224 1477/8225/8225 1478/8226/8226
f 1479/8227/8227 1480/8228/8228 1481/8229/8229
f 1481/8230/8230 1470/8231/8231 1475/8232/8232
f 1468/8233/8233 1452/8234/8234 1472/8235/8235
f 1473/8236/8236 1468/8237/8237 1472/8238/8238
f 1475/8239/8239 1469/8240/8240 1473/8241/8241
f 1454/8242/8242 1482/8243/8243 1468/8244/8244
f 1467/8245/8245 1449/8246/8246 1455/8247/8247
f 1459/8248/8248 1467/8249/8249 1465/8250/8250
f 1458/8251/8251 1465/8252/8252 1483/8253/8253
f 1462/8254/8254 1484/8255/8255 1456/8256/8256
f 1485/8257/8257 1486/8258/8258 1487/8259/8259
f 1488/8260/8260 1487/8261/8261 1489/8262/8262
f 1484/8263/8263 1488/8264/8264 1489/8265/8265
f 1490/8266/8266 1491/8267/8267 1492/8268/8268
f 1493/8269/8269 1478/8270/8270 1494/8271/8271
f 1495/8272/8272 1494/8273/8273 1496/8274/8274
f 1490/8275/8275 1496/8276/8276 1497/8277/8277
f 1498/8278/8278 1492/8279/8279 1491/8280/8280
f 1499/8281/8281 1500/8282/8282 1498/8283/8283
f 1477/8284/8284 1501/8285/8285 1499/8286/8286
f 1476/8287/8287 1502/8288/8288 1479/8289/8289
f 1471/8290/8290 1480/8291/8291 1477/8292/8292
f 1476/8293/8293 1464/8294/8294 1471/8295/8295
f 1503/8296/8296 1464/8297/8297 1476/8298/8298
f 1488/8299/8299 1503/8300/8300 1485/8301/8301
f 1504/8302/8302 1503/8303/8303 1488/8304/8304
f 1462/8305/8305 1503/8306/8306 1504/8307/8307
f 1503/8308/8308 1479/8309/8309 1486/8310/8310
f 1451/8311/8311 1455/8312/8312 1449/8313/8313
f 1484/8314/8314 1486/8315/8315 1456/8316/8316
f 1487/8317/8317 1484/8318/8318 1489/8319/8319
f 1474/8320/8320 1456/8321/8321 1486/8322/8322
f 1486/8323/8323 1484/8324/8324 1487/8325/8325
f 1479/8326/8326 1474/8327/8327 1486/8328/8328
f 1450/8329/8329 1452/8330/8330 1451/8331/8331
f 1458/8332/8332 1462/8333/8333 1456/8334/8334
f 1449/8335/8335 1461/8336/8336 1450/8337/8337
f 1452/8338/8338 1482/8339/8339 1453/8340/8340
f 1454/8341/8341 1467/8342/8342 1455/8343/8343
f 1456/8344/8344 1474/8345/8345 1457/8346/8346
f 1459/8347/8347 1458/8348/8348 1457/8349/8349
f 1461/8350/8350 1459/8351/8351 1460/8352/8352
f 1462/8353/8353 1483/8354/8354 1463/8355/8355
f 1463/8356/8356 1483/8357/8357 1465/8358/8358
f 1466/8359/8359 1465/8360/8360 1467/8361/8361
f 1466/8362/8362 1454/8363/8363 1468/8364/8364
f 1463/8365/8365 1466/8366/8366 1469/8367/8367
f 1464/8368/8368 1463/8369/8369 1470/8370/8370
f 1460/8371/8371 1473/8372/8372 1472/8373/8373
f 1457/8374/8374 1475/8375/8375 1473/8376/8376
f 1474/8377/8377 1481/8378/8378 1475/8379/8379
f 1499/8380/8380 1494/8381/8381 1477/8382/8382
f 1498/8383/8383 1496/8384/8384 1499/8385/8385
f 1491/8386/8386 1497/8387/8387 1498/8388/8388
f 1499/8389/8389 1496/8390/8390 1494/8391/8391
f 1477/8392/8392 1494/8393/8393 1478/8394/8394
f 1476/8395/8395 1471/8396/8396 1477/8397/8397
f 1493/8398/8398 1501/8399/8399 1502/8400/8400
f 1495/8401/8401 1500/8402/8402 1493/8403/8403
f 1490/8404/8404 1492/8405/8405 1495/8406/8406
f 1493/8407/8407 1500/8408/8408 1501/8409/8409
f 1502/8410/8410 1501/8411/8411 1480/8412/8412
f 1479/8413/8413 1502/8414/8414 1480/8415/8415
f 1481/8416/8416 1471/8417/8417 1470/8418/8418
f 1468/8419/8419 1482/8420/8420 1452/8421/8421
f 1473/8422/8422 1469/8423/8423 1468/8424/8424
f 1475/8425/8425 1470/8426/8426 1469/8427/8427
f 1454/8428/8428 1453/8429/8429 1482/8430/8430
f 1467/8431/8431 1461/8432/8432 1449/8433/8433
f 1459/8434/8434 1461/8435/8435 1467/8436/8436
f 1458/8437/8437 1459/8438/8438 1465/8439/8439
f 1462/8440/8440 1504/8441/8441 1484/8442/8442
f 1485/8443/8443 1503/8444/8444 1486/8445/8445
f 1488/8446/8446 1485/8447/8447 1487/8448/8448
f 1484/8449/8449 1504/8450/8450 1488/8451/8451
f 1490/8452/8452 1497/8453/8453 1491/8454/8454
f 1493/8455/8455 1502/8456/8456 1478/8457/8457
f 1495/8458/8458 1493/8459/8459 1494/8460/8460
f 1490/8461/8461 1495/8462/8462 1496/8463/8463
f 1498/8464/8464 1500/8465/8465 1492/8466/8466
f 1499/8467/8467 1501/8468/8468 1500/8469/8469
f 1477/8470/8470 1480/8471/8471 1501/8472/8472
f 1476/8473/8473 1478/8474/8474 1502/8475/8475
f 1471/8476/8476 1481/8477/8477 1480/8478/8478
f 1464/8479/8479 1503/8480/8480 1462/8481/8481
f 1503/8482/8482 1476/8483/8483 1479/8484/8484
f 1495/8485/8485 1492/8486/8486 1500/8487/8487
f 1498/8488/8488 1497/8489/8489 1496/8490/8490
f 1451/8491/8491 1453/8492/8492 1455/8493/8493
f 1474/8494/8494 1479/8495/8495 1481/8496/8496
f 1450/8497/8497 1472/8498/8498 1452/8499/8499
f 1458/8500/8500 1483/8501/8501 1462/8502/8502
f 1505/8503/8503 1506/8504/8504 1507/8505/8505
f 1508/8506/8506 1509/8507/8507 1507/8508/8508
f 1510/8509/8509 1511/8510/8510 1509/8511/8511
f 1512/8512/8512 1513/8513/8513 1514/8514/8514
f 1515/8515/8515 1513/8516/8516 1516/8517/8517
f 1517/8518/8518 1516/8519/8519 1506/8520/8520
f 1518/8521/8521 1519/8522/8522 1520/8523/8523
f 1519/8524/8524 1521/8525/8525 1522/8526/8526
f 1522/8527/8527 1523/8528/8528 1510/8529/8529
f 1522/8530/8530 1524/8531/8531 1525/8532/8532
f 1519/8533/8533 1525/8534/8534 1526/8535/8535
f 1520/8536/8536 1526/8537/8537 1527/8538/8538
f 1516/8539/8539 1528/8540/8540 1506/8541/8541
f 1513/8542/8542 1529/8543/8543 1516/8544/8544
f 1530/8545/8545 1531/8546/8546 1513/8547/8547
f 1532/8548/8548 1533/8549/8549 1534/8550/8550
f 1535/8551/8551 1536/8552/8552 1537/8553/8553
f 1537/8554/8554 1526/8555/8555 1531/8556/8556
f 1524/8557/8557 1508/8558/8558 1528/8559/8559
f 1529/8560/8560 1524/8561/8561 1528/8562/8562
f 1531/8563/8563 1525/8564/8564 1529/8565/8565
f 1510/8566/8566 1538/8567/8567 1524/8568/8568
f 1523/8569/8569 1505/8570/8570 1511/8571/8571
f 1515/8572/8572 1523/8573/8573 1521/8574/8574
f 1514/8575/8575 1521/8576/8576 1539/8577/8577
f 1518/8578/8578 1540/8579/8579 1512/8580/8580
f 1541/8581/8581 1542/8582/8582 1543/8583/8583
f 1544/8584/8584 1543/8585/8585 1545/8586/8586
f 1540/8587/8587 1544/8588/8588 1545/8589/8589
f 1546/8590/8590 1547/8591/8591 1548/8592/8592
f 1549/8593/8593 1534/8594/8594 1550/8595/8595
f 1551/8596/8596 1550/8597/8597 1552/8598/8598
f 1546/8599/8599 1552/8600/8600 1553/8601/8601
f 1554/8602/8602 1548/8603/8603 1547/8604/8604
f 1555/8605/8605 1556/8606/8606 1554/8607/8607
f 1533/8608/8608 1557/8609/8609 1555/8610/8610
f 1532/8611/8611 1558/8612/8612 1535/8613/8613
f 1527/8614/8614 1536/8615/8615 1533/8616/8616
f 1532/8617/8617 1520/8618/8618 1527/8619/8619
f 1559/8620/8620 1520/8621/8621 1532/8622/8622
f 1544/8623/8623 1559/8624/8624 1541/8625/8625
f 1560/8626/8626 1559/8627/8627 1544/8628/8628
f 1518/8629/8629 1559/8630/8630 1560/8631/8631
f 1559/8632/8632 1535/8633/8633 1542/8634/8634
f 1507/8635/8635 1511/8636/8636 1505/8637/8637
f 1540/8638/8638 1542/8639/8639 1512/8640/8640
f 1543/8641/8641 1540/8642/8642 1545/8643/8643
f 1530/8644/8644 1512/8645/8645 1542/8646/8646
f 1542/8647/8647 1540/8648/8648 1543/8649/8649
f 1535/8650/8650 1530/8651/8651 1542/8652/8652
f 1506/8653/8653 1508/8654/8654 1507/8655/8655
f 1514/8656/8656 1518/8657/8657 1512/8658/8658
f 1505/8659/8659 1517/8660/8660 1506/8661/8661
f 1508/8662/8662 1538/8663/8663 1509/8664/8664
f 1510/8665/8665 1523/8666/8666 1511/8667/8667
f 1512/8668/8668 1530/8669/8669 1513/8670/8670
f 1515/8671/8671 1514/8672/8672 1513/8673/8673
f 1517/8674/8674 1515/8675/8675 1516/8676/8676
f 1518/8677/8677 1539/8678/8678 1519/8679/8679
f 1519/8680/8680 1539/8681/8681 1521/8682/8682
f 1522/8683/8683 1521/8684/8684 1523/8685/8685
f 1522/8686/8686 1510/8687/8687 1524/8688/8688
f 1519/8689/8689 1522/8690/8690 1525/8691/8691
f 1520/8692/8692 1519/8693/8693 1526/8694/8694
f 1516/8695/8695 1529/8696/8696 1528/8697/8697
f 1513/8698/8698 1531/8699/8699 1529/8700/8700
f 1530/8701/8701 1537/8702/8702 1531/8703/8703
f 1555/8704/8704 1550/8705/8705 1533/8706/8706
f 1554/8707/8707 1552/8708/8708 1555/8709/8709
f 1547/8710/8710 1553/8711/8711 1554/8712/8712
f 1555/8713/8713 1552/8714/8714 1550/8715/8715
f 1533/8716/8716 1550/8717/8717 1534/8718/8718
f 1532/8719/8719 1527/8720/8720 1533/8721/8721
f 1549/8722/8722 1557/8723/8723 1558/8724/8724
f 1551/8725/8725 1556/8726/8726 1549/8727/8727
f 1546/8728/8728 1548/8729/8729 1551/8730/8730
f 1549/8731/8731 1556/8732/8732 1557/8733/8733
f 1558/8734/8734 1557/8735/8735 1536/8736/8736
f 1535/8737/8737 1558/8738/8738 1536/8739/8739
f 1537/8740/8740 1527/8741/8741 1526/8742/8742
f 1524/8743/8743 1538/8744/8744 1508/8745/8745
f 1529/8746/8746 1525/8747/8747 1524/8748/8748
f 1531/8749/8749 1526/8750/8750 1525/8751/8751
f 1510/8752/8752 1509/8753/8753 1538/8754/8754
f 1523/8755/8755 1517/8756/8756 1505/8757/8757
f 1515/8758/8758 1517/8759/8759 1523/8760/8760
f 1514/8761/8761 1515/8762/8762 1521/8763/8763
f 1518/8764/8764 1560/8765/8765 1540/8766/8766
f 1541/8767/8767 1559/8768/8768 1542/8769/8769
f 1544/8770/8770 1541/8771/8771 1543/8772/8772
f 1540/8773/8773 1560/8774/8774 1544/8775/8775
f 1546/8776/8776 1553/8777/8777 1547/8778/8778
f 1549/8779/8779 1558/8780/8780 1534/8781/8781
f 1551/8782/8782 1549/8783/8783 1550/8784/8784
f 1546/8785/8785 1551/8786/8786 1552/8787/8787
f 1554/8788/8788 1556/8789/8789 1548/8790/8790
f 1555/8791/8791 1557/8792/8792 1556/8793/8793
f 1533/8794/8794 1536/8795/8795 1557/8796/8796
f 1532/8797/8797 1534/8798/8798 1558/8799/8799
f 1527/8800/8800 1537/8801/8801 1536/8802/8802
f 1520/8803/8803 1559/8804/8804 1518/8805/8805
f 1559/8806/8806 1532/8807/8807 1535/8808/8808
f 1551/8809/8809 1548/8810/8810 1556/8811/8811
f 1554/8812/8812 1553/8813/8813 1552/8814/8814
f 1507/8815/8815 1509/8816/8816 1511/8817/8817
f 1530/8818/8818 1535/8819/8819 1537/8820/8820
f 1506/8821/8821 1528/8822/8822 1508/8823/8823
f 1514/8824/8824 1539/8825/8825 1518/8826/8826
f 1561/8827/8827 1562/8828/8828 1563/8829/8829
f 1564/8830/8830 1562/8831/8831 1565/8832/8832
f 1566/8833/8833 1565/8834/8834 1567/8835/8835
f 1568/8836/8836 1569/8837/8837 1570/8838/8838
f 1571/8839/8839 1572/8840/8840 1570/8841/8841
f 1573/8842/8842 1563/8843/8843 1572/8844/8844
f 1574/8845/8845 1575/8846/8846 1576/8847/8847
f 1576/8848/8848 1577/8849/8849 1578/8850/8850
f 1577/8851/8851 1566/8852/8852 1579/8853/8853
f 1577/8854/8854 1580/8855/8855 1581/8856/8856
f 1576/8857/8857 1582/8858/8858 1580/8859/8859
f 1575/8860/8860 1583/8861/8861 1582/8862/8862
f 1572/8863/8863 1563/8864/8864 1584/8865/8865
f 1570/8866/8866 1572/8867/8867 1585/8868/8868
f 1586/8869/8869 1570/8870/8870 1587/8871/8871
f 1588/8872/8872 1589/8873/8873 1590/8874/8874
f 1591/8875/8875 1592/8876/8876 1593/8877/8877
f 1592/8878/8878 1587/8879/8879 1582/8880/8880
f 1581/8881/8881 1584/8882/8882 1564/8883/8883
f 1585/8884/8884 1584/8885/8885 1581/8886/8886
f 1587/8887/8887 1585/8888/8888 1580/8889/8889
f 1566/8890/8890 1581/8891/8891 1594/8892/8892
f 1579/8893/8893 1567/8894/8894 1561/8895/8895
f 1571/8896/8896 1578/8897/8897 1579/8898/8898
f 1569/8899/8899 1595/8900/8900 1578/8901/8901
f 1574/8902/8902 1568/8903/8903 1596/8904/8904
f 1597/8905/8905 1598/8906/8906 1599/8907/8907
f 1600/8908/8908 1601/8909/8909 1598/8910/8910
f 1596/8911/8911 1601/8912/8912 1600/8913/8913
f 1602/8914/8914 1603/8915/8915 1604/8916/8916
f 1605/8917/8917 1606/8918/8918 1589/8919/8919
f 1607/8920/8920 1608/8921/8921 1606/8922/8922
f 1602/8923/8923 1609/8924/8924 1608/8925/8925
f 1610/8926/8926 1604/8927/8927 1603/8928/8928
f 1611/8929/8929 1610/8930/8930 1612/8931/8931
f 1590/8932/8932 1611/8933/8933 1613/8934/8934
f 1588/8935/8935 1591/8936/8936 1614/8937/8937
f 1583/8938/8938 1590/8939/8939 1593/8940/8940
f 1588/8941/8941 1583/8942/8942 1575/8943/8943
f 1615/8944/8944 1588/8945/8945 1575/8946/8946
f 1600/8947/8947 1597/8948/8948 1615/8949/8949
f 1616/8950/8950 1600/8951/8951 1615/8952/8952
f 1574/8953/8953 1616/8954/8954 1615/8955/8955
f 1615/8956/8956 1599/8957/8957 1591/8958/8958
f 1562/8959/8959 1561/8960/8960 1567/8961/8961
f 1596/8962/8962 1568/8963/8963 1599/8964/8964
f 1598/8965/8965 1601/8966/8966 1596/8967/8967
f 1586/8968/8968 1599/8969/8969 1568/8970/8970
f 1599/8971/8971 1598/8972/8972 1596/8973/8973
f 1591/8974/8974 1599/8975/8975 1586/8976/8976
f 1563/8977/8977 1562/8978/8978 1564/8979/8979
f 1569/8980/8980 1568/8981/8981 1574/8982/8982
f 1561/8983/8983 1563/8984/8984 1573/8985/8985
f 1564/8986/8986 1565/8987/8987 1594/8988/8988
f 1566/8989/8989 1567/8990/8990 1579/8991/8991
f 1568/8992/8992 1570/8993/8993 1586/8994/8994
f 1571/8995/8995 1570/8996/8996 1569/8997/8997
f 1573/8998/8998 1572/8999/8999 1571/9000/9000
f 1574/9001/9001 1576/9002/9002 1595/9003/9003
f 1576/9004/9004 1578/9005/9005 1595/9006/9006
f 1577/9007/9007 1579/9008/9008 1578/9009/9009
f 1577/9010/9010 1581/9011/9011 1566/9012/9012
f 1576/9013/9013 1580/9014/9014 1577/9015/9015
f 1575/9016/9016 1582/9017/9017 1576/9018/9018
f 1572/9019/9019 1584/9020/9020 1585/9021/9021
f 1570/9022/9022 1585/9023/9023 1587/9024/9024
f 1586/9025/9025 1587/9026/9026 1592/9027/9027
f 1611/9028/9028 1590/9029/9029 1606/9030/9030
f 1610/9031/9031 1611/9032/9032 1608/9033/9033
f 1604/9034/9034 1610/9035/9035 1609/9036/9036
f 1611/9037/9037 1606/9038/9038 1608/9039/9039
f 1590/9040/9040 1589/9041/9041 1606/9042/9042
f 1588/9043/9043 1590/9044/9044 1583/9045/9045
f 1605/9046/9046 1614/9047/9047 1613/9048/9048
f 1607/9049/9049 1605/9050/9050 1612/9051/9051
f 1602/9052/9052 1607/9053/9053 1603/9054/9054
f 1605/9055/9055 1613/9056/9056 1612/9057/9057
f 1614/9058/9058 1593/9059/9059 1613/9060/9060
f 1591/9061/9061 1593/9062/9062 1614/9063/9063
f 1592/9064/9064 1582/9065/9065 1583/9066/9066
f 1581/9067/9067 1564/9068/9068 1594/9069/9069
f 1585/9070/9070 1581/9071/9071 1580/9072/9072
f 1587/9073/9073 1580/9074/9074 1582/9075/9075
f 1566/9076/9076 1594/9077/9077 1565/9078/9078
f 1579/9079/9079 1561/9080/9080 1573/9081/9081
f 1571/9082/9082 1579/9083/9083 1573/9084/9084
f 1569/9085/9085 1578/9086/9086 1571/9087/9087
f 1574/9088/9088 1596/9089/9089 1616/9090/9090
f 1597/9091/9091 1599/9092/9092 1615/9093/9093
f 1600/9094/9094 1598/9095/9095 1597/9096/9096
f 1596/9097/9097 1600/9098/9098 1616/9099/9099
f 1602/9100/9100 1604/9101/9101 1609/9102/9102
f 1605/9103/9103 1589/9104/9104 1614/9105/9105
f 1607/9106/9106 1606/9107/9107 1605/9108/9108
f 1602/9109/9109 1608/9110/9110 1607/9111/9111
f 1610/9112/9112 1603/9113/9113 1612/9114/9114
f 1611/9115/9115 1612/9116/9116 1613/9117/9117
f 1590/9118/9118 1613/9119/9119 1593/9120/9120
f 1588/9121/9121 1614/9122/9122 1589/9123/9123
f 1583/9124/9124 1593/9125/9125 1592/9126/9126
f 1575/9127/9127 1574/9128/9128 1615/9129/9129
f 1615/9130/9130 1591/9131/9131 1588/9132/9132
f 1607/9133/9133 1612/9134/9134 1603/9135/9135
f 1610/9136/9136 1608/9137/9137 1609/9138/9138
f 1562/9139/9139 1567/9140/9140 1565/9141/9141
f 1586/9142/9142 1592/9143/9143 1591/9144/9144
f 1563/9145/9145 1564/9146/9146 1584/9147/9147
f 1569/9148/9148 1574/9149/9149 1595/9150/9150
g booster_vert
v 0.19735880 0.24344027 -3.40325403
v 0.19396883 0.24221098 -3.39987421
v 0.20950499 0.24845612 -3.38461590
v 0.20161465 0.24203920 -3.40534306
v 0.21184511 0.25079620 -3.38795662
v 0.20511077 0.23854315 -3.40534306
v 0.21329139 0.25224257 -3.39002132
v 0.21386777 0.24877357 -3.38795662
v 0.20651181 0.23428726 -3.40325403
v 0.21152763 0.24643350 -3.38461590
v 0.20528255 0.23089731 -3.39987421
v 0.20189260 0.22966802 -3.39649391
v 0.19763675 0.23106909 -3.39440536
v 0.20918755 0.24409342 -3.38127565
v 0.19414060 0.23456526 -3.39440536
v 0.20774128 0.24264717 -3.37921095
v 0.20716490 0.24611604 -3.38127565
v 0.19273959 0.23882103 -3.39649391
v 0.05140982 0.09965205 -3.44721198
v 0.05476015 0.10084164 -3.44377589
v 0.08213086 0.12821233 -3.47997379
v 0.05899150 0.09941614 -3.44165230
v 0.08620206 0.12662673 -3.47765946
v 0.06248762 0.09591997 -3.44165230
v 0.08969817 0.12313056 -3.47765946
v 0.06391314 0.09168863 -3.44377589
v 0.09128384 0.11905932 -3.47997379
v 0.06272353 0.08833838 -3.44721198
v 0.09035340 0.11596823 -3.48371863
v 0.05937320 0.08714879 -3.45064783
v 0.08726221 0.11503780 -3.48746395
v 0.05514187 0.08857429 -3.45277143
v 0.08319104 0.11662340 -3.48977828
v 0.05164573 0.09207034 -3.45277143
v 0.05022022 0.09630167 -3.45064783
v 0.07810923 0.12419069 -3.48746395
v 0.07903969 0.12728190 -3.48371863
v 0.09184308 0.13792455 -3.48847532
v 0.09529556 0.13572013 -3.48570633
v 0.09879168 0.13222408 -3.48570633
v 0.10099607 0.12877154 -3.48847532
v 0.10106672 0.12668157 -3.49295545
v 0.09897666 0.12675214 -3.49743557
v 0.09552420 0.12895656 -3.50020456
v 0.07969492 0.12011957 -3.48977828
v 0.08982367 0.13590515 -3.49743557
v 0.08975302 0.13799524 -3.49295545
v 0.10680775 0.15504992 -3.49463701
v 0.10748708 0.15356863 -3.48996902
v 0.11006766 0.15049231 -3.48708415
v 0.11664006 0.14441562 -3.48996902
v 0.11812145 0.14373624 -3.49463701
v 0.11744212 0.14521766 -3.49930501
v 0.11486156 0.14829397 -3.50218987
v 0.09202806 0.13245273 -3.50020456
v 0.11136542 0.15179002 -3.50218987
v 0.10828915 0.15437067 -3.49930501
v 0.12041331 0.16865551 -3.48844337
v 0.12000006 0.16608155 -3.48424220
v 0.11356378 0.14699614 -3.48708415
v 0.12540153 0.15883386 -3.48164606
v 0.12915306 0.15692854 -3.48424220
v 0.13172701 0.15734184 -3.48844337
v 0.13214026 0.15991580 -3.49264455
v 0.13023493 0.16366732 -3.49524093
v 0.12673879 0.16716337 -3.49524093
v 0.12298728 0.16906869 -3.49264455
v 0.13088489 0.17912710 -3.47786379
v 0.12982190 0.17590332 -3.47426891
v 0.12190540 0.16233003 -3.48164606
v 0.13132568 0.17175031 -3.47204685
v 0.13897488 0.16675043 -3.47426891
v 0.14219861 0.16781342 -3.47786427
v 0.14326160 0.17103708 -3.48145866
v 0.14175783 0.17519021 -3.48368049
v 0.13826172 0.17868626 -3.48368049
v 0.13410860 0.18019009 -3.48145866
v 0.13482182 0.16825414 -3.47204685
v 0.21531405 0.25021982 -3.39002132
v 0.20571864 0.24466980 -3.37921095
v -0.19736151 0.24344027 -3.40325403
v -0.20950770 0.24845612 -3.38461590
v -0.19397154 0.24221110 -3.39987421
v -0.20161736 0.24203932 -3.40534306
v -0.21184783 0.25079632 -3.38795638
v -0.20511349 0.23854315 -3.40534306
v -0.21329410 0.25224257 -3.39002109
v -0.21387048 0.24877357 -3.38795638
v -0.20651452 0.23428726 -3.40325403
v -0.21153034 0.24643350 -3.38461590
v -0.20528527 0.23089731 -3.39987421
v -0.20189531 0.22966814 -3.39649391
v -0.19763947 0.23106909 -3.39440513
v -0.20919026 0.24409342 -3.38127542
v -0.19414331 0.23456526 -3.39440513
v -0.20774399 0.24264717 -3.37921071
v -0.20716761 0.24611604 -3.38127542
v -0.19274230 0.23882115 -3.39649391
v -0.05141260 0.09965205 -3.44721198
v -0.08213367 0.12821233 -3.47997379
v -0.05476292 0.10084164 -3.44377589
v -0.08620486 0.12662673 -3.47765946
v -0.05899427 0.09941614 -3.44165230
v -0.08970097 0.12313056 -3.47765946
v -0.06249039 0.09591997 -3.44165230
v -0.06391591 0.09168863 -3.44377589
v -0.09128664 0.11905944 -3.47997379
v -0.06272632 0.08833838 -3.44721198
v -0.09035620 0.11596823 -3.48371863
v -0.05937598 0.08714879 -3.45064783
v -0.08726501 0.11503780 -3.48746395
v -0.05514465 0.08857429 -3.45277143
v -0.08319384 0.11662340 -3.48977828
v -0.05164852 0.09207034 -3.45277143
v -0.07811203 0.12419069 -3.48746395
v -0.05022300 0.09630167 -3.45064783
v -0.07904249 0.12728190 -3.48371863
v -0.09184588 0.13792455 -3.48847532
v -0.09529836 0.13572025 -3.48570633
v -0.09879448 0.13222408 -3.48570633
v -0.10099887 0.12877166 -3.48847532
v -0.10106952 0.12668157 -3.49295545
v -0.09897947 0.12675226 -3.49743557
v -0.09552702 0.12895656 -3.50020456
v -0.07969772 0.12011957 -3.48977828
v -0.08982649 0.13590515 -3.49743557
v -0.08975583 0.13799524 -3.49295545
v -0.10681055 0.15504992 -3.49463701
v -0.10748988 0.15356863 -3.48996902
v -0.11007046 0.15049231 -3.48708415
v -0.11664286 0.14441562 -3.48996902
v -0.11812425 0.14373624 -3.49463701
v -0.11744494 0.14521766 -3.49930501
v -0.11486437 0.14829397 -3.50218987
v -0.11136824 0.15179002 -3.50218987
v -0.09203088 0.13245273 -3.50020456
v -0.10829195 0.15437067 -3.49930501
v -0.12041611 0.16865551 -3.48844337
v -0.12000286 0.16608155 -3.48424220
v -0.12540433 0.15883386 -3.48164606
v -0.11356658 0.14699614 -3.48708415
v -0.12915586 0.15692854 -3.48424220
v -0.13172981 0.15734184 -3.48844337
v -0.13214307 0.15991580 -3.49264455
v -0.13023773 0.16366732 -3.49524093
v -0.12674159 0.16716349 -3.49524093
v -0.12299008 0.16906881 -3.49264455
v -0.13088769 0.17912710 -3.47786379
v -0.12982467 0.17590344 -3.47426891
v -0.12190819 0.16233003 -3.48164606
v -0.13132845 0.17175031 -3.47204685
v -0.13897768 0.16675043 -3.47426891
v -0.14220141 0.16781342 -3.47786403
v -0.14326440 0.17103708 -3.48145866
v -0.14176063 0.17519021 -3.48368049
v -0.13826452 0.17868638 -3.48368049
v -0.13411140 0.18019009 -3.48145866
v -0.13482459 0.16825414 -3.47204685
v -0.21531676 0.25021994 -3.39002109
v -0.20572135 0.24466980 -3.37921071
v 0.19735876 -0.16958606 -3.40325403
v 0.20950496 -0.17460191 -3.38461590
v 0.19396879 -0.16835678 -3.39987421
v 0.20161460 -0.16818500 -3.40534329
v 0.21184509 -0.17694199 -3.38795638
v 0.20511073 -0.16468894 -3.40534329
v 0.21329136 -0.17838836 -3.39002132
v 0.21386774 -0.17491937 -3.38795638
v 0.20651177 -0.16043305 -3.40325403
v 0.21152760 -0.17257929 -3.38461590
v 0.20528252 -0.15704310 -3.39987421
v 0.20189257 -0.15581381 -3.39649415
v 0.19763672 -0.15721488 -3.39440513
v 0.20918752 -0.17023921 -3.38127565
v 0.19414057 -0.16071093 -3.39440513
v 0.20774125 -0.16879284 -3.37921071
v 0.20716487 -0.17226183 -3.38127565
v 0.19273956 -0.16496682 -3.39649415
v 0.05140981 -0.02579784 -3.44721222
v 0.08213085 -0.05435812 -3.47997403
v 0.05476014 -0.02698743 -3.44377589
v 0.08620204 -0.05277252 -3.47765946
v 0.05899148 -0.02556193 -3.44165230
v 0.08969816 -0.04927635 -3.47765946
v 0.06248761 -0.02206576 -3.44165230
v 0.06391312 -0.01783442 -3.44377589
v 0.09128383 -0.04520512 -3.47997403
v 0.06272352 -0.01448405 -3.44721222
v 0.09035338 -0.04211402 -3.48371887
v 0.05937319 -0.01329446 -3.45064783
v 0.08726220 -0.04118347 -3.48746395
v 0.05514186 -0.01471996 -3.45277143
v 0.08319102 -0.04276919 -3.48977828
v 0.05164572 -0.01821613 -3.45277143
v 0.07810921 -0.05033648 -3.48746395
v 0.05022021 -0.02244747 -3.45064783
v 0.07903967 -0.05342770 -3.48371887
v 0.09184307 -0.06407034 -3.48847532
v 0.09529554 -0.06186593 -3.48570633
v 0.09879167 -0.05836987 -3.48570633
v 0.10099605 -0.05491734 -3.48847532
v 0.10106670 -0.05282736 -3.49295545
v 0.09897664 -0.05289793 -3.49743557
v 0.09552418 -0.05510235 -3.50020456
v 0.07969490 -0.04626536 -3.48977828
v 0.08982366 -0.06205094 -3.49743557
v 0.08975300 -0.06414104 -3.49295545
v 0.10680773 -0.08119571 -3.49463701
v 0.10748706 -0.07971430 -3.48996902
v 0.11006764 -0.07663810 -3.48708415
v 0.11664004 -0.07056141 -3.48996902
v 0.11812143 -0.06988204 -3.49463701
v 0.11744211 -0.07136345 -3.49930501
v 0.11486154 -0.07443976 -3.50218987
v 0.11136541 -0.07793581 -3.50218987
v 0.09202804 -0.05859852 -3.50020456
v 0.10828913 -0.08051646 -3.49930501
v 0.12041329 -0.09480131 -3.48844337
v 0.12000003 -0.09222734 -3.48424220
v 0.12540151 -0.08497965 -3.48164606
v 0.11356376 -0.07314193 -3.48708415
v 0.12915304 -0.08307433 -3.48424220
v 0.13172700 -0.08348763 -3.48844337
v 0.13214025 -0.08606160 -3.49264455
v 0.13023490 -0.08981311 -3.49524093
v 0.12673876 -0.09330928 -3.49524093
v 0.12298726 -0.09521461 -3.49264455
v 0.13088487 -0.10527289 -3.47786403
v 0.12982187 -0.10204923 -3.47426891
v 0.12190538 -0.08847582 -3.48164606
v 0.13132565 -0.09789610 -3.47204709
v 0.13897486 -0.09289622 -3.47426891
v 0.14219859 -0.09395921 -3.47786403
v 0.14326158 -0.09718287 -3.48145866
v 0.14175782 -0.10133600 -3.48368073
v 0.13826171 -0.10483217 -3.48368073
v 0.13410859 -0.10633588 -3.48145866
v 0.13482179 -0.09439993 -3.47204709
v 0.21531402 -0.17636561 -3.39002132
v 0.20571861 -0.17081559 -3.37921071
v -0.19736156 -0.16958606 -3.40325403
v -0.19397159 -0.16835678 -3.39987421
v -0.20950773 -0.17460191 -3.38461590
v -0.20161740 -0.16818500 -3.40534306
v -0.21184786 -0.17694199 -3.38795614
v -0.20511353 -0.16468883 -3.40534306
v -0.21329413 -0.17838824 -3.39002132
v -0.21387051 -0.17491937 -3.38795614
v -0.20651457 -0.16043305 -3.40325403
v -0.21153037 -0.17257917 -3.38461590
v -0.20528530 -0.15704298 -3.39987421
v -0.20189534 -0.15581381 -3.39649391
v -0.19763950 -0.15721476 -3.39440489
v -0.20919029 -0.17023909 -3.38127565
v -0.19414334 -0.16071093 -3.39440489
v -0.20774402 -0.16879284 -3.37921047
v -0.20716764 -0.17226171 -3.38127565
v -0.19274233 -0.16496682 -3.39649391
v -0.05141261 -0.02579784 -3.44721222
v -0.05476293 -0.02698743 -3.44377589
v -0.08213368 -0.05435812 -3.47997403
v -0.05899428 -0.02556193 -3.44165230
v -0.08620487 -0.05277240 -3.47765946
v -0.06249040 -0.02206576 -3.44165230
v -0.08970099 -0.04927635 -3.47765946
v -0.06391592 -0.01783442 -3.44377589
v -0.09128666 -0.04520512 -3.47997403
v -0.06272633 -0.01448405 -3.44721222
v -0.09035622 -0.04211402 -3.48371887
v -0.05937599 -0.01329446 -3.45064783
v -0.08726503 -0.04118347 -3.48746395
v -0.05514466 -0.01471996 -3.45277143
v -0.08319385 -0.04276919 -3.48977828
v -0.05164852 -0.01821613 -3.45277143
v -0.05022301 -0.02244747 -3.45064783
v -0.07811204 -0.05033648 -3.48746395
v -0.07904250 -0.05342770 -3.48371887
v -0.09184590 -0.06407034 -3.48847532
v -0.09529837 -0.06186593 -3.48570633
v -0.09879450 -0.05836987 -3.48570633
v -0.10099889 -0.05491734 -3.48847532
v -0.10106955 -0.05282736 -3.49295545
v -0.09897949 -0.05289793 -3.49743557
v -0.09552703 -0.05510235 -3.50020456
v -0.07969774 -0.04626536 -3.48977828
v -0.08982650 -0.06205094 -3.49743557
v -0.08975585 -0.06414104 -3.49295545
v -0.10681058 -0.08119571 -3.49463701
v -0.10748991 -0.07971430 -3.48996902
v -0.11007048 -0.07663810 -3.48708415
v -0.11664288 -0.07056141 -3.48996902
v -0.11812428 -0.06988204 -3.49463701
v -0.11744495 -0.07136345 -3.49930501
v -0.11486439 -0.07443976 -3.50218987
v -0.09203089 -0.05859852 -3.50020456
v -0.11136825 -0.07793581 -3.50218987
v -0.10829198 -0.08051646 -3.49930501
v -0.12041613 -0.09480131 -3.48844337
v -0.12000288 -0.09222734 -3.48424220
v -0.11356661 -0.07314193 -3.48708415
v -0.12540434 -0.08497965 -3.48164606
v -0.12915587 -0.08307433 -3.48424220
v -0.13172983 -0.08348763 -3.48844337
v -0.13214308 -0.08606160 -3.49264455
v -0.13023776 -0.08981311 -3.49524093
v -0.12674162 -0.09330916 -3.49524093
v -0.12299010 -0.09521449 -3.49264455
v -0.13088770 -0.10527289 -3.47786379
v -0.12982470 -0.10204911 -3.47426891
v -0.12190821 -0.08847582 -3.48164606
v -0.13132848 -0.09789610 -3.47204685
v -0.13897769 -0.09289610 -3.47426891
v -0.14220142 -0.09395921 -3.47786379
v -0.14326441 -0.09718287 -3.48145866
v -0.14176065 -0.10133600 -3.48368073
v -0.13826454 -0.10483205 -3.48368073
v -0.13411142 -0.10633588 -3.48145866
v -0.13482462 -0.09439993 -3.47204685
v -0.21531679 -0.17636561 -3.39002132
v -0.20572138 -0.17081547 -3.37921047
vt 0.88904202 0.74663901
vt 0.89135790 0.74663818
vt 0.89008844 0.75780720
vt 0.88673633 0.74671817
vt 0.88904202 0.74663901
vt 0.88761240 0.75751919
vt 0.88443106 0.74670106
vt 0.88673633 0.74671817
vt 0.88612866 0.75744092
vt 0.88318700 0.75743389
vt 0.88213956 0.74658787
vt 0.88443106 0.74670106
vt 0.88070697 0.75763386
vt 0.87984824 0.74655271
vt 0.88213956 0.74658787
vt 0.87752217 0.74672562
vt 0.87984824 0.74655271
vt 0.88070697 0.75763386
vt 0.87514853 0.74703491
vt 0.87752217 0.74672562
vt 0.87822986 0.75778425
vt 0.87269413 0.74729878
vt 0.87514853 0.74703491
vt 0.87675476 0.75799334
vt 0.89256495 0.75806147
vt 0.89372325 0.74684852
vt 0.89615107 0.74719304
vt 0.89008844 0.75780720
vt 0.89135790 0.74663818
vt 0.89372325 0.74684852
vt 0.89112043 0.62568432
vt 0.89362001 0.62569499
vt 0.89342135 0.65258741
vt 0.89362001 0.62569499
vt 0.89615107 0.62570775
vt 0.89600331 0.65268546
vt 0.87096465 0.62602222
vt 0.87345517 0.62595952
vt 0.87425125 0.65289968
vt 0.87425125 0.65289968
vt 0.87345517 0.62595952
vt 0.87594312 0.62589389
vt 0.87676674 0.65274149
vt 0.87594312 0.62589389
vt 0.87844110 0.62582803
vt 0.87921089 0.65257263
vt 0.87844110 0.62582803
vt 0.88095927 0.62576622
vt 0.88158453 0.65242952
vt 0.88095927 0.62576622
vt 0.88350046 0.62571585
vt 0.88391536 0.65234303
vt 0.88350046 0.62571585
vt 0.88605732 0.62568396
vt 0.88605732 0.62568396
vt 0.88860029 0.62567812
vt 0.88857913 0.65236646
vt 0.88860029 0.62567812
vt 0.89112043 0.62568432
vt 0.89096314 0.65246493
vt 0.89096314 0.65246493
vt 0.89342135 0.65258741
vt 0.89297700 0.66103327
vt 0.89342135 0.65258741
vt 0.89600331 0.65268546
vt 0.89557040 0.66107845
vt 0.87205124 0.66130513
vt 0.87164599 0.65301210
vt 0.87425125 0.65289968
vt 0.87471575 0.66119671
vt 0.87425125 0.65289968
vt 0.87676674 0.65274149
vt 0.87731332 0.66113162
vt 0.87676674 0.65274149
vt 0.87921089 0.65257263
vt 0.87974131 0.66108441
vt 0.87921089 0.65257263
vt 0.88158453 0.65242952
vt 0.88198924 0.66104805
vt 0.88158453 0.65242952
vt 0.88391536 0.65234303
vt 0.88411725 0.66102386
vt 0.88391536 0.65234303
vt 0.88624191 0.65232390
vt 0.88624191 0.65232390
vt 0.88857913 0.65236646
vt 0.88830703 0.66100842
vt 0.88857913 0.65236646
vt 0.89096314 0.65246493
vt 0.89055210 0.66101468
vt 0.89063019 0.67238903
vt 0.89055210 0.66101468
vt 0.89297700 0.66103327
vt 0.89298505 0.67234713
vt 0.89297700 0.66103327
vt 0.89557040 0.66107845
vt 0.87239832 0.67254287
vt 0.87205124 0.66130513
vt 0.87471575 0.66119671
vt 0.87471575 0.66119671
vt 0.87731332 0.66113162
vt 0.87746012 0.67249078
vt 0.87731332 0.66113162
vt 0.87974131 0.66108441
vt 0.87981838 0.67248654
vt 0.87974131 0.66108441
vt 0.88198924 0.66104805
vt 0.88203430 0.67247725
vt 0.88198924 0.66104805
vt 0.88411725 0.66102386
vt 0.88416660 0.67245167
vt 0.88411725 0.66102386
vt 0.88618273 0.66101450
vt 0.88627845 0.67243183
vt 0.88627845 0.67243183
vt 0.88618273 0.66101450
vt 0.88830703 0.66100842
vt 0.88841391 0.67242020
vt 0.88830703 0.66100842
vt 0.89055210 0.66101468
vt 0.89078516 0.68183082
vt 0.89063019 0.67238903
vt 0.89298505 0.67234713
vt 0.89314955 0.68173248
vt 0.89298505 0.67234713
vt 0.89552921 0.67232448
vt 0.87239832 0.67254287
vt 0.87495357 0.67250383
vt 0.87500548 0.68181431
vt 0.87495357 0.67250383
vt 0.87746012 0.67249078
vt 0.87749052 0.68186450
vt 0.87746012 0.67249078
vt 0.87981838 0.67248654
vt 0.87985283 0.68191713
vt 0.87981838 0.67248654
vt 0.88203430 0.67247725
vt 0.88209003 0.68194938
vt 0.88203430 0.67247725
vt 0.88416660 0.67245167
vt 0.88424963 0.68194324
vt 0.88424963 0.68194324
vt 0.88416660 0.67245167
vt 0.88627845 0.67243183
vt 0.88638759 0.68193990
vt 0.88627845 0.67243183
vt 0.88841391 0.67242020
vt 0.88854712 0.68190515
vt 0.88841391 0.67242020
vt 0.89063019 0.67238903
vt 0.89127654 0.69046015
vt 0.89078516 0.68183082
vt 0.89314955 0.68173248
vt 0.89366549 0.69028342
vt 0.89314955 0.68173248
vt 0.89567423 0.68164128
vt 0.87231755 0.69023228
vt 0.87242812 0.68179774
vt 0.87500548 0.68181431
vt 0.87500548 0.68181431
vt 0.87749052 0.68186450
vt 0.87712449 0.69036841
vt 0.87749052 0.68186450
vt 0.87985283 0.68191713
vt 0.87950528 0.69052207
vt 0.87985283 0.68191713
vt 0.88209003 0.68194938
vt 0.88187712 0.69066471
vt 0.88209003 0.68194938
vt 0.88424963 0.68194324
vt 0.88422620 0.69074225
vt 0.88422620 0.69074225
vt 0.88424963 0.68194324
vt 0.88638759 0.68193990
vt 0.88655329 0.69072819
vt 0.88638759 0.68193990
vt 0.88854712 0.68190515
vt 0.88890153 0.69062674
vt 0.88854712 0.68190515
vt 0.89078516 0.68183082
vt 0.89127654 0.69046015
vt 0.89366549 0.69028342
vt 0.89372325 0.74684852
vt 0.89366549 0.69028342
vt 0.89611036 0.69015771
vt 0.89615107 0.74719304
vt 0.87231755 0.69023228
vt 0.87473786 0.69026345
vt 0.87514853 0.74703491
vt 0.87514853 0.74703491
vt 0.87473786 0.69026345
vt 0.87712449 0.69036841
vt 0.87752217 0.74672562
vt 0.87712449 0.69036841
vt 0.87950528 0.69052207
vt 0.87984824 0.74655271
vt 0.87950528 0.69052207
vt 0.88187712 0.69066471
vt 0.88213956 0.74658787
vt 0.88187712 0.69066471
vt 0.88422620 0.69074225
vt 0.88443106 0.74670106
vt 0.88422620 0.69074225
vt 0.88655329 0.69072819
vt 0.88655329 0.69072819
vt 0.88890153 0.69062674
vt 0.88904202 0.74663901
vt 0.88890153 0.69062674
vt 0.89127654 0.69046015
vt 0.89135790 0.74663818
vt 0.88904202 0.74663901
vt 0.89008844 0.75780720
vt 0.88761240 0.75751919
vt 0.88673633 0.74671817
vt 0.88761240 0.75751919
vt 0.88612866 0.75744092
vt 0.88443106 0.74670106
vt 0.88612866 0.75744092
vt 0.88466984 0.75740653
vt 0.88318700 0.75743389
vt 0.88443106 0.74670106
vt 0.88466984 0.75740653
vt 0.88070697 0.75763386
vt 0.88213956 0.74658787
vt 0.88318700 0.75743389
vt 0.87752217 0.74672562
vt 0.88070697 0.75763386
vt 0.87822986 0.75778425
vt 0.87514853 0.74703491
vt 0.87822986 0.75778425
vt 0.87675476 0.75799334
vt 0.87269413 0.74729878
vt 0.87675476 0.75799334
vt 0.87528813 0.75826627
vt 0.89256495 0.75806147
vt 0.89615107 0.74719304
vt 0.89406431 0.75834244
vt 0.89008844 0.75780720
vt 0.89372325 0.74684852
vt 0.89256495 0.75806147
vt 0.89112043 0.62568432
vt 0.89342135 0.65258741
vt 0.89096314 0.65246493
vt 0.89362001 0.62569499
vt 0.89600331 0.65268546
vt 0.89342135 0.65258741
vt 0.87096465 0.62602222
vt 0.87425125 0.65289968
vt 0.87164599 0.65301210
vt 0.87425125 0.65289968
vt 0.87594312 0.62589389
vt 0.87676674 0.65274149
vt 0.87676674 0.65274149
vt 0.87844110 0.62582803
vt 0.87921089 0.65257263
vt 0.87921089 0.65257263
vt 0.88095927 0.62576622
vt 0.88158453 0.65242952
vt 0.88158453 0.65242952
vt 0.88350046 0.62571585
vt 0.88391536 0.65234303
vt 0.88391536 0.65234303
vt 0.88605732 0.62568396
vt 0.88624191 0.65232390
vt 0.88605732 0.62568396
vt 0.88857913 0.65236646
vt 0.88624191 0.65232390
vt 0.88860029 0.62567812
vt 0.89096314 0.65246493
vt 0.88857913 0.65236646
vt 0.89096314 0.65246493
vt 0.89297700 0.66103327
vt 0.89055210 0.66101468
vt 0.89342135 0.65258741
vt 0.89557040 0.66107845
vt 0.89297700 0.66103327
vt 0.87205124 0.66130513
vt 0.87425125 0.65289968
vt 0.87471575 0.66119671
vt 0.87471575 0.66119671
vt 0.87676674 0.65274149
vt 0.87731332 0.66113162
vt 0.87731332 0.66113162
vt 0.87921089 0.65257263
vt 0.87974131 0.66108441
vt 0.87974131 0.66108441
vt 0.88158453 0.65242952
vt 0.88198924 0.66104805
vt 0.88198924 0.66104805
vt 0.88391536 0.65234303
vt 0.88411725 0.66102386
vt 0.88411725 0.66102386
vt 0.88624191 0.65232390
vt 0.88618273 0.66101450
vt 0.88624191 0.65232390
vt 0.88830703 0.66100842
vt 0.88618273 0.66101450
vt 0.88857913 0.65236646
vt 0.89055210 0.66101468
vt 0.88830703 0.66100842
vt 0.89063019 0.67238903
vt 0.89297700 0.66103327
vt 0.89298505 0.67234713
vt 0.89298505 0.67234713
vt 0.89557040 0.66107845
vt 0.89552921 0.67232448
vt 0.87239832 0.67254287
vt 0.87471575 0.66119671
vt 0.87495357 0.67250383
vt 0.87471575 0.66119671
vt 0.87746012 0.67249078
vt 0.87495357 0.67250383
vt 0.87731332 0.66113162
vt 0.87981838 0.67248654
vt 0.87746012 0.67249078
vt 0.87974131 0.66108441
vt 0.88203430 0.67247725
vt 0.87981838 0.67248654
vt 0.88198924 0.66104805
vt 0.88416660 0.67245167
vt 0.88203430 0.67247725
vt 0.88411725 0.66102386
vt 0.88627845 0.67243183
vt 0.88416660 0.67245167
vt 0.88627845 0.67243183
vt 0.88830703 0.66100842
vt 0.88841391 0.67242020
vt 0.88841391 0.67242020
vt 0.89055210 0.66101468
vt 0.89063019 0.67238903
vt 0.89078516 0.68183082
vt 0.89298505 0.67234713
vt 0.89314955 0.68173248
vt 0.89314955 0.68173248
vt 0.89552921 0.67232448
vt 0.89567423 0.68164128
vt 0.87239832 0.67254287
vt 0.87500548 0.68181431
vt 0.87242812 0.68179774
vt 0.87495357 0.67250383
vt 0.87749052 0.68186450
vt 0.87500548 0.68181431
vt 0.87746012 0.67249078
vt 0.87985283 0.68191713
vt 0.87749052 0.68186450
vt 0.87981838 0.67248654
vt 0.88209003 0.68194938
vt 0.87985283 0.68191713
vt 0.88203430 0.67247725
vt 0.88424963 0.68194324
vt 0.88209003 0.68194938
vt 0.88424963 0.68194324
vt 0.88627845 0.67243183
vt 0.88638759 0.68193990
vt 0.88638759 0.68193990
vt 0.88841391 0.67242020
vt 0.88854712 0.68190515
vt 0.88854712 0.68190515
vt 0.89063019 0.67238903
vt 0.89078516 0.68183082
vt 0.89127654 0.69046015
vt 0.89314955 0.68173248
vt 0.89366549 0.69028342
vt 0.89366549 0.69028342
vt 0.89567423 0.68164128
vt 0.89611036 0.69015771
vt 0.87231755 0.69023228
vt 0.87500548 0.68181431
vt 0.87473786 0.69026345
vt 0.87500548 0.68181431
vt 0.87712449 0.69036841
vt 0.87473786 0.69026345
vt 0.87749052 0.68186450
vt 0.87950528 0.69052207
vt 0.87712449 0.69036841
vt 0.87985283 0.68191713
vt 0.88187712 0.69066471
vt 0.87950528 0.69052207
vt 0.88209003 0.68194938
vt 0.88422620 0.69074225
vt 0.88187712 0.69066471
vt 0.88422620 0.69074225
vt 0.88638759 0.68193990
vt 0.88655329 0.69072819
vt 0.88655329 0.69072819
vt 0.88854712 0.68190515
vt 0.88890153 0.69062674
vt 0.88890153 0.69062674
vt 0.89078516 0.68183082
vt 0.89127654 0.69046015
vt 0.89127654 0.69046015
vt 0.89372325 0.74684852
vt 0.89135790 0.74663818
vt 0.89366549 0.69028342
vt 0.89615107 0.74719304
vt 0.89372325 0.74684852
vt 0.87231755 0.69023228
vt 0.87514853 0.74703491
vt 0.87269413 0.74729878
vt 0.87514853 0.74703491
vt 0.87712449 0.69036841
vt 0.87752217 0.74672562
vt 0.87752217 0.74672562
vt 0.87950528 0.69052207
vt 0.87984824 0.74655271
vt 0.87984824 0.74655271
vt 0.88187712 0.69066471
vt 0.88213956 0.74658787
vt 0.88213956 0.74658787
vt 0.88422620 0.69074225
vt 0.88443106 0.74670106
vt 0.88443106 0.74670106
vt 0.88655329 0.69072819
vt 0.88673633 0.74671817
vt 0.88655329 0.69072819
vt 0.88904202 0.74663901
vt 0.88673633 0.74671817
vt 0.88890153 0.69062674
vt 0.89135790 0.74663818
vt 0.88904202 0.74663901
vt 0.88904202 0.74663901
vt 0.89008844 0.75780720
vt 0.89135790 0.74663818
vt 0.88673633 0.74671817
vt 0.88761240 0.75751919
vt 0.88904202 0.74663901
vt 0.88443106 0.74670106
vt 0.88612866 0.75744092
vt 0.88673633 0.74671817
vt 0.88318700 0.75743389
vt 0.88443106 0.74670106
vt 0.88213956 0.74658787
vt 0.88070697 0.75763386
vt 0.88213956 0.74658787
vt 0.87984824 0.74655271
vt 0.87752217 0.74672562
vt 0.88070697 0.75763386
vt 0.87984824 0.74655271
vt 0.87514853 0.74703491
vt 0.87822986 0.75778425
vt 0.87752217 0.74672562
vt 0.87269413 0.74729878
vt 0.87675476 0.75799334
vt 0.87514853 0.74703491
vt 0.89256495 0.75806147
vt 0.89615107 0.74719304
vt 0.89372325 0.74684852
vt 0.89008844 0.75780720
vt 0.89372325 0.74684852
vt 0.89135790 0.74663818
vt 0.89112043 0.62568432
vt 0.89342135 0.65258741
vt 0.89362001 0.62569499
vt 0.89362001 0.62569499
vt 0.89600331 0.65268546
vt 0.89615107 0.62570775
vt 0.87096465 0.62602222
vt 0.87425125 0.65289968
vt 0.87345517 0.62595952
vt 0.87425125 0.65289968
vt 0.87594312 0.62589389
vt 0.87345517 0.62595952
vt 0.87676674 0.65274149
vt 0.87844110 0.62582803
vt 0.87594312 0.62589389
vt 0.87921089 0.65257263
vt 0.88095927 0.62576622
vt 0.87844110 0.62582803
vt 0.88158453 0.65242952
vt 0.88350046 0.62571585
vt 0.88095927 0.62576622
vt 0.88391536 0.65234303
vt 0.88605732 0.62568396
vt 0.88350046 0.62571585
vt 0.88605732 0.62568396
vt 0.88857913 0.65236646
vt 0.88860029 0.62567812
vt 0.88860029 0.62567812
vt 0.89096314 0.65246493
vt 0.89112043 0.62568432
vt 0.89096314 0.65246493
vt 0.89297700 0.66103327
vt 0.89342135 0.65258741
vt 0.89342135 0.65258741
vt 0.89557040 0.66107845
vt 0.89600331 0.65268546
vt 0.87205124 0.66130513
vt 0.87425125 0.65289968
vt 0.87164599 0.65301210
vt 0.87471575 0.66119671
vt 0.87676674 0.65274149
vt 0.87425125 0.65289968
vt 0.87731332 0.66113162
vt 0.87921089 0.65257263
vt 0.87676674 0.65274149
vt 0.87974131 0.66108441
vt 0.88158453 0.65242952
vt 0.87921089 0.65257263
vt 0.88198924 0.66104805
vt 0.88391536 0.65234303
vt 0.88158453 0.65242952
vt 0.88411725 0.66102386
vt 0.88624191 0.65232390
vt 0.88391536 0.65234303
vt 0.88624191 0.65232390
vt 0.88830703 0.66100842
vt 0.88857913 0.65236646
vt 0.88857913 0.65236646
vt 0.89055210 0.66101468
vt 0.89096314 0.65246493
vt 0.89063019 0.67238903
vt 0.89297700 0.66103327
vt 0.89055210 0.66101468
vt 0.89298505 0.67234713
vt 0.89557040 0.66107845
vt 0.89297700 0.66103327
vt 0.87239832 0.67254287
vt 0.87471575 0.66119671
vt 0.87205124 0.66130513
vt 0.87471575 0.66119671
vt 0.87746012 0.67249078
vt 0.87731332 0.66113162
vt 0.87731332 0.66113162
vt 0.87981838 0.67248654
vt 0.87974131 0.66108441
vt 0.87974131 0.66108441
vt 0.88203430 0.67247725
vt 0.88198924 0.66104805
vt 0.88198924 0.66104805
vt 0.88416660 0.67245167
vt 0.88411725 0.66102386
vt 0.88411725 0.66102386
vt 0.88627845 0.67243183
vt 0.88618273 0.66101450
vt 0.88627845 0.67243183
vt 0.88830703 0.66100842
vt 0.88618273 0.66101450
vt 0.88841391 0.67242020
vt 0.89055210 0.66101468
vt 0.88830703 0.66100842
vt 0.89078516 0.68183082
vt 0.89298505 0.67234713
vt 0.89063019 0.67238903
vt 0.89314955 0.68173248
vt 0.89552921 0.67232448
vt 0.89298505 0.67234713
vt 0.87239832 0.67254287
vt 0.87500548 0.68181431
vt 0.87495357 0.67250383
vt 0.87495357 0.67250383
vt 0.87749052 0.68186450
vt 0.87746012 0.67249078
vt 0.87746012 0.67249078
vt 0.87985283 0.68191713
vt 0.87981838 0.67248654
vt 0.87981838 0.67248654
vt 0.88209003 0.68194938
vt 0.88203430 0.67247725
vt 0.88203430 0.67247725
vt 0.88424963 0.68194324
vt 0.88416660 0.67245167
vt 0.88424963 0.68194324
vt 0.88627845 0.67243183
vt 0.88416660 0.67245167
vt 0.88638759 0.68193990
vt 0.88841391 0.67242020
vt 0.88627845 0.67243183
vt 0.88854712 0.68190515
vt 0.89063019 0.67238903
vt 0.88841391 0.67242020
vt 0.89127654 0.69046015
vt 0.89314955 0.68173248
vt 0.89078516 0.68183082
vt 0.89366549 0.69028342
vt 0.89567423 0.68164128
vt 0.89314955 0.68173248
vt 0.87231755 0.69023228
vt 0.87500548 0.68181431
vt 0.87242812 0.68179774
vt 0.87500548 0.68181431
vt 0.87712449 0.69036841
vt 0.87749052 0.68186450
vt 0.87749052 0.68186450
vt 0.87950528 0.69052207
vt 0.87985283 0.68191713
vt 0.87985283 0.68191713
vt 0.88187712 0.69066471
vt 0.88209003 0.68194938
vt 0.88209003 0.68194938
vt 0.88422620 0.69074225
vt 0.88424963 0.68194324
vt 0.88422620 0.69074225
vt 0.88638759 0.68193990
vt 0.88424963 0.68194324
vt 0.88655329 0.69072819
vt 0.88854712 0.68190515
vt 0.88638759 0.68193990
vt 0.88890153 0.69062674
vt 0.89078516 0.68183082
vt 0.88854712 0.68190515
vt 0.89127654 0.69046015
vt 0.89372325 0.74684852
vt 0.89366549 0.69028342
vt 0.89366549 0.69028342
vt 0.89615107 0.74719304
vt 0.89611036 0.69015771
vt 0.87231755 0.69023228
vt 0.87514853 0.74703491
vt 0.87473786 0.69026345
vt 0.87514853 0.74703491
vt 0.87712449 0.69036841
vt 0.87473786 0.69026345
vt 0.87752217 0.74672562
vt 0.87950528 0.69052207
vt 0.87712449 0.69036841
vt 0.87984824 0.74655271
vt 0.88187712 0.69066471
vt 0.87950528 0.69052207
vt 0.88213956 0.74658787
vt 0.88422620 0.69074225
vt 0.88187712 0.69066471
vt 0.88443106 0.74670106
vt 0.88655329 0.69072819
vt 0.88422620 0.69074225
vt 0.88655329 0.69072819
vt 0.88904202 0.74663901
vt 0.88890153 0.69062674
vt 0.88890153 0.69062674
vt 0.89135790 0.74663818
vt 0.89127654 0.69046015
vt 0.88904202 0.74663901
vt 0.88761240 0.75751919
vt 0.89008844 0.75780720
vt 0.88673633 0.74671817
vt 0.88612866 0.75744092
vt 0.88761240 0.75751919
vt 0.88443106 0.74670106
vt 0.88466984 0.75740653
vt 0.88612866 0.75744092
vt 0.88318700 0.75743389
vt 0.88466984 0.75740653
vt 0.88443106 0.74670106
vt 0.88070697 0.75763386
vt 0.88318700 0.75743389
vt 0.88213956 0.74658787
vt 0.87752217 0.74672562
vt 0.87822986 0.75778425
vt 0.88070697 0.75763386
vt 0.87514853 0.74703491
vt 0.87675476 0.75799334
vt 0.87822986 0.75778425
vt 0.87269413 0.74729878
vt 0.87528813 0.75826627
vt 0.87675476 0.75799334
vt 0.89256495 0.75806147
vt 0.89406431 0.75834244
vt 0.89615107 0.74719304
vt 0.89008844 0.75780720
vt 0.89256495 0.75806147
vt 0.89372325 0.74684852
vt 0.89112043 0.62568432
vt 0.89096314 0.65246493
vt 0.89342135 0.65258741
vt 0.89362001 0.62569499
vt 0.89342135 0.65258741
vt 0.89600331 0.65268546
vt 0.87096465 0.62602222
vt 0.87164599 0.65301210
vt 0.87425125 0.65289968
vt 0.87425125 0.65289968
vt 0.87676674 0.65274149
vt 0.87594312 0.62589389
vt 0.87676674 0.65274149
vt 0.87921089 0.65257263
vt 0.87844110 0.62582803
vt 0.87921089 0.65257263
vt 0.88158453 0.65242952
vt 0.88095927 0.62576622
vt 0.88158453 0.65242952
vt 0.88391536 0.65234303
vt 0.88350046 0.62571585
vt 0.88391536 0.65234303
vt 0.88624191 0.65232390
vt 0.88605732 0.62568396
vt 0.88605732 0.62568396
vt 0.88624191 0.65232390
vt 0.88857913 0.65236646
vt 0.88860029 0.62567812
vt 0.88857913 0.65236646
vt 0.89096314 0.65246493
vt 0.89096314 0.65246493
vt 0.89055210 0.66101468
vt 0.89297700 0.66103327
vt 0.89342135 0.65258741
vt 0.89297700 0.66103327
vt 0.89557040 0.66107845
vt 0.87205124 0.66130513
vt 0.87471575 0.66119671
vt 0.87425125 0.65289968
vt 0.87471575 0.66119671
vt 0.87731332 0.66113162
vt 0.87676674 0.65274149
vt 0.87731332 0.66113162
vt 0.87974131 0.66108441
vt 0.87921089 0.65257263
vt 0.87974131 0.66108441
vt 0.88198924 0.66104805
vt 0.88158453 0.65242952
vt 0.88198924 0.66104805
vt 0.88411725 0.66102386
vt 0.88391536 0.65234303
vt 0.88411725 0.66102386
vt 0.88618273 0.66101450
vt 0.88624191 0.65232390
vt 0.88624191 0.65232390
vt 0.88618273 0.66101450
vt 0.88830703 0.66100842
vt 0.88857913 0.65236646
vt 0.88830703 0.66100842
vt 0.89055210 0.66101468
vt 0.89063019 0.67238903
vt 0.89298505 0.67234713
vt 0.89297700 0.66103327
vt 0.89298505 0.67234713
vt 0.89552921 0.67232448
vt 0.89557040 0.66107845
vt 0.87239832 0.67254287
vt 0.87495357 0.67250383
vt 0.87471575 0.66119671
vt 0.87471575 0.66119671
vt 0.87495357 0.67250383
vt 0.87746012 0.67249078
vt 0.87731332 0.66113162
vt 0.87746012 0.67249078
vt 0.87981838 0.67248654
vt 0.87974131 0.66108441
vt 0.87981838 0.67248654
vt 0.88203430 0.67247725
vt 0.88198924 0.66104805
vt 0.88203430 0.67247725
vt 0.88416660 0.67245167
vt 0.88411725 0.66102386
vt 0.88416660 0.67245167
vt 0.88627845 0.67243183
vt 0.88627845 0.67243183
vt 0.88841391 0.67242020
vt 0.88830703 0.66100842
vt 0.88841391 0.67242020
vt 0.89063019 0.67238903
vt 0.89055210 0.66101468
vt 0.89078516 0.68183082
vt 0.89314955 0.68173248
vt 0.89298505 0.67234713
vt 0.89314955 0.68173248
vt 0.89567423 0.68164128
vt 0.89552921 0.67232448
vt 0.87239832 0.67254287
vt 0.87242812 0.68179774
vt 0.87500548 0.68181431
vt 0.87495357 0.67250383
vt 0.87500548 0.68181431
vt 0.87749052 0.68186450
vt 0.87746012 0.67249078
vt 0.87749052 0.68186450
vt 0.87985283 0.68191713
vt 0.87981838 0.67248654
vt 0.87985283 0.68191713
vt 0.88209003 0.68194938
vt 0.88203430 0.67247725
vt 0.88209003 0.68194938
vt 0.88424963 0.68194324
vt 0.88424963 0.68194324
vt 0.88638759 0.68193990
vt 0.88627845 0.67243183
vt 0.88638759 0.68193990
vt 0.88854712 0.68190515
vt 0.88841391 0.67242020
vt 0.88854712 0.68190515
vt 0.89078516 0.68183082
vt 0.89063019 0.67238903
vt 0.89127654 0.69046015
vt 0.89366549 0.69028342
vt 0.89314955 0.68173248
vt 0.89366549 0.69028342
vt 0.89611036 0.69015771
vt 0.89567423 0.68164128
vt 0.87231755 0.69023228
vt 0.87473786 0.69026345
vt 0.87500548 0.68181431
vt 0.87500548 0.68181431
vt 0.87473786 0.69026345
vt 0.87712449 0.69036841
vt 0.87749052 0.68186450
vt 0.87712449 0.69036841
vt 0.87950528 0.69052207
vt 0.87985283 0.68191713
vt 0.87950528 0.69052207
vt 0.88187712 0.69066471
vt 0.88209003 0.68194938
vt 0.88187712 0.69066471
vt 0.88422620 0.69074225
vt 0.88422620 0.69074225
vt 0.88655329 0.69072819
vt 0.88638759 0.68193990
vt 0.88655329 0.69072819
vt 0.88890153 0.69062674
vt 0.88854712 0.68190515
vt 0.88890153 0.69062674
vt 0.89127654 0.69046015
vt 0.89078516 0.68183082
vt 0.89127654 0.69046015
vt 0.89135790 0.74663818
vt 0.89372325 0.74684852
vt 0.89366549 0.69028342
vt 0.89372325 0.74684852
vt 0.89615107 0.74719304
vt 0.87231755 0.69023228
vt 0.87269413 0.74729878
vt 0.87514853 0.74703491
vt 0.87514853 0.74703491
vt 0.87752217 0.74672562
vt 0.87712449 0.69036841
vt 0.87752217 0.74672562
vt 0.87984824 0.74655271
vt 0.87950528 0.69052207
vt 0.87984824 0.74655271
vt 0.88213956 0.74658787
vt 0.88187712 0.69066471
vt 0.88213956 0.74658787
vt 0.88443106 0.74670106
vt 0.88422620 0.69074225
vt 0.88443106 0.74670106
vt 0.88673633 0.74671817
vt 0.88655329 0.69072819
vt 0.88655329 0.69072819
vt 0.88673633 0.74671817
vt 0.88904202 0.74663901
vt 0.88890153 0.69062674
vt 0.88904202 0.74663901
vt 0.89135790 0.74663818
vt 0.88904202 0.74663901
vt 0.89008844 0.75780720
vt 0.89135790 0.74663818
vt 0.88673633 0.74671817
vt 0.88761240 0.75751919
vt 0.88904202 0.74663901
vt 0.88443106 0.74670106
vt 0.88612866 0.75744092
vt 0.88673633 0.74671817
vt 0.88318700 0.75743389
vt 0.88443106 0.74670106
vt 0.88213956 0.74658787
vt 0.88070697 0.75763386
vt 0.88213956 0.74658787
vt 0.87984824 0.74655271
vt 0.87752217 0.74672562
vt 0.88070697 0.75763386
vt 0.87984824 0.74655271
vt 0.87514853 0.74703491
vt 0.87822986 0.75778425
vt 0.87752217 0.74672562
vt 0.87269413 0.74729878
vt 0.87675476 0.75799334
vt 0.87514853 0.74703491
vt 0.89256495 0.75806147
vt 0.89615107 0.74719304
vt 0.89372325 0.74684852
vt 0.89008844 0.75780720
vt 0.89372325 0.74684852
vt 0.89135790 0.74663818
vt 0.89112043 0.62568432
vt 0.89342135 0.65258741
vt 0.89362001 0.62569499
vt 0.89362001 0.62569499
vt 0.89600331 0.65268546
vt 0.89615107 0.62570775
vt 0.87096465 0.62602222
vt 0.87425125 0.65289968
vt 0.87345517 0.62595952
vt 0.87425125 0.65289968
vt 0.87594312 0.62589389
vt 0.87345517 0.62595952
vt 0.87676674 0.65274149
vt 0.87844110 0.62582803
vt 0.87594312 0.62589389
vt 0.87921089 0.65257263
vt 0.88095927 0.62576622
vt 0.87844110 0.62582803
vt 0.88158453 0.65242952
vt 0.88350046 0.62571585
vt 0.88095927 0.62576622
vt 0.88391536 0.65234303
vt 0.88605732 0.62568396
vt 0.88350046 0.62571585
vt 0.88605732 0.62568396
vt 0.88857913 0.65236646
vt 0.88860029 0.62567812
vt 0.88860029 0.62567812
vt 0.89096314 0.65246493
vt 0.89112043 0.62568432
vt 0.89096314 0.65246493
vt 0.89297700 0.66103327
vt 0.89342135 0.65258741
vt 0.89342135 0.65258741
vt 0.89557040 0.66107845
vt 0.89600331 0.65268546
vt 0.87205124 0.66130513
vt 0.87425125 0.65289968
vt 0.87164599 0.65301210
vt 0.87471575 0.66119671
vt 0.87676674 0.65274149
vt 0.87425125 0.65289968
vt 0.87731332 0.66113162
vt 0.87921089 0.65257263
vt 0.87676674 0.65274149
vt 0.87974131 0.66108441
vt 0.88158453 0.65242952
vt 0.87921089 0.65257263
vt 0.88198924 0.66104805
vt 0.88391536 0.65234303
vt 0.88158453 0.65242952
vt 0.88411725 0.66102386
vt 0.88624191 0.65232390
vt 0.88391536 0.65234303
vt 0.88624191 0.65232390
vt 0.88830703 0.66100842
vt 0.88857913 0.65236646
vt 0.88857913 0.65236646
vt 0.89055210 0.66101468
vt 0.89096314 0.65246493
vt 0.89063019 0.67238903
vt 0.89297700 0.66103327
vt 0.89055210 0.66101468
vt 0.89298505 0.67234713
vt 0.89557040 0.66107845
vt 0.89297700 0.66103327
vt 0.87239832 0.67254287
vt 0.87471575 0.66119671
vt 0.87205124 0.66130513
vt 0.87471575 0.66119671
vt 0.87746012 0.67249078
vt 0.87731332 0.66113162
vt 0.87731332 0.66113162
vt 0.87981838 0.67248654
vt 0.87974131 0.66108441
vt 0.87974131 0.66108441
vt 0.88203430 0.67247725
vt 0.88198924 0.66104805
vt 0.88198924 0.66104805
vt 0.88416660 0.67245167
vt 0.88411725 0.66102386
vt 0.88411725 0.66102386
vt 0.88627845 0.67243183
vt 0.88618273 0.66101450
vt 0.88627845 0.67243183
vt 0.88830703 0.66100842
vt 0.88618273 0.66101450
vt 0.88841391 0.67242020
vt 0.89055210 0.66101468
vt 0.88830703 0.66100842
vt 0.89078516 0.68183082
vt 0.89298505 0.67234713
vt 0.89063019 0.67238903
vt 0.89314955 0.68173248
vt 0.89552921 0.67232448
vt 0.89298505 0.67234713
vt 0.87239832 0.67254287
vt 0.87500548 0.68181431
vt 0.87495357 0.67250383
vt 0.87495357 0.67250383
vt 0.87749052 0.68186450
vt 0.87746012 0.67249078
vt 0.87746012 0.67249078
vt 0.87985283 0.68191713
vt 0.87981838 0.67248654
vt 0.87981838 0.67248654
vt 0.88209003 0.68194938
vt 0.88203430 0.67247725
vt 0.88203430 0.67247725
vt 0.88424963 0.68194324
vt 0.88416660 0.67245167
vt 0.88424963 0.68194324
vt 0.88627845 0.67243183
vt 0.88416660 0.67245167
vt 0.88638759 0.68193990
vt 0.88841391 0.67242020
vt 0.88627845 0.67243183
vt 0.88854712 0.68190515
vt 0.89063019 0.67238903
vt 0.88841391 0.67242020
vt 0.89127654 0.69046015
vt 0.89314955 0.68173248
vt 0.89078516 0.68183082
vt 0.89366549 0.69028342
vt 0.89567423 0.68164128
vt 0.89314955 0.68173248
vt 0.87231755 0.69023228
vt 0.87500548 0.68181431
vt 0.87242812 0.68179774
vt 0.87500548 0.68181431
vt 0.87712449 0.69036841
vt 0.87749052 0.68186450
vt 0.87749052 0.68186450
vt 0.87950528 0.69052207
vt 0.87985283 0.68191713
vt 0.87985283 0.68191713
vt 0.88187712 0.69066471
vt 0.88209003 0.68194938
vt 0.88209003 0.68194938
vt 0.88422620 0.69074225
vt 0.88424963 0.68194324
vt 0.88422620 0.69074225
vt 0.88638759 0.68193990
vt 0.88424963 0.68194324
vt 0.88655329 0.69072819
vt 0.88854712 0.68190515
vt 0.88638759 0.68193990
vt 0.88890153 0.69062674
vt 0.89078516 0.68183082
vt 0.88854712 0.68190515
vt 0.89127654 0.69046015
vt 0.89372325 0.74684852
vt 0.89366549 0.69028342
vt 0.89366549 0.69028342
vt 0.89615107 0.74719304
vt 0.89611036 0.69015771
vt 0.87231755 0.69023228
vt 0.87514853 0.74703491
vt 0.87473786 0.69026345
vt 0.87514853 0.74703491
vt 0.87712449 0.69036841
vt 0.87473786 0.69026345
vt 0.87752217 0.74672562
vt 0.87950528 0.69052207
vt 0.87712449 0.69036841
vt 0.87984824 0.74655271
vt 0.88187712 0.69066471
vt 0.87950528 0.69052207
vt 0.88213956 0.74658787
vt 0.88422620 0.69074225
vt 0.88187712 0.69066471
vt 0.88443106 0.74670106
vt 0.88655329 0.69072819
vt 0.88422620 0.69074225
vt 0.88655329 0.69072819
vt 0.88904202 0.74663901
vt 0.88890153 0.69062674
vt 0.88890153 0.69062674
vt 0.89135790 0.74663818
vt 0.89127654 0.69046015
vt 0.88904202 0.74663901
vt 0.88761240 0.75751919
vt 0.89008844 0.75780720
vt 0.88673633 0.74671817
vt 0.88612866 0.75744092
vt 0.88761240 0.75751919
vt 0.88443106 0.74670106
vt 0.88466984 0.75740653
vt 0.88612866 0.75744092
vt 0.88318700 0.75743389
vt 0.88466984 0.75740653
vt 0.88443106 0.74670106
vt 0.88070697 0.75763386
vt 0.88318700 0.75743389
vt 0.88213956 0.74658787
vt 0.87752217 0.74672562
vt 0.87822986 0.75778425
vt 0.88070697 0.75763386
vt 0.87514853 0.74703491
vt 0.87675476 0.75799334
vt 0.87822986 0.75778425
vt 0.87269413 0.74729878
vt 0.87528813 0.75826627
vt 0.87675476 0.75799334
vt 0.89256495 0.75806147
vt 0.89406431 0.75834244
vt 0.89615107 0.74719304
vt 0.89008844 0.75780720
vt 0.89256495 0.75806147
vt 0.89372325 0.74684852
vt 0.89112043 0.62568432
vt 0.89096314 0.65246493
vt 0.89342135 0.65258741
vt 0.89362001 0.62569499
vt 0.89342135 0.65258741
vt 0.89600331 0.65268546
vt 0.87096465 0.62602222
vt 0.87164599 0.65301210
vt 0.87425125 0.65289968
vt 0.87425125 0.65289968
vt 0.87676674 0.65274149
vt 0.87594312 0.62589389
vt 0.87676674 0.65274149
vt 0.87921089 0.65257263
vt 0.87844110 0.62582803
vt 0.87921089 0.65257263
vt 0.88158453 0.65242952
vt 0.88095927 0.62576622
vt 0.88158453 0.65242952
vt 0.88391536 0.65234303
vt 0.88350046 0.62571585
vt 0.88391536 0.65234303
vt 0.88624191 0.65232390
vt 0.88605732 0.62568396
vt 0.88605732 0.62568396
vt 0.88624191 0.65232390
vt 0.88857913 0.65236646
vt 0.88860029 0.62567812
vt 0.88857913 0.65236646
vt 0.89096314 0.65246493
vt 0.89096314 0.65246493
vt 0.89055210 0.66101468
vt 0.89297700 0.66103327
vt 0.89342135 0.65258741
vt 0.89297700 0.66103327
vt 0.89557040 0.66107845
vt 0.87205124 0.66130513
vt 0.87471575 0.66119671
vt 0.87425125 0.65289968
vt 0.87471575 0.66119671
vt 0.87731332 0.66113162
vt 0.87676674 0.65274149
vt 0.87731332 0.66113162
vt 0.87974131 0.66108441
vt 0.87921089 0.65257263
vt 0.87974131 0.66108441
vt 0.88198924 0.66104805
vt 0.88158453 0.65242952
vt 0.88198924 0.66104805
vt 0.88411725 0.66102386
vt 0.88391536 0.65234303
vt 0.88411725 0.66102386
vt 0.88618273 0.66101450
vt 0.88624191 0.65232390
vt 0.88624191 0.65232390
vt 0.88618273 0.66101450
vt 0.88830703 0.66100842
vt 0.88857913 0.65236646
vt 0.88830703 0.66100842
vt 0.89055210 0.66101468
vt 0.89063019 0.67238903
vt 0.89298505 0.67234713
vt 0.89297700 0.66103327
vt 0.89298505 0.67234713
vt 0.89552921 0.67232448
vt 0.89557040 0.66107845
vt 0.87239832 0.67254287
vt 0.87495357 0.67250383
vt 0.87471575 0.66119671
vt 0.87471575 0.66119671
vt 0.87495357 0.67250383
vt 0.87746012 0.67249078
vt 0.87731332 0.66113162
vt 0.87746012 0.67249078
vt 0.87981838 0.67248654
vt 0.87974131 0.66108441
vt 0.87981838 0.67248654
vt 0.88203430 0.67247725
vt 0.88198924 0.66104805
vt 0.88203430 0.67247725
vt 0.88416660 0.67245167
vt 0.88411725 0.66102386
vt 0.88416660 0.67245167
vt 0.88627845 0.67243183
vt 0.88627845 0.67243183
vt 0.88841391 0.67242020
vt 0.88830703 0.66100842
vt 0.88841391 0.67242020
vt 0.89063019 0.67238903
vt 0.89055210 0.66101468
vt 0.89078516 0.68183082
vt 0.89314955 0.68173248
vt 0.89298505 0.67234713
vt 0.89314955 0.68173248
vt 0.89567423 0.68164128
vt 0.89552921 0.67232448
vt 0.87239832 0.67254287
vt 0.87242812 0.68179774
vt 0.87500548 0.68181431
vt 0.87495357 0.67250383
vt 0.87500548 0.68181431
vt 0.87749052 0.68186450
vt 0.87746012 0.67249078
vt 0.87749052 0.68186450
vt 0.87985283 0.68191713
vt 0.87981838 0.67248654
vt 0.87985283 0.68191713
vt 0.88209003 0.68194938
vt 0.88203430 0.67247725
vt 0.88209003 0.68194938
vt 0.88424963 0.68194324
vt 0.88424963 0.68194324
vt 0.88638759 0.68193990
vt 0.88627845 0.67243183
vt 0.88638759 0.68193990
vt 0.88854712 0.68190515
vt 0.88841391 0.67242020
vt 0.88854712 0.68190515
vt 0.89078516 0.68183082
vt 0.89063019 0.67238903
vt 0.89127654 0.69046015
vt 0.89366549 0.69028342
vt 0.89314955 0.68173248
vt 0.89366549 0.69028342
vt 0.89611036 0.69015771
vt 0.89567423 0.68164128
vt 0.87231755 0.69023228
vt 0.87473786 0.69026345
vt 0.87500548 0.68181431
vt 0.87500548 0.68181431
vt 0.87473786 0.69026345
vt 0.87712449 0.69036841
vt 0.87749052 0.68186450
vt 0.87712449 0.69036841
vt 0.87950528 0.69052207
vt 0.87985283 0.68191713
vt 0.87950528 0.69052207
vt 0.88187712 0.69066471
vt 0.88209003 0.68194938
vt 0.88187712 0.69066471
vt 0.88422620 0.69074225
vt 0.88422620 0.69074225
vt 0.88655329 0.69072819
vt 0.88638759 0.68193990
vt 0.88655329 0.69072819
vt 0.88890153 0.69062674
vt 0.88854712 0.68190515
vt 0.88890153 0.69062674
vt 0.89127654 0.69046015
vt 0.89078516 0.68183082
vt 0.89127654 0.69046015
vt 0.89135790 0.74663818
vt 0.89372325 0.74684852
vt 0.89366549 0.69028342
vt 0.89372325 0.74684852
vt 0.89615107 0.74719304
vt 0.87231755 0.69023228
vt 0.87269413 0.74729878
vt 0.87514853 0.74703491
vt 0.87514853 0.74703491
vt 0.87752217 0.74672562
vt 0.87712449 0.69036841
vt 0.87752217 0.74672562
vt 0.87984824 0.74655271
vt 0.87950528 0.69052207
vt 0.87984824 0.74655271
vt 0.88213956 0.74658787
vt 0.88187712 0.69066471
vt 0.88213956 0.74658787
vt 0.88443106 0.74670106
vt 0.88422620 0.69074225
vt 0.88443106 0.74670106
vt 0.88673633 0.74671817
vt 0.88655329 0.69072819
vt 0.88655329 0.69072819
vt 0.88673633 0.74671817
vt 0.88904202 0.74663901
vt 0.88890153 0.69062674
vt 0.88904202 0.74663901
vt 0.89135790 0.74663818
vt 0.88904202 0.74663901
vt 0.89135790 0.74663818
vt 0.89008844 0.75780720
vt 0.88673633 0.74671817
vt 0.88904202 0.74663901
vt 0.88761240 0.75751919
vt 0.88443106 0.74670106
vt 0.88673633 0.74671817
vt 0.88612866 0.75744092
vt 0.88318700 0.75743389
vt 0.88213956 0.74658787
vt 0.88443106 0.74670106
vt 0.88070697 0.75763386
vt 0.87984824 0.74655271
vt 0.88213956 0.74658787
vt 0.87752217 0.74672562
vt 0.87984824 0.74655271
vt 0.88070697 0.75763386
vt 0.87514853 0.74703491
vt 0.87752217 0.74672562
vt 0.87822986 0.75778425
vt 0.87269413 0.74729878
vt 0.87514853 0.74703491
vt 0.87675476 0.75799334
vt 0.89256495 0.75806147
vt 0.89372325 0.74684852
vt 0.89615107 0.74719304
vt 0.89008844 0.75780720
vt 0.89135790 0.74663818
vt 0.89372325 0.74684852
vt 0.89112043 0.62568432
vt 0.89362001 0.62569499
vt 0.89342135 0.65258741
vt 0.89362001 0.62569499
vt 0.89615107 0.62570775
vt 0.89600331 0.65268546
vt 0.87096465 0.62602222
vt 0.87345517 0.62595952
vt 0.87425125 0.65289968
vt 0.87425125 0.65289968
vt 0.87345517 0.62595952
vt 0.87594312 0.62589389
vt 0.87676674 0.65274149
vt 0.87594312 0.62589389
vt 0.87844110 0.62582803
vt 0.87921089 0.65257263
vt 0.87844110 0.62582803
vt 0.88095927 0.62576622
vt 0.88158453 0.65242952
vt 0.88095927 0.62576622
vt 0.88350046 0.62571585
vt 0.88391536 0.65234303
vt 0.88350046 0.62571585
vt 0.88605732 0.62568396
vt 0.88605732 0.62568396
vt 0.88860029 0.62567812
vt 0.88857913 0.65236646
vt 0.88860029 0.62567812
vt 0.89112043 0.62568432
vt 0.89096314 0.65246493
vt 0.89096314 0.65246493
vt 0.89342135 0.65258741
vt 0.89297700 0.66103327
vt 0.89342135 0.65258741
vt 0.89600331 0.65268546
vt 0.89557040 0.66107845
vt 0.87205124 0.66130513
vt 0.87164599 0.65301210
vt 0.87425125 0.65289968
vt 0.87471575 0.66119671
vt 0.87425125 0.65289968
vt 0.87676674 0.65274149
vt 0.87731332 0.66113162
vt 0.87676674 0.65274149
vt 0.87921089 0.65257263
vt 0.87974131 0.66108441
vt 0.87921089 0.65257263
vt 0.88158453 0.65242952
vt 0.88198924 0.66104805
vt 0.88158453 0.65242952
vt 0.88391536 0.65234303
vt 0.88411725 0.66102386
vt 0.88391536 0.65234303
vt 0.88624191 0.65232390
vt 0.88624191 0.65232390
vt 0.88857913 0.65236646
vt 0.88830703 0.66100842
vt 0.88857913 0.65236646
vt 0.89096314 0.65246493
vt 0.89055210 0.66101468
vt 0.89063019 0.67238903
vt 0.89055210 0.66101468
vt 0.89297700 0.66103327
vt 0.89298505 0.67234713
vt 0.89297700 0.66103327
vt 0.89557040 0.66107845
vt 0.87239832 0.67254287
vt 0.87205124 0.66130513
vt 0.87471575 0.66119671
vt 0.87471575 0.66119671
vt 0.87731332 0.66113162
vt 0.87746012 0.67249078
vt 0.87731332 0.66113162
vt 0.87974131 0.66108441
vt 0.87981838 0.67248654
vt 0.87974131 0.66108441
vt 0.88198924 0.66104805
vt 0.88203430 0.67247725
vt 0.88198924 0.66104805
vt 0.88411725 0.66102386
vt 0.88416660 0.67245167
vt 0.88411725 0.66102386
vt 0.88618273 0.66101450
vt 0.88627845 0.67243183
vt 0.88627845 0.67243183
vt 0.88618273 0.66101450
vt 0.88830703 0.66100842
vt 0.88841391 0.67242020
vt 0.88830703 0.66100842
vt 0.89055210 0.66101468
vt 0.89078516 0.68183082
vt 0.89063019 0.67238903
vt 0.89298505 0.67234713
vt 0.89314955 0.68173248
vt 0.89298505 0.67234713
vt 0.89552921 0.67232448
vt 0.87239832 0.67254287
vt 0.87495357 0.67250383
vt 0.87500548 0.68181431
vt 0.87495357 0.67250383
vt 0.87746012 0.67249078
vt 0.87749052 0.68186450
vt 0.87746012 0.67249078
vt 0.87981838 0.67248654
vt 0.87985283 0.68191713
vt 0.87981838 0.67248654
vt 0.88203430 0.67247725
vt 0.88209003 0.68194938
vt 0.88203430 0.67247725
vt 0.88416660 0.67245167
vt 0.88424963 0.68194324
vt 0.88424963 0.68194324
vt 0.88416660 0.67245167
vt 0.88627845 0.67243183
vt 0.88638759 0.68193990
vt 0.88627845 0.67243183
vt 0.88841391 0.67242020
vt 0.88854712 0.68190515
vt 0.88841391 0.67242020
vt 0.89063019 0.67238903
vt 0.89127654 0.69046015
vt 0.89078516 0.68183082
vt 0.89314955 0.68173248
vt 0.89366549 0.69028342
vt 0.89314955 0.68173248
vt 0.89567423 0.68164128
vt 0.87231755 0.69023228
vt 0.87242812 0.68179774
vt 0.87500548 0.68181431
vt 0.87500548 0.68181431
vt 0.87749052 0.68186450
vt 0.87712449 0.69036841
vt 0.87749052 0.68186450
vt 0.87985283 0.68191713
vt 0.87950528 0.69052207
vt 0.87985283 0.68191713
vt 0.88209003 0.68194938
vt 0.88187712 0.69066471
vt 0.88209003 0.68194938
vt 0.88424963 0.68194324
vt 0.88422620 0.69074225
vt 0.88422620 0.69074225
vt 0.88424963 0.68194324
vt 0.88638759 0.68193990
vt 0.88655329 0.69072819
vt 0.88638759 0.68193990
vt 0.88854712 0.68190515
vt 0.88890153 0.69062674
vt 0.88854712 0.68190515
vt 0.89078516 0.68183082
vt 0.89127654 0.69046015
vt 0.89366549 0.69028342
vt 0.89372325 0.74684852
vt 0.89366549 0.69028342
vt 0.89611036 0.69015771
vt 0.89615107 0.74719304
vt 0.87231755 0.69023228
vt 0.87473786 0.69026345
vt 0.87514853 0.74703491
vt 0.87514853 0.74703491
vt 0.87473786 0.69026345
vt 0.87712449 0.69036841
vt 0.87752217 0.74672562
vt 0.87712449 0.69036841
vt 0.87950528 0.69052207
vt 0.87984824 0.74655271
vt 0.87950528 0.69052207
vt 0.88187712 0.69066471
vt 0.88213956 0.74658787
vt 0.88187712 0.69066471
vt 0.88422620 0.69074225
vt 0.88443106 0.74670106
vt 0.88422620 0.69074225
vt 0.88655329 0.69072819
vt 0.88655329 0.69072819
vt 0.88890153 0.69062674
vt 0.88904202 0.74663901
vt 0.88890153 0.69062674
vt 0.89127654 0.69046015
vt 0.89135790 0.74663818
vt 0.88904202 0.74663901
vt 0.89008844 0.75780720
vt 0.88761240 0.75751919
vt 0.88673633 0.74671817
vt 0.88761240 0.75751919
vt 0.88612866 0.75744092
vt 0.88443106 0.74670106
vt 0.88612866 0.75744092
vt 0.88466984 0.75740653
vt 0.88318700 0.75743389
vt 0.88443106 0.74670106
vt 0.88466984 0.75740653
vt 0.88070697 0.75763386
vt 0.88213956 0.74658787
vt 0.88318700 0.75743389
vt 0.87752217 0.74672562
vt 0.88070697 0.75763386
vt 0.87822986 0.75778425
vt 0.87514853 0.74703491
vt 0.87822986 0.75778425
vt 0.87675476 0.75799334
vt 0.87269413 0.74729878
vt 0.87675476 0.75799334
vt 0.87528813 0.75826627
vt 0.89256495 0.75806147
vt 0.89615107 0.74719304
vt 0.89406431 0.75834244
vt 0.89008844 0.75780720
vt 0.89372325 0.74684852
vt 0.89256495 0.75806147
vt 0.89112043 0.62568432
vt 0.89342135 0.65258741
vt 0.89096314 0.65246493
vt 0.89362001 0.62569499
vt 0.89600331 0.65268546
vt 0.89342135 0.65258741
vt 0.87096465 0.62602222
vt 0.87425125 0.65289968
vt 0.87164599 0.65301210
vt 0.87425125 0.65289968
vt 0.87594312 0.62589389
vt 0.87676674 0.65274149
vt 0.87676674 0.65274149
vt 0.87844110 0.62582803
vt 0.87921089 0.65257263
vt 0.87921089 0.65257263
vt 0.88095927 0.62576622
vt 0.88158453 0.65242952
vt 0.88158453 0.65242952
vt 0.88350046 0.62571585
vt 0.88391536 0.65234303
vt 0.88391536 0.65234303
vt 0.88605732 0.62568396
vt 0.88624191 0.65232390
vt 0.88605732 0.62568396
vt 0.88857913 0.65236646
vt 0.88624191 0.65232390
vt 0.88860029 0.62567812
vt 0.89096314 0.65246493
vt 0.88857913 0.65236646
vt 0.89096314 0.65246493
vt 0.89297700 0.66103327
vt 0.89055210 0.66101468
vt 0.89342135 0.65258741
vt 0.89557040 0.66107845
vt 0.89297700 0.66103327
vt 0.87205124 0.66130513
vt 0.87425125 0.65289968
vt 0.87471575 0.66119671
vt 0.87471575 0.66119671
vt 0.87676674 0.65274149
vt 0.87731332 0.66113162
vt 0.87731332 0.66113162
vt 0.87921089 0.65257263
vt 0.87974131 0.66108441
vt 0.87974131 0.66108441
vt 0.88158453 0.65242952
vt 0.88198924 0.66104805
vt 0.88198924 0.66104805
vt 0.88391536 0.65234303
vt 0.88411725 0.66102386
vt 0.88411725 0.66102386
vt 0.88624191 0.65232390
vt 0.88618273 0.66101450
vt 0.88624191 0.65232390
vt 0.88830703 0.66100842
vt 0.88618273 0.66101450
vt 0.88857913 0.65236646
vt 0.89055210 0.66101468
vt 0.88830703 0.66100842
vt 0.89063019 0.67238903
vt 0.89297700 0.66103327
vt 0.89298505 0.67234713
vt 0.89298505 0.67234713
vt 0.89557040 0.66107845
vt 0.89552921 0.67232448
vt 0.87239832 0.67254287
vt 0.87471575 0.66119671
vt 0.87495357 0.67250383
vt 0.87471575 0.66119671
vt 0.87746012 0.67249078
vt 0.87495357 0.67250383
vt 0.87731332 0.66113162
vt 0.87981838 0.67248654
vt 0.87746012 0.67249078
vt 0.87974131 0.66108441
vt 0.88203430 0.67247725
vt 0.87981838 0.67248654
vt 0.88198924 0.66104805
vt 0.88416660 0.67245167
vt 0.88203430 0.67247725
vt 0.88411725 0.66102386
vt 0.88627845 0.67243183
vt 0.88416660 0.67245167
vt 0.88627845 0.67243183
vt 0.88830703 0.66100842
vt 0.88841391 0.67242020
vt 0.88841391 0.67242020
vt 0.89055210 0.66101468
vt 0.89063019 0.67238903
vt 0.89078516 0.68183082
vt 0.89298505 0.67234713
vt 0.89314955 0.68173248
vt 0.89314955 0.68173248
vt 0.89552921 0.67232448
vt 0.89567423 0.68164128
vt 0.87239832 0.67254287
vt 0.87500548 0.68181431
vt 0.87242812 0.68179774
vt 0.87495357 0.67250383
vt 0.87749052 0.68186450
vt 0.87500548 0.68181431
vt 0.87746012 0.67249078
vt 0.87985283 0.68191713
vt 0.87749052 0.68186450
vt 0.87981838 0.67248654
vt 0.88209003 0.68194938
vt 0.87985283 0.68191713
vt 0.88203430 0.67247725
vt 0.88424963 0.68194324
vt 0.88209003 0.68194938
vt 0.88424963 0.68194324
vt 0.88627845 0.67243183
vt 0.88638759 0.68193990
vt 0.88638759 0.68193990
vt 0.88841391 0.67242020
vt 0.88854712 0.68190515
vt 0.88854712 0.68190515
vt 0.89063019 0.67238903
vt 0.89078516 0.68183082
vt 0.89127654 0.69046015
vt 0.89314955 0.68173248
vt 0.89366549 0.69028342
vt 0.89366549 0.69028342
vt 0.89567423 0.68164128
vt 0.89611036 0.69015771
vt 0.87231755 0.69023228
vt 0.87500548 0.68181431
vt 0.87473786 0.69026345
vt 0.87500548 0.68181431
vt 0.87712449 0.69036841
vt 0.87473786 0.69026345
vt 0.87749052 0.68186450
vt 0.87950528 0.69052207
vt 0.87712449 0.69036841
vt 0.87985283 0.68191713
vt 0.88187712 0.69066471
vt 0.87950528 0.69052207
vt 0.88209003 0.68194938
vt 0.88422620 0.69074225
vt 0.88187712 0.69066471
vt 0.88422620 0.69074225
vt 0.88638759 0.68193990
vt 0.88655329 0.69072819
vt 0.88655329 0.69072819
vt 0.88854712 0.68190515
vt 0.88890153 0.69062674
vt 0.88890153 0.69062674
vt 0.89078516 0.68183082
vt 0.89127654 0.69046015
vt 0.89127654 0.69046015
vt 0.89372325 0.74684852
vt 0.89135790 0.74663818
vt 0.89366549 0.69028342
vt 0.89615107 0.74719304
vt 0.89372325 0.74684852
vt 0.87231755 0.69023228
vt 0.87514853 0.74703491
vt 0.87269413 0.74729878
vt 0.87514853 0.74703491
vt 0.87712449 0.69036841
vt 0.87752217 0.74672562
vt 0.87752217 0.74672562
vt 0.87950528 0.69052207
vt 0.87984824 0.74655271
vt 0.87984824 0.74655271
vt 0.88187712 0.69066471
vt 0.88213956 0.74658787
vt 0.88213956 0.74658787
vt 0.88422620 0.69074225
vt 0.88443106 0.74670106
vt 0.88443106 0.74670106
vt 0.88655329 0.69072819
vt 0.88673633 0.74671817
vt 0.88655329 0.69072819
vt 0.88904202 0.74663901
vt 0.88673633 0.74671817
vt 0.88890153 0.69062674
vt 0.89135790 0.74663818
vt 0.88904202 0.74663901
vn -0.24556614 0.90643674 -0.34361300
vn -0.62450427 0.77528077 0.09452096
vn -0.56907958 0.80553389 0.16511752
vn 0.24213150 0.70462459 -0.66699070
vn -0.24556614 0.90643674 -0.34361300
vn -0.59739280 0.79960275 0.06129729
vn 0.70461172 0.24210826 -0.66701275
vn 0.24213150 0.70462459 -0.66699070
vn -0.11808405 0.86567366 -0.48648262
vn 0.79961562 -0.59737575 0.06129564
vn 0.90642095 -0.24559814 -0.34363151
vn 0.70461172 0.24210826 -0.66701275
vn 0.80554038 -0.56906921 0.16512093
vn 0.77528268 -0.62450182 0.09452125
vn 0.90642095 -0.24559814 -0.34363151
vn 0.36358550 -0.79333335 0.48829064
vn 0.77528268 -0.62450182 0.09452125
vn 0.80554038 -0.56906921 0.16512093
vn -0.20183948 -0.66893661 0.71539128
vn 0.36358550 -0.79333335 0.48829064
vn 0.74300891 -0.65377784 0.14322129
vn -0.66893476 -0.20185208 0.71538943
vn -0.20183948 -0.66893661 0.71539128
vn 0.15139751 -0.83217698 0.53344190
vn -0.65374428 0.74303973 0.14321472
vn -0.79334360 0.36355487 0.48829687
vn -0.66893476 -0.20185208 0.71538943
vn -0.56907958 0.80553389 0.16511752
vn -0.62450427 0.77528077 0.09452096
vn -0.79334360 0.36355487 0.48829687
vn -0.70705491 0.70715868 -0.00001800
vn -0.28799662 0.85600710 0.42931339
vn -0.33083224 0.82594818 0.45646438
vn -0.28799662 0.85600710 0.42931339
vn 0.24101010 0.67796910 0.69445807
vn 0.18665129 0.63180065 0.75232261
vn 0.24101010 0.67796910 0.69445807
vn 0.67796534 0.24099700 0.69446635
vn 0.63178778 0.18664724 0.75233436
vn 0.63178778 0.18664724 0.75233436
vn 0.67796534 0.24099700 0.69446635
vn 0.85600024 -0.28800631 0.42932045
vn 0.82595372 -0.33082041 0.45646295
vn 0.85600024 -0.28800631 0.42932045
vn 0.70716071 -0.70705289 -0.00001629
vn 0.69879359 -0.71514559 -0.01594975
vn 0.70716071 -0.70705289 -0.00001629
vn 0.28832099 -0.85570675 -0.42969406
vn 0.30893844 -0.82125497 -0.47968465
vn 0.28832099 -0.85570675 -0.42969406
vn -0.24038507 -0.67727637 -0.69535011
vn -0.19132857 -0.61938971 -0.76141298
vn -0.24038507 -0.67727637 -0.69535011
vn -0.67725313 -0.24042383 -0.69535929
vn -0.67725313 -0.24042383 -0.69535929
vn -0.85570687 0.28830776 -0.42970291
vn -0.82124394 0.30895525 -0.47969273
vn -0.85570687 0.28830776 -0.42970291
vn -0.70705491 0.70715868 -0.00001800
vn -0.71515429 0.69878477 -0.01594250
vn -0.71515429 0.69878477 -0.01594250
vn -0.33083224 0.82594818 0.45646438
vn -0.46887538 0.70811379 0.52794969
vn -0.33083224 0.82594818 0.45646438
vn 0.18665129 0.63180065 0.75232261
vn -0.02454629 0.43504655 0.90007335
vn -0.02454629 0.43504655 0.90007335
vn 0.18665129 0.63180065 0.75232261
vn 0.63178778 0.18664724 0.75233436
vn 0.43506101 -0.02453712 0.90006667
vn 0.63178778 0.18664724 0.75233436
vn 0.82595372 -0.33082041 0.45646295
vn 0.70811510 -0.46888295 0.52794111
vn 0.82595372 -0.33082041 0.45646295
vn 0.69879359 -0.71514559 -0.01594975
vn 0.69658726 -0.71609402 -0.04444823
vn 0.69879359 -0.71514559 -0.01594975
vn 0.30893844 -0.82125497 -0.47968465
vn 0.42586944 -0.68818504 -0.58739817
vn 0.30893844 -0.82125497 -0.47968465
vn -0.19132857 -0.61938971 -0.76141298
vn 0.00634248 -0.41290319 -0.91075289
vn -0.19132857 -0.61938971 -0.76141298
vn -0.61940545 -0.19129488 -0.76140875
vn -0.61940545 -0.19129488 -0.76140875
vn -0.82124394 0.30895525 -0.47969273
vn -0.68816739 0.42588112 -0.58741045
vn -0.82124394 0.30895525 -0.47969273
vn -0.71515429 0.69878477 -0.01594250
vn -0.71609515 0.69658577 -0.04445180
vn -0.70361376 0.70961761 -0.03702166
vn -0.71609515 0.69658577 -0.04445180
vn -0.46887538 0.70811379 0.52794969
vn -0.63347483 0.53591508 0.55812603
vn -0.46887538 0.70811379 0.52794969
vn -0.02454629 0.43504655 0.90007335
vn -0.30957153 0.14387622 0.93992823
vn -0.02454629 0.43504655 0.90007335
vn 0.43506101 -0.02453712 0.90006667
vn 0.43506101 -0.02453712 0.90006667
vn 0.70811510 -0.46888295 0.52794111
vn 0.53592193 -0.63348019 0.55811334
vn 0.70811510 -0.46888295 0.52794111
vn 0.69658726 -0.71609402 -0.04444823
vn 0.70963293 -0.70359814 -0.03702470
vn 0.69658726 -0.71609402 -0.04444823
vn 0.42586944 -0.68818504 -0.58739817
vn 0.61101687 -0.50822520 -0.60693121
vn 0.42586944 -0.68818504 -0.58739817
vn 0.00634248 -0.41290319 -0.91075289
vn 0.29094535 -0.13106886 -0.94771934
vn 0.00634248 -0.41290319 -0.91075289
vn -0.41286656 0.00633768 -0.91076958
vn -0.13111629 0.29097939 -0.94770223
vn -0.13111629 0.29097939 -0.94770223
vn -0.41286656 0.00633768 -0.91076958
vn -0.68816739 0.42588112 -0.58741045
vn -0.50824559 0.61100334 -0.60692781
vn -0.68816739 0.42588112 -0.58741045
vn -0.71609515 0.69658577 -0.04445180
vn -0.69736624 0.71620291 -0.02708707
vn -0.70361376 0.70961761 -0.03702166
vn -0.63347483 0.53591508 0.55812603
vn -0.76320720 0.40152231 0.50625569
vn -0.63347483 0.53591508 0.55812603
vn -0.30957153 0.14387622 0.93992823
vn -0.30957153 0.14387622 0.93992823
vn 0.14389391 -0.30959368 0.93991822
vn -0.07772067 -0.52820086 0.84555507
vn 0.14389391 -0.30959368 0.93991822
vn 0.53592193 -0.63348019 0.55811334
vn 0.40150869 -0.76322567 0.50623846
vn 0.53592193 -0.63348019 0.55811334
vn 0.70963293 -0.70359814 -0.03702470
vn 0.71619594 -0.69737345 -0.02708599
vn 0.70963293 -0.70359814 -0.03702470
vn 0.61101687 -0.50822520 -0.60693121
vn 0.75399005 -0.37005258 -0.54273391
vn 0.61101687 -0.50822520 -0.60693121
vn 0.29094535 -0.13106886 -0.94771934
vn 0.51388061 0.08903099 -0.85322934
vn 0.51388061 0.08903099 -0.85322934
vn 0.29094535 -0.13106886 -0.94771934
vn -0.13111629 0.29097939 -0.94770223
vn 0.08903656 0.51386988 -0.85323513
vn -0.13111629 0.29097939 -0.94770223
vn -0.50824559 0.61100334 -0.60692781
vn -0.37005648 0.75398797 -0.54273432
vn -0.50824559 0.61100334 -0.60692781
vn -0.70361376 0.70961761 -0.03702166
vn -0.70313144 0.71101761 -0.00775515
vn -0.69736624 0.71620291 -0.02708707
vn -0.76320720 0.40152231 0.50625569
vn -0.83092678 0.31923264 0.45568761
vn -0.76320720 0.40152231 0.50625569
vn -0.52817845 -0.07773570 0.84556770
vn -0.63819492 -0.19740389 0.74413645
vn -0.52817845 -0.07773570 0.84556770
vn -0.07772067 -0.52820086 0.84555507
vn -0.07772067 -0.52820086 0.84555507
vn 0.40150869 -0.76322567 0.50623846
vn 0.31924492 -0.83092219 0.45568740
vn 0.40150869 -0.76322567 0.50623846
vn 0.71619594 -0.69737345 -0.02708599
vn 0.71102202 -0.70312685 -0.00776872
vn 0.71619594 -0.69737345 -0.02708599
vn 0.75399005 -0.37005258 -0.54273391
vn 0.82908851 -0.30816019 -0.46652925
vn 0.75399005 -0.37005258 -0.54273391
vn 0.51388061 0.08903099 -0.85322934
vn 0.63339704 0.20083633 -0.74731052
vn 0.63339704 0.20083633 -0.74731052
vn 0.51388061 0.08903099 -0.85322934
vn 0.08903656 0.51386988 -0.85323513
vn 0.20084077 0.63338226 -0.74732178
vn 0.08903656 0.51386988 -0.85323513
vn -0.37005648 0.75398797 -0.54273432
vn -0.30817595 0.82908630 -0.46652278
vn -0.37005648 0.75398797 -0.54273432
vn -0.69736624 0.71620291 -0.02708707
vn -0.70313144 0.71101761 -0.00775515
vn -0.83092678 0.31923264 0.45568761
vn -0.79334360 0.36355487 0.48829687
vn -0.83092678 0.31923264 0.45568761
vn -0.63819492 -0.19740389 0.74413645
vn -0.66893476 -0.20185208 0.71538943
vn -0.63819492 -0.19740389 0.74413645
vn -0.19741727 -0.63818282 0.74414319
vn -0.20183948 -0.66893661 0.71539128
vn -0.20183948 -0.66893661 0.71539128
vn -0.19741727 -0.63818282 0.74414319
vn 0.31924492 -0.83092219 0.45568740
vn 0.36358550 -0.79333335 0.48829064
vn 0.31924492 -0.83092219 0.45568740
vn 0.71102202 -0.70312685 -0.00776872
vn 0.77528268 -0.62450182 0.09452125
vn 0.71102202 -0.70312685 -0.00776872
vn 0.82908851 -0.30816019 -0.46652925
vn 0.90642095 -0.24559814 -0.34363151
vn 0.82908851 -0.30816019 -0.46652925
vn 0.63339704 0.20083633 -0.74731052
vn 0.70461172 0.24210826 -0.66701275
vn 0.63339704 0.20083633 -0.74731052
vn 0.20084077 0.63338226 -0.74732178
vn 0.20084077 0.63338226 -0.74732178
vn -0.30817595 0.82908630 -0.46652278
vn -0.24556614 0.90643674 -0.34361300
vn -0.30817595 0.82908630 -0.46652278
vn -0.70313144 0.71101761 -0.00775515
vn -0.62450427 0.77528077 0.09452096
vn -0.24556614 0.90643674 -0.34361300
vn -0.56907958 0.80553389 0.16511752
vn -0.59739280 0.79960275 0.06129729
vn 0.24213150 0.70462459 -0.66699070
vn -0.59739280 0.79960275 0.06129729
vn -0.11808405 0.86567366 -0.48648262
vn 0.70461172 0.24210826 -0.66701275
vn -0.11808405 0.86567366 -0.48648262
vn 0.86567175 -0.11805094 -0.48649403
vn 0.79961562 -0.59737575 0.06129564
vn 0.70461172 0.24210826 -0.66701275
vn 0.86567175 -0.11805094 -0.48649403
vn 0.80554038 -0.56906921 0.16512093
vn 0.90642095 -0.24559814 -0.34363151
vn 0.79961562 -0.59737575 0.06129564
vn 0.36358550 -0.79333335 0.48829064
vn 0.80554038 -0.56906921 0.16512093
vn 0.74300891 -0.65377784 0.14322129
vn -0.20183948 -0.66893661 0.71539128
vn 0.74300891 -0.65377784 0.14322129
vn 0.15139751 -0.83217698 0.53344190
vn -0.66893476 -0.20185208 0.71538943
vn 0.15139751 -0.83217698 0.53344190
vn -0.83216578 0.15143222 0.53344959
vn -0.65374428 0.74303973 0.14321472
vn -0.66893476 -0.20185208 0.71538943
vn -0.83216578 0.15143222 0.53344959
vn -0.56907958 0.80553389 0.16511752
vn -0.79334360 0.36355487 0.48829687
vn -0.65374428 0.74303973 0.14321472
vn -0.70705491 0.70715868 -0.00001800
vn -0.33083224 0.82594818 0.45646438
vn -0.71515429 0.69878477 -0.01594250
vn -0.28799662 0.85600710 0.42931339
vn 0.18665129 0.63180065 0.75232261
vn -0.33083224 0.82594818 0.45646438
vn 0.24101010 0.67796910 0.69445807
vn 0.63178778 0.18664724 0.75233436
vn 0.18665129 0.63180065 0.75232261
vn 0.63178778 0.18664724 0.75233436
vn 0.85600024 -0.28800631 0.42932045
vn 0.82595372 -0.33082041 0.45646295
vn 0.82595372 -0.33082041 0.45646295
vn 0.70716071 -0.70705289 -0.00001629
vn 0.69879359 -0.71514559 -0.01594975
vn 0.69879359 -0.71514559 -0.01594975
vn 0.28832099 -0.85570675 -0.42969406
vn 0.30893844 -0.82125497 -0.47968465
vn 0.30893844 -0.82125497 -0.47968465
vn -0.24038507 -0.67727637 -0.69535011
vn -0.19132857 -0.61938971 -0.76141298
vn -0.19132857 -0.61938971 -0.76141298
vn -0.67725313 -0.24042383 -0.69535929
vn -0.61940545 -0.19129488 -0.76140875
vn -0.67725313 -0.24042383 -0.69535929
vn -0.82124394 0.30895525 -0.47969273
vn -0.61940545 -0.19129488 -0.76140875
vn -0.85570687 0.28830776 -0.42970291
vn -0.71515429 0.69878477 -0.01594250
vn -0.82124394 0.30895525 -0.47969273
vn -0.71515429 0.69878477 -0.01594250
vn -0.46887538 0.70811379 0.52794969
vn -0.71609515 0.69658577 -0.04445180
vn -0.33083224 0.82594818 0.45646438
vn -0.02454629 0.43504655 0.90007335
vn -0.46887538 0.70811379 0.52794969
vn -0.02454629 0.43504655 0.90007335
vn 0.63178778 0.18664724 0.75233436
vn 0.43506101 -0.02453712 0.90006667
vn 0.43506101 -0.02453712 0.90006667
vn 0.82595372 -0.33082041 0.45646295
vn 0.70811510 -0.46888295 0.52794111
vn 0.70811510 -0.46888295 0.52794111
vn 0.69879359 -0.71514559 -0.01594975
vn 0.69658726 -0.71609402 -0.04444823
vn 0.69658726 -0.71609402 -0.04444823
vn 0.30893844 -0.82125497 -0.47968465
vn 0.42586944 -0.68818504 -0.58739817
vn 0.42586944 -0.68818504 -0.58739817
vn -0.19132857 -0.61938971 -0.76141298
vn 0.00634248 -0.41290319 -0.91075289
vn 0.00634248 -0.41290319 -0.91075289
vn -0.61940545 -0.19129488 -0.76140875
vn -0.41286656 0.00633768 -0.91076958
vn -0.61940545 -0.19129488 -0.76140875
vn -0.68816739 0.42588112 -0.58741045
vn -0.41286656 0.00633768 -0.91076958
vn -0.82124394 0.30895525 -0.47969273
vn -0.71609515 0.69658577 -0.04445180
vn -0.68816739 0.42588112 -0.58741045
vn -0.70361376 0.70961761 -0.03702166
vn -0.46887538 0.70811379 0.52794969
vn -0.63347483 0.53591508 0.55812603
vn -0.63347483 0.53591508 0.55812603
vn -0.02454629 0.43504655 0.90007335
vn -0.30957153 0.14387622 0.93992823
vn -0.30957153 0.14387622 0.93992823
vn 0.43506101 -0.02453712 0.90006667
vn 0.14389391 -0.30959368 0.93991822
vn 0.43506101 -0.02453712 0.90006667
vn 0.53592193 -0.63348019 0.55811334
vn 0.14389391 -0.30959368 0.93991822
vn 0.70811510 -0.46888295 0.52794111
vn 0.70963293 -0.70359814 -0.03702470
vn 0.53592193 -0.63348019 0.55811334
vn 0.69658726 -0.71609402 -0.04444823
vn 0.61101687 -0.50822520 -0.60693121
vn 0.70963293 -0.70359814 -0.03702470
vn 0.42586944 -0.68818504 -0.58739817
vn 0.29094535 -0.13106886 -0.94771934
vn 0.61101687 -0.50822520 -0.60693121
vn 0.00634248 -0.41290319 -0.91075289
vn -0.13111629 0.29097939 -0.94770223
vn 0.29094535 -0.13106886 -0.94771934
vn -0.13111629 0.29097939 -0.94770223
vn -0.68816739 0.42588112 -0.58741045
vn -0.50824559 0.61100334 -0.60692781
vn -0.50824559 0.61100334 -0.60692781
vn -0.71609515 0.69658577 -0.04445180
vn -0.70361376 0.70961761 -0.03702166
vn -0.69736624 0.71620291 -0.02708707
vn -0.63347483 0.53591508 0.55812603
vn -0.76320720 0.40152231 0.50625569
vn -0.76320720 0.40152231 0.50625569
vn -0.30957153 0.14387622 0.93992823
vn -0.52817845 -0.07773570 0.84556770
vn -0.30957153 0.14387622 0.93992823
vn -0.07772067 -0.52820086 0.84555507
vn -0.52817845 -0.07773570 0.84556770
vn 0.14389391 -0.30959368 0.93991822
vn 0.40150869 -0.76322567 0.50623846
vn -0.07772067 -0.52820086 0.84555507
vn 0.53592193 -0.63348019 0.55811334
vn 0.71619594 -0.69737345 -0.02708599
vn 0.40150869 -0.76322567 0.50623846
vn 0.70963293 -0.70359814 -0.03702470
vn 0.75399005 -0.37005258 -0.54273391
vn 0.71619594 -0.69737345 -0.02708599
vn 0.61101687 -0.50822520 -0.60693121
vn 0.51388061 0.08903099 -0.85322934
vn 0.75399005 -0.37005258 -0.54273391
vn 0.51388061 0.08903099 -0.85322934
vn -0.13111629 0.29097939 -0.94770223
vn 0.08903656 0.51386988 -0.85323513
vn 0.08903656 0.51386988 -0.85323513
vn -0.50824559 0.61100334 -0.60692781
vn -0.37005648 0.75398797 -0.54273432
vn -0.37005648 0.75398797 -0.54273432
vn -0.70361376 0.70961761 -0.03702166
vn -0.69736624 0.71620291 -0.02708707
vn -0.70313144 0.71101761 -0.00775515
vn -0.76320720 0.40152231 0.50625569
vn -0.83092678 0.31923264 0.45568761
vn -0.83092678 0.31923264 0.45568761
vn -0.52817845 -0.07773570 0.84556770
vn -0.63819492 -0.19740389 0.74413645
vn -0.63819492 -0.19740389 0.74413645
vn -0.07772067 -0.52820086 0.84555507
vn -0.19741727 -0.63818282 0.74414319
vn -0.07772067 -0.52820086 0.84555507
vn 0.31924492 -0.83092219 0.45568740
vn -0.19741727 -0.63818282 0.74414319
vn 0.40150869 -0.76322567 0.50623846
vn 0.71102202 -0.70312685 -0.00776872
vn 0.31924492 -0.83092219 0.45568740
vn 0.71619594 -0.69737345 -0.02708599
vn 0.82908851 -0.30816019 -0.46652925
vn 0.71102202 -0.70312685 -0.00776872
vn 0.75399005 -0.37005258 -0.54273391
vn 0.63339704 0.20083633 -0.74731052
vn 0.82908851 -0.30816019 -0.46652925
vn 0.63339704 0.20083633 -0.74731052
vn 0.08903656 0.51386988 -0.85323513
vn 0.20084077 0.63338226 -0.74732178
vn 0.20084077 0.63338226 -0.74732178
vn -0.37005648 0.75398797 -0.54273432
vn -0.30817595 0.82908630 -0.46652278
vn -0.30817595 0.82908630 -0.46652278
vn -0.69736624 0.71620291 -0.02708707
vn -0.70313144 0.71101761 -0.00775515
vn -0.70313144 0.71101761 -0.00775515
vn -0.79334360 0.36355487 0.48829687
vn -0.62450427 0.77528077 0.09452096
vn -0.83092678 0.31923264 0.45568761
vn -0.66893476 -0.20185208 0.71538943
vn -0.79334360 0.36355487 0.48829687
vn -0.63819492 -0.19740389 0.74413645
vn -0.20183948 -0.66893661 0.71539128
vn -0.66893476 -0.20185208 0.71538943
vn -0.20183948 -0.66893661 0.71539128
vn 0.31924492 -0.83092219 0.45568740
vn 0.36358550 -0.79333335 0.48829064
vn 0.36358550 -0.79333335 0.48829064
vn 0.71102202 -0.70312685 -0.00776872
vn 0.77528268 -0.62450182 0.09452125
vn 0.77528268 -0.62450182 0.09452125
vn 0.82908851 -0.30816019 -0.46652925
vn 0.90642095 -0.24559814 -0.34363151
vn 0.90642095 -0.24559814 -0.34363151
vn 0.63339704 0.20083633 -0.74731052
vn 0.70461172 0.24210826 -0.66701275
vn 0.70461172 0.24210826 -0.66701275
vn 0.20084077 0.63338226 -0.74732178
vn 0.24213150 0.70462459 -0.66699070
vn 0.20084077 0.63338226 -0.74732178
vn -0.24556614 0.90643674 -0.34361300
vn 0.24213150 0.70462459 -0.66699070
vn -0.30817595 0.82908630 -0.46652278
vn -0.62450427 0.77528077 0.09452096
vn -0.24556614 0.90643674 -0.34361300
vn 0.24556601 0.90643662 -0.34361315
vn 0.56907976 0.80553365 0.16511706
vn 0.62450451 0.77528065 0.09452049
vn -0.24213189 0.70462465 -0.66699052
vn 0.59739304 0.79960263 0.06129682
vn 0.24556601 0.90643662 -0.34361315
vn -0.70461220 0.24210836 -0.66701221
vn 0.11808383 0.86567360 -0.48648271
vn -0.24213189 0.70462465 -0.66699052
vn -0.79961562 -0.59737563 0.06129627
vn -0.70461220 0.24210836 -0.66701221
vn -0.90642130 -0.24559799 -0.34363085
vn -0.80554038 -0.56906903 0.16512154
vn -0.90642130 -0.24559799 -0.34363085
vn -0.77528268 -0.62450171 0.09452184
vn -0.36358523 -0.79333323 0.48829094
vn -0.80554038 -0.56906903 0.16512154
vn -0.77528268 -0.62450171 0.09452184
vn 0.20183994 -0.66893661 0.71539116
vn -0.74300891 -0.65377766 0.14322187
vn -0.36358523 -0.79333323 0.48829094
vn 0.66893524 -0.20185219 0.71538895
vn -0.15139727 -0.83217692 0.53344202
vn 0.20183994 -0.66893661 0.71539116
vn 0.65374446 0.74303961 0.14321420
vn 0.66893524 -0.20185219 0.71538895
vn 0.79334402 0.36355469 0.48829624
vn 0.56907976 0.80553365 0.16511706
vn 0.79334402 0.36355469 0.48829624
vn 0.62450451 0.77528065 0.09452049
vn 0.70705509 0.70715851 -0.00001855
vn 0.33083272 0.82594812 0.45646411
vn 0.28799710 0.85600704 0.42931318
vn 0.28799710 0.85600704 0.42931318
vn -0.18665062 0.63180071 0.75232273
vn -0.24100946 0.67796916 0.69445825
vn -0.24100946 0.67796916 0.69445825
vn -0.63178724 0.18664740 0.75233477
vn -0.67796475 0.24099712 0.69446689
vn -0.63178724 0.18664740 0.75233477
vn -0.85600001 -0.28800616 0.42932111
vn -0.67796475 0.24099712 0.69446689
vn -0.82595336 -0.33082029 0.45646355
vn -0.70716083 -0.70705277 -0.00001574
vn -0.85600001 -0.28800616 0.42932111
vn -0.69879377 -0.71514541 -0.01594921
vn -0.28832147 -0.85570669 -0.42969385
vn -0.70716083 -0.70705277 -0.00001574
vn -0.30893895 -0.82125491 -0.47968441
vn 0.24038440 -0.67727637 -0.69535035
vn -0.28832147 -0.85570669 -0.42969385
vn 0.19132787 -0.61938977 -0.76141310
vn 0.67725247 -0.24042393 -0.69535989
vn 0.24038440 -0.67727637 -0.69535035
vn 0.67725247 -0.24042393 -0.69535989
vn 0.82124358 0.30895510 -0.47969338
vn 0.85570657 0.28830758 -0.42970350
vn 0.85570657 0.28830758 -0.42970350
vn 0.71515441 0.69878465 -0.01594305
vn 0.70705509 0.70715851 -0.00001855
vn 0.71515441 0.69878465 -0.01594305
vn 0.46887586 0.70811367 0.52794927
vn 0.33083272 0.82594812 0.45646411
vn 0.33083272 0.82594812 0.45646411
vn 0.02454707 0.43504655 0.90007329
vn -0.18665062 0.63180071 0.75232273
vn 0.02454707 0.43504655 0.90007329
vn -0.63178724 0.18664740 0.75233477
vn -0.18665062 0.63180071 0.75232273
vn -0.43506029 -0.02453705 0.90006703
vn -0.82595336 -0.33082029 0.45646355
vn -0.63178724 0.18664740 0.75233477
vn -0.70811474 -0.46888277 0.52794170
vn -0.69879377 -0.71514541 -0.01594921
vn -0.82595336 -0.33082029 0.45646355
vn -0.69658732 -0.71609396 -0.04444769
vn -0.30893895 -0.82125491 -0.47968441
vn -0.69879377 -0.71514541 -0.01594921
vn -0.42587009 -0.68818492 -0.58739781
vn 0.19132787 -0.61938977 -0.76141310
vn -0.30893895 -0.82125491 -0.47968441
vn -0.00634326 -0.41290319 -0.91075289
vn 0.61940479 -0.19129500 -0.76140916
vn 0.19132787 -0.61938977 -0.76141310
vn 0.61940479 -0.19129500 -0.76140916
vn 0.68816698 0.42588097 -0.58741099
vn 0.82124358 0.30895510 -0.47969338
vn 0.82124358 0.30895510 -0.47969338
vn 0.71609527 0.69658566 -0.04445235
vn 0.71515441 0.69878465 -0.01594305
vn 0.70361376 0.70961750 -0.03702220
vn 0.46887586 0.70811367 0.52794927
vn 0.71609527 0.69658566 -0.04445235
vn 0.63347536 0.53591502 0.55812562
vn 0.02454707 0.43504655 0.90007329
vn 0.46887586 0.70811367 0.52794927
vn 0.30957231 0.14387615 0.93992800
vn -0.43506029 -0.02453705 0.90006703
vn 0.02454707 0.43504655 0.90007329
vn -0.43506029 -0.02453705 0.90006703
vn -0.53592163 -0.63348001 0.55811381
vn -0.70811474 -0.46888277 0.52794170
vn -0.70811474 -0.46888277 0.52794170
vn -0.70963305 -0.70359802 -0.03702416
vn -0.69658732 -0.71609396 -0.04444769
vn -0.69658732 -0.71609396 -0.04444769
vn -0.61101753 -0.50822508 -0.60693079
vn -0.42587009 -0.68818492 -0.58739781
vn -0.42587009 -0.68818492 -0.58739781
vn -0.29094610 -0.13106880 -0.94771904
vn -0.00634326 -0.41290319 -0.91075289
vn -0.00634326 -0.41290319 -0.91075289
vn 0.13111560 0.29097939 -0.94770235
vn 0.41286576 0.00633760 -0.91076982
vn 0.13111560 0.29097939 -0.94770235
vn 0.68816698 0.42588097 -0.58741099
vn 0.41286576 0.00633760 -0.91076982
vn 0.50824523 0.61100322 -0.60692817
vn 0.71609527 0.69658566 -0.04445235
vn 0.68816698 0.42588097 -0.58741099
vn 0.69736636 0.71620280 -0.02708761
vn 0.63347536 0.53591502 0.55812562
vn 0.70361376 0.70961750 -0.03702220
vn 0.76320755 0.40152210 0.50625509
vn 0.30957231 0.14387615 0.93992800
vn 0.63347536 0.53591502 0.55812562
vn 0.30957231 0.14387615 0.93992800
vn 0.07772124 -0.52820081 0.84555501
vn -0.14389323 -0.30959365 0.93991834
vn -0.14389323 -0.30959365 0.93991834
vn -0.40150851 -0.76322562 0.50623882
vn -0.53592163 -0.63348001 0.55811381
vn -0.53592163 -0.63348001 0.55811381
vn -0.71619606 -0.69737333 -0.02708542
vn -0.70963305 -0.70359802 -0.03702416
vn -0.70963305 -0.70359802 -0.03702416
vn -0.75399059 -0.37005240 -0.54273325
vn -0.61101753 -0.50822508 -0.60693079
vn -0.61101753 -0.50822508 -0.60693079
vn -0.51388121 0.08903107 -0.85322893
vn -0.29094610 -0.13106880 -0.94771904
vn -0.51388121 0.08903107 -0.85322893
vn 0.13111560 0.29097939 -0.94770235
vn -0.29094610 -0.13106880 -0.94771904
vn -0.08903714 0.51386988 -0.85323507
vn 0.50824523 0.61100322 -0.60692817
vn 0.13111560 0.29097939 -0.94770235
vn 0.37005618 0.75398779 -0.54273456
vn 0.70361376 0.70961750 -0.03702220
vn 0.50824523 0.61100322 -0.60692817
vn 0.70313156 0.71101755 -0.00775570
vn 0.76320755 0.40152210 0.50625509
vn 0.69736636 0.71620280 -0.02708761
vn 0.83092725 0.31923252 0.45568696
vn 0.52817905 -0.07773579 0.84556729
vn 0.76320755 0.40152210 0.50625509
vn 0.63819557 -0.19740401 0.74413586
vn 0.07772124 -0.52820081 0.84555501
vn 0.52817905 -0.07773579 0.84556729
vn 0.07772124 -0.52820081 0.84555501
vn -0.31924468 -0.83092213 0.45568764
vn -0.40150851 -0.76322562 0.50623882
vn -0.40150851 -0.76322562 0.50623882
vn -0.71102220 -0.70312673 -0.00776818
vn -0.71619606 -0.69737333 -0.02708542
vn -0.71619606 -0.69737333 -0.02708542
vn -0.82908899 -0.30816010 -0.46652865
vn -0.75399059 -0.37005240 -0.54273325
vn -0.75399059 -0.37005240 -0.54273325
vn -0.63339764 0.20083645 -0.74730998
vn -0.51388121 0.08903107 -0.85322893
vn -0.63339764 0.20083645 -0.74730998
vn -0.08903714 0.51386988 -0.85323507
vn -0.51388121 0.08903107 -0.85322893
vn -0.20084123 0.63338226 -0.74732167
vn 0.37005618 0.75398779 -0.54273456
vn -0.08903714 0.51386988 -0.85323507
vn 0.30817571 0.82908624 -0.46652299
vn 0.69736636 0.71620280 -0.02708761
vn 0.37005618 0.75398779 -0.54273456
vn 0.70313156 0.71101755 -0.00775570
vn 0.79334402 0.36355469 0.48829624
vn 0.83092725 0.31923252 0.45568696
vn 0.83092725 0.31923252 0.45568696
vn 0.66893524 -0.20185219 0.71538895
vn 0.63819557 -0.19740401 0.74413586
vn 0.63819557 -0.19740401 0.74413586
vn 0.20183994 -0.66893661 0.71539116
vn 0.19741775 -0.63818288 0.74414307
vn 0.20183994 -0.66893661 0.71539116
vn -0.31924468 -0.83092213 0.45568764
vn 0.19741775 -0.63818288 0.74414307
vn -0.36358523 -0.79333323 0.48829094
vn -0.71102220 -0.70312673 -0.00776818
vn -0.31924468 -0.83092213 0.45568764
vn -0.77528268 -0.62450171 0.09452184
vn -0.82908899 -0.30816010 -0.46652865
vn -0.71102220 -0.70312673 -0.00776818
vn -0.90642130 -0.24559799 -0.34363085
vn -0.63339764 0.20083645 -0.74730998
vn -0.82908899 -0.30816010 -0.46652865
vn -0.70461220 0.24210836 -0.66701221
vn -0.20084123 0.63338226 -0.74732167
vn -0.63339764 0.20083645 -0.74730998
vn -0.20084123 0.63338226 -0.74732167
vn 0.24556601 0.90643662 -0.34361315
vn 0.30817571 0.82908624 -0.46652299
vn 0.30817571 0.82908624 -0.46652299
vn 0.62450451 0.77528065 0.09452049
vn 0.70313156 0.71101755 -0.00775570
vn 0.24556601 0.90643662 -0.34361315
vn 0.59739304 0.79960263 0.06129682
vn 0.56907976 0.80553365 0.16511706
vn -0.24213189 0.70462465 -0.66699052
vn 0.11808383 0.86567360 -0.48648271
vn 0.59739304 0.79960263 0.06129682
vn -0.70461220 0.24210836 -0.66701221
vn -0.86567211 -0.11805079 -0.48649335
vn 0.11808383 0.86567360 -0.48648271
vn -0.79961562 -0.59737563 0.06129627
vn -0.86567211 -0.11805079 -0.48649335
vn -0.70461220 0.24210836 -0.66701221
vn -0.80554038 -0.56906903 0.16512154
vn -0.79961562 -0.59737563 0.06129627
vn -0.90642130 -0.24559799 -0.34363085
vn -0.36358523 -0.79333323 0.48829094
vn -0.74300891 -0.65377766 0.14322187
vn -0.80554038 -0.56906903 0.16512154
vn 0.20183994 -0.66893661 0.71539116
vn -0.15139727 -0.83217692 0.53344202
vn -0.74300891 -0.65377766 0.14322187
vn 0.66893524 -0.20185219 0.71538895
vn 0.83216625 0.15143207 0.53344893
vn -0.15139727 -0.83217692 0.53344202
vn 0.65374446 0.74303961 0.14321420
vn 0.83216625 0.15143207 0.53344893
vn 0.66893524 -0.20185219 0.71538895
vn 0.56907976 0.80553365 0.16511706
vn 0.65374446 0.74303961 0.14321420
vn 0.79334402 0.36355469 0.48829624
vn 0.70705509 0.70715851 -0.00001855
vn 0.71515441 0.69878465 -0.01594305
vn 0.33083272 0.82594812 0.45646411
vn 0.28799710 0.85600704 0.42931318
vn 0.33083272 0.82594812 0.45646411
vn -0.18665062 0.63180071 0.75232273
vn -0.24100946 0.67796916 0.69445825
vn -0.18665062 0.63180071 0.75232273
vn -0.63178724 0.18664740 0.75233477
vn -0.63178724 0.18664740 0.75233477
vn -0.82595336 -0.33082029 0.45646355
vn -0.85600001 -0.28800616 0.42932111
vn -0.82595336 -0.33082029 0.45646355
vn -0.69879377 -0.71514541 -0.01594921
vn -0.70716083 -0.70705277 -0.00001574
vn -0.69879377 -0.71514541 -0.01594921
vn -0.30893895 -0.82125491 -0.47968441
vn -0.28832147 -0.85570669 -0.42969385
vn -0.30893895 -0.82125491 -0.47968441
vn 0.19132787 -0.61938977 -0.76141310
vn 0.24038440 -0.67727637 -0.69535035
vn 0.19132787 -0.61938977 -0.76141310
vn 0.61940479 -0.19129500 -0.76140916
vn 0.67725247 -0.24042393 -0.69535989
vn 0.67725247 -0.24042393 -0.69535989
vn 0.61940479 -0.19129500 -0.76140916
vn 0.82124358 0.30895510 -0.47969338
vn 0.85570657 0.28830758 -0.42970350
vn 0.82124358 0.30895510 -0.47969338
vn 0.71515441 0.69878465 -0.01594305
vn 0.71515441 0.69878465 -0.01594305
vn 0.71609527 0.69658566 -0.04445235
vn 0.46887586 0.70811367 0.52794927
vn 0.33083272 0.82594812 0.45646411
vn 0.46887586 0.70811367 0.52794927
vn 0.02454707 0.43504655 0.90007329
vn 0.02454707 0.43504655 0.90007329
vn -0.43506029 -0.02453705 0.90006703
vn -0.63178724 0.18664740 0.75233477
vn -0.43506029 -0.02453705 0.90006703
vn -0.70811474 -0.46888277 0.52794170
vn -0.82595336 -0.33082029 0.45646355
vn -0.70811474 -0.46888277 0.52794170
vn -0.69658732 -0.71609396 -0.04444769
vn -0.69879377 -0.71514541 -0.01594921
vn -0.69658732 -0.71609396 -0.04444769
vn -0.42587009 -0.68818492 -0.58739781
vn -0.30893895 -0.82125491 -0.47968441
vn -0.42587009 -0.68818492 -0.58739781
vn -0.00634326 -0.41290319 -0.91075289
vn 0.19132787 -0.61938977 -0.76141310
vn -0.00634326 -0.41290319 -0.91075289
vn 0.41286576 0.00633760 -0.91076982
vn 0.61940479 -0.19129500 -0.76140916
vn 0.61940479 -0.19129500 -0.76140916
vn 0.41286576 0.00633760 -0.91076982
vn 0.68816698 0.42588097 -0.58741099
vn 0.82124358 0.30895510 -0.47969338
vn 0.68816698 0.42588097 -0.58741099
vn 0.71609527 0.69658566 -0.04445235
vn 0.70361376 0.70961750 -0.03702220
vn 0.63347536 0.53591502 0.55812562
vn 0.46887586 0.70811367 0.52794927
vn 0.63347536 0.53591502 0.55812562
vn 0.30957231 0.14387615 0.93992800
vn 0.02454707 0.43504655 0.90007329
vn 0.30957231 0.14387615 0.93992800
vn -0.14389323 -0.30959365 0.93991834
vn -0.43506029 -0.02453705 0.90006703
vn -0.43506029 -0.02453705 0.90006703
vn -0.14389323 -0.30959365 0.93991834
vn -0.53592163 -0.63348001 0.55811381
vn -0.70811474 -0.46888277 0.52794170
vn -0.53592163 -0.63348001 0.55811381
vn -0.70963305 -0.70359802 -0.03702416
vn -0.69658732 -0.71609396 -0.04444769
vn -0.70963305 -0.70359802 -0.03702416
vn -0.61101753 -0.50822508 -0.60693079
vn -0.42587009 -0.68818492 -0.58739781
vn -0.61101753 -0.50822508 -0.60693079
vn -0.29094610 -0.13106880 -0.94771904
vn -0.00634326 -0.41290319 -0.91075289
vn -0.29094610 -0.13106880 -0.94771904
vn 0.13111560 0.29097939 -0.94770235
vn 0.13111560 0.29097939 -0.94770235
vn 0.50824523 0.61100322 -0.60692817
vn 0.68816698 0.42588097 -0.58741099
vn 0.50824523 0.61100322 -0.60692817
vn 0.70361376 0.70961750 -0.03702220
vn 0.71609527 0.69658566 -0.04445235
vn 0.69736636 0.71620280 -0.02708761
vn 0.76320755 0.40152210 0.50625509
vn 0.63347536 0.53591502 0.55812562
vn 0.76320755 0.40152210 0.50625509
vn 0.52817905 -0.07773579 0.84556729
vn 0.30957231 0.14387615 0.93992800
vn 0.30957231 0.14387615 0.93992800
vn 0.52817905 -0.07773579 0.84556729
vn 0.07772124 -0.52820081 0.84555501
vn -0.14389323 -0.30959365 0.93991834
vn 0.07772124 -0.52820081 0.84555501
vn -0.40150851 -0.76322562 0.50623882
vn -0.53592163 -0.63348001 0.55811381
vn -0.40150851 -0.76322562 0.50623882
vn -0.71619606 -0.69737333 -0.02708542
vn -0.70963305 -0.70359802 -0.03702416
vn -0.71619606 -0.69737333 -0.02708542
vn -0.75399059 -0.37005240 -0.54273325
vn -0.61101753 -0.50822508 -0.60693079
vn -0.75399059 -0.37005240 -0.54273325
vn -0.51388121 0.08903107 -0.85322893
vn -0.51388121 0.08903107 -0.85322893
vn -0.08903714 0.51386988 -0.85323507
vn 0.13111560 0.29097939 -0.94770235
vn -0.08903714 0.51386988 -0.85323507
vn 0.37005618 0.75398779 -0.54273456
vn 0.50824523 0.61100322 -0.60692817
vn 0.37005618 0.75398779 -0.54273456
vn 0.69736636 0.71620280 -0.02708761
vn 0.70361376 0.70961750 -0.03702220
vn 0.70313156 0.71101755 -0.00775570
vn 0.83092725 0.31923252 0.45568696
vn 0.76320755 0.40152210 0.50625509
vn 0.83092725 0.31923252 0.45568696
vn 0.63819557 -0.19740401 0.74413586
vn 0.52817905 -0.07773579 0.84556729
vn 0.63819557 -0.19740401 0.74413586
vn 0.19741775 -0.63818288 0.74414307
vn 0.07772124 -0.52820081 0.84555501
vn 0.07772124 -0.52820081 0.84555501
vn 0.19741775 -0.63818288 0.74414307
vn -0.31924468 -0.83092213 0.45568764
vn -0.40150851 -0.76322562 0.50623882
vn -0.31924468 -0.83092213 0.45568764
vn -0.71102220 -0.70312673 -0.00776818
vn -0.71619606 -0.69737333 -0.02708542
vn -0.71102220 -0.70312673 -0.00776818
vn -0.82908899 -0.30816010 -0.46652865
vn -0.75399059 -0.37005240 -0.54273325
vn -0.82908899 -0.30816010 -0.46652865
vn -0.63339764 0.20083645 -0.74730998
vn -0.63339764 0.20083645 -0.74730998
vn -0.20084123 0.63338226 -0.74732167
vn -0.08903714 0.51386988 -0.85323507
vn -0.20084123 0.63338226 -0.74732167
vn 0.30817571 0.82908624 -0.46652299
vn 0.37005618 0.75398779 -0.54273456
vn 0.30817571 0.82908624 -0.46652299
vn 0.70313156 0.71101755 -0.00775570
vn 0.69736636 0.71620280 -0.02708761
vn 0.70313156 0.71101755 -0.00775570
vn 0.62450451 0.77528065 0.09452049
vn 0.79334402 0.36355469 0.48829624
vn 0.83092725 0.31923252 0.45568696
vn 0.79334402 0.36355469 0.48829624
vn 0.66893524 -0.20185219 0.71538895
vn 0.63819557 -0.19740401 0.74413586
vn 0.66893524 -0.20185219 0.71538895
vn 0.20183994 -0.66893661 0.71539116
vn 0.20183994 -0.66893661 0.71539116
vn -0.36358523 -0.79333323 0.48829094
vn -0.31924468 -0.83092213 0.45568764
vn -0.36358523 -0.79333323 0.48829094
vn -0.77528268 -0.62450171 0.09452184
vn -0.71102220 -0.70312673 -0.00776818
vn -0.77528268 -0.62450171 0.09452184
vn -0.90642130 -0.24559799 -0.34363085
vn -0.82908899 -0.30816010 -0.46652865
vn -0.90642130 -0.24559799 -0.34363085
vn -0.70461220 0.24210836 -0.66701221
vn -0.63339764 0.20083645 -0.74730998
vn -0.70461220 0.24210836 -0.66701221
vn -0.24213189 0.70462465 -0.66699052
vn -0.20084123 0.63338226 -0.74732167
vn -0.20084123 0.63338226 -0.74732167
vn -0.24213189 0.70462465 -0.66699052
vn 0.24556601 0.90643662 -0.34361315
vn 0.30817571 0.82908624 -0.46652299
vn 0.24556601 0.90643662 -0.34361315
vn 0.62450451 0.77528065 0.09452049
vn -0.24557850 -0.90643126 -0.34361836
vn -0.56910342 -0.80551517 0.16512612
vn -0.62450665 -0.77527797 0.09452722
vn 0.24211510 -0.70462084 -0.66700053
vn -0.59739995 -0.79959714 0.06130031
vn -0.24557850 -0.90643126 -0.34361836
vn 0.70461285 -0.24212314 -0.66700613
vn -0.11810152 -0.86567122 -0.48648280
vn 0.24211510 -0.70462084 -0.66700053
vn 0.79962438 0.59736419 0.06129324
vn 0.70461285 -0.24212314 -0.66700613
vn 0.90642798 0.24558020 -0.34362584
vn 0.80554920 0.56905597 0.16512364
vn 0.90642798 0.24558020 -0.34362584
vn 0.77527404 0.62451261 0.09452093
vn 0.36358294 0.79334301 0.48827687
vn 0.80554920 0.56905597 0.16512364
vn 0.77527404 0.62451261 0.09452093
vn -0.20182455 0.66894746 0.71538538
vn 0.74303317 0.65374988 0.14322273
vn 0.36358294 0.79334301 0.48827687
vn -0.66894501 0.20181997 0.71538895
vn 0.15140304 0.83216739 0.53345525
vn -0.20182455 0.66894746 0.71538538
vn -0.65380359 -0.74298590 0.14322293
vn -0.66894501 0.20181997 0.71538895
vn -0.79334021 -0.36357459 0.48828781
vn -0.56910342 -0.80551517 0.16512612
vn -0.79334021 -0.36357459 0.48828781
vn -0.62450665 -0.77527797 0.09452722
vn -0.70705730 -0.70715624 -0.00002214
vn -0.33083749 -0.82595098 0.45645562
vn -0.28800452 -0.85600322 0.42931584
vn -0.28800452 -0.85600322 0.42931584
vn 0.18663816 -0.63180315 0.75232369
vn 0.24101150 -0.67796874 0.69445801
vn 0.24101150 -0.67796874 0.69445801
vn 0.63179606 -0.18664511 0.75232792
vn 0.67796516 -0.24099621 0.69446677
vn 0.63179606 -0.18664511 0.75232792
vn 0.85600394 0.28799513 0.42932048
vn 0.67796516 -0.24099621 0.69446677
vn 0.82595158 0.33083552 0.45645577
vn 0.70716053 0.70705301 -0.00002118
vn 0.85600394 0.28799513 0.42932048
vn 0.69878101 0.71515769 -0.01595694
vn 0.28831053 0.85570818 -0.42969817
vn 0.70716053 0.70705301 -0.00002118
vn 0.30893368 0.82125437 -0.47968888
vn -0.24038503 0.67727602 -0.69535053
vn 0.28831053 0.85570818 -0.42969817
vn -0.19132881 0.61938924 -0.76141328
vn -0.67725319 0.24042377 -0.69535935
vn -0.24038503 0.67727602 -0.69535053
vn -0.67725319 0.24042377 -0.69535935
vn -0.82124341 -0.30895090 -0.47969624
vn -0.85570425 -0.28830838 -0.42970750
vn -0.85570425 -0.28830838 -0.42970750
vn -0.71515191 -0.69878703 -0.01595055
vn -0.70705730 -0.70715624 -0.00002214
vn -0.71515191 -0.69878703 -0.01595055
vn -0.46888298 -0.70811397 0.52794260
vn -0.33083749 -0.82595098 0.45645562
vn -0.33083749 -0.82595098 0.45645562
vn -0.02454746 -0.43505874 0.90006745
vn 0.18663816 -0.63180315 0.75232369
vn -0.02454746 -0.43505874 0.90006745
vn 0.63179606 -0.18664511 0.75232792
vn 0.18663816 -0.63180315 0.75232369
vn 0.43506038 0.02453818 0.90006685
vn 0.82595158 0.33083552 0.45645577
vn 0.63179606 -0.18664511 0.75232792
vn 0.70811296 0.46888357 0.52794337
vn 0.69878101 0.71515769 -0.01595694
vn 0.82595158 0.33083552 0.45645577
vn 0.69658631 0.71609503 -0.04444662
vn 0.30893368 0.82125437 -0.47968888
vn 0.69878101 0.71515769 -0.01595694
vn 0.42586973 0.68818551 -0.58739740
vn -0.19132881 0.61938924 -0.76141328
vn 0.30893368 0.82125437 -0.47968888
vn 0.00634266 0.41290325 -0.91075289
vn -0.61940479 0.19129500 -0.76140922
vn -0.19132881 0.61938924 -0.76141328
vn -0.61940479 0.19129500 -0.76140922
vn -0.68816745 -0.42588145 -0.58741003
vn -0.82124341 -0.30895090 -0.47969624
vn -0.82124341 -0.30895090 -0.47969624
vn -0.71610212 -0.69657898 -0.04444690
vn -0.71515191 -0.69878703 -0.01595055
vn -0.70361423 -0.70961714 -0.03702163
vn -0.46888298 -0.70811397 0.52794260
vn -0.71610212 -0.69657898 -0.04444690
vn -0.63347524 -0.53591466 0.55812597
vn -0.02454746 -0.43505874 0.90006745
vn -0.46888298 -0.70811397 0.52794260
vn -0.30957243 -0.14387588 0.93992805
vn 0.43506038 0.02453818 0.90006685
vn -0.02454746 -0.43505874 0.90006745
vn 0.43506038 0.02453818 0.90006685
vn 0.53592253 0.63348013 0.55811286
vn 0.70811296 0.46888357 0.52794337
vn 0.70811296 0.46888357 0.52794337
vn 0.70963329 0.70359772 -0.03702585
vn 0.69658631 0.71609503 -0.04444662
vn 0.69658631 0.71609503 -0.04444662
vn 0.61101681 0.50822461 -0.60693181
vn 0.42586973 0.68818551 -0.58739740
vn 0.42586973 0.68818551 -0.58739740
vn 0.29094559 0.13106900 -0.94771922
vn 0.00634266 0.41290325 -0.91075289
vn 0.00634266 0.41290325 -0.91075289
vn -0.13111611 -0.29098019 -0.94770199
vn -0.41286653 -0.00633770 -0.91076958
vn -0.13111611 -0.29098019 -0.94770199
vn -0.68816745 -0.42588145 -0.58741003
vn -0.41286653 -0.00633770 -0.91076958
vn -0.50824612 -0.61100346 -0.60692722
vn -0.71610212 -0.69657898 -0.04444690
vn -0.68816745 -0.42588145 -0.58741003
vn -0.69735724 -0.71621150 -0.02709104
vn -0.63347524 -0.53591466 0.55812597
vn -0.70361423 -0.70961714 -0.03702163
vn -0.76320070 -0.40153667 0.50625384
vn -0.30957243 -0.14387588 0.93992805
vn -0.63347524 -0.53591466 0.55812597
vn -0.30957243 -0.14387588 0.93992805
vn -0.07772115 0.52819043 0.84556150
vn 0.14389387 0.30959398 0.93991822
vn 0.14389387 0.30959398 0.93991822
vn 0.40151063 0.76322538 0.50623733
vn 0.53592253 0.63348013 0.55811286
vn 0.53592253 0.63348013 0.55811286
vn 0.71619660 0.69737273 -0.02708719
vn 0.70963329 0.70359772 -0.03702585
vn 0.70963329 0.70359772 -0.03702585
vn 0.75398445 0.37006885 -0.54273069
vn 0.61101681 0.50822461 -0.60693181
vn 0.61101681 0.50822461 -0.60693181
vn 0.51387763 -0.08901260 -0.85323298
vn 0.29094559 0.13106900 -0.94771922
vn 0.51387763 -0.08901260 -0.85323298
vn -0.13111611 -0.29098019 -0.94770199
vn 0.29094559 0.13106900 -0.94771922
vn 0.08903418 -0.51388121 -0.85322863
vn -0.50824612 -0.61100346 -0.60692722
vn -0.13111611 -0.29098019 -0.94770199
vn -0.37005687 -0.75399435 -0.54272503
vn -0.70361423 -0.70961714 -0.03702163
vn -0.50824612 -0.61100346 -0.60692722
vn -0.70313531 -0.71101356 -0.00777213
vn -0.76320070 -0.40153667 0.50625384
vn -0.69735724 -0.71621150 -0.02709104
vn -0.83092868 -0.31921953 0.45569342
vn -0.52817571 0.07773048 0.84556997
vn -0.76320070 -0.40153667 0.50625384
vn -0.63818169 0.19742446 0.74414223
vn -0.07772115 0.52819043 0.84556150
vn -0.52817571 0.07773048 0.84556997
vn -0.07772115 0.52819043 0.84556150
vn 0.31923518 0.83092004 0.45569825
vn 0.40151063 0.76322538 0.50623733
vn 0.40151063 0.76322538 0.50623733
vn 0.71102202 0.70312685 -0.00776896
vn 0.71619660 0.69737273 -0.02708719
vn 0.71619660 0.69737273 -0.02708719
vn 0.82909030 0.30817175 -0.46651852
vn 0.75398445 0.37006885 -0.54273069
vn 0.75398445 0.37006885 -0.54273069
vn 0.63340253 -0.20082374 -0.74730927
vn 0.51387763 -0.08901260 -0.85323298
vn 0.63340253 -0.20082374 -0.74730927
vn 0.08903418 -0.51388121 -0.85322863
vn 0.51387763 -0.08901260 -0.85323298
vn 0.20082898 -0.63339132 -0.74731737
vn -0.37005687 -0.75399435 -0.54272503
vn 0.08903418 -0.51388121 -0.85322863
vn -0.30819190 -0.82908100 -0.46652186
vn -0.69735724 -0.71621150 -0.02709104
vn -0.37005687 -0.75399435 -0.54272503
vn -0.70313531 -0.71101356 -0.00777213
vn -0.79334021 -0.36357459 0.48828781
vn -0.83092868 -0.31921953 0.45569342
vn -0.83092868 -0.31921953 0.45569342
vn -0.66894501 0.20181997 0.71538895
vn -0.63818169 0.19742446 0.74414223
vn -0.63818169 0.19742446 0.74414223
vn -0.20182455 0.66894746 0.71538538
vn -0.19742619 0.63816887 0.74415278
vn -0.20182455 0.66894746 0.71538538
vn 0.31923518 0.83092004 0.45569825
vn -0.19742619 0.63816887 0.74415278
vn 0.36358294 0.79334301 0.48827687
vn 0.71102202 0.70312685 -0.00776896
vn 0.31923518 0.83092004 0.45569825
vn 0.77527404 0.62451261 0.09452093
vn 0.82909030 0.30817175 -0.46651852
vn 0.71102202 0.70312685 -0.00776896
vn 0.90642798 0.24558020 -0.34362584
vn 0.63340253 -0.20082374 -0.74730927
vn 0.82909030 0.30817175 -0.46651852
vn 0.70461285 -0.24212314 -0.66700613
vn 0.20082898 -0.63339132 -0.74731737
vn 0.63340253 -0.20082374 -0.74730927
vn 0.20082898 -0.63339132 -0.74731737
vn -0.24557850 -0.90643126 -0.34361836
vn -0.30819190 -0.82908100 -0.46652186
vn -0.30819190 -0.82908100 -0.46652186
vn -0.62450665 -0.77527797 0.09452722
vn -0.70313531 -0.71101356 -0.00777213
vn -0.24557850 -0.90643126 -0.34361836
vn -0.59739995 -0.79959714 0.06130031
vn -0.56910342 -0.80551517 0.16512612
vn 0.24211510 -0.70462084 -0.66700053
vn -0.11810152 -0.86567122 -0.48648280
vn -0.59739995 -0.79959714 0.06130031
vn 0.70461285 -0.24212314 -0.66700613
vn 0.86567855 0.11807369 -0.48647657
vn -0.11810152 -0.86567122 -0.48648280
vn 0.79962438 0.59736419 0.06129324
vn 0.86567855 0.11807369 -0.48647657
vn 0.70461285 -0.24212314 -0.66700613
vn 0.80554920 0.56905597 0.16512364
vn 0.79962438 0.59736419 0.06129324
vn 0.90642798 0.24558020 -0.34362584
vn 0.36358294 0.79334301 0.48827687
vn 0.74303317 0.65374988 0.14322273
vn 0.80554920 0.56905597 0.16512364
vn -0.20182455 0.66894746 0.71538538
vn 0.15140304 0.83216739 0.53345525
vn 0.74303317 0.65374988 0.14322273
vn -0.66894501 0.20181997 0.71538895
vn -0.83218712 -0.15135579 0.53343791
vn 0.15140304 0.83216739 0.53345525
vn -0.65380359 -0.74298590 0.14322293
vn -0.83218712 -0.15135579 0.53343791
vn -0.66894501 0.20181997 0.71538895
vn -0.56910342 -0.80551517 0.16512612
vn -0.65380359 -0.74298590 0.14322293
vn -0.79334021 -0.36357459 0.48828781
vn -0.70705730 -0.70715624 -0.00002214
vn -0.71515191 -0.69878703 -0.01595055
vn -0.33083749 -0.82595098 0.45645562
vn -0.28800452 -0.85600322 0.42931584
vn -0.33083749 -0.82595098 0.45645562
vn 0.18663816 -0.63180315 0.75232369
vn 0.24101150 -0.67796874 0.69445801
vn 0.18663816 -0.63180315 0.75232369
vn 0.63179606 -0.18664511 0.75232792
vn 0.63179606 -0.18664511 0.75232792
vn 0.82595158 0.33083552 0.45645577
vn 0.85600394 0.28799513 0.42932048
vn 0.82595158 0.33083552 0.45645577
vn 0.69878101 0.71515769 -0.01595694
vn 0.70716053 0.70705301 -0.00002118
vn 0.69878101 0.71515769 -0.01595694
vn 0.30893368 0.82125437 -0.47968888
vn 0.28831053 0.85570818 -0.42969817
vn 0.30893368 0.82125437 -0.47968888
vn -0.19132881 0.61938924 -0.76141328
vn -0.24038503 0.67727602 -0.69535053
vn -0.19132881 0.61938924 -0.76141328
vn -0.61940479 0.19129500 -0.76140922
vn -0.67725319 0.24042377 -0.69535935
vn -0.67725319 0.24042377 -0.69535935
vn -0.61940479 0.19129500 -0.76140922
vn -0.82124341 -0.30895090 -0.47969624
vn -0.85570425 -0.28830838 -0.42970750
vn -0.82124341 -0.30895090 -0.47969624
vn -0.71515191 -0.69878703 -0.01595055
vn -0.71515191 -0.69878703 -0.01595055
vn -0.71610212 -0.69657898 -0.04444690
vn -0.46888298 -0.70811397 0.52794260
vn -0.33083749 -0.82595098 0.45645562
vn -0.46888298 -0.70811397 0.52794260
vn -0.02454746 -0.43505874 0.90006745
vn -0.02454746 -0.43505874 0.90006745
vn 0.43506038 0.02453818 0.90006685
vn 0.63179606 -0.18664511 0.75232792
vn 0.43506038 0.02453818 0.90006685
vn 0.70811296 0.46888357 0.52794337
vn 0.82595158 0.33083552 0.45645577
vn 0.70811296 0.46888357 0.52794337
vn 0.69658631 0.71609503 -0.04444662
vn 0.69878101 0.71515769 -0.01595694
vn 0.69658631 0.71609503 -0.04444662
vn 0.42586973 0.68818551 -0.58739740
vn 0.30893368 0.82125437 -0.47968888
vn 0.42586973 0.68818551 -0.58739740
vn 0.00634266 0.41290325 -0.91075289
vn -0.19132881 0.61938924 -0.76141328
vn 0.00634266 0.41290325 -0.91075289
vn -0.41286653 -0.00633770 -0.91076958
vn -0.61940479 0.19129500 -0.76140922
vn -0.61940479 0.19129500 -0.76140922
vn -0.41286653 -0.00633770 -0.91076958
vn -0.68816745 -0.42588145 -0.58741003
vn -0.82124341 -0.30895090 -0.47969624
vn -0.68816745 -0.42588145 -0.58741003
vn -0.71610212 -0.69657898 -0.04444690
vn -0.70361423 -0.70961714 -0.03702163
vn -0.63347524 -0.53591466 0.55812597
vn -0.46888298 -0.70811397 0.52794260
vn -0.63347524 -0.53591466 0.55812597
vn -0.30957243 -0.14387588 0.93992805
vn -0.02454746 -0.43505874 0.90006745
vn -0.30957243 -0.14387588 0.93992805
vn 0.14389387 0.30959398 0.93991822
vn 0.43506038 0.02453818 0.90006685
vn 0.43506038 0.02453818 0.90006685
vn 0.14389387 0.30959398 0.93991822
vn 0.53592253 0.63348013 0.55811286
vn 0.70811296 0.46888357 0.52794337
vn 0.53592253 0.63348013 0.55811286
vn 0.70963329 0.70359772 -0.03702585
vn 0.69658631 0.71609503 -0.04444662
vn 0.70963329 0.70359772 -0.03702585
vn 0.61101681 0.50822461 -0.60693181
vn 0.42586973 0.68818551 -0.58739740
vn 0.61101681 0.50822461 -0.60693181
vn 0.29094559 0.13106900 -0.94771922
vn 0.00634266 0.41290325 -0.91075289
vn 0.29094559 0.13106900 -0.94771922
vn -0.13111611 -0.29098019 -0.94770199
vn -0.13111611 -0.29098019 -0.94770199
vn -0.50824612 -0.61100346 -0.60692722
vn -0.68816745 -0.42588145 -0.58741003
vn -0.50824612 -0.61100346 -0.60692722
vn -0.70361423 -0.70961714 -0.03702163
vn -0.71610212 -0.69657898 -0.04444690
vn -0.69735724 -0.71621150 -0.02709104
vn -0.76320070 -0.40153667 0.50625384
vn -0.63347524 -0.53591466 0.55812597
vn -0.76320070 -0.40153667 0.50625384
vn -0.52817571 0.07773048 0.84556997
vn -0.30957243 -0.14387588 0.93992805
vn -0.30957243 -0.14387588 0.93992805
vn -0.52817571 0.07773048 0.84556997
vn -0.07772115 0.52819043 0.84556150
vn 0.14389387 0.30959398 0.93991822
vn -0.07772115 0.52819043 0.84556150
vn 0.40151063 0.76322538 0.50623733
vn 0.53592253 0.63348013 0.55811286
vn 0.40151063 0.76322538 0.50623733
vn 0.71619660 0.69737273 -0.02708719
vn 0.70963329 0.70359772 -0.03702585
vn 0.71619660 0.69737273 -0.02708719
vn 0.75398445 0.37006885 -0.54273069
vn 0.61101681 0.50822461 -0.60693181
vn 0.75398445 0.37006885 -0.54273069
vn 0.51387763 -0.08901260 -0.85323298
vn 0.51387763 -0.08901260 -0.85323298
vn 0.08903418 -0.51388121 -0.85322863
vn -0.13111611 -0.29098019 -0.94770199
vn 0.08903418 -0.51388121 -0.85322863
vn -0.37005687 -0.75399435 -0.54272503
vn -0.50824612 -0.61100346 -0.60692722
vn -0.37005687 -0.75399435 -0.54272503
vn -0.69735724 -0.71621150 -0.02709104
vn -0.70361423 -0.70961714 -0.03702163
vn -0.70313531 -0.71101356 -0.00777213
vn -0.83092868 -0.31921953 0.45569342
vn -0.76320070 -0.40153667 0.50625384
vn -0.83092868 -0.31921953 0.45569342
vn -0.63818169 0.19742446 0.74414223
vn -0.52817571 0.07773048 0.84556997
vn -0.63818169 0.19742446 0.74414223
vn -0.19742619 0.63816887 0.74415278
vn -0.07772115 0.52819043 0.84556150
vn -0.07772115 0.52819043 0.84556150
vn -0.19742619 0.63816887 0.74415278
vn 0.31923518 0.83092004 0.45569825
vn 0.40151063 0.76322538 0.50623733
vn 0.31923518 0.83092004 0.45569825
vn 0.71102202 0.70312685 -0.00776896
vn 0.71619660 0.69737273 -0.02708719
vn 0.71102202 0.70312685 -0.00776896
vn 0.82909030 0.30817175 -0.46651852
vn 0.75398445 0.37006885 -0.54273069
vn 0.82909030 0.30817175 -0.46651852
vn 0.63340253 -0.20082374 -0.74730927
vn 0.63340253 -0.20082374 -0.74730927
vn 0.20082898 -0.63339132 -0.74731737
vn 0.08903418 -0.51388121 -0.85322863
vn 0.20082898 -0.63339132 -0.74731737
vn -0.30819190 -0.82908100 -0.46652186
vn -0.37005687 -0.75399435 -0.54272503
vn -0.30819190 -0.82908100 -0.46652186
vn -0.70313531 -0.71101356 -0.00777213
vn -0.69735724 -0.71621150 -0.02709104
vn -0.70313531 -0.71101356 -0.00777213
vn -0.62450665 -0.77527797 0.09452722
vn -0.79334021 -0.36357459 0.48828781
vn -0.83092868 -0.31921953 0.45569342
vn -0.79334021 -0.36357459 0.48828781
vn -0.66894501 0.20181997 0.71538895
vn -0.63818169 0.19742446 0.74414223
vn -0.66894501 0.20181997 0.71538895
vn -0.20182455 0.66894746 0.71538538
vn -0.20182455 0.66894746 0.71538538
vn 0.36358294 0.79334301 0.48827687
vn 0.31923518 0.83092004 0.45569825
vn 0.36358294 0.79334301 0.48827687
vn 0.77527404 0.62451261 0.09452093
vn 0.71102202 0.70312685 -0.00776896
vn 0.77527404 0.62451261 0.09452093
vn 0.90642798 0.24558020 -0.34362584
vn 0.82909030 0.30817175 -0.46651852
vn 0.90642798 0.24558020 -0.34362584
vn 0.70461285 -0.24212314 -0.66700613
vn 0.63340253 -0.20082374 -0.74730927
vn 0.70461285 -0.24212314 -0.66700613
vn 0.24211510 -0.70462084 -0.66700053
vn 0.20082898 -0.63339132 -0.74731737
vn 0.20082898 -0.63339132 -0.74731737
vn 0.24211510 -0.70462084 -0.66700053
vn -0.24557850 -0.90643126 -0.34361836
vn -0.30819190 -0.82908100 -0.46652186
vn -0.24557850 -0.90643126 -0.34361836
vn -0.62450665 -0.77527797 0.09452722
vn 0.24557813 -0.90643138 -0.34361857
vn 0.62450659 -0.77527815 0.09452675
vn 0.56910342 -0.80551523 0.16512568
vn -0.24211578 -0.70462078 -0.66700035
vn 0.24557813 -0.90643138 -0.34361857
vn 0.59739983 -0.79959726 0.06129985
vn -0.70461345 -0.24212301 -0.66700554
vn -0.24211578 -0.70462078 -0.66700035
vn 0.11810097 -0.86567122 -0.48648280
vn -0.79962426 0.59736431 0.06129386
vn -0.90642816 0.24558036 -0.34362513
vn -0.70461345 -0.24212301 -0.66700554
vn -0.80554891 0.56905615 0.16512425
vn -0.77527392 0.62451279 0.09452155
vn -0.90642816 0.24558036 -0.34362513
vn -0.36358243 0.79334307 0.48827723
vn -0.77527392 0.62451279 0.09452155
vn -0.80554891 0.56905615 0.16512425
vn 0.20182520 0.66894740 0.71538520
vn -0.36358243 0.79334307 0.48827723
vn -0.74303293 0.65375006 0.14322332
vn 0.66894561 0.20181985 0.71538842
vn 0.20182520 0.66894740 0.71538520
vn -0.15140244 0.83216745 0.53345537
vn 0.65380365 -0.74298602 0.14322244
vn 0.79334044 -0.36357471 0.48828712
vn 0.66894561 0.20181985 0.71538842
vn 0.56910342 -0.80551523 0.16512568
vn 0.62450659 -0.77527815 0.09452675
vn 0.79334044 -0.36357471 0.48828712
vn 0.70705718 -0.70715636 -0.00002269
vn 0.28800467 -0.85600317 0.42931557
vn 0.33083773 -0.82595104 0.45645535
vn 0.28800467 -0.85600317 0.42931557
vn -0.24101105 -0.67796868 0.69445819
vn -0.18663770 -0.63180315 0.75232381
vn -0.24101105 -0.67796868 0.69445819
vn -0.67796469 -0.24099609 0.69446731
vn -0.63179541 -0.18664500 0.75232852
vn -0.63179541 -0.18664500 0.75232852
vn -0.67796469 -0.24099609 0.69446731
vn -0.85600358 0.28799528 0.42932114
vn -0.82595110 0.33083564 0.45645636
vn -0.85600358 0.28799528 0.42932114
vn -0.70716041 0.70705312 -0.00002063
vn -0.69878089 0.71515781 -0.01595640
vn -0.70716041 0.70705312 -0.00002063
vn -0.28831074 0.85570824 -0.42969796
vn -0.30893385 0.82125431 -0.47968853
vn -0.28831074 0.85570824 -0.42969796
vn 0.24038459 0.67727596 -0.69535071
vn 0.19132836 0.61938918 -0.76141351
vn 0.24038459 0.67727596 -0.69535071
vn 0.67725265 0.24042360 -0.69535983
vn 0.67725265 0.24042360 -0.69535983
vn 0.85570389 -0.28830853 -0.42970815
vn 0.82124305 -0.30895111 -0.47969702
vn 0.85570389 -0.28830853 -0.42970815
vn 0.70705718 -0.70715636 -0.00002269
vn 0.71515179 -0.69878721 -0.01595111
vn 0.71515179 -0.69878721 -0.01595111
vn 0.33083773 -0.82595104 0.45645535
vn 0.46888334 -0.70811397 0.52794224
vn 0.33083773 -0.82595104 0.45645535
vn -0.18663770 -0.63180315 0.75232381
vn 0.02454809 -0.43505868 0.90006739
vn 0.02454809 -0.43505868 0.90006739
vn -0.18663770 -0.63180315 0.75232381
vn -0.63179541 -0.18664500 0.75232852
vn -0.43505967 0.02453826 0.90006721
vn -0.63179541 -0.18664500 0.75232852
vn -0.82595110 0.33083564 0.45645636
vn -0.70811248 0.46888366 0.52794397
vn -0.82595110 0.33083564 0.45645636
vn -0.69878089 0.71515781 -0.01595640
vn -0.69658619 0.71609509 -0.04444608
vn -0.69878089 0.71515781 -0.01595640
vn -0.30893385 0.82125431 -0.47968853
vn -0.42587009 0.68818569 -0.58739698
vn -0.30893385 0.82125431 -0.47968853
vn 0.19132836 0.61938918 -0.76141351
vn -0.00634331 0.41290328 -0.91075283
vn 0.19132836 0.61938918 -0.76141351
vn 0.61940420 0.19129491 -0.76140970
vn 0.61940420 0.19129491 -0.76140970
vn 0.82124305 -0.30895111 -0.47969702
vn 0.68816698 -0.42588156 -0.58741057
vn 0.82124305 -0.30895111 -0.47969702
vn 0.71515179 -0.69878721 -0.01595111
vn 0.71610200 -0.69657910 -0.04444745
vn 0.70361412 -0.70961720 -0.03702218
vn 0.71610200 -0.69657910 -0.04444745
vn 0.46888334 -0.70811397 0.52794224
vn 0.63347560 -0.53591472 0.55812550
vn 0.46888334 -0.70811397 0.52794224
vn 0.02454809 -0.43505868 0.90006739
vn 0.30957314 -0.14387594 0.93992782
vn 0.02454809 -0.43505868 0.90006739
vn -0.43505967 0.02453826 0.90006721
vn -0.43505967 0.02453826 0.90006721
vn -0.70811248 0.46888366 0.52794397
vn -0.53592199 0.63348031 0.55811328
vn -0.70811248 0.46888366 0.52794397
vn -0.69658619 0.71609509 -0.04444608
vn -0.70963311 0.70359784 -0.03702529
vn -0.69658619 0.71609509 -0.04444608
vn -0.42587009 0.68818569 -0.58739698
vn -0.61101729 0.50822473 -0.60693133
vn -0.42587009 0.68818569 -0.58739698
vn -0.00634331 0.41290328 -0.91075283
vn -0.29094630 0.13106902 -0.94771892
vn -0.00634331 0.41290328 -0.91075283
vn 0.41286576 -0.00633777 -0.91076982
vn 0.13111532 -0.29098019 -0.94770211
vn 0.13111532 -0.29098019 -0.94770211
vn 0.41286576 -0.00633777 -0.91076982
vn 0.68816698 -0.42588156 -0.58741057
vn 0.50824553 -0.61100358 -0.60692757
vn 0.68816698 -0.42588156 -0.58741057
vn 0.71610200 -0.69657910 -0.04444745
vn 0.69735718 -0.71621156 -0.02709158
vn 0.70361412 -0.70961720 -0.03702218
vn 0.63347560 -0.53591472 0.55812550
vn 0.76320106 -0.40153688 0.50625324
vn 0.63347560 -0.53591472 0.55812550
vn 0.30957314 -0.14387594 0.93992782
vn 0.30957314 -0.14387594 0.93992782
vn -0.14389308 0.30959404 0.93991834
vn 0.07772190 0.52819043 0.84556144
vn -0.14389308 0.30959404 0.93991834
vn -0.53592199 0.63348031 0.55811328
vn -0.40151009 0.76322544 0.50623763
vn -0.53592199 0.63348031 0.55811328
vn -0.70963311 0.70359784 -0.03702529
vn -0.71619648 0.69737285 -0.02708663
vn -0.70963311 0.70359784 -0.03702529
vn -0.61101729 0.50822473 -0.60693133
vn -0.75398475 0.37006900 -0.54273003
vn -0.61101729 0.50822473 -0.60693133
vn -0.29094630 0.13106902 -0.94771892
vn -0.51387835 -0.08901253 -0.85323256
vn -0.51387835 -0.08901253 -0.85323256
vn -0.29094630 0.13106902 -0.94771892
vn 0.13111532 -0.29098019 -0.94770211
vn -0.08903494 -0.51388121 -0.85322857
vn 0.13111532 -0.29098019 -0.94770211
vn 0.50824553 -0.61100358 -0.60692757
vn 0.37005633 -0.75399441 -0.54272538
vn 0.50824553 -0.61100358 -0.60692757
vn 0.70361412 -0.70961720 -0.03702218
vn 0.70313519 -0.71101367 -0.00777268
vn 0.69735718 -0.71621156 -0.02709158
vn 0.76320106 -0.40153688 0.50625324
vn 0.83092898 -0.31921968 0.45569277
vn 0.76320106 -0.40153688 0.50625324
vn 0.52817637 0.07773039 0.84556943
vn 0.63818234 0.19742438 0.74414176
vn 0.52817637 0.07773039 0.84556943
vn 0.07772190 0.52819043 0.84556144
vn 0.07772190 0.52819043 0.84556144
vn -0.40151009 0.76322544 0.50623763
vn -0.31923467 0.83091998 0.45569843
vn -0.40151009 0.76322544 0.50623763
vn -0.71619648 0.69737285 -0.02708663
vn -0.71102190 0.70312697 -0.00776840
vn -0.71619648 0.69737285 -0.02708663
vn -0.75398475 0.37006900 -0.54273003
vn -0.82909054 0.30817184 -0.46651781
vn -0.75398475 0.37006900 -0.54273003
vn -0.51387835 -0.08901253 -0.85323256
vn -0.63340312 -0.20082362 -0.74730879
vn -0.63340312 -0.20082362 -0.74730879
vn -0.51387835 -0.08901253 -0.85323256
vn -0.08903494 -0.51388121 -0.85322857
vn -0.20082964 -0.63339126 -0.74731725
vn -0.08903494 -0.51388121 -0.85322857
vn 0.37005633 -0.75399441 -0.54272538
vn 0.30819133 -0.82908100 -0.46652204
vn 0.37005633 -0.75399441 -0.54272538
vn 0.69735718 -0.71621156 -0.02709158
vn 0.70313519 -0.71101367 -0.00777268
vn 0.83092898 -0.31921968 0.45569277
vn 0.79334044 -0.36357471 0.48828712
vn 0.83092898 -0.31921968 0.45569277
vn 0.63818234 0.19742438 0.74414176
vn 0.66894561 0.20181985 0.71538842
vn 0.63818234 0.19742438 0.74414176
vn 0.19742687 0.63816881 0.74415267
vn 0.20182520 0.66894740 0.71538520
vn 0.20182520 0.66894740 0.71538520
vn 0.19742687 0.63816881 0.74415267
vn -0.31923467 0.83091998 0.45569843
vn -0.36358243 0.79334307 0.48827723
vn -0.31923467 0.83091998 0.45569843
vn -0.71102190 0.70312697 -0.00776840
vn -0.77527392 0.62451279 0.09452155
vn -0.71102190 0.70312697 -0.00776840
vn -0.82909054 0.30817184 -0.46651781
vn -0.90642816 0.24558036 -0.34362513
vn -0.82909054 0.30817184 -0.46651781
vn -0.63340312 -0.20082362 -0.74730879
vn -0.70461345 -0.24212301 -0.66700554
vn -0.63340312 -0.20082362 -0.74730879
vn -0.20082964 -0.63339126 -0.74731725
vn -0.20082964 -0.63339126 -0.74731725
vn 0.30819133 -0.82908100 -0.46652204
vn 0.24557813 -0.90643138 -0.34361857
vn 0.30819133 -0.82908100 -0.46652204
vn 0.70313519 -0.71101367 -0.00777268
vn 0.62450659 -0.77527815 0.09452675
vn 0.24557813 -0.90643138 -0.34361857
vn 0.56910342 -0.80551523 0.16512568
vn 0.59739983 -0.79959726 0.06129985
vn -0.24211578 -0.70462078 -0.66700035
vn 0.59739983 -0.79959726 0.06129985
vn 0.11810097 -0.86567122 -0.48648280
vn -0.70461345 -0.24212301 -0.66700554
vn 0.11810097 -0.86567122 -0.48648280
vn -0.86567891 0.11807384 -0.48647588
vn -0.79962426 0.59736431 0.06129386
vn -0.70461345 -0.24212301 -0.66700554
vn -0.86567891 0.11807384 -0.48647588
vn -0.80554891 0.56905615 0.16512425
vn -0.90642816 0.24558036 -0.34362513
vn -0.79962426 0.59736431 0.06129386
vn -0.36358243 0.79334307 0.48827723
vn -0.80554891 0.56905615 0.16512425
vn -0.74303293 0.65375006 0.14322332
vn 0.20182520 0.66894740 0.71538520
vn -0.74303293 0.65375006 0.14322332
vn -0.15140244 0.83216745 0.53345537
vn 0.66894561 0.20181985 0.71538842
vn -0.15140244 0.83216745 0.53345537
vn 0.83218759 -0.15135595 0.53343731
vn 0.65380365 -0.74298602 0.14322244
vn 0.66894561 0.20181985 0.71538842
vn 0.83218759 -0.15135595 0.53343731
vn 0.56910342 -0.80551523 0.16512568
vn 0.79334044 -0.36357471 0.48828712
vn 0.65380365 -0.74298602 0.14322244
vn 0.70705718 -0.70715636 -0.00002269
vn 0.33083773 -0.82595104 0.45645535
vn 0.71515179 -0.69878721 -0.01595111
vn 0.28800467 -0.85600317 0.42931557
vn -0.18663770 -0.63180315 0.75232381
vn 0.33083773 -0.82595104 0.45645535
vn -0.24101105 -0.67796868 0.69445819
vn -0.63179541 -0.18664500 0.75232852
vn -0.18663770 -0.63180315 0.75232381
vn -0.63179541 -0.18664500 0.75232852
vn -0.85600358 0.28799528 0.42932114
vn -0.82595110 0.33083564 0.45645636
vn -0.82595110 0.33083564 0.45645636
vn -0.70716041 0.70705312 -0.00002063
vn -0.69878089 0.71515781 -0.01595640
vn -0.69878089 0.71515781 -0.01595640
vn -0.28831074 0.85570824 -0.42969796
vn -0.30893385 0.82125431 -0.47968853
vn -0.30893385 0.82125431 -0.47968853
vn 0.24038459 0.67727596 -0.69535071
vn 0.19132836 0.61938918 -0.76141351
vn 0.19132836 0.61938918 -0.76141351
vn 0.67725265 0.24042360 -0.69535983
vn 0.61940420 0.19129491 -0.76140970
vn 0.67725265 0.24042360 -0.69535983
vn 0.82124305 -0.30895111 -0.47969702
vn 0.61940420 0.19129491 -0.76140970
vn 0.85570389 -0.28830853 -0.42970815
vn 0.71515179 -0.69878721 -0.01595111
vn 0.82124305 -0.30895111 -0.47969702
vn 0.71515179 -0.69878721 -0.01595111
vn 0.46888334 -0.70811397 0.52794224
vn 0.71610200 -0.69657910 -0.04444745
vn 0.33083773 -0.82595104 0.45645535
vn 0.02454809 -0.43505868 0.90006739
vn 0.46888334 -0.70811397 0.52794224
vn 0.02454809 -0.43505868 0.90006739
vn -0.63179541 -0.18664500 0.75232852
vn -0.43505967 0.02453826 0.90006721
vn -0.43505967 0.02453826 0.90006721
vn -0.82595110 0.33083564 0.45645636
vn -0.70811248 0.46888366 0.52794397
vn -0.70811248 0.46888366 0.52794397
vn -0.69878089 0.71515781 -0.01595640
vn -0.69658619 0.71609509 -0.04444608
vn -0.69658619 0.71609509 -0.04444608
vn -0.30893385 0.82125431 -0.47968853
vn -0.42587009 0.68818569 -0.58739698
vn -0.42587009 0.68818569 -0.58739698
vn 0.19132836 0.61938918 -0.76141351
vn -0.00634331 0.41290328 -0.91075283
vn -0.00634331 0.41290328 -0.91075283
vn 0.61940420 0.19129491 -0.76140970
vn 0.41286576 -0.00633777 -0.91076982
vn 0.61940420 0.19129491 -0.76140970
vn 0.68816698 -0.42588156 -0.58741057
vn 0.41286576 -0.00633777 -0.91076982
vn 0.82124305 -0.30895111 -0.47969702
vn 0.71610200 -0.69657910 -0.04444745
vn 0.68816698 -0.42588156 -0.58741057
vn 0.70361412 -0.70961720 -0.03702218
vn 0.46888334 -0.70811397 0.52794224
vn 0.63347560 -0.53591472 0.55812550
vn 0.63347560 -0.53591472 0.55812550
vn 0.02454809 -0.43505868 0.90006739
vn 0.30957314 -0.14387594 0.93992782
vn 0.30957314 -0.14387594 0.93992782
vn -0.43505967 0.02453826 0.90006721
vn -0.14389308 0.30959404 0.93991834
vn -0.43505967 0.02453826 0.90006721
vn -0.53592199 0.63348031 0.55811328
vn -0.14389308 0.30959404 0.93991834
vn -0.70811248 0.46888366 0.52794397
vn -0.70963311 0.70359784 -0.03702529
vn -0.53592199 0.63348031 0.55811328
vn -0.69658619 0.71609509 -0.04444608
vn -0.61101729 0.50822473 -0.60693133
vn -0.70963311 0.70359784 -0.03702529
vn -0.42587009 0.68818569 -0.58739698
vn -0.29094630 0.13106902 -0.94771892
vn -0.61101729 0.50822473 -0.60693133
vn -0.00634331 0.41290328 -0.91075283
vn 0.13111532 -0.29098019 -0.94770211
vn -0.29094630 0.13106902 -0.94771892
vn 0.13111532 -0.29098019 -0.94770211
vn 0.68816698 -0.42588156 -0.58741057
vn 0.50824553 -0.61100358 -0.60692757
vn 0.50824553 -0.61100358 -0.60692757
vn 0.71610200 -0.69657910 -0.04444745
vn 0.70361412 -0.70961720 -0.03702218
vn 0.69735718 -0.71621156 -0.02709158
vn 0.63347560 -0.53591472 0.55812550
vn 0.76320106 -0.40153688 0.50625324
vn 0.76320106 -0.40153688 0.50625324
vn 0.30957314 -0.14387594 0.93992782
vn 0.52817637 0.07773039 0.84556943
vn 0.30957314 -0.14387594 0.93992782
vn 0.07772190 0.52819043 0.84556144
vn 0.52817637 0.07773039 0.84556943
vn -0.14389308 0.30959404 0.93991834
vn -0.40151009 0.76322544 0.50623763
vn 0.07772190 0.52819043 0.84556144
vn -0.53592199 0.63348031 0.55811328
vn -0.71619648 0.69737285 -0.02708663
vn -0.40151009 0.76322544 0.50623763
vn -0.70963311 0.70359784 -0.03702529
vn -0.75398475 0.37006900 -0.54273003
vn -0.71619648 0.69737285 -0.02708663
vn -0.61101729 0.50822473 -0.60693133
vn -0.51387835 -0.08901253 -0.85323256
vn -0.75398475 0.37006900 -0.54273003
vn -0.51387835 -0.08901253 -0.85323256
vn 0.13111532 -0.29098019 -0.94770211
vn -0.08903494 -0.51388121 -0.85322857
vn -0.08903494 -0.51388121 -0.85322857
vn 0.50824553 -0.61100358 -0.60692757
vn 0.37005633 -0.75399441 -0.54272538
vn 0.37005633 -0.75399441 -0.54272538
vn 0.70361412 -0.70961720 -0.03702218
vn 0.69735718 -0.71621156 -0.02709158
vn 0.70313519 -0.71101367 -0.00777268
vn 0.76320106 -0.40153688 0.50625324
vn 0.83092898 -0.31921968 0.45569277
vn 0.83092898 -0.31921968 0.45569277
vn 0.52817637 0.07773039 0.84556943
vn 0.63818234 0.19742438 0.74414176
vn 0.63818234 0.19742438 0.74414176
vn 0.07772190 0.52819043 0.84556144
vn 0.19742687 0.63816881 0.74415267
vn 0.07772190 0.52819043 0.84556144
vn -0.31923467 0.83091998 0.45569843
vn 0.19742687 0.63816881 0.74415267
vn -0.40151009 0.76322544 0.50623763
vn -0.71102190 0.70312697 -0.00776840
vn -0.31923467 0.83091998 0.45569843
vn -0.71619648 0.69737285 -0.02708663
vn -0.82909054 0.30817184 -0.46651781
vn -0.71102190 0.70312697 -0.00776840
vn -0.75398475 0.37006900 -0.54273003
vn -0.63340312 -0.20082362 -0.74730879
vn -0.82909054 0.30817184 -0.46651781
vn -0.63340312 -0.20082362 -0.74730879
vn -0.08903494 -0.51388121 -0.85322857
vn -0.20082964 -0.63339126 -0.74731725
vn -0.20082964 -0.63339126 -0.74731725
vn 0.37005633 -0.75399441 -0.54272538
vn 0.30819133 -0.82908100 -0.46652204
vn 0.30819133 -0.82908100 -0.46652204
vn 0.69735718 -0.71621156 -0.02709158
vn 0.70313519 -0.71101367 -0.00777268
vn 0.70313519 -0.71101367 -0.00777268
vn 0.79334044 -0.36357471 0.48828712
vn 0.62450659 -0.77527815 0.09452675
vn 0.83092898 -0.31921968 0.45569277
vn 0.66894561 0.20181985 0.71538842
vn 0.79334044 -0.36357471 0.48828712
vn 0.63818234 0.19742438 0.74414176
vn 0.20182520 0.66894740 0.71538520
vn 0.66894561 0.20181985 0.71538842
vn 0.20182520 0.66894740 0.71538520
vn -0.31923467 0.83091998 0.45569843
vn -0.36358243 0.79334307 0.48827723
vn -0.36358243 0.79334307 0.48827723
vn -0.71102190 0.70312697 -0.00776840
vn -0.77527392 0.62451279 0.09452155
vn -0.77527392 0.62451279 0.09452155
vn -0.82909054 0.30817184 -0.46651781
vn -0.90642816 0.24558036 -0.34362513
vn -0.90642816 0.24558036 -0.34362513
vn -0.63340312 -0.20082362 -0.74730879
vn -0.70461345 -0.24212301 -0.66700554
vn -0.70461345 -0.24212301 -0.66700554
vn -0.20082964 -0.63339126 -0.74731725
vn -0.24211578 -0.70462078 -0.66700035
vn -0.20082964 -0.63339126 -0.74731725
vn 0.24557813 -0.90643138 -0.34361857
vn -0.24211578 -0.70462078 -0.66700035
vn 0.30819133 -0.82908100 -0.46652204
vn 0.62450659 -0.77527815 0.09452675
vn 0.24557813 -0.90643138 -0.34361857
f 1617/9151/9151 1618/9152/9152 1619/9153/9153
f 1620/9154/9154 1617/9155/9155 1621/9156/9156
f 1622/9157/9157 1620/9158/9158 1623/9159/9159
f 1624/9160/9160 1625/9161/9161 1622/9162/9162
f 1626/9163/9163 1627/9164/9164 1625/9165/9165
f 1628/9166/9166 1627/9167/9167 1626/9168/9168
f 1629/9169/9169 1628/9170/9170 1630/9171/9171
f 1631/9172/9172 1629/9173/9173 1632/9174/9174
f 1633/9175/9175 1634/9176/9176 1631/9177/9177
f 1619/9178/9178 1618/9179/9179 1634/9180/9180
f 1635/9181/9181 1636/9182/9182 1637/9183/9183
f 1636/9184/9184 1638/9185/9185 1639/9186/9186
f 1638/9187/9187 1640/9188/9188 1641/9189/9189
f 1641/9190/9190 1640/9191/9191 1642/9192/9192
f 1643/9193/9193 1642/9194/9194 1644/9195/9195
f 1645/9196/9196 1644/9197/9197 1646/9198/9198
f 1647/9199/9199 1646/9200/9200 1648/9201/9201
f 1649/9202/9202 1648/9203/9203 1650/9204/9204
f 1650/9205/9205 1651/9206/9206 1652/9207/9207
f 1651/9208/9208 1635/9209/9209 1653/9210/9210
f 1653/9211/9211 1637/9212/9212 1654/9213/9213
f 1637/9214/9214 1639/9215/9215 1655/9216/9216
f 1655/9217/9217 1639/9218/9218 1641/9219/9219
f 1656/9220/9220 1641/9221/9221 1643/9222/9222
f 1657/9223/9223 1643/9224/9224 1645/9225/9225
f 1658/9226/9226 1645/9227/9227 1647/9228/9228
f 1659/9229/9229 1647/9230/9230 1649/9231/9231
f 1660/9232/9232 1649/9233/9233 1661/9234/9234
f 1661/9235/9235 1652/9236/9236 1662/9237/9237
f 1652/9238/9238 1653/9239/9239 1663/9240/9240
f 1664/9241/9241 1663/9242/9242 1654/9243/9243
f 1665/9244/9244 1654/9245/9245 1655/9246/9246
f 1666/9247/9247 1655/9248/9248 1656/9249/9249
f 1656/9250/9250 1657/9251/9251 1667/9252/9252
f 1657/9253/9253 1658/9254/9254 1668/9255/9255
f 1658/9256/9256 1659/9257/9257 1669/9258/9258
f 1659/9259/9259 1660/9260/9260 1670/9261/9261
f 1660/9262/9262 1671/9263/9263 1672/9264/9264
f 1672/9265/9265 1671/9266/9266 1662/9267/9267
f 1673/9268/9268 1662/9269/9269 1663/9270/9270
f 1674/9271/9271 1664/9272/9272 1665/9273/9273
f 1675/9274/9274 1665/9275/9275 1666/9276/9276
f 1666/9277/9277 1676/9278/9278 1677/9279/9279
f 1676/9280/9280 1667/9281/9281 1678/9282/9282
f 1667/9283/9283 1668/9284/9284 1679/9285/9285
f 1668/9286/9286 1669/9287/9287 1680/9288/9288
f 1669/9289/9289 1670/9290/9290 1681/9291/9291
f 1681/9292/9292 1670/9293/9293 1672/9294/9294
f 1682/9295/9295 1672/9296/9296 1673/9297/9297
f 1683/9298/9298 1673/9299/9299 1664/9300/9300
f 1684/9301/9301 1674/9302/9302 1675/9303/9303
f 1685/9304/9304 1675/9305/9305 1686/9306/9306
f 1687/9307/9307 1686/9308/9308 1677/9309/9309
f 1677/9310/9310 1678/9311/9311 1688/9312/9312
f 1678/9313/9313 1679/9314/9314 1689/9315/9315
f 1679/9316/9316 1680/9317/9317 1690/9318/9318
f 1680/9319/9319 1681/9320/9320 1691/9321/9321
f 1691/9322/9322 1681/9323/9323 1682/9324/9324
f 1692/9325/9325 1682/9326/9326 1683/9327/9327
f 1693/9328/9328 1683/9329/9329 1674/9330/9330
f 1684/9331/9331 1685/9332/9332 1634/9333/9333
f 1685/9334/9334 1687/9335/9335 1631/9336/9336
f 1687/9337/9337 1694/9338/9338 1629/9339/9339
f 1629/9340/9340 1694/9341/9341 1688/9342/9342
f 1628/9343/9343 1688/9344/9344 1689/9345/9345
f 1627/9346/9346 1689/9347/9347 1690/9348/9348
f 1625/9349/9349 1690/9350/9350 1691/9351/9351
f 1622/9352/9352 1691/9353/9353 1692/9354/9354
f 1692/9355/9355 1693/9356/9356 1617/9357/9357
f 1693/9358/9358 1684/9359/9359 1618/9360/9360
f 1617/9361/9361 1619/9362/9362 1621/9363/9363
f 1620/9364/9364 1621/9365/9365 1623/9366/9366
f 1622/9367/9367 1623/9368/9368 1695/9369/9369
f 1624/9370/9370 1622/9371/9371 1695/9372/9372
f 1626/9373/9373 1625/9374/9374 1624/9375/9375
f 1628/9376/9376 1626/9377/9377 1630/9378/9378
f 1629/9379/9379 1630/9380/9380 1632/9381/9381
f 1631/9382/9382 1632/9383/9383 1696/9384/9384
f 1633/9385/9385 1631/9386/9386 1696/9387/9387
f 1619/9388/9388 1634/9389/9389 1633/9390/9390
f 1635/9391/9391 1637/9392/9392 1653/9393/9393
f 1636/9394/9394 1639/9395/9395 1637/9396/9396
f 1638/9397/9397 1641/9398/9398 1639/9399/9399
f 1641/9400/9400 1642/9401/9401 1643/9402/9402
f 1643/9403/9403 1644/9404/9404 1645/9405/9405
f 1645/9406/9406 1646/9407/9407 1647/9408/9408
f 1647/9409/9409 1648/9410/9410 1649/9411/9411
f 1649/9412/9412 1650/9413/9413 1661/9414/9414
f 1650/9415/9415 1652/9416/9416 1661/9417/9417
f 1651/9418/9418 1653/9419/9419 1652/9420/9420
f 1653/9421/9421 1654/9422/9422 1663/9423/9423
f 1637/9424/9424 1655/9425/9425 1654/9426/9426
f 1655/9427/9427 1641/9428/9428 1656/9429/9429
f 1656/9430/9430 1643/9431/9431 1657/9432/9432
f 1657/9433/9433 1645/9434/9434 1658/9435/9435
f 1658/9436/9436 1647/9437/9437 1659/9438/9438
f 1659/9439/9439 1649/9440/9440 1660/9441/9441
f 1660/9442/9442 1661/9443/9443 1671/9444/9444
f 1661/9445/9445 1662/9446/9446 1671/9447/9447
f 1652/9448/9448 1663/9449/9449 1662/9450/9450
f 1664/9451/9451 1654/9452/9452 1665/9453/9453
f 1665/9454/9454 1655/9455/9455 1666/9456/9456
f 1666/9457/9457 1656/9458/9458 1676/9459/9459
f 1656/9460/9460 1667/9461/9461 1676/9462/9462
f 1657/9463/9463 1668/9464/9464 1667/9465/9465
f 1658/9466/9466 1669/9467/9467 1668/9468/9468
f 1659/9469/9469 1670/9470/9470 1669/9471/9471
f 1660/9472/9472 1672/9473/9473 1670/9474/9474
f 1672/9475/9475 1662/9476/9476 1673/9477/9477
f 1673/9478/9478 1663/9479/9479 1664/9480/9480
f 1674/9481/9481 1665/9482/9482 1675/9483/9483
f 1675/9484/9484 1666/9485/9485 1686/9486/9486
f 1666/9487/9487 1677/9488/9488 1686/9489/9489
f 1676/9490/9490 1678/9491/9491 1677/9492/9492
f 1667/9493/9493 1679/9494/9494 1678/9495/9495
f 1668/9496/9496 1680/9497/9497 1679/9498/9498
f 1669/9499/9499 1681/9500/9500 1680/9501/9501
f 1681/9502/9502 1672/9503/9503 1682/9504/9504
f 1682/9505/9505 1673/9506/9506 1683/9507/9507
f 1683/9508/9508 1664/9509/9509 1674/9510/9510
f 1684/9511/9511 1675/9512/9512 1685/9513/9513
f 1685/9514/9514 1686/9515/9515 1687/9516/9516
f 1687/9517/9517 1677/9518/9518 1694/9519/9519
f 1677/9520/9520 1688/9521/9521 1694/9522/9522
f 1678/9523/9523 1689/9524/9524 1688/9525/9525
f 1679/9526/9526 1690/9527/9527 1689/9528/9528
f 1680/9529/9529 1691/9530/9530 1690/9531/9531
f 1691/9532/9532 1682/9533/9533 1692/9534/9534
f 1692/9535/9535 1683/9536/9536 1693/9537/9537
f 1693/9538/9538 1674/9539/9539 1684/9540/9540
f 1684/9541/9541 1634/9542/9542 1618/9543/9543
f 1685/9544/9544 1631/9545/9545 1634/9546/9546
f 1687/9547/9547 1629/9548/9548 1631/9549/9549
f 1629/9550/9550 1688/9551/9551 1628/9552/9552
f 1628/9553/9553 1689/9554/9554 1627/9555/9555
f 1627/9556/9556 1690/9557/9557 1625/9558/9558
f 1625/9559/9559 1691/9560/9560 1622/9561/9561
f 1622/9562/9562 1692/9563/9563 1620/9564/9564
f 1692/9565/9565 1617/9566/9566 1620/9567/9567
f 1693/9568/9568 1618/9569/9569 1617/9570/9570
f 1697/9571/9571 1698/9572/9572 1699/9573/9573
f 1700/9574/9574 1701/9575/9575 1697/9576/9576
f 1702/9577/9577 1703/9578/9578 1700/9579/9579
f 1704/9580/9580 1702/9581/9581 1705/9582/9582
f 1706/9583/9583 1705/9584/9584 1707/9585/9585
f 1708/9586/9586 1706/9587/9587 1707/9588/9588
f 1709/9589/9589 1710/9590/9590 1708/9591/9591
f 1711/9592/9592 1712/9593/9593 1709/9594/9594
f 1713/9595/9595 1711/9596/9596 1714/9597/9597
f 1698/9598/9598 1714/9599/9599 1699/9600/9600
f 1715/9601/9601 1716/9602/9602 1717/9603/9603
f 1717/9604/9604 1718/9605/9605 1719/9606/9606
f 1719/9607/9607 1720/9608/9608 1721/9609/9609
f 1720/9610/9610 1722/9611/9611 1721/9612/9612
f 1723/9613/9613 1724/9614/9614 1722/9615/9615
f 1725/9616/9616 1726/9617/9617 1724/9618/9618
f 1727/9619/9619 1728/9620/9620 1726/9621/9621
f 1729/9622/9622 1730/9623/9623 1728/9624/9624
f 1730/9625/9625 1731/9626/9626 1732/9627/9627
f 1732/9628/9628 1733/9629/9629 1715/9630/9630
f 1733/9631/9631 1734/9632/9632 1716/9633/9633
f 1716/9634/9634 1735/9635/9635 1718/9636/9636
f 1735/9637/9637 1720/9638/9638 1718/9639/9639
f 1736/9640/9640 1723/9641/9641 1720/9642/9642
f 1737/9643/9643 1725/9644/9644 1723/9645/9645
f 1738/9646/9646 1727/9647/9647 1725/9648/9648
f 1739/9649/9649 1729/9650/9650 1727/9651/9651
f 1740/9652/9652 1741/9653/9653 1729/9654/9654
f 1741/9655/9655 1742/9656/9656 1731/9657/9657
f 1731/9658/9658 1743/9659/9659 1733/9660/9660
f 1744/9661/9661 1734/9662/9662 1743/9663/9663
f 1745/9664/9664 1735/9665/9665 1734/9666/9666
f 1746/9667/9667 1736/9668/9668 1735/9669/9669
f 1736/9670/9670 1747/9671/9671 1737/9672/9672
f 1737/9673/9673 1748/9674/9674 1738/9675/9675
f 1738/9676/9676 1749/9677/9677 1739/9678/9678
f 1739/9679/9679 1750/9680/9680 1740/9681/9681
f 1740/9682/9682 1751/9683/9683 1752/9684/9684
f 1751/9685/9685 1742/9686/9686 1752/9687/9687
f 1753/9688/9688 1743/9689/9689 1742/9690/9690
f 1754/9691/9691 1745/9692/9692 1744/9693/9693
f 1755/9694/9694 1746/9695/9695 1745/9696/9696
f 1746/9697/9697 1756/9698/9698 1757/9699/9699
f 1757/9700/9700 1758/9701/9701 1747/9702/9702
f 1747/9703/9703 1759/9704/9704 1748/9705/9705
f 1748/9706/9706 1760/9707/9707 1749/9708/9708
f 1749/9709/9709 1761/9710/9710 1750/9711/9711
f 1761/9712/9712 1751/9713/9713 1750/9714/9714
f 1762/9715/9715 1753/9716/9716 1751/9717/9717
f 1763/9718/9718 1744/9719/9719 1753/9720/9720
f 1764/9721/9721 1755/9722/9722 1754/9723/9723
f 1765/9724/9724 1766/9725/9725 1755/9726/9726
f 1767/9727/9727 1756/9728/9728 1766/9729/9729
f 1756/9730/9730 1768/9731/9731 1758/9732/9732
f 1758/9733/9733 1769/9734/9734 1759/9735/9735
f 1759/9736/9736 1770/9737/9737 1760/9738/9738
f 1760/9739/9739 1771/9740/9740 1761/9741/9741
f 1771/9742/9742 1762/9743/9743 1761/9744/9744
f 1772/9745/9745 1763/9746/9746 1762/9747/9747
f 1773/9748/9748 1754/9749/9749 1763/9750/9750
f 1764/9751/9751 1714/9752/9752 1765/9753/9753
f 1765/9754/9754 1711/9755/9755 1767/9756/9756
f 1767/9757/9757 1709/9758/9758 1774/9759/9759
f 1709/9760/9760 1768/9761/9761 1774/9762/9762
f 1708/9763/9763 1769/9764/9764 1768/9765/9765
f 1707/9766/9766 1770/9767/9767 1769/9768/9768
f 1705/9769/9769 1771/9770/9770 1770/9771/9771
f 1702/9772/9772 1772/9773/9773 1771/9774/9774
f 1772/9775/9775 1697/9776/9776 1773/9777/9777
f 1773/9778/9778 1699/9779/9779 1764/9780/9780
f 1697/9781/9781 1701/9782/9782 1698/9783/9783
f 1700/9784/9784 1703/9785/9785 1701/9786/9786
f 1702/9787/9787 1775/9788/9788 1703/9789/9789
f 1704/9790/9790 1775/9791/9791 1702/9792/9792
f 1706/9793/9793 1704/9794/9794 1705/9795/9795
f 1708/9796/9796 1710/9797/9797 1706/9798/9798
f 1709/9799/9799 1712/9800/9800 1710/9801/9801
f 1711/9802/9802 1776/9803/9803 1712/9804/9804
f 1713/9805/9805 1776/9806/9806 1711/9807/9807
f 1698/9808/9808 1713/9809/9809 1714/9810/9810
f 1715/9811/9811 1733/9812/9812 1716/9813/9813
f 1717/9814/9814 1716/9815/9815 1718/9816/9816
f 1719/9817/9817 1718/9818/9818 1720/9819/9819
f 1720/9820/9820 1723/9821/9821 1722/9822/9822
f 1723/9823/9823 1725/9824/9824 1724/9825/9825
f 1725/9826/9826 1727/9827/9827 1726/9828/9828
f 1727/9829/9829 1729/9830/9830 1728/9831/9831
f 1729/9832/9832 1741/9833/9833 1730/9834/9834
f 1730/9835/9835 1741/9836/9836 1731/9837/9837
f 1732/9838/9838 1731/9839/9839 1733/9840/9840
f 1733/9841/9841 1743/9842/9842 1734/9843/9843
f 1716/9844/9844 1734/9845/9845 1735/9846/9846
f 1735/9847/9847 1736/9848/9848 1720/9849/9849
f 1736/9850/9850 1737/9851/9851 1723/9852/9852
f 1737/9853/9853 1738/9854/9854 1725/9855/9855
f 1738/9856/9856 1739/9857/9857 1727/9858/9858
f 1739/9859/9859 1740/9860/9860 1729/9861/9861
f 1740/9862/9862 1752/9863/9863 1741/9864/9864
f 1741/9865/9865 1752/9866/9866 1742/9867/9867
f 1731/9868/9868 1742/9869/9869 1743/9870/9870
f 1744/9871/9871 1745/9872/9872 1734/9873/9873
f 1745/9874/9874 1746/9875/9875 1735/9876/9876
f 1746/9877/9877 1757/9878/9878 1736/9879/9879
f 1736/9880/9880 1757/9881/9881 1747/9882/9882
f 1737/9883/9883 1747/9884/9884 1748/9885/9885
f 1738/9886/9886 1748/9887/9887 1749/9888/9888
f 1739/9889/9889 1749/9890/9890 1750/9891/9891
f 1740/9892/9892 1750/9893/9893 1751/9894/9894
f 1751/9895/9895 1753/9896/9896 1742/9897/9897
f 1753/9898/9898 1744/9899/9899 1743/9900/9900
f 1754/9901/9901 1755/9902/9902 1745/9903/9903
f 1755/9904/9904 1766/9905/9905 1746/9906/9906
f 1746/9907/9907 1766/9908/9908 1756/9909/9909
f 1757/9910/9910 1756/9911/9911 1758/9912/9912
f 1747/9913/9913 1758/9914/9914 1759/9915/9915
f 1748/9916/9916 1759/9917/9917 1760/9918/9918
f 1749/9919/9919 1760/9920/9920 1761/9921/9921
f 1761/9922/9922 1762/9923/9923 1751/9924/9924
f 1762/9925/9925 1763/9926/9926 1753/9927/9927
f 1763/9928/9928 1754/9929/9929 1744/9930/9930
f 1764/9931/9931 1765/9932/9932 1755/9933/9933
f 1765/9934/9934 1767/9935/9935 1766/9936/9936
f 1767/9937/9937 1774/9938/9938 1756/9939/9939
f 1756/9940/9940 1774/9941/9941 1768/9942/9942
f 1758/9943/9943 1768/9944/9944 1769/9945/9945
f 1759/9946/9946 1769/9947/9947 1770/9948/9948
f 1760/9949/9949 1770/9950/9950 1771/9951/9951
f 1771/9952/9952 1772/9953/9953 1762/9954/9954
f 1772/9955/9955 1773/9956/9956 1763/9957/9957
f 1773/9958/9958 1764/9959/9959 1754/9960/9960
f 1764/9961/9961 1699/9962/9962 1714/9963/9963
f 1765/9964/9964 1714/9965/9965 1711/9966/9966
f 1767/9967/9967 1711/9968/9968 1709/9969/9969
f 1709/9970/9970 1708/9971/9971 1768/9972/9972
f 1708/9973/9973 1707/9974/9974 1769/9975/9975
f 1707/9976/9976 1705/9977/9977 1770/9978/9978
f 1705/9979/9979 1702/9980/9980 1771/9981/9981
f 1702/9982/9982 1700/9983/9983 1772/9984/9984
f 1772/9985/9985 1700/9986/9986 1697/9987/9987
f 1773/9988/9988 1697/9989/9989 1699/9990/9990
f 1777/9991/9991 1778/9992/9992 1779/9993/9993
f 1780/9994/9994 1781/9995/9995 1777/9996/9996
f 1782/9997/9997 1783/9998/9998 1780/9999/9999
f 1784/10000/10000 1782/10001/10001 1785/10002/10002
f 1786/10003/10003 1785/10004/10004 1787/10005/10005
f 1788/10006/10006 1786/10007/10007 1787/10008/10008
f 1789/10009/10009 1790/10010/10010 1788/10011/10011
f 1791/10012/10012 1792/10013/10013 1789/10014/10014
f 1793/10015/10015 1791/10016/10016 1794/10017/10017
f 1778/10018/10018 1794/10019/10019 1779/10020/10020
f 1795/10021/10021 1796/10022/10022 1797/10023/10023
f 1797/10024/10024 1798/10025/10025 1799/10026/10026
f 1799/10027/10027 1800/10028/10028 1801/10029/10029
f 1800/10030/10030 1802/10031/10031 1801/10032/10032
f 1803/10033/10033 1804/10034/10034 1802/10035/10035
f 1805/10036/10036 1806/10037/10037 1804/10038/10038
f 1807/10039/10039 1808/10040/10040 1806/10041/10041
f 1809/10042/10042 1810/10043/10043 1808/10044/10044
f 1810/10045/10045 1811/10046/10046 1812/10047/10047
f 1812/10048/10048 1813/10049/10049 1795/10050/10050
f 1813/10051/10051 1814/10052/10052 1796/10053/10053
f 1796/10054/10054 1815/10055/10055 1798/10056/10056
f 1815/10057/10057 1800/10058/10058 1798/10059/10059
f 1816/10060/10060 1803/10061/10061 1800/10062/10062
f 1817/10063/10063 1805/10064/10064 1803/10065/10065
f 1818/10066/10066 1807/10067/10067 1805/10068/10068
f 1819/10069/10069 1809/10070/10070 1807/10071/10071
f 1820/10072/10072 1821/10073/10073 1809/10074/10074
f 1821/10075/10075 1822/10076/10076 1811/10077/10077
f 1811/10078/10078 1823/10079/10079 1813/10080/10080
f 1824/10081/10081 1814/10082/10082 1823/10083/10083
f 1825/10084/10084 1815/10085/10085 1814/10086/10086
f 1826/10087/10087 1816/10088/10088 1815/10089/10089
f 1816/10090/10090 1827/10091/10091 1817/10092/10092
f 1817/10093/10093 1828/10094/10094 1818/10095/10095
f 1818/10096/10096 1829/10097/10097 1819/10098/10098
f 1819/10099/10099 1830/10100/10100 1820/10101/10101
f 1820/10102/10102 1831/10103/10103 1832/10104/10104
f 1831/10105/10105 1822/10106/10106 1832/10107/10107
f 1833/10108/10108 1823/10109/10109 1822/10110/10110
f 1834/10111/10111 1825/10112/10112 1824/10113/10113
f 1835/10114/10114 1826/10115/10115 1825/10116/10116
f 1826/10117/10117 1836/10118/10118 1837/10119/10119
f 1837/10120/10120 1838/10121/10121 1827/10122/10122
f 1827/10123/10123 1839/10124/10124 1828/10125/10125
f 1828/10126/10126 1840/10127/10127 1829/10128/10128
f 1829/10129/10129 1841/10130/10130 1830/10131/10131
f 1841/10132/10132 1831/10133/10133 1830/10134/10134
f 1842/10135/10135 1833/10136/10136 1831/10137/10137
f 1843/10138/10138 1824/10139/10139 1833/10140/10140
f 1844/10141/10141 1835/10142/10142 1834/10143/10143
f 1845/10144/10144 1846/10145/10145 1835/10146/10146
f 1847/10147/10147 1836/10148/10148 1846/10149/10149
f 1836/10150/10150 1848/10151/10151 1838/10152/10152
f 1838/10153/10153 1849/10154/10154 1839/10155/10155
f 1839/10156/10156 1850/10157/10157 1840/10158/10158
f 1840/10159/10159 1851/10160/10160 1841/10161/10161
f 1851/10162/10162 1842/10163/10163 1841/10164/10164
f 1852/10165/10165 1843/10166/10166 1842/10167/10167
f 1853/10168/10168 1834/10169/10169 1843/10170/10170
f 1844/10171/10171 1794/10172/10172 1845/10173/10173
f 1845/10174/10174 1791/10175/10175 1847/10176/10176
f 1847/10177/10177 1789/10178/10178 1854/10179/10179
f 1789/10180/10180 1848/10181/10181 1854/10182/10182
f 1788/10183/10183 1849/10184/10184 1848/10185/10185
f 1787/10186/10186 1850/10187/10187 1849/10188/10188
f 1785/10189/10189 1851/10190/10190 1850/10191/10191
f 1782/10192/10192 1852/10193/10193 1851/10194/10194
f 1852/10195/10195 1777/10196/10196 1853/10197/10197
f 1853/10198/10198 1779/10199/10199 1844/10200/10200
f 1777/10201/10201 1781/10202/10202 1778/10203/10203
f 1780/10204/10204 1783/10205/10205 1781/10206/10206
f 1782/10207/10207 1855/10208/10208 1783/10209/10209
f 1784/10210/10210 1855/10211/10211 1782/10212/10212
f 1786/10213/10213 1784/10214/10214 1785/10215/10215
f 1788/10216/10216 1790/10217/10217 1786/10218/10218
f 1789/10219/10219 1792/10220/10220 1790/10221/10221
f 1791/10222/10222 1856/10223/10223 1792/10224/10224
f 1793/10225/10225 1856/10226/10226 1791/10227/10227
f 1778/10228/10228 1793/10229/10229 1794/10230/10230
f 1795/10231/10231 1813/10232/10232 1796/10233/10233
f 1797/10234/10234 1796/10235/10235 1798/10236/10236
f 1799/10237/10237 1798/10238/10238 1800/10239/10239
f 1800/10240/10240 1803/10241/10241 1802/10242/10242
f 1803/10243/10243 1805/10244/10244 1804/10245/10245
f 1805/10246/10246 1807/10247/10247 1806/10248/10248
f 1807/10249/10249 1809/10250/10250 1808/10251/10251
f 1809/10252/10252 1821/10253/10253 1810/10254/10254
f 1810/10255/10255 1821/10256/10256 1811/10257/10257
f 1812/10258/10258 1811/10259/10259 1813/10260/10260
f 1813/10261/10261 1823/10262/10262 1814/10263/10263
f 1796/10264/10264 1814/10265/10265 1815/10266/10266
f 1815/10267/10267 1816/10268/10268 1800/10269/10269
f 1816/10270/10270 1817/10271/10271 1803/10272/10272
f 1817/10273/10273 1818/10274/10274 1805/10275/10275
f 1818/10276/10276 1819/10277/10277 1807/10278/10278
f 1819/10279/10279 1820/10280/10280 1809/10281/10281
f 1820/10282/10282 1832/10283/10283 1821/10284/10284
f 1821/10285/10285 1832/10286/10286 1822/10287/10287
f 1811/10288/10288 1822/10289/10289 1823/10290/10290
f 1824/10291/10291 1825/10292/10292 1814/10293/10293
f 1825/10294/10294 1826/10295/10295 1815/10296/10296
f 1826/10297/10297 1837/10298/10298 1816/10299/10299
f 1816/10300/10300 1837/10301/10301 1827/10302/10302
f 1817/10303/10303 1827/10304/10304 1828/10305/10305
f 1818/10306/10306 1828/10307/10307 1829/10308/10308
f 1819/10309/10309 1829/10310/10310 1830/10311/10311
f 1820/10312/10312 1830/10313/10313 1831/10314/10314
f 1831/10315/10315 1833/10316/10316 1822/10317/10317
f 1833/10318/10318 1824/10319/10319 1823/10320/10320
f 1834/10321/10321 1835/10322/10322 1825/10323/10323
f 1835/10324/10324 1846/10325/10325 1826/10326/10326
f 1826/10327/10327 1846/10328/10328 1836/10329/10329
f 1837/10330/10330 1836/10331/10331 1838/10332/10332
f 1827/10333/10333 1838/10334/10334 1839/10335/10335
f 1828/10336/10336 1839/10337/10337 1840/10338/10338
f 1829/10339/10339 1840/10340/10340 1841/10341/10341
f 1841/10342/10342 1842/10343/10343 1831/10344/10344
f 1842/10345/10345 1843/10346/10346 1833/10347/10347
f 1843/10348/10348 1834/10349/10349 1824/10350/10350
f 1844/10351/10351 1845/10352/10352 1835/10353/10353
f 1845/10354/10354 1847/10355/10355 1846/10356/10356
f 1847/10357/10357 1854/10358/10358 1836/10359/10359
f 1836/10360/10360 1854/10361/10361 1848/10362/10362
f 1838/10363/10363 1848/10364/10364 1849/10365/10365
f 1839/10366/10366 1849/10367/10367 1850/10368/10368
f 1840/10369/10369 1850/10370/10370 1851/10371/10371
f 1851/10372/10372 1852/10373/10373 1842/10374/10374
f 1852/10375/10375 1853/10376/10376 1843/10377/10377
f 1853/10378/10378 1844/10379/10379 1834/10380/10380
f 1844/10381/10381 1779/10382/10382 1794/10383/10383
f 1845/10384/10384 1794/10385/10385 1791/10386/10386
f 1847/10387/10387 1791/10388/10388 1789/10389/10389
f 1789/10390/10390 1788/10391/10391 1848/10392/10392
f 1788/10393/10393 1787/10394/10394 1849/10395/10395
f 1787/10396/10396 1785/10397/10397 1850/10398/10398
f 1785/10399/10399 1782/10400/10400 1851/10401/10401
f 1782/10402/10402 1780/10403/10403 1852/10404/10404
f 1852/10405/10405 1780/10406/10406 1777/10407/10407
f 1853/10408/10408 1777/10409/10409 1779/10410/10410
f 1857/10411/10411 1858/10412/10412 1859/10413/10413
f 1860/10414/10414 1857/10415/10415 1861/10416/10416
f 1862/10417/10417 1860/10418/10418 1863/10419/10419
f 1864/10420/10420 1865/10421/10421 1862/10422/10422
f 1866/10423/10423 1867/10424/10424 1865/10425/10425
f 1868/10426/10426 1867/10427/10427 1866/10428/10428
f 1869/10429/10429 1868/10430/10430 1870/10431/10431
f 1871/10432/10432 1869/10433/10433 1872/10434/10434
f 1873/10435/10435 1874/10436/10436 1871/10437/10437
f 1859/10438/10438 1858/10439/10439 1874/10440/10440
f 1875/10441/10441 1876/10442/10442 1877/10443/10443
f 1876/10444/10444 1878/10445/10445 1879/10446/10446
f 1878/10447/10447 1880/10448/10448 1881/10449/10449
f 1881/10450/10450 1880/10451/10451 1882/10452/10452
f 1883/10453/10453 1882/10454/10454 1884/10455/10455
f 1885/10456/10456 1884/10457/10457 1886/10458/10458
f 1887/10459/10459 1886/10460/10460 1888/10461/10461
f 1889/10462/10462 1888/10463/10463 1890/10464/10464
f 1890/10465/10465 1891/10466/10466 1892/10467/10467
f 1891/10468/10468 1875/10469/10469 1893/10470/10470
f 1893/10471/10471 1877/10472/10472 1894/10473/10473
f 1877/10474/10474 1879/10475/10475 1895/10476/10476
f 1895/10477/10477 1879/10478/10478 1881/10479/10479
f 1896/10480/10480 1881/10481/10481 1883/10482/10482
f 1897/10483/10483 1883/10484/10484 1885/10485/10485
f 1898/10486/10486 1885/10487/10487 1887/10488/10488
f 1899/10489/10489 1887/10490/10490 1889/10491/10491
f 1900/10492/10492 1889/10493/10493 1901/10494/10494
f 1901/10495/10495 1892/10496/10496 1902/10497/10497
f 1892/10498/10498 1893/10499/10499 1903/10500/10500
f 1904/10501/10501 1903/10502/10502 1894/10503/10503
f 1905/10504/10504 1894/10505/10505 1895/10506/10506
f 1906/10507/10507 1895/10508/10508 1896/10509/10509
f 1896/10510/10510 1897/10511/10511 1907/10512/10512
f 1897/10513/10513 1898/10514/10514 1908/10515/10515
f 1898/10516/10516 1899/10517/10517 1909/10518/10518
f 1899/10519/10519 1900/10520/10520 1910/10521/10521
f 1900/10522/10522 1911/10523/10523 1912/10524/10524
f 1912/10525/10525 1911/10526/10526 1902/10527/10527
f 1913/10528/10528 1902/10529/10529 1903/10530/10530
f 1914/10531/10531 1904/10532/10532 1905/10533/10533
f 1915/10534/10534 1905/10535/10535 1906/10536/10536
f 1906/10537/10537 1916/10538/10538 1917/10539/10539
f 1916/10540/10540 1907/10541/10541 1918/10542/10542
f 1907/10543/10543 1908/10544/10544 1919/10545/10545
f 1908/10546/10546 1909/10547/10547 1920/10548/10548
f 1909/10549/10549 1910/10550/10550 1921/10551/10551
f 1921/10552/10552 1910/10553/10553 1912/10554/10554
f 1922/10555/10555 1912/10556/10556 1913/10557/10557
f 1923/10558/10558 1913/10559/10559 1904/10560/10560
f 1924/10561/10561 1914/10562/10562 1915/10563/10563
f 1925/10564/10564 1915/10565/10565 1926/10566/10566
f 1927/10567/10567 1926/10568/10568 1917/10569/10569
f 1917/10570/10570 1918/10571/10571 1928/10572/10572
f 1918/10573/10573 1919/10574/10574 1929/10575/10575
f 1919/10576/10576 1920/10577/10577 1930/10578/10578
f 1920/10579/10579 1921/10580/10580 1931/10581/10581
f 1931/10582/10582 1921/10583/10583 1922/10584/10584
f 1932/10585/10585 1922/10586/10586 1923/10587/10587
f 1933/10588/10588 1923/10589/10589 1914/10590/10590
f 1924/10591/10591 1925/10592/10592 1874/10593/10593
f 1925/10594/10594 1927/10595/10595 1871/10596/10596
f 1927/10597/10597 1934/10598/10598 1869/10599/10599
f 1869/10600/10600 1934/10601/10601 1928/10602/10602
f 1868/10603/10603 1928/10604/10604 1929/10605/10605
f 1867/10606/10606 1929/10607/10607 1930/10608/10608
f 1865/10609/10609 1930/10610/10610 1931/10611/10611
f 1862/10612/10612 1931/10613/10613 1932/10614/10614
f 1932/10615/10615 1933/10616/10616 1857/10617/10617
f 1933/10618/10618 1924/10619/10619 1858/10620/10620
f 1857/10621/10621 1859/10622/10622 1861/10623/10623
f 1860/10624/10624 1861/10625/10625 1863/10626/10626
f 1862/10627/10627 1863/10628/10628 1935/10629/10629
f 1864/10630/10630 1862/10631/10631 1935/10632/10632
f 1866/10633/10633 1865/10634/10634 1864/10635/10635
f 1868/10636/10636 1866/10637/10637 1870/10638/10638
f 1869/10639/10639 1870/10640/10640 1872/10641/10641
f 1871/10642/10642 1872/10643/10643 1936/10644/10644
f 1873/10645/10645 1871/10646/10646 1936/10647/10647
f 1859/10648/10648 1874/10649/10649 1873/10650/10650
f 1875/10651/10651 1877/10652/10652 1893/10653/10653
f 1876/10654/10654 1879/10655/10655 1877/10656/10656
f 1878/10657/10657 1881/10658/10658 1879/10659/10659
f 1881/10660/10660 1882/10661/10661 1883/10662/10662
f 1883/10663/10663 1884/10664/10664 1885/10665/10665
f 1885/10666/10666 1886/10667/10667 1887/10668/10668
f 1887/10669/10669 1888/10670/10670 1889/10671/10671
f 1889/10672/10672 1890/10673/10673 1901/10674/10674
f 1890/10675/10675 1892/10676/10676 1901/10677/10677
f 1891/10678/10678 1893/10679/10679 1892/10680/10680
f 1893/10681/10681 1894/10682/10682 1903/10683/10683
f 1877/10684/10684 1895/10685/10685 1894/10686/10686
f 1895/10687/10687 1881/10688/10688 1896/10689/10689
f 1896/10690/10690 1883/10691/10691 1897/10692/10692
f 1897/10693/10693 1885/10694/10694 1898/10695/10695
f 1898/10696/10696 1887/10697/10697 1899/10698/10698
f 1899/10699/10699 1889/10700/10700 1900/10701/10701
f 1900/10702/10702 1901/10703/10703 1911/10704/10704
f 1901/10705/10705 1902/10706/10706 1911/10707/10707
f 1892/10708/10708 1903/10709/10709 1902/10710/10710
f 1904/10711/10711 1894/10712/10712 1905/10713/10713
f 1905/10714/10714 1895/10715/10715 1906/10716/10716
f 1906/10717/10717 1896/10718/10718 1916/10719/10719
f 1896/10720/10720 1907/10721/10721 1916/10722/10722
f 1897/10723/10723 1908/10724/10724 1907/10725/10725
f 1898/10726/10726 1909/10727/10727 1908/10728/10728
f 1899/10729/10729 1910/10730/10730 1909/10731/10731
f 1900/10732/10732 1912/10733/10733 1910/10734/10734
f 1912/10735/10735 1902/10736/10736 1913/10737/10737
f 1913/10738/10738 1903/10739/10739 1904/10740/10740
f 1914/10741/10741 1905/10742/10742 1915/10743/10743
f 1915/10744/10744 1906/10745/10745 1926/10746/10746
f 1906/10747/10747 1917/10748/10748 1926/10749/10749
f 1916/10750/10750 1918/10751/10751 1917/10752/10752
f 1907/10753/10753 1919/10754/10754 1918/10755/10755
f 1908/10756/10756 1920/10757/10757 1919/10758/10758
f 1909/10759/10759 1921/10760/10760 1920/10761/10761
f 1921/10762/10762 1912/10763/10763 1922/10764/10764
f 1922/10765/10765 1913/10766/10766 1923/10767/10767
f 1923/10768/10768 1904/10769/10769 1914/10770/10770
f 1924/10771/10771 1915/10772/10772 1925/10773/10773
f 1925/10774/10774 1926/10775/10775 1927/10776/10776
f 1927/10777/10777 1917/10778/10778 1934/10779/10779
f 1917/10780/10780 1928/10781/10781 1934/10782/10782
f 1918/10783/10783 1929/10784/10784 1928/10785/10785
f 1919/10786/10786 1930/10787/10787 1929/10788/10788
f 1920/10789/10789 1931/10790/10790 1930/10791/10791
f 1931/10792/10792 1922/10793/10793 1932/10794/10794
f 1932/10795/10795 1923/10796/10796 1933/10797/10797
f 1933/10798/10798 1914/10799/10799 1924/10800/10800
f 1924/10801/10801 1874/10802/10802 1858/10803/10803
f 1925/10804/10804 1871/10805/10805 1874/10806/10806
f 1927/10807/10807 1869/10808/10808 1871/10809/10809
f 1869/10810/10810 1928/10811/10811 1868/10812/10812
f 1868/10813/10813 1929/10814/10814 1867/10815/10815
f 1867/10816/10816 1930/10817/10817 1865/10818/10818
f 1865/10819/10819 1931/10820/10820 1862/10821/10821
f 1862/10822/10822 1932/10823/10823 1860/10824/10824
f 1932/10825/10825 1857/10826/10826 1860/10827/10827
f 1933/10828/10828 1858/10829/10829 1857/10830/10830
