# Adapted from 3DAssets.dev asset 38187, CC0 1.0
# Baked for WarTech's legacy OBJ renderer; dimensions are metres.
o chassis_body
v -1.048998 2.883821 0.190021
v 2.344166 1.910815 0.190021
v 2.448998 2.276179 0.190021
v -0.944166 3.249185 0.190021
v 2.344166 1.910815 -0.190021
v -1.048998 2.883821 -0.190021
v -0.944166 3.249185 -0.190021
v 2.448998 2.276179 -0.190021
v -1.048998 2.883821 -0.190021
v -1.048998 2.883821 0.190021
v -0.944166 3.249185 0.190021
v -0.944166 3.249185 -0.190021
v 2.344166 1.910815 0.190021
v 2.344166 1.910815 -0.190021
v 2.448998 2.276179 -0.190021
v 2.448998 2.276179 0.190021
v -0.944166 3.249185 0.190021
v 2.448998 2.276179 0.190021
v 2.448998 2.276179 -0.190021
v -0.944166 3.249185 -0.190021
v -1.048998 2.883821 -0.190021
v 2.344166 1.910815 -0.190021
v 2.344166 1.910815 0.190021
v -1.048998 2.883821 0.190021
f 1 2 3
f 1 3 4
f 5 6 7
f 5 7 8
f 9 10 11
f 9 11 12
f 13 14 15
f 13 15 16
f 17 18 19
f 17 19 20
f 21 22 23
f 21 23 24
v -8.100000 0.889949 1.500000
v -5.100000 0.889949 1.500000
v -5.100000 2.990051 1.500000
v -8.100000 2.990051 1.500000
v -5.100000 0.889949 -1.500000
v -8.100000 0.889949 -1.500000
v -8.100000 2.990051 -1.500000
v -5.100000 2.990051 -1.500000
v -8.100000 0.889949 -1.500000
v -8.100000 0.889949 1.500000
v -8.100000 2.990051 1.500000
v -8.100000 2.990051 -1.500000
v -5.100000 0.889949 1.500000
v -5.100000 0.889949 -1.500000
v -5.100000 2.990051 -1.500000
v -5.100000 0.889949 1.500000
v -5.100000 2.990051 -1.500000
v -5.100000 2.990051 1.500000
v -8.100000 2.990051 1.500000
v -5.100000 2.990051 1.500000
v -5.100000 2.990051 -1.500000
v -8.100000 2.990051 1.500000
v -5.100000 2.990051 -1.500000
v -8.100000 2.990051 -1.500000
v -8.100000 0.889949 -1.500000
v -5.100000 0.889949 -1.500000
v -5.100000 0.889949 1.500000
v -8.100000 0.889949 1.500000
f 25 26 27
f 25 27 28
f 29 30 31
f 29 31 32
f 33 34 35
f 33 35 36
f 37 38 39
f 40 41 42
f 43 44 45
f 46 47 48
f 49 50 51
f 49 51 52
v -7.500000 0.850409 -1.749626
v 7.500000 0.850409 -1.749626
v 7.500000 1.249591 -1.749626
v -7.500000 1.249591 -1.749626
v 7.500000 0.850409 -2.050157
v -7.500000 0.850409 -2.050157
v -7.500000 1.249591 -2.050157
v 7.500000 1.249591 -2.050157
v -7.500000 0.850409 -2.050157
v -7.500000 0.850409 -1.749626
v -7.500000 1.249591 -1.749626
v -7.500000 1.249591 -2.050157
v 7.500000 0.850409 -1.749626
v 7.500000 0.850409 -2.050157
v 7.500000 1.249591 -2.050157
v 7.500000 0.850409 -1.749626
v 7.500000 1.249591 -2.050157
v 7.500000 1.249591 -1.749626
v -7.500000 1.249591 -1.749626
v 7.500000 1.249591 -1.749626
v 7.500000 1.249591 -2.050157
v -7.500000 1.249591 -1.749626
v 7.500000 1.249591 -2.050157
v -7.500000 1.249591 -2.050157
v -7.500000 0.850409 -2.050157
v 7.500000 0.850409 -2.050157
v 7.500000 0.850409 -1.749626
v -7.500000 0.850409 -1.749626
v -7.500000 0.850409 2.050157
v 7.500000 0.850409 2.050157
v 7.500000 1.249591 2.050157
v -7.500000 1.249591 2.050157
v 7.500000 0.850409 1.749626
v -7.500000 0.850409 1.749626
v -7.500000 1.249591 1.749626
v 7.500000 1.249591 1.749626
v -7.500000 0.850409 1.749626
v -7.500000 0.850409 2.050157
v -7.500000 1.249591 2.050157
v -7.500000 1.249591 1.749626
v 7.500000 0.850409 2.050157
v 7.500000 0.850409 1.749626
v 7.500000 1.249591 1.749626
v 7.500000 0.850409 2.050157
v 7.500000 1.249591 1.749626
v 7.500000 1.249591 2.050157
v -7.500000 1.249591 2.050157
v 7.500000 1.249591 2.050157
v 7.500000 1.249591 1.749626
v -7.500000 1.249591 2.050157
v 7.500000 1.249591 1.749626
v -7.500000 1.249591 1.749626
v -7.500000 0.850409 1.749626
v 7.500000 0.850409 1.749626
v 7.500000 0.850409 2.050157
v -7.500000 0.850409 2.050157
f 53 54 55
f 53 55 56
f 57 58 59
f 57 59 60
f 61 62 63
f 61 63 64
f 65 66 67
f 68 69 70
f 71 72 73
f 74 75 76
f 77 78 79
f 77 79 80
f 81 82 83
f 81 83 84
f 85 86 87
f 85 87 88
f 89 90 91
f 89 91 92
f 93 94 95
f 96 97 98
f 99 100 101
f 102 103 104
f 105 106 107
f 105 107 108
v -7.500000 1.700458 1.900006
v 7.500000 1.700458 1.900006
v 7.500000 1.940333 1.900006
v -7.500000 1.940333 1.900006
v 7.500000 1.700458 -1.900006
v -7.500000 1.700458 -1.900006
v -7.500000 1.940333 -1.900006
v 7.500000 1.940333 -1.900006
v -7.500000 1.700458 -1.900006
v -7.500000 1.700458 1.900006
v -7.500000 1.940333 1.900006
v -7.500000 1.940333 -1.900006
v 7.500000 1.700458 1.900006
v 7.500000 1.700458 -1.900006
v 7.500000 1.940333 -1.900006
v 7.500000 1.700458 1.900006
v 7.500000 1.940333 -1.900006
v 7.500000 1.940333 1.900006
v -7.500000 1.940333 1.900006
v 7.500000 1.940333 1.900006
v 7.500000 1.940333 -1.900006
v -7.500000 1.940333 1.900006
v 7.500000 1.940333 -1.900006
v -7.500000 1.940333 -1.900006
v -7.500000 1.700458 -1.900006
v 7.500000 1.700458 -1.900006
v 7.500000 1.700458 1.900006
v -7.500000 1.700458 1.900006
v -4.600208 1.290289 0.800195
v -2.600406 1.290289 0.800195
v -2.600406 2.590378 0.800195
v -4.600208 2.590378 0.800195
v -2.600406 1.290289 -0.800195
v -4.600208 1.290289 -0.800195
v -4.600208 2.590378 -0.800195
v -2.600406 2.590378 -0.800195
v -4.600208 1.290289 -0.800195
v -4.600208 1.290289 0.800195
v -4.600208 2.590378 0.800195
v -4.600208 2.590378 -0.800195
v -2.600406 1.290289 0.800195
v -2.600406 1.290289 -0.800195
v -2.600406 2.590378 -0.800195
v -2.600406 1.290289 0.800195
v -2.600406 2.590378 -0.800195
v -2.600406 2.590378 0.800195
v -4.600208 2.590378 0.800195
v -2.600406 2.590378 0.800195
v -2.600406 2.590378 -0.800195
v -4.600208 2.590378 0.800195
v -2.600406 2.590378 -0.800195
v -4.600208 2.590378 -0.800195
v -4.600208 1.290289 -0.800195
v -2.600406 1.290289 -0.800195
v -2.600406 1.290289 0.800195
v -4.600208 1.290289 0.800195
v 6.250267 1.849693 -0.950346
v 6.949751 1.849693 -0.950346
v 6.949751 3.049986 -0.950346
v 6.250267 3.049986 -0.950346
v 6.949751 1.849693 -1.450240
v 6.250267 1.849693 -1.450240
v 6.250267 3.049986 -1.450240
v 6.949751 3.049986 -1.450240
v 6.250267 1.849693 -1.450240
v 6.250267 1.849693 -0.950346
v 6.250267 3.049986 -0.950346
v 6.250267 3.049986 -1.450240
v 6.949751 1.849693 -0.950346
v 6.949751 1.849693 -1.450240
v 6.949751 3.049986 -1.450240
v 6.949751 1.849693 -0.950346
v 6.949751 3.049986 -1.450240
v 6.949751 3.049986 -0.950346
v 6.250267 3.049986 -0.950346
v 6.949751 3.049986 -0.950346
v 6.949751 3.049986 -1.450240
v 6.250267 3.049986 -0.950346
v 6.949751 3.049986 -1.450240
v 6.250267 3.049986 -1.450240
v 6.250267 1.849693 -1.450240
v 6.949751 1.849693 -1.450240
v 6.949751 1.849693 -0.950346
v 6.250267 1.849693 -0.950346
v 6.250267 1.849693 1.450240
v 6.949751 1.849693 1.450240
v 6.949751 3.049986 1.450240
v 6.250267 3.049986 1.450240
v 6.949751 1.849693 0.950346
v 6.250267 1.849693 0.950346
v 6.250267 3.049986 0.950346
v 6.949751 3.049986 0.950346
v 6.250267 1.849693 0.950346
v 6.250267 1.849693 1.450240
v 6.250267 3.049986 1.450240
v 6.250267 3.049986 0.950346
v 6.949751 1.849693 1.450240
v 6.949751 1.849693 0.950346
v 6.949751 3.049986 0.950346
v 6.949751 1.849693 1.450240
v 6.949751 3.049986 0.950346
v 6.949751 3.049986 1.450240
v 6.250267 3.049986 1.450240
v 6.949751 3.049986 1.450240
v 6.949751 3.049986 0.950346
v 6.250267 3.049986 1.450240
v 6.949751 3.049986 0.950346
v 6.250267 3.049986 0.950346
v 6.250267 1.849693 0.950346
v 6.949751 1.849693 0.950346
v 6.949751 1.849693 1.450240
v 6.250267 1.849693 1.450240
v -7.250053 2.840324 1.300089
v -5.949965 2.840324 1.300089
v -5.949965 3.139711 1.300089
v -7.250053 3.139711 1.300089
v -5.949965 2.840324 -1.300089
v -7.250053 2.840324 -1.300089
v -7.250053 3.139711 -1.300089
v -5.949965 3.139711 -1.300089
v -7.250053 2.840324 -1.300089
v -7.250053 2.840324 1.300089
v -7.250053 3.139711 1.300089
v -7.250053 3.139711 -1.300089
v -5.949965 2.840324 1.300089
v -5.949965 2.840324 -1.300089
v -5.949965 3.139711 -1.300089
v -5.949965 2.840324 1.300089
v -5.949965 3.139711 -1.300089
v -5.949965 3.139711 1.300089
v -7.250053 3.139711 1.300089
v -5.949965 3.139711 1.300089
v -5.949965 3.139711 -1.300089
v -7.250053 3.139711 1.300089
v -5.949965 3.139711 -1.300089
v -7.250053 3.139711 -1.300089
v -7.250053 2.840324 -1.300089
v -5.949965 2.840324 -1.300089
v -5.949965 2.840324 1.300089
v -7.250053 2.840324 1.300089
v 2.149953 1.650102 0.349742
v 2.649846 1.650102 0.349742
v 2.649846 2.149996 0.349742
v 2.149953 2.149996 0.349742
v 2.649846 1.650102 -0.349742
v 2.149953 1.650102 -0.349742
v 2.149953 2.149996 -0.349742
v 2.649846 2.149996 -0.349742
v 2.149953 1.650102 -0.349742
v 2.149953 1.650102 0.349742
v 2.149953 2.149996 0.349742
v 2.149953 2.149996 -0.349742
v 2.649846 1.650102 0.349742
v 2.649846 1.650102 -0.349742
v 2.649846 2.149996 -0.349742
v 2.649846 1.650102 0.349742
v 2.649846 2.149996 -0.349742
v 2.649846 2.149996 0.349742
v 2.149953 2.149996 0.349742
v 2.649846 2.149996 0.349742
v 2.649846 2.149996 -0.349742
v 2.149953 2.149996 0.349742
v 2.649846 2.149996 -0.349742
v 2.149953 2.149996 -0.349742
v 2.149953 1.650102 -0.349742
v 2.649846 1.650102 -0.349742
v 2.649846 1.650102 0.349742
v 2.149953 1.650102 0.349742
f 109 110 111
f 109 111 112
f 113 114 115
f 113 115 116
f 117 118 119
f 117 119 120
f 121 122 123
f 124 125 126
f 127 128 129
f 130 131 132
f 133 134 135
f 133 135 136
f 137 138 139
f 137 139 140
f 141 142 143
f 141 143 144
f 145 146 147
f 145 147 148
f 149 150 151
f 152 153 154
f 155 156 157
f 158 159 160
f 161 162 163
f 161 163 164
f 165 166 167
f 165 167 168
f 169 170 171
f 169 171 172
f 173 174 175
f 173 175 176
f 177 178 179
f 180 181 182
f 183 184 185
f 186 187 188
f 189 190 191
f 189 191 192
f 193 194 195
f 193 195 196
f 197 198 199
f 197 199 200
f 201 202 203
f 201 203 204
f 205 206 207
f 208 209 210
f 211 212 213
f 214 215 216
f 217 218 219
f 217 219 220
f 221 222 223
f 221 223 224
f 225 226 227
f 225 227 228
f 229 230 231
f 229 231 232
f 233 234 235
f 236 237 238
f 239 240 241
f 242 243 244
f 245 246 247
f 245 247 248
f 249 250 251
f 249 251 252
f 253 254 255
f 253 255 256
f 257 258 259
f 257 259 260
f 261 262 263
f 264 265 266
f 267 268 269
f 270 271 272
f 273 274 275
f 273 275 276
o chassis_dark
v -8.000000 1.000380 1.700247
v 8.000000 1.000380 1.700247
v 8.000000 1.699620 1.700247
v -8.000000 1.699620 1.700247
v 8.000000 1.000380 -1.700247
v -8.000000 1.000380 -1.700247
v -8.000000 1.699620 -1.700247
v 8.000000 1.699620 -1.700247
v -8.000000 1.000380 -1.700247
v -8.000000 1.000380 1.700247
v -8.000000 1.699620 1.700247
v -8.000000 1.699620 -1.700247
v 8.000000 1.000380 1.700247
v 8.000000 1.000380 -1.700247
v 8.000000 1.699620 -1.700247
v 8.000000 1.000380 1.700247
v 8.000000 1.699620 -1.700247
v 8.000000 1.699620 1.700247
v -8.000000 1.699620 1.700247
v 8.000000 1.699620 1.700247
v 8.000000 1.699620 -1.700247
v -8.000000 1.699620 1.700247
v 8.000000 1.699620 -1.700247
v -8.000000 1.699620 -1.700247
v -8.000000 1.000380 -1.700247
v 8.000000 1.000380 -1.700247
v 8.000000 1.000380 1.700247
v -8.000000 1.000380 1.700247
f 277 278 279
f 277 279 280
f 281 282 283
f 281 283 284
f 285 286 287
f 285 287 288
f 289 290 291
f 292 293 294
f 295 296 297
f 298 299 300
f 301 302 303
f 301 303 304
o chassis_glass
v -8.020009 2.750057 1.300000
v -8.020009 2.750057 -1.300000
v -8.020009 3.649944 -1.300000
v -8.020009 3.649944 1.300000
v -8.099992 2.750057 -1.300000
v -8.099992 2.750057 1.300000
v -8.099992 3.649944 1.300000
v -8.099992 3.649944 -1.300000
v -8.099992 2.750057 1.300000
v -8.020009 2.750057 1.300000
v -8.020009 3.649944 1.300000
v -8.099992 3.649944 1.300000
v -8.020009 2.750057 -1.300000
v -8.099992 2.750057 -1.300000
v -8.099992 3.649944 -1.300000
v -8.020009 2.750057 -1.300000
v -8.099992 3.649944 -1.300000
v -8.020009 3.649944 -1.300000
v -8.020009 3.649944 1.300000
v -8.020009 3.649944 -1.300000
v -8.099992 3.649944 -1.300000
v -8.099992 3.649944 1.300000
v -8.099992 2.750057 1.300000
v -8.099992 2.750057 -1.300000
v -8.020009 2.750057 -1.300000
v -8.020009 2.750057 1.300000
f 305 306 307
f 305 307 308
f 309 310 311
f 309 311 312
f 313 314 315
f 313 315 316
f 317 318 319
f 320 321 322
f 323 324 325
f 323 325 326
f 327 328 329
f 327 329 330
o wheel_tire
v -6.750031 1.356807 -1.409114
v -6.750031 1.500000 -1.850000
v -7.249969 1.500000 -1.850000
v -7.249969 1.356807 -1.409114
v -6.750031 0.750000 -1.850000
v -6.750031 1.500000 -1.850000
v -6.750031 1.356807 -1.409114
v -7.249969 0.750000 -1.850000
v -7.249969 1.356807 -1.409114
v -7.249969 1.500000 -1.850000
v -6.750031 0.981750 -1.136714
v -6.750031 1.356807 -1.409114
v -7.249969 1.356807 -1.409114
v -7.249969 0.981750 -1.136714
v -6.750031 1.356807 -1.409114
v -6.750031 0.981750 -1.136714
v -7.249969 0.981750 -1.136714
v -7.249969 1.356807 -1.409114
v -6.750031 0.518250 -1.136714
v -6.750031 0.981750 -1.136714
v -7.249969 0.981750 -1.136714
v -7.249969 0.518250 -1.136714
v -6.750031 0.981750 -1.136714
v -6.750031 0.518250 -1.136714
v -7.249969 0.750000 -1.850000
v -7.249969 0.518250 -1.136714
v -7.249969 0.981750 -1.136714
v -6.750031 0.143193 -1.409114
v -6.750031 0.518250 -1.136714
v -7.249969 0.518250 -1.136714
v -7.249969 0.143193 -1.409114
v -6.750031 0.518250 -1.136714
v -6.750031 0.143193 -1.409114
v -7.249969 0.143193 -1.409114
v -7.249969 0.518250 -1.136714
v -6.750031 0.000000 -1.850000
v -6.750031 0.143193 -1.409114
v -7.249969 0.143193 -1.409114
v -7.249969 0.000000 -1.850000
v -6.750031 0.143193 -1.409114
v -6.750031 0.000000 -1.850000
v -7.249969 0.000000 -1.850000
v -7.249969 0.143193 -1.409114
v -6.750031 0.143193 -2.290886
v -6.750031 0.000000 -1.850000
v -7.249969 0.000000 -1.850000
v -7.249969 0.143193 -2.290886
v -6.750031 0.000000 -1.850000
v -6.750031 0.143193 -2.290886
v -7.249969 0.143193 -2.290886
v -7.249969 0.000000 -1.850000
v -6.750031 0.518250 -2.563286
v -6.750031 0.143193 -2.290886
v -7.249969 0.143193 -2.290886
v -7.249969 0.518250 -2.563286
v -6.750031 0.143193 -2.290886
v -6.750031 0.518250 -2.563286
v -7.249969 0.518250 -2.563286
v -7.249969 0.143193 -2.290886
v -6.750031 0.981750 -2.563286
v -6.750031 0.518250 -2.563286
v -7.249969 0.518250 -2.563286
v -7.249969 0.981750 -2.563286
v -6.750031 0.750000 -1.850000
v -6.750031 0.518250 -2.563286
v -6.750031 0.981750 -2.563286
v -7.249969 0.981750 -2.563286
v -7.249969 0.518250 -2.563286
v -6.750031 1.356807 -2.290886
v -6.750031 0.981750 -2.563286
v -7.249969 0.981750 -2.563286
v -7.249969 1.356807 -2.290886
v -6.750031 0.981750 -2.563286
v -6.750031 1.356807 -2.290886
v -7.249969 1.356807 -2.290886
v -7.249969 0.981750 -2.563286
v -6.750031 1.500000 -1.850000
v -6.750031 1.356807 -2.290886
v -7.249969 1.356807 -2.290886
v -7.249969 1.500000 -1.850000
v -6.750031 1.356807 -2.290886
v -6.750031 1.500000 -1.850000
v -7.249969 1.500000 -1.850000
v -7.249969 1.356807 -2.290886
f 331 332 333
f 331 333 334
f 335 336 337
f 338 339 340
f 341 342 343
f 341 343 344
f 335 345 346
f 338 347 348
f 349 350 351
f 349 351 352
f 335 353 354
f 355 356 357
f 358 359 360
f 358 360 361
f 335 362 363
f 338 364 365
f 366 367 368
f 366 368 369
f 335 370 371
f 338 372 373
f 374 375 376
f 374 376 377
f 335 378 379
f 338 380 381
f 382 383 384
f 382 384 385
f 335 386 387
f 338 388 389
f 390 391 392
f 390 392 393
f 394 395 396
f 338 397 398
f 399 400 401
f 399 401 402
f 335 403 404
f 338 405 406
f 407 408 409
f 407 409 410
f 335 411 412
f 338 413 414
v -5.000031 1.356807 -1.409114
v -5.000031 1.500000 -1.850000
v -5.499969 1.500000 -1.850000
v -5.499969 1.356807 -1.409114
v -5.000031 0.750000 -1.850000
v -5.000031 1.500000 -1.850000
v -5.000031 1.356807 -1.409114
v -5.499969 0.750000 -1.850000
v -5.499969 1.356807 -1.409114
v -5.499969 1.500000 -1.850000
v -5.000031 0.981750 -1.136714
v -5.000031 1.356807 -1.409114
v -5.499969 1.356807 -1.409114
v -5.499969 0.981750 -1.136714
v -5.000031 1.356807 -1.409114
v -5.000031 0.981750 -1.136714
v -5.499969 0.981750 -1.136714
v -5.499969 1.356807 -1.409114
v -5.000031 0.518250 -1.136714
v -5.000031 0.981750 -1.136714
v -5.499969 0.981750 -1.136714
v -5.499969 0.518250 -1.136714
v -5.000031 0.981750 -1.136714
v -5.000031 0.518250 -1.136714
v -5.499969 0.750000 -1.850000
v -5.499969 0.518250 -1.136714
v -5.499969 0.981750 -1.136714
v -5.000031 0.143193 -1.409114
v -5.000031 0.518250 -1.136714
v -5.499969 0.518250 -1.136714
v -5.499969 0.143193 -1.409114
v -5.000031 0.518250 -1.136714
v -5.000031 0.143193 -1.409114
v -5.499969 0.143193 -1.409114
v -5.499969 0.518250 -1.136714
v -5.000031 0.000000 -1.850000
v -5.000031 0.143193 -1.409114
v -5.499969 0.143193 -1.409114
v -5.499969 0.000000 -1.850000
v -5.000031 0.143193 -1.409114
v -5.000031 0.000000 -1.850000
v -5.499969 0.000000 -1.850000
v -5.499969 0.143193 -1.409114
v -5.000031 0.143193 -2.290886
v -5.000031 0.000000 -1.850000
v -5.499969 0.000000 -1.850000
v -5.499969 0.143193 -2.290886
v -5.000031 0.000000 -1.850000
v -5.000031 0.143193 -2.290886
v -5.499969 0.143193 -2.290886
v -5.499969 0.000000 -1.850000
v -5.000031 0.518250 -2.563286
v -5.000031 0.143193 -2.290886
v -5.499969 0.143193 -2.290886
v -5.499969 0.518250 -2.563286
v -5.000031 0.143193 -2.290886
v -5.000031 0.518250 -2.563286
v -5.499969 0.518250 -2.563286
v -5.499969 0.143193 -2.290886
v -5.000031 0.981750 -2.563286
v -5.000031 0.518250 -2.563286
v -5.499969 0.518250 -2.563286
v -5.499969 0.981750 -2.563286
v -5.000031 0.750000 -1.850000
v -5.000031 0.518250 -2.563286
v -5.000031 0.981750 -2.563286
v -5.499969 0.981750 -2.563286
v -5.499969 0.518250 -2.563286
v -5.000031 1.356807 -2.290886
v -5.000031 0.981750 -2.563286
v -5.499969 0.981750 -2.563286
v -5.499969 1.356807 -2.290886
v -5.000031 0.981750 -2.563286
v -5.000031 1.356807 -2.290886
v -5.499969 1.356807 -2.290886
v -5.499969 0.981750 -2.563286
v -5.000031 1.500000 -1.850000
v -5.000031 1.356807 -2.290886
v -5.499969 1.356807 -2.290886
v -5.499969 1.500000 -1.850000
v -5.000031 1.356807 -2.290886
v -5.000031 1.500000 -1.850000
v -5.499969 1.500000 -1.850000
v -5.499969 1.356807 -2.290886
f 415 416 417
f 415 417 418
f 419 420 421
f 422 423 424
f 425 426 427
f 425 427 428
f 419 429 430
f 422 431 432
f 433 434 435
f 433 435 436
f 419 437 438
f 439 440 441
f 442 443 444
f 442 444 445
f 419 446 447
f 422 448 449
f 450 451 452
f 450 452 453
f 419 454 455
f 422 456 457
f 458 459 460
f 458 460 461
f 419 462 463
f 422 464 465
f 466 467 468
f 466 468 469
f 419 470 471
f 422 472 473
f 474 475 476
f 474 476 477
f 478 479 480
f 422 481 482
f 483 484 485
f 483 485 486
f 419 487 488
f 422 489 490
f 491 492 493
f 491 493 494
f 419 495 496
f 422 497 498
v -3.250031 1.356807 -1.409114
v -3.250031 1.500000 -1.850000
v -3.749969 1.500000 -1.850000
v -3.749969 1.356807 -1.409114
v -3.250031 0.750000 -1.850000
v -3.250031 1.500000 -1.850000
v -3.250031 1.356807 -1.409114
v -3.749969 0.750000 -1.850000
v -3.749969 1.356807 -1.409114
v -3.749969 1.500000 -1.850000
v -3.250031 0.981750 -1.136714
v -3.250031 1.356807 -1.409114
v -3.749969 1.356807 -1.409114
v -3.749969 0.981750 -1.136714
v -3.250031 1.356807 -1.409114
v -3.250031 0.981750 -1.136714
v -3.749969 0.981750 -1.136714
v -3.749969 1.356807 -1.409114
v -3.250031 0.518250 -1.136714
v -3.250031 0.981750 -1.136714
v -3.749969 0.981750 -1.136714
v -3.749969 0.518250 -1.136714
v -3.250031 0.981750 -1.136714
v -3.250031 0.518250 -1.136714
v -3.749969 0.750000 -1.850000
v -3.749969 0.518250 -1.136714
v -3.749969 0.981750 -1.136714
v -3.250031 0.143193 -1.409114
v -3.250031 0.518250 -1.136714
v -3.749969 0.518250 -1.136714
v -3.749969 0.143193 -1.409114
v -3.250031 0.518250 -1.136714
v -3.250031 0.143193 -1.409114
v -3.749969 0.143193 -1.409114
v -3.749969 0.518250 -1.136714
v -3.250031 0.000000 -1.850000
v -3.250031 0.143193 -1.409114
v -3.749969 0.143193 -1.409114
v -3.749969 0.000000 -1.850000
v -3.250031 0.143193 -1.409114
v -3.250031 0.000000 -1.850000
v -3.749969 0.000000 -1.850000
v -3.749969 0.143193 -1.409114
v -3.250031 0.143193 -2.290886
v -3.250031 0.000000 -1.850000
v -3.749969 0.000000 -1.850000
v -3.749969 0.143193 -2.290886
v -3.250031 0.000000 -1.850000
v -3.250031 0.143193 -2.290886
v -3.749969 0.143193 -2.290886
v -3.749969 0.000000 -1.850000
v -3.250031 0.518250 -2.563286
v -3.250031 0.143193 -2.290886
v -3.749969 0.143193 -2.290886
v -3.749969 0.518250 -2.563286
v -3.250031 0.143193 -2.290886
v -3.250031 0.518250 -2.563286
v -3.749969 0.518250 -2.563286
v -3.749969 0.143193 -2.290886
v -3.250031 0.981750 -2.563286
v -3.250031 0.518250 -2.563286
v -3.749969 0.518250 -2.563286
v -3.749969 0.981750 -2.563286
v -3.250031 0.750000 -1.850000
v -3.250031 0.518250 -2.563286
v -3.250031 0.981750 -2.563286
v -3.749969 0.981750 -2.563286
v -3.749969 0.518250 -2.563286
v -3.250031 1.356807 -2.290886
v -3.250031 0.981750 -2.563286
v -3.749969 0.981750 -2.563286
v -3.749969 1.356807 -2.290886
v -3.250031 0.981750 -2.563286
v -3.250031 1.356807 -2.290886
v -3.749969 1.356807 -2.290886
v -3.749969 0.981750 -2.563286
v -3.250031 1.500000 -1.850000
v -3.250031 1.356807 -2.290886
v -3.749969 1.356807 -2.290886
v -3.749969 1.500000 -1.850000
v -3.250031 1.356807 -2.290886
v -3.250031 1.500000 -1.850000
v -3.749969 1.500000 -1.850000
v -3.749969 1.356807 -2.290886
f 499 500 501
f 499 501 502
f 503 504 505
f 506 507 508
f 509 510 511
f 509 511 512
f 503 513 514
f 506 515 516
f 517 518 519
f 517 519 520
f 503 521 522
f 523 524 525
f 526 527 528
f 526 528 529
f 503 530 531
f 506 532 533
f 534 535 536
f 534 536 537
f 503 538 539
f 506 540 541
f 542 543 544
f 542 544 545
f 503 546 547
f 506 548 549
f 550 551 552
f 550 552 553
f 503 554 555
f 506 556 557
f 558 559 560
f 558 560 561
f 562 563 564
f 506 565 566
f 567 568 569
f 567 569 570
f 503 571 572
f 506 573 574
f 575 576 577
f 575 577 578
f 503 579 580
f 506 581 582
v -1.500031 1.356807 -1.409114
v -1.500031 1.500000 -1.850000
v -1.999969 1.500000 -1.850000
v -1.999969 1.356807 -1.409114
v -1.500031 0.750000 -1.850000
v -1.500031 1.500000 -1.850000
v -1.500031 1.356807 -1.409114
v -1.999969 0.750000 -1.850000
v -1.999969 1.356807 -1.409114
v -1.999969 1.500000 -1.850000
v -1.500031 0.981750 -1.136714
v -1.500031 1.356807 -1.409114
v -1.999969 1.356807 -1.409114
v -1.999969 0.981750 -1.136714
v -1.500031 1.356807 -1.409114
v -1.500031 0.981750 -1.136714
v -1.999969 0.981750 -1.136714
v -1.999969 1.356807 -1.409114
v -1.500031 0.518250 -1.136714
v -1.500031 0.981750 -1.136714
v -1.999969 0.981750 -1.136714
v -1.999969 0.518250 -1.136714
v -1.500031 0.981750 -1.136714
v -1.500031 0.518250 -1.136714
v -1.999969 0.750000 -1.850000
v -1.999969 0.518250 -1.136714
v -1.999969 0.981750 -1.136714
v -1.500031 0.143193 -1.409114
v -1.500031 0.518250 -1.136714
v -1.999969 0.518250 -1.136714
v -1.999969 0.143193 -1.409114
v -1.500031 0.518250 -1.136714
v -1.500031 0.143193 -1.409114
v -1.999969 0.143193 -1.409114
v -1.999969 0.518250 -1.136714
v -1.500031 0.000000 -1.850000
v -1.500031 0.143193 -1.409114
v -1.999969 0.143193 -1.409114
v -1.999969 0.000000 -1.850000
v -1.500031 0.143193 -1.409114
v -1.500031 0.000000 -1.850000
v -1.999969 0.000000 -1.850000
v -1.999969 0.143193 -1.409114
v -1.500031 0.143193 -2.290886
v -1.500031 0.000000 -1.850000
v -1.999969 0.000000 -1.850000
v -1.999969 0.143193 -2.290886
v -1.500031 0.000000 -1.850000
v -1.500031 0.143193 -2.290886
v -1.999969 0.143193 -2.290886
v -1.999969 0.000000 -1.850000
v -1.500031 0.518250 -2.563286
v -1.500031 0.143193 -2.290886
v -1.999969 0.143193 -2.290886
v -1.999969 0.518250 -2.563286
v -1.500031 0.143193 -2.290886
v -1.500031 0.518250 -2.563286
v -1.999969 0.518250 -2.563286
v -1.999969 0.143193 -2.290886
v -1.500031 0.981750 -2.563286
v -1.500031 0.518250 -2.563286
v -1.999969 0.518250 -2.563286
v -1.999969 0.981750 -2.563286
v -1.500031 0.750000 -1.850000
v -1.500031 0.518250 -2.563286
v -1.500031 0.981750 -2.563286
v -1.999969 0.981750 -2.563286
v -1.999969 0.518250 -2.563286
v -1.500031 1.356807 -2.290886
v -1.500031 0.981750 -2.563286
v -1.999969 0.981750 -2.563286
v -1.999969 1.356807 -2.290886
v -1.500031 0.981750 -2.563286
v -1.500031 1.356807 -2.290886
v -1.999969 1.356807 -2.290886
v -1.999969 0.981750 -2.563286
v -1.500031 1.500000 -1.850000
v -1.500031 1.356807 -2.290886
v -1.999969 1.356807 -2.290886
v -1.999969 1.500000 -1.850000
v -1.500031 1.356807 -2.290886
v -1.500031 1.500000 -1.850000
v -1.999969 1.500000 -1.850000
v -1.999969 1.356807 -2.290886
f 583 584 585
f 583 585 586
f 587 588 589
f 590 591 592
f 593 594 595
f 593 595 596
f 587 597 598
f 590 599 600
f 601 602 603
f 601 603 604
f 587 605 606
f 607 608 609
f 610 611 612
f 610 612 613
f 587 614 615
f 590 616 617
f 618 619 620
f 618 620 621
f 587 622 623
f 590 624 625
f 626 627 628
f 626 628 629
f 587 630 631
f 590 632 633
f 634 635 636
f 634 636 637
f 587 638 639
f 590 640 641
f 642 643 644
f 642 644 645
f 646 647 648
f 590 649 650
f 651 652 653
f 651 653 654
f 587 655 656
f 590 657 658
f 659 660 661
f 659 661 662
f 587 663 664
f 590 665 666
v 0.249969 1.356807 -1.409114
v 0.249969 1.500000 -1.850000
v -0.249969 1.500000 -1.850000
v -0.249969 1.356807 -1.409114
v 0.249969 0.750000 -1.850000
v 0.249969 1.500000 -1.850000
v 0.249969 1.356807 -1.409114
v -0.249969 0.750000 -1.850000
v -0.249969 1.356807 -1.409114
v -0.249969 1.500000 -1.850000
v 0.249969 0.981750 -1.136714
v 0.249969 1.356807 -1.409114
v -0.249969 1.356807 -1.409114
v -0.249969 0.981750 -1.136714
v 0.249969 1.356807 -1.409114
v 0.249969 0.981750 -1.136714
v -0.249969 0.981750 -1.136714
v -0.249969 1.356807 -1.409114
v 0.249969 0.518250 -1.136714
v 0.249969 0.981750 -1.136714
v -0.249969 0.981750 -1.136714
v -0.249969 0.518250 -1.136714
v 0.249969 0.981750 -1.136714
v 0.249969 0.518250 -1.136714
v -0.249969 0.750000 -1.850000
v -0.249969 0.518250 -1.136714
v -0.249969 0.981750 -1.136714
v 0.249969 0.143193 -1.409114
v 0.249969 0.518250 -1.136714
v -0.249969 0.518250 -1.136714
v -0.249969 0.143193 -1.409114
v 0.249969 0.518250 -1.136714
v 0.249969 0.143193 -1.409114
v -0.249969 0.143193 -1.409114
v -0.249969 0.518250 -1.136714
v 0.249969 0.000000 -1.850000
v 0.249969 0.143193 -1.409114
v -0.249969 0.143193 -1.409114
v -0.249969 0.000000 -1.850000
v 0.249969 0.143193 -1.409114
v 0.249969 0.000000 -1.850000
v -0.249969 0.000000 -1.850000
v -0.249969 0.143193 -1.409114
v 0.249969 0.143193 -2.290886
v 0.249969 0.000000 -1.850000
v -0.249969 0.000000 -1.850000
v -0.249969 0.143193 -2.290886
v 0.249969 0.000000 -1.850000
v 0.249969 0.143193 -2.290886
v -0.249969 0.143193 -2.290886
v -0.249969 0.000000 -1.850000
v 0.249969 0.518250 -2.563286
v 0.249969 0.143193 -2.290886
v -0.249969 0.143193 -2.290886
v -0.249969 0.518250 -2.563286
v 0.249969 0.143193 -2.290886
v 0.249969 0.518250 -2.563286
v -0.249969 0.518250 -2.563286
v -0.249969 0.143193 -2.290886
v 0.249969 0.981750 -2.563286
v 0.249969 0.518250 -2.563286
v -0.249969 0.518250 -2.563286
v -0.249969 0.981750 -2.563286
v 0.249969 0.750000 -1.850000
v 0.249969 0.518250 -2.563286
v 0.249969 0.981750 -2.563286
v -0.249969 0.981750 -2.563286
v -0.249969 0.518250 -2.563286
v 0.249969 1.356807 -2.290886
v 0.249969 0.981750 -2.563286
v -0.249969 0.981750 -2.563286
v -0.249969 1.356807 -2.290886
v 0.249969 0.981750 -2.563286
v 0.249969 1.356807 -2.290886
v -0.249969 1.356807 -2.290886
v -0.249969 0.981750 -2.563286
v 0.249969 1.500000 -1.850000
v 0.249969 1.356807 -2.290886
v -0.249969 1.356807 -2.290886
v -0.249969 1.500000 -1.850000
v 0.249969 1.356807 -2.290886
v 0.249969 1.500000 -1.850000
v -0.249969 1.500000 -1.850000
v -0.249969 1.356807 -2.290886
f 667 668 669
f 667 669 670
f 671 672 673
f 674 675 676
f 677 678 679
f 677 679 680
f 671 681 682
f 674 683 684
f 685 686 687
f 685 687 688
f 671 689 690
f 691 692 693
f 694 695 696
f 694 696 697
f 671 698 699
f 674 700 701
f 702 703 704
f 702 704 705
f 671 706 707
f 674 708 709
f 710 711 712
f 710 712 713
f 671 714 715
f 674 716 717
f 718 719 720
f 718 720 721
f 671 722 723
f 674 724 725
f 726 727 728
f 726 728 729
f 730 731 732
f 674 733 734
f 735 736 737
f 735 737 738
f 671 739 740
f 674 741 742
f 743 744 745
f 743 745 746
f 671 747 748
f 674 749 750
v 1.999969 1.356807 -1.409114
v 1.999969 1.500000 -1.850000
v 1.500031 1.500000 -1.850000
v 1.500031 1.356807 -1.409114
v 1.999969 0.750000 -1.850000
v 1.999969 1.500000 -1.850000
v 1.999969 1.356807 -1.409114
v 1.500031 0.750000 -1.850000
v 1.500031 1.356807 -1.409114
v 1.500031 1.500000 -1.850000
v 1.999969 0.981750 -1.136714
v 1.999969 1.356807 -1.409114
v 1.500031 1.356807 -1.409114
v 1.500031 0.981750 -1.136714
v 1.999969 1.356807 -1.409114
v 1.999969 0.981750 -1.136714
v 1.500031 0.981750 -1.136714
v 1.500031 1.356807 -1.409114
v 1.999969 0.518250 -1.136714
v 1.999969 0.981750 -1.136714
v 1.500031 0.981750 -1.136714
v 1.500031 0.518250 -1.136714
v 1.999969 0.981750 -1.136714
v 1.999969 0.518250 -1.136714
v 1.500031 0.750000 -1.850000
v 1.500031 0.518250 -1.136714
v 1.500031 0.981750 -1.136714
v 1.999969 0.143193 -1.409114
v 1.999969 0.518250 -1.136714
v 1.500031 0.518250 -1.136714
v 1.500031 0.143193 -1.409114
v 1.999969 0.518250 -1.136714
v 1.999969 0.143193 -1.409114
v 1.500031 0.143193 -1.409114
v 1.500031 0.518250 -1.136714
v 1.999969 0.000000 -1.850000
v 1.999969 0.143193 -1.409114
v 1.500031 0.143193 -1.409114
v 1.500031 0.000000 -1.850000
v 1.999969 0.143193 -1.409114
v 1.999969 0.000000 -1.850000
v 1.500031 0.000000 -1.850000
v 1.500031 0.143193 -1.409114
v 1.999969 0.143193 -2.290886
v 1.999969 0.000000 -1.850000
v 1.500031 0.000000 -1.850000
v 1.500031 0.143193 -2.290886
v 1.999969 0.000000 -1.850000
v 1.999969 0.143193 -2.290886
v 1.500031 0.143193 -2.290886
v 1.500031 0.000000 -1.850000
v 1.999969 0.518250 -2.563286
v 1.999969 0.143193 -2.290886
v 1.500031 0.143193 -2.290886
v 1.500031 0.518250 -2.563286
v 1.999969 0.143193 -2.290886
v 1.999969 0.518250 -2.563286
v 1.500031 0.518250 -2.563286
v 1.500031 0.143193 -2.290886
v 1.999969 0.981750 -2.563286
v 1.999969 0.518250 -2.563286
v 1.500031 0.518250 -2.563286
v 1.500031 0.981750 -2.563286
v 1.999969 0.750000 -1.850000
v 1.999969 0.518250 -2.563286
v 1.999969 0.981750 -2.563286
v 1.500031 0.981750 -2.563286
v 1.500031 0.518250 -2.563286
v 1.999969 1.356807 -2.290886
v 1.999969 0.981750 -2.563286
v 1.500031 0.981750 -2.563286
v 1.500031 1.356807 -2.290886
v 1.999969 0.981750 -2.563286
v 1.999969 1.356807 -2.290886
v 1.500031 1.356807 -2.290886
v 1.500031 0.981750 -2.563286
v 1.999969 1.500000 -1.850000
v 1.999969 1.356807 -2.290886
v 1.500031 1.356807 -2.290886
v 1.500031 1.500000 -1.850000
v 1.999969 1.356807 -2.290886
v 1.999969 1.500000 -1.850000
v 1.500031 1.500000 -1.850000
v 1.500031 1.356807 -2.290886
f 751 752 753
f 751 753 754
f 755 756 757
f 758 759 760
f 761 762 763
f 761 763 764
f 755 765 766
f 758 767 768
f 769 770 771
f 769 771 772
f 755 773 774
f 775 776 777
f 778 779 780
f 778 780 781
f 755 782 783
f 758 784 785
f 786 787 788
f 786 788 789
f 755 790 791
f 758 792 793
f 794 795 796
f 794 796 797
f 755 798 799
f 758 800 801
f 802 803 804
f 802 804 805
f 755 806 807
f 758 808 809
f 810 811 812
f 810 812 813
f 814 815 816
f 758 817 818
f 819 820 821
f 819 821 822
f 755 823 824
f 758 825 826
f 827 828 829
f 827 829 830
f 755 831 832
f 758 833 834
v 3.749969 1.356807 -1.409114
v 3.749969 1.500000 -1.850000
v 3.250031 1.500000 -1.850000
v 3.250031 1.356807 -1.409114
v 3.749969 0.750000 -1.850000
v 3.749969 1.500000 -1.850000
v 3.749969 1.356807 -1.409114
v 3.250031 0.750000 -1.850000
v 3.250031 1.356807 -1.409114
v 3.250031 1.500000 -1.850000
v 3.749969 0.981750 -1.136714
v 3.749969 1.356807 -1.409114
v 3.250031 1.356807 -1.409114
v 3.250031 0.981750 -1.136714
v 3.749969 1.356807 -1.409114
v 3.749969 0.981750 -1.136714
v 3.250031 0.981750 -1.136714
v 3.250031 1.356807 -1.409114
v 3.749969 0.518250 -1.136714
v 3.749969 0.981750 -1.136714
v 3.250031 0.981750 -1.136714
v 3.250031 0.518250 -1.136714
v 3.749969 0.981750 -1.136714
v 3.749969 0.518250 -1.136714
v 3.250031 0.750000 -1.850000
v 3.250031 0.518250 -1.136714
v 3.250031 0.981750 -1.136714
v 3.749969 0.143193 -1.409114
v 3.749969 0.518250 -1.136714
v 3.250031 0.518250 -1.136714
v 3.250031 0.143193 -1.409114
v 3.749969 0.518250 -1.136714
v 3.749969 0.143193 -1.409114
v 3.250031 0.143193 -1.409114
v 3.250031 0.518250 -1.136714
v 3.749969 0.000000 -1.850000
v 3.749969 0.143193 -1.409114
v 3.250031 0.143193 -1.409114
v 3.250031 0.000000 -1.850000
v 3.749969 0.143193 -1.409114
v 3.749969 0.000000 -1.850000
v 3.250031 0.000000 -1.850000
v 3.250031 0.143193 -1.409114
v 3.749969 0.143193 -2.290886
v 3.749969 0.000000 -1.850000
v 3.250031 0.000000 -1.850000
v 3.250031 0.143193 -2.290886
v 3.749969 0.000000 -1.850000
v 3.749969 0.143193 -2.290886
v 3.250031 0.143193 -2.290886
v 3.250031 0.000000 -1.850000
v 3.749969 0.518250 -2.563286
v 3.749969 0.143193 -2.290886
v 3.250031 0.143193 -2.290886
v 3.250031 0.518250 -2.563286
v 3.749969 0.143193 -2.290886
v 3.749969 0.518250 -2.563286
v 3.250031 0.518250 -2.563286
v 3.250031 0.143193 -2.290886
v 3.749969 0.981750 -2.563286
v 3.749969 0.518250 -2.563286
v 3.250031 0.518250 -2.563286
v 3.250031 0.981750 -2.563286
v 3.749969 0.750000 -1.850000
v 3.749969 0.518250 -2.563286
v 3.749969 0.981750 -2.563286
v 3.250031 0.981750 -2.563286
v 3.250031 0.518250 -2.563286
v 3.749969 1.356807 -2.290886
v 3.749969 0.981750 -2.563286
v 3.250031 0.981750 -2.563286
v 3.250031 1.356807 -2.290886
v 3.749969 0.981750 -2.563286
v 3.749969 1.356807 -2.290886
v 3.250031 1.356807 -2.290886
v 3.250031 0.981750 -2.563286
v 3.749969 1.500000 -1.850000
v 3.749969 1.356807 -2.290886
v 3.250031 1.356807 -2.290886
v 3.250031 1.500000 -1.850000
v 3.749969 1.356807 -2.290886
v 3.749969 1.500000 -1.850000
v 3.250031 1.500000 -1.850000
v 3.250031 1.356807 -2.290886
f 835 836 837
f 835 837 838
f 839 840 841
f 842 843 844
f 845 846 847
f 845 847 848
f 839 849 850
f 842 851 852
f 853 854 855
f 853 855 856
f 839 857 858
f 859 860 861
f 862 863 864
f 862 864 865
f 839 866 867
f 842 868 869
f 870 871 872
f 870 872 873
f 839 874 875
f 842 876 877
f 878 879 880
f 878 880 881
f 839 882 883
f 842 884 885
f 886 887 888
f 886 888 889
f 839 890 891
f 842 892 893
f 894 895 896
f 894 896 897
f 898 899 900
f 842 901 902
f 903 904 905
f 903 905 906
f 839 907 908
f 842 909 910
f 911 912 913
f 911 913 914
f 839 915 916
f 842 917 918
v 5.499969 1.356807 -1.409114
v 5.499969 1.500000 -1.850000
v 5.000031 1.500000 -1.850000
v 5.000031 1.356807 -1.409114
v 5.499969 0.750000 -1.850000
v 5.499969 1.500000 -1.850000
v 5.499969 1.356807 -1.409114
v 5.000031 0.750000 -1.850000
v 5.000031 1.356807 -1.409114
v 5.000031 1.500000 -1.850000
v 5.499969 0.981750 -1.136714
v 5.499969 1.356807 -1.409114
v 5.000031 1.356807 -1.409114
v 5.000031 0.981750 -1.136714
v 5.499969 1.356807 -1.409114
v 5.499969 0.981750 -1.136714
v 5.000031 0.981750 -1.136714
v 5.000031 1.356807 -1.409114
v 5.499969 0.518250 -1.136714
v 5.499969 0.981750 -1.136714
v 5.000031 0.981750 -1.136714
v 5.000031 0.518250 -1.136714
v 5.499969 0.981750 -1.136714
v 5.499969 0.518250 -1.136714
v 5.000031 0.750000 -1.850000
v 5.000031 0.518250 -1.136714
v 5.000031 0.981750 -1.136714
v 5.499969 0.143193 -1.409114
v 5.499969 0.518250 -1.136714
v 5.000031 0.518250 -1.136714
v 5.000031 0.143193 -1.409114
v 5.499969 0.518250 -1.136714
v 5.499969 0.143193 -1.409114
v 5.000031 0.143193 -1.409114
v 5.000031 0.518250 -1.136714
v 5.499969 0.000000 -1.850000
v 5.499969 0.143193 -1.409114
v 5.000031 0.143193 -1.409114
v 5.000031 0.000000 -1.850000
v 5.499969 0.143193 -1.409114
v 5.499969 0.000000 -1.850000
v 5.000031 0.000000 -1.850000
v 5.000031 0.143193 -1.409114
v 5.499969 0.143193 -2.290886
v 5.499969 0.000000 -1.850000
v 5.000031 0.000000 -1.850000
v 5.000031 0.143193 -2.290886
v 5.499969 0.000000 -1.850000
v 5.499969 0.143193 -2.290886
v 5.000031 0.143193 -2.290886
v 5.000031 0.000000 -1.850000
v 5.499969 0.518250 -2.563286
v 5.499969 0.143193 -2.290886
v 5.000031 0.143193 -2.290886
v 5.000031 0.518250 -2.563286
v 5.499969 0.143193 -2.290886
v 5.499969 0.518250 -2.563286
v 5.000031 0.518250 -2.563286
v 5.000031 0.143193 -2.290886
v 5.499969 0.981750 -2.563286
v 5.499969 0.518250 -2.563286
v 5.000031 0.518250 -2.563286
v 5.000031 0.981750 -2.563286
v 5.499969 0.750000 -1.850000
v 5.499969 0.518250 -2.563286
v 5.499969 0.981750 -2.563286
v 5.000031 0.981750 -2.563286
v 5.000031 0.518250 -2.563286
v 5.499969 1.356807 -2.290886
v 5.499969 0.981750 -2.563286
v 5.000031 0.981750 -2.563286
v 5.000031 1.356807 -2.290886
v 5.499969 0.981750 -2.563286
v 5.499969 1.356807 -2.290886
v 5.000031 1.356807 -2.290886
v 5.000031 0.981750 -2.563286
v 5.499969 1.500000 -1.850000
v 5.499969 1.356807 -2.290886
v 5.000031 1.356807 -2.290886
v 5.000031 1.500000 -1.850000
v 5.499969 1.356807 -2.290886
v 5.499969 1.500000 -1.850000
v 5.000031 1.500000 -1.850000
v 5.000031 1.356807 -2.290886
f 919 920 921
f 919 921 922
f 923 924 925
f 926 927 928
f 929 930 931
f 929 931 932
f 923 933 934
f 926 935 936
f 937 938 939
f 937 939 940
f 923 941 942
f 943 944 945
f 946 947 948
f 946 948 949
f 923 950 951
f 926 952 953
f 954 955 956
f 954 956 957
f 923 958 959
f 926 960 961
f 962 963 964
f 962 964 965
f 923 966 967
f 926 968 969
f 970 971 972
f 970 972 973
f 923 974 975
f 926 976 977
f 978 979 980
f 978 980 981
f 982 983 984
f 926 985 986
f 987 988 989
f 987 989 990
f 923 991 992
f 926 993 994
f 995 996 997
f 995 997 998
f 923 999 1000
f 926 1001 1002
v -6.750031 1.356807 2.290886
v -6.750031 1.500000 1.850000
v -7.249969 1.500000 1.850000
v -7.249969 1.356807 2.290886
v -6.750031 0.750000 1.850000
v -6.750031 1.500000 1.850000
v -6.750031 1.356807 2.290886
v -7.249969 0.750000 1.850000
v -7.249969 1.356807 2.290886
v -7.249969 1.500000 1.850000
v -6.750031 0.981750 2.563286
v -6.750031 1.356807 2.290886
v -7.249969 1.356807 2.290886
v -7.249969 0.981750 2.563286
v -6.750031 1.356807 2.290886
v -6.750031 0.981750 2.563286
v -7.249969 0.981750 2.563286
v -7.249969 1.356807 2.290886
v -6.750031 0.518250 2.563286
v -6.750031 0.981750 2.563286
v -7.249969 0.981750 2.563286
v -7.249969 0.518250 2.563286
v -6.750031 0.981750 2.563286
v -6.750031 0.518250 2.563286
v -7.249969 0.750000 1.850000
v -7.249969 0.518250 2.563286
v -7.249969 0.981750 2.563286
v -6.750031 0.143193 2.290886
v -6.750031 0.518250 2.563286
v -7.249969 0.518250 2.563286
v -7.249969 0.143193 2.290886
v -6.750031 0.518250 2.563286
v -6.750031 0.143193 2.290886
v -7.249969 0.143193 2.290886
v -7.249969 0.518250 2.563286
v -6.750031 0.000000 1.850000
v -6.750031 0.143193 2.290886
v -7.249969 0.143193 2.290886
v -7.249969 0.000000 1.850000
v -6.750031 0.143193 2.290886
v -6.750031 0.000000 1.850000
v -7.249969 0.000000 1.850000
v -7.249969 0.143193 2.290886
v -6.750031 0.143193 1.409114
v -6.750031 0.000000 1.850000
v -7.249969 0.000000 1.850000
v -7.249969 0.143193 1.409114
v -6.750031 0.000000 1.850000
v -6.750031 0.143193 1.409114
v -7.249969 0.143193 1.409114
v -7.249969 0.000000 1.850000
v -6.750031 0.518250 1.136714
v -6.750031 0.143193 1.409114
v -7.249969 0.143193 1.409114
v -7.249969 0.518250 1.136714
v -6.750031 0.143193 1.409114
v -6.750031 0.518250 1.136714
v -7.249969 0.518250 1.136714
v -7.249969 0.143193 1.409114
v -6.750031 0.981750 1.136714
v -6.750031 0.518250 1.136714
v -7.249969 0.518250 1.136714
v -7.249969 0.981750 1.136714
v -6.750031 0.750000 1.850000
v -6.750031 0.518250 1.136714
v -6.750031 0.981750 1.136714
v -7.249969 0.981750 1.136714
v -7.249969 0.518250 1.136714
v -6.750031 1.356807 1.409114
v -6.750031 0.981750 1.136714
v -7.249969 0.981750 1.136714
v -7.249969 1.356807 1.409114
v -6.750031 0.981750 1.136714
v -6.750031 1.356807 1.409114
v -7.249969 1.356807 1.409114
v -7.249969 0.981750 1.136714
v -6.750031 1.500000 1.850000
v -6.750031 1.356807 1.409114
v -7.249969 1.356807 1.409114
v -7.249969 1.500000 1.850000
v -6.750031 1.356807 1.409114
v -6.750031 1.500000 1.850000
v -7.249969 1.500000 1.850000
v -7.249969 1.356807 1.409114
f 1003 1004 1005
f 1003 1005 1006
f 1007 1008 1009
f 1010 1011 1012
f 1013 1014 1015
f 1013 1015 1016
f 1007 1017 1018
f 1010 1019 1020
f 1021 1022 1023
f 1021 1023 1024
f 1007 1025 1026
f 1027 1028 1029
f 1030 1031 1032
f 1030 1032 1033
f 1007 1034 1035
f 1010 1036 1037
f 1038 1039 1040
f 1038 1040 1041
f 1007 1042 1043
f 1010 1044 1045
f 1046 1047 1048
f 1046 1048 1049
f 1007 1050 1051
f 1010 1052 1053
f 1054 1055 1056
f 1054 1056 1057
f 1007 1058 1059
f 1010 1060 1061
f 1062 1063 1064
f 1062 1064 1065
f 1066 1067 1068
f 1010 1069 1070
f 1071 1072 1073
f 1071 1073 1074
f 1007 1075 1076
f 1010 1077 1078
f 1079 1080 1081
f 1079 1081 1082
f 1007 1083 1084
f 1010 1085 1086
v -5.000031 1.356807 2.290886
v -5.000031 1.500000 1.850000
v -5.499969 1.500000 1.850000
v -5.499969 1.356807 2.290886
v -5.000031 0.750000 1.850000
v -5.000031 1.500000 1.850000
v -5.000031 1.356807 2.290886
v -5.499969 0.750000 1.850000
v -5.499969 1.356807 2.290886
v -5.499969 1.500000 1.850000
v -5.000031 0.981750 2.563286
v -5.000031 1.356807 2.290886
v -5.499969 1.356807 2.290886
v -5.499969 0.981750 2.563286
v -5.000031 1.356807 2.290886
v -5.000031 0.981750 2.563286
v -5.499969 0.981750 2.563286
v -5.499969 1.356807 2.290886
v -5.000031 0.518250 2.563286
v -5.000031 0.981750 2.563286
v -5.499969 0.981750 2.563286
v -5.499969 0.518250 2.563286
v -5.000031 0.981750 2.563286
v -5.000031 0.518250 2.563286
v -5.499969 0.750000 1.850000
v -5.499969 0.518250 2.563286
v -5.499969 0.981750 2.563286
v -5.000031 0.143193 2.290886
v -5.000031 0.518250 2.563286
v -5.499969 0.518250 2.563286
v -5.499969 0.143193 2.290886
v -5.000031 0.518250 2.563286
v -5.000031 0.143193 2.290886
v -5.499969 0.143193 2.290886
v -5.499969 0.518250 2.563286
v -5.000031 0.000000 1.850000
v -5.000031 0.143193 2.290886
v -5.499969 0.143193 2.290886
v -5.499969 0.000000 1.850000
v -5.000031 0.143193 2.290886
v -5.000031 0.000000 1.850000
v -5.499969 0.000000 1.850000
v -5.499969 0.143193 2.290886
v -5.000031 0.143193 1.409114
v -5.000031 0.000000 1.850000
v -5.499969 0.000000 1.850000
v -5.499969 0.143193 1.409114
v -5.000031 0.000000 1.850000
v -5.000031 0.143193 1.409114
v -5.499969 0.143193 1.409114
v -5.499969 0.000000 1.850000
v -5.000031 0.518250 1.136714
v -5.000031 0.143193 1.409114
v -5.499969 0.143193 1.409114
v -5.499969 0.518250 1.136714
v -5.000031 0.143193 1.409114
v -5.000031 0.518250 1.136714
v -5.499969 0.518250 1.136714
v -5.499969 0.143193 1.409114
v -5.000031 0.981750 1.136714
v -5.000031 0.518250 1.136714
v -5.499969 0.518250 1.136714
v -5.499969 0.981750 1.136714
v -5.000031 0.750000 1.850000
v -5.000031 0.518250 1.136714
v -5.000031 0.981750 1.136714
v -5.499969 0.981750 1.136714
v -5.499969 0.518250 1.136714
v -5.000031 1.356807 1.409114
v -5.000031 0.981750 1.136714
v -5.499969 0.981750 1.136714
v -5.499969 1.356807 1.409114
v -5.000031 0.981750 1.136714
v -5.000031 1.356807 1.409114
v -5.499969 1.356807 1.409114
v -5.499969 0.981750 1.136714
v -5.000031 1.500000 1.850000
v -5.000031 1.356807 1.409114
v -5.499969 1.356807 1.409114
v -5.499969 1.500000 1.850000
v -5.000031 1.356807 1.409114
v -5.000031 1.500000 1.850000
v -5.499969 1.500000 1.850000
v -5.499969 1.356807 1.409114
f 1087 1088 1089
f 1087 1089 1090
f 1091 1092 1093
f 1094 1095 1096
f 1097 1098 1099
f 1097 1099 1100
f 1091 1101 1102
f 1094 1103 1104
f 1105 1106 1107
f 1105 1107 1108
f 1091 1109 1110
f 1111 1112 1113
f 1114 1115 1116
f 1114 1116 1117
f 1091 1118 1119
f 1094 1120 1121
f 1122 1123 1124
f 1122 1124 1125
f 1091 1126 1127
f 1094 1128 1129
f 1130 1131 1132
f 1130 1132 1133
f 1091 1134 1135
f 1094 1136 1137
f 1138 1139 1140
f 1138 1140 1141
f 1091 1142 1143
f 1094 1144 1145
f 1146 1147 1148
f 1146 1148 1149
f 1150 1151 1152
f 1094 1153 1154
f 1155 1156 1157
f 1155 1157 1158
f 1091 1159 1160
f 1094 1161 1162
f 1163 1164 1165
f 1163 1165 1166
f 1091 1167 1168
f 1094 1169 1170
v -3.250031 1.356807 2.290886
v -3.250031 1.500000 1.850000
v -3.749969 1.500000 1.850000
v -3.749969 1.356807 2.290886
v -3.250031 0.750000 1.850000
v -3.250031 1.500000 1.850000
v -3.250031 1.356807 2.290886
v -3.749969 0.750000 1.850000
v -3.749969 1.356807 2.290886
v -3.749969 1.500000 1.850000
v -3.250031 0.981750 2.563286
v -3.250031 1.356807 2.290886
v -3.749969 1.356807 2.290886
v -3.749969 0.981750 2.563286
v -3.250031 1.356807 2.290886
v -3.250031 0.981750 2.563286
v -3.749969 0.981750 2.563286
v -3.749969 1.356807 2.290886
v -3.250031 0.518250 2.563286
v -3.250031 0.981750 2.563286
v -3.749969 0.981750 2.563286
v -3.749969 0.518250 2.563286
v -3.250031 0.981750 2.563286
v -3.250031 0.518250 2.563286
v -3.749969 0.750000 1.850000
v -3.749969 0.518250 2.563286
v -3.749969 0.981750 2.563286
v -3.250031 0.143193 2.290886
v -3.250031 0.518250 2.563286
v -3.749969 0.518250 2.563286
v -3.749969 0.143193 2.290886
v -3.250031 0.518250 2.563286
v -3.250031 0.143193 2.290886
v -3.749969 0.143193 2.290886
v -3.749969 0.518250 2.563286
v -3.250031 0.000000 1.850000
v -3.250031 0.143193 2.290886
v -3.749969 0.143193 2.290886
v -3.749969 0.000000 1.850000
v -3.250031 0.143193 2.290886
v -3.250031 0.000000 1.850000
v -3.749969 0.000000 1.850000
v -3.749969 0.143193 2.290886
v -3.250031 0.143193 1.409114
v -3.250031 0.000000 1.850000
v -3.749969 0.000000 1.850000
v -3.749969 0.143193 1.409114
v -3.250031 0.000000 1.850000
v -3.250031 0.143193 1.409114
v -3.749969 0.143193 1.409114
v -3.749969 0.000000 1.850000
v -3.250031 0.518250 1.136714
v -3.250031 0.143193 1.409114
v -3.749969 0.143193 1.409114
v -3.749969 0.518250 1.136714
v -3.250031 0.143193 1.409114
v -3.250031 0.518250 1.136714
v -3.749969 0.518250 1.136714
v -3.749969 0.143193 1.409114
v -3.250031 0.981750 1.136714
v -3.250031 0.518250 1.136714
v -3.749969 0.518250 1.136714
v -3.749969 0.981750 1.136714
v -3.250031 0.750000 1.850000
v -3.250031 0.518250 1.136714
v -3.250031 0.981750 1.136714
v -3.749969 0.981750 1.136714
v -3.749969 0.518250 1.136714
v -3.250031 1.356807 1.409114
v -3.250031 0.981750 1.136714
v -3.749969 0.981750 1.136714
v -3.749969 1.356807 1.409114
v -3.250031 0.981750 1.136714
v -3.250031 1.356807 1.409114
v -3.749969 1.356807 1.409114
v -3.749969 0.981750 1.136714
v -3.250031 1.500000 1.850000
v -3.250031 1.356807 1.409114
v -3.749969 1.356807 1.409114
v -3.749969 1.500000 1.850000
v -3.250031 1.356807 1.409114
v -3.250031 1.500000 1.850000
v -3.749969 1.500000 1.850000
v -3.749969 1.356807 1.409114
f 1171 1172 1173
f 1171 1173 1174
f 1175 1176 1177
f 1178 1179 1180
f 1181 1182 1183
f 1181 1183 1184
f 1175 1185 1186
f 1178 1187 1188
f 1189 1190 1191
f 1189 1191 1192
f 1175 1193 1194
f 1195 1196 1197
f 1198 1199 1200
f 1198 1200 1201
f 1175 1202 1203
f 1178 1204 1205
f 1206 1207 1208
f 1206 1208 1209
f 1175 1210 1211
f 1178 1212 1213
f 1214 1215 1216
f 1214 1216 1217
f 1175 1218 1219
f 1178 1220 1221
f 1222 1223 1224
f 1222 1224 1225
f 1175 1226 1227
f 1178 1228 1229
f 1230 1231 1232
f 1230 1232 1233
f 1234 1235 1236
f 1178 1237 1238
f 1239 1240 1241
f 1239 1241 1242
f 1175 1243 1244
f 1178 1245 1246
f 1247 1248 1249
f 1247 1249 1250
f 1175 1251 1252
f 1178 1253 1254
v -1.500031 1.356807 2.290886
v -1.500031 1.500000 1.850000
v -1.999969 1.500000 1.850000
v -1.999969 1.356807 2.290886
v -1.500031 0.750000 1.850000
v -1.500031 1.500000 1.850000
v -1.500031 1.356807 2.290886
v -1.999969 0.750000 1.850000
v -1.999969 1.356807 2.290886
v -1.999969 1.500000 1.850000
v -1.500031 0.981750 2.563286
v -1.500031 1.356807 2.290886
v -1.999969 1.356807 2.290886
v -1.999969 0.981750 2.563286
v -1.500031 1.356807 2.290886
v -1.500031 0.981750 2.563286
v -1.999969 0.981750 2.563286
v -1.999969 1.356807 2.290886
v -1.500031 0.518250 2.563286
v -1.500031 0.981750 2.563286
v -1.999969 0.981750 2.563286
v -1.999969 0.518250 2.563286
v -1.500031 0.981750 2.563286
v -1.500031 0.518250 2.563286
v -1.999969 0.750000 1.850000
v -1.999969 0.518250 2.563286
v -1.999969 0.981750 2.563286
v -1.500031 0.143193 2.290886
v -1.500031 0.518250 2.563286
v -1.999969 0.518250 2.563286
v -1.999969 0.143193 2.290886
v -1.500031 0.518250 2.563286
v -1.500031 0.143193 2.290886
v -1.999969 0.143193 2.290886
v -1.999969 0.518250 2.563286
v -1.500031 0.000000 1.850000
v -1.500031 0.143193 2.290886
v -1.999969 0.143193 2.290886
v -1.999969 0.000000 1.850000
v -1.500031 0.143193 2.290886
v -1.500031 0.000000 1.850000
v -1.999969 0.000000 1.850000
v -1.999969 0.143193 2.290886
v -1.500031 0.143193 1.409114
v -1.500031 0.000000 1.850000
v -1.999969 0.000000 1.850000
v -1.999969 0.143193 1.409114
v -1.500031 0.000000 1.850000
v -1.500031 0.143193 1.409114
v -1.999969 0.143193 1.409114
v -1.999969 0.000000 1.850000
v -1.500031 0.518250 1.136714
v -1.500031 0.143193 1.409114
v -1.999969 0.143193 1.409114
v -1.999969 0.518250 1.136714
v -1.500031 0.143193 1.409114
v -1.500031 0.518250 1.136714
v -1.999969 0.518250 1.136714
v -1.999969 0.143193 1.409114
v -1.500031 0.981750 1.136714
v -1.500031 0.518250 1.136714
v -1.999969 0.518250 1.136714
v -1.999969 0.981750 1.136714
v -1.500031 0.750000 1.850000
v -1.500031 0.518250 1.136714
v -1.500031 0.981750 1.136714
v -1.999969 0.981750 1.136714
v -1.999969 0.518250 1.136714
v -1.500031 1.356807 1.409114
v -1.500031 0.981750 1.136714
v -1.999969 0.981750 1.136714
v -1.999969 1.356807 1.409114
v -1.500031 0.981750 1.136714
v -1.500031 1.356807 1.409114
v -1.999969 1.356807 1.409114
v -1.999969 0.981750 1.136714
v -1.500031 1.500000 1.850000
v -1.500031 1.356807 1.409114
v -1.999969 1.356807 1.409114
v -1.999969 1.500000 1.850000
v -1.500031 1.356807 1.409114
v -1.500031 1.500000 1.850000
v -1.999969 1.500000 1.850000
v -1.999969 1.356807 1.409114
f 1255 1256 1257
f 1255 1257 1258
f 1259 1260 1261
f 1262 1263 1264
f 1265 1266 1267
f 1265 1267 1268
f 1259 1269 1270
f 1262 1271 1272
f 1273 1274 1275
f 1273 1275 1276
f 1259 1277 1278
f 1279 1280 1281
f 1282 1283 1284
f 1282 1284 1285
f 1259 1286 1287
f 1262 1288 1289
f 1290 1291 1292
f 1290 1292 1293
f 1259 1294 1295
f 1262 1296 1297
f 1298 1299 1300
f 1298 1300 1301
f 1259 1302 1303
f 1262 1304 1305
f 1306 1307 1308
f 1306 1308 1309
f 1259 1310 1311
f 1262 1312 1313
f 1314 1315 1316
f 1314 1316 1317
f 1318 1319 1320
f 1262 1321 1322
f 1323 1324 1325
f 1323 1325 1326
f 1259 1327 1328
f 1262 1329 1330
f 1331 1332 1333
f 1331 1333 1334
f 1259 1335 1336
f 1262 1337 1338
v 0.249969 1.356807 2.290886
v 0.249969 1.500000 1.850000
v -0.249969 1.500000 1.850000
v -0.249969 1.356807 2.290886
v 0.249969 0.750000 1.850000
v 0.249969 1.500000 1.850000
v 0.249969 1.356807 2.290886
v -0.249969 0.750000 1.850000
v -0.249969 1.356807 2.290886
v -0.249969 1.500000 1.850000
v 0.249969 0.981750 2.563286
v 0.249969 1.356807 2.290886
v -0.249969 1.356807 2.290886
v -0.249969 0.981750 2.563286
v 0.249969 1.356807 2.290886
v 0.249969 0.981750 2.563286
v -0.249969 0.981750 2.563286
v -0.249969 1.356807 2.290886
v 0.249969 0.518250 2.563286
v 0.249969 0.981750 2.563286
v -0.249969 0.981750 2.563286
v -0.249969 0.518250 2.563286
v 0.249969 0.981750 2.563286
v 0.249969 0.518250 2.563286
v -0.249969 0.750000 1.850000
v -0.249969 0.518250 2.563286
v -0.249969 0.981750 2.563286
v 0.249969 0.143193 2.290886
v 0.249969 0.518250 2.563286
v -0.249969 0.518250 2.563286
v -0.249969 0.143193 2.290886
v 0.249969 0.518250 2.563286
v 0.249969 0.143193 2.290886
v -0.249969 0.143193 2.290886
v -0.249969 0.518250 2.563286
v 0.249969 0.000000 1.850000
v 0.249969 0.143193 2.290886
v -0.249969 0.143193 2.290886
v -0.249969 0.000000 1.850000
v 0.249969 0.143193 2.290886
v 0.249969 0.000000 1.850000
v -0.249969 0.000000 1.850000
v -0.249969 0.143193 2.290886
v 0.249969 0.143193 1.409114
v 0.249969 0.000000 1.850000
v -0.249969 0.000000 1.850000
v -0.249969 0.143193 1.409114
v 0.249969 0.000000 1.850000
v 0.249969 0.143193 1.409114
v -0.249969 0.143193 1.409114
v -0.249969 0.000000 1.850000
v 0.249969 0.518250 1.136714
v 0.249969 0.143193 1.409114
v -0.249969 0.143193 1.409114
v -0.249969 0.518250 1.136714
v 0.249969 0.143193 1.409114
v 0.249969 0.518250 1.136714
v -0.249969 0.518250 1.136714
v -0.249969 0.143193 1.409114
v 0.249969 0.981750 1.136714
v 0.249969 0.518250 1.136714
v -0.249969 0.518250 1.136714
v -0.249969 0.981750 1.136714
v 0.249969 0.750000 1.850000
v 0.249969 0.518250 1.136714
v 0.249969 0.981750 1.136714
v -0.249969 0.981750 1.136714
v -0.249969 0.518250 1.136714
v 0.249969 1.356807 1.409114
v 0.249969 0.981750 1.136714
v -0.249969 0.981750 1.136714
v -0.249969 1.356807 1.409114
v 0.249969 0.981750 1.136714
v 0.249969 1.356807 1.409114
v -0.249969 1.356807 1.409114
v -0.249969 0.981750 1.136714
v 0.249969 1.500000 1.850000
v 0.249969 1.356807 1.409114
v -0.249969 1.356807 1.409114
v -0.249969 1.500000 1.850000
v 0.249969 1.356807 1.409114
v 0.249969 1.500000 1.850000
v -0.249969 1.500000 1.850000
v -0.249969 1.356807 1.409114
f 1339 1340 1341
f 1339 1341 1342
f 1343 1344 1345
f 1346 1347 1348
f 1349 1350 1351
f 1349 1351 1352
f 1343 1353 1354
f 1346 1355 1356
f 1357 1358 1359
f 1357 1359 1360
f 1343 1361 1362
f 1363 1364 1365
f 1366 1367 1368
f 1366 1368 1369
f 1343 1370 1371
f 1346 1372 1373
f 1374 1375 1376
f 1374 1376 1377
f 1343 1378 1379
f 1346 1380 1381
f 1382 1383 1384
f 1382 1384 1385
f 1343 1386 1387
f 1346 1388 1389
f 1390 1391 1392
f 1390 1392 1393
f 1343 1394 1395
f 1346 1396 1397
f 1398 1399 1400
f 1398 1400 1401
f 1402 1403 1404
f 1346 1405 1406
f 1407 1408 1409
f 1407 1409 1410
f 1343 1411 1412
f 1346 1413 1414
f 1415 1416 1417
f 1415 1417 1418
f 1343 1419 1420
f 1346 1421 1422
v 1.999969 1.356807 2.290886
v 1.999969 1.500000 1.850000
v 1.500031 1.500000 1.850000
v 1.500031 1.356807 2.290886
v 1.999969 0.750000 1.850000
v 1.999969 1.500000 1.850000
v 1.999969 1.356807 2.290886
v 1.500031 0.750000 1.850000
v 1.500031 1.356807 2.290886
v 1.500031 1.500000 1.850000
v 1.999969 0.981750 2.563286
v 1.999969 1.356807 2.290886
v 1.500031 1.356807 2.290886
v 1.500031 0.981750 2.563286
v 1.999969 1.356807 2.290886
v 1.999969 0.981750 2.563286
v 1.500031 0.981750 2.563286
v 1.500031 1.356807 2.290886
v 1.999969 0.518250 2.563286
v 1.999969 0.981750 2.563286
v 1.500031 0.981750 2.563286
v 1.500031 0.518250 2.563286
v 1.999969 0.981750 2.563286
v 1.999969 0.518250 2.563286
v 1.500031 0.750000 1.850000
v 1.500031 0.518250 2.563286
v 1.500031 0.981750 2.563286
v 1.999969 0.143193 2.290886
v 1.999969 0.518250 2.563286
v 1.500031 0.518250 2.563286
v 1.500031 0.143193 2.290886
v 1.999969 0.518250 2.563286
v 1.999969 0.143193 2.290886
v 1.500031 0.143193 2.290886
v 1.500031 0.518250 2.563286
v 1.999969 0.000000 1.850000
v 1.999969 0.143193 2.290886
v 1.500031 0.143193 2.290886
v 1.500031 0.000000 1.850000
v 1.999969 0.143193 2.290886
v 1.999969 0.000000 1.850000
v 1.500031 0.000000 1.850000
v 1.500031 0.143193 2.290886
v 1.999969 0.143193 1.409114
v 1.999969 0.000000 1.850000
v 1.500031 0.000000 1.850000
v 1.500031 0.143193 1.409114
v 1.999969 0.000000 1.850000
v 1.999969 0.143193 1.409114
v 1.500031 0.143193 1.409114
v 1.500031 0.000000 1.850000
v 1.999969 0.518250 1.136714
v 1.999969 0.143193 1.409114
v 1.500031 0.143193 1.409114
v 1.500031 0.518250 1.136714
v 1.999969 0.143193 1.409114
v 1.999969 0.518250 1.136714
v 1.500031 0.518250 1.136714
v 1.500031 0.143193 1.409114
v 1.999969 0.981750 1.136714
v 1.999969 0.518250 1.136714
v 1.500031 0.518250 1.136714
v 1.500031 0.981750 1.136714
v 1.999969 0.750000 1.850000
v 1.999969 0.518250 1.136714
v 1.999969 0.981750 1.136714
v 1.500031 0.981750 1.136714
v 1.500031 0.518250 1.136714
v 1.999969 1.356807 1.409114
v 1.999969 0.981750 1.136714
v 1.500031 0.981750 1.136714
v 1.500031 1.356807 1.409114
v 1.999969 0.981750 1.136714
v 1.999969 1.356807 1.409114
v 1.500031 1.356807 1.409114
v 1.500031 0.981750 1.136714
v 1.999969 1.500000 1.850000
v 1.999969 1.356807 1.409114
v 1.500031 1.356807 1.409114
v 1.500031 1.500000 1.850000
v 1.999969 1.356807 1.409114
v 1.999969 1.500000 1.850000
v 1.500031 1.500000 1.850000
v 1.500031 1.356807 1.409114
f 1423 1424 1425
f 1423 1425 1426
f 1427 1428 1429
f 1430 1431 1432
f 1433 1434 1435
f 1433 1435 1436
f 1427 1437 1438
f 1430 1439 1440
f 1441 1442 1443
f 1441 1443 1444
f 1427 1445 1446
f 1447 1448 1449
f 1450 1451 1452
f 1450 1452 1453
f 1427 1454 1455
f 1430 1456 1457
f 1458 1459 1460
f 1458 1460 1461
f 1427 1462 1463
f 1430 1464 1465
f 1466 1467 1468
f 1466 1468 1469
f 1427 1470 1471
f 1430 1472 1473
f 1474 1475 1476
f 1474 1476 1477
f 1427 1478 1479
f 1430 1480 1481
f 1482 1483 1484
f 1482 1484 1485
f 1486 1487 1488
f 1430 1489 1490
f 1491 1492 1493
f 1491 1493 1494
f 1427 1495 1496
f 1430 1497 1498
f 1499 1500 1501
f 1499 1501 1502
f 1427 1503 1504
f 1430 1505 1506
v 3.749969 1.356807 2.290886
v 3.749969 1.500000 1.850000
v 3.250031 1.500000 1.850000
v 3.250031 1.356807 2.290886
v 3.749969 0.750000 1.850000
v 3.749969 1.500000 1.850000
v 3.749969 1.356807 2.290886
v 3.250031 0.750000 1.850000
v 3.250031 1.356807 2.290886
v 3.250031 1.500000 1.850000
v 3.749969 0.981750 2.563286
v 3.749969 1.356807 2.290886
v 3.250031 1.356807 2.290886
v 3.250031 0.981750 2.563286
v 3.749969 1.356807 2.290886
v 3.749969 0.981750 2.563286
v 3.250031 0.981750 2.563286
v 3.250031 1.356807 2.290886
v 3.749969 0.518250 2.563286
v 3.749969 0.981750 2.563286
v 3.250031 0.981750 2.563286
v 3.250031 0.518250 2.563286
v 3.749969 0.981750 2.563286
v 3.749969 0.518250 2.563286
v 3.250031 0.750000 1.850000
v 3.250031 0.518250 2.563286
v 3.250031 0.981750 2.563286
v 3.749969 0.143193 2.290886
v 3.749969 0.518250 2.563286
v 3.250031 0.518250 2.563286
v 3.250031 0.143193 2.290886
v 3.749969 0.518250 2.563286
v 3.749969 0.143193 2.290886
v 3.250031 0.143193 2.290886
v 3.250031 0.518250 2.563286
v 3.749969 0.000000 1.850000
v 3.749969 0.143193 2.290886
v 3.250031 0.143193 2.290886
v 3.250031 0.000000 1.850000
v 3.749969 0.143193 2.290886
v 3.749969 0.000000 1.850000
v 3.250031 0.000000 1.850000
v 3.250031 0.143193 2.290886
v 3.749969 0.143193 1.409114
v 3.749969 0.000000 1.850000
v 3.250031 0.000000 1.850000
v 3.250031 0.143193 1.409114
v 3.749969 0.000000 1.850000
v 3.749969 0.143193 1.409114
v 3.250031 0.143193 1.409114
v 3.250031 0.000000 1.850000
v 3.749969 0.518250 1.136714
v 3.749969 0.143193 1.409114
v 3.250031 0.143193 1.409114
v 3.250031 0.518250 1.136714
v 3.749969 0.143193 1.409114
v 3.749969 0.518250 1.136714
v 3.250031 0.518250 1.136714
v 3.250031 0.143193 1.409114
v 3.749969 0.981750 1.136714
v 3.749969 0.518250 1.136714
v 3.250031 0.518250 1.136714
v 3.250031 0.981750 1.136714
v 3.749969 0.750000 1.850000
v 3.749969 0.518250 1.136714
v 3.749969 0.981750 1.136714
v 3.250031 0.981750 1.136714
v 3.250031 0.518250 1.136714
v 3.749969 1.356807 1.409114
v 3.749969 0.981750 1.136714
v 3.250031 0.981750 1.136714
v 3.250031 1.356807 1.409114
v 3.749969 0.981750 1.136714
v 3.749969 1.356807 1.409114
v 3.250031 1.356807 1.409114
v 3.250031 0.981750 1.136714
v 3.749969 1.500000 1.850000
v 3.749969 1.356807 1.409114
v 3.250031 1.356807 1.409114
v 3.250031 1.500000 1.850000
v 3.749969 1.356807 1.409114
v 3.749969 1.500000 1.850000
v 3.250031 1.500000 1.850000
v 3.250031 1.356807 1.409114
f 1507 1508 1509
f 1507 1509 1510
f 1511 1512 1513
f 1514 1515 1516
f 1517 1518 1519
f 1517 1519 1520
f 1511 1521 1522
f 1514 1523 1524
f 1525 1526 1527
f 1525 1527 1528
f 1511 1529 1530
f 1531 1532 1533
f 1534 1535 1536
f 1534 1536 1537
f 1511 1538 1539
f 1514 1540 1541
f 1542 1543 1544
f 1542 1544 1545
f 1511 1546 1547
f 1514 1548 1549
f 1550 1551 1552
f 1550 1552 1553
f 1511 1554 1555
f 1514 1556 1557
f 1558 1559 1560
f 1558 1560 1561
f 1511 1562 1563
f 1514 1564 1565
f 1566 1567 1568
f 1566 1568 1569
f 1570 1571 1572
f 1514 1573 1574
f 1575 1576 1577
f 1575 1577 1578
f 1511 1579 1580
f 1514 1581 1582
f 1583 1584 1585
f 1583 1585 1586
f 1511 1587 1588
f 1514 1589 1590
v 5.499969 1.356807 2.290886
v 5.499969 1.500000 1.850000
v 5.000031 1.500000 1.850000
v 5.000031 1.356807 2.290886
v 5.499969 0.750000 1.850000
v 5.499969 1.500000 1.850000
v 5.499969 1.356807 2.290886
v 5.000031 0.750000 1.850000
v 5.000031 1.356807 2.290886
v 5.000031 1.500000 1.850000
v 5.499969 0.981750 2.563286
v 5.499969 1.356807 2.290886
v 5.000031 1.356807 2.290886
v 5.000031 0.981750 2.563286
v 5.499969 1.356807 2.290886
v 5.499969 0.981750 2.563286
v 5.000031 0.981750 2.563286
v 5.000031 1.356807 2.290886
v 5.499969 0.518250 2.563286
v 5.499969 0.981750 2.563286
v 5.000031 0.981750 2.563286
v 5.000031 0.518250 2.563286
v 5.499969 0.981750 2.563286
v 5.499969 0.518250 2.563286
v 5.000031 0.750000 1.850000
v 5.000031 0.518250 2.563286
v 5.000031 0.981750 2.563286
v 5.499969 0.143193 2.290886
v 5.499969 0.518250 2.563286
v 5.000031 0.518250 2.563286
v 5.000031 0.143193 2.290886
v 5.499969 0.518250 2.563286
v 5.499969 0.143193 2.290886
v 5.000031 0.143193 2.290886
v 5.000031 0.518250 2.563286
v 5.499969 0.000000 1.850000
v 5.499969 0.143193 2.290886
v 5.000031 0.143193 2.290886
v 5.000031 0.000000 1.850000
v 5.499969 0.143193 2.290886
v 5.499969 0.000000 1.850000
v 5.000031 0.000000 1.850000
v 5.000031 0.143193 2.290886
v 5.499969 0.143193 1.409114
v 5.499969 0.000000 1.850000
v 5.000031 0.000000 1.850000
v 5.000031 0.143193 1.409114
v 5.499969 0.000000 1.850000
v 5.499969 0.143193 1.409114
v 5.000031 0.143193 1.409114
v 5.000031 0.000000 1.850000
v 5.499969 0.518250 1.136714
v 5.499969 0.143193 1.409114
v 5.000031 0.143193 1.409114
v 5.000031 0.518250 1.136714
v 5.499969 0.143193 1.409114
v 5.499969 0.518250 1.136714
v 5.000031 0.518250 1.136714
v 5.000031 0.143193 1.409114
v 5.499969 0.981750 1.136714
v 5.499969 0.518250 1.136714
v 5.000031 0.518250 1.136714
v 5.000031 0.981750 1.136714
v 5.499969 0.750000 1.850000
v 5.499969 0.518250 1.136714
v 5.499969 0.981750 1.136714
v 5.000031 0.981750 1.136714
v 5.000031 0.518250 1.136714
v 5.499969 1.356807 1.409114
v 5.499969 0.981750 1.136714
v 5.000031 0.981750 1.136714
v 5.000031 1.356807 1.409114
v 5.499969 0.981750 1.136714
v 5.499969 1.356807 1.409114
v 5.000031 1.356807 1.409114
v 5.000031 0.981750 1.136714
v 5.499969 1.500000 1.850000
v 5.499969 1.356807 1.409114
v 5.000031 1.356807 1.409114
v 5.000031 1.500000 1.850000
v 5.499969 1.356807 1.409114
v 5.499969 1.500000 1.850000
v 5.000031 1.500000 1.850000
v 5.000031 1.356807 1.409114
f 1591 1592 1593
f 1591 1593 1594
f 1595 1596 1597
f 1598 1599 1600
f 1601 1602 1603
f 1601 1603 1604
f 1595 1605 1606
f 1598 1607 1608
f 1609 1610 1611
f 1609 1611 1612
f 1595 1613 1614
f 1615 1616 1617
f 1618 1619 1620
f 1618 1620 1621
f 1595 1622 1623
f 1598 1624 1625
f 1626 1627 1628
f 1626 1628 1629
f 1595 1630 1631
f 1598 1632 1633
f 1634 1635 1636
f 1634 1636 1637
f 1595 1638 1639
f 1598 1640 1641
f 1642 1643 1644
f 1642 1644 1645
f 1595 1646 1647
f 1598 1648 1649
f 1650 1651 1652
f 1650 1652 1653
f 1654 1655 1656
f 1598 1657 1658
f 1659 1660 1661
f 1659 1661 1662
f 1595 1663 1664
f 1598 1665 1666
f 1667 1668 1669
f 1667 1669 1670
f 1595 1671 1672
f 1598 1673 1674
o wheel_hub
v -6.739997 1.023063 -1.651601
v -6.739997 1.087500 -1.850000
v -7.260003 1.087500 -1.850000
v -7.260003 1.023063 -1.651601
v -6.739997 0.750000 -1.850000
v -6.739997 1.087500 -1.850000
v -6.739997 1.023063 -1.651601
v -7.260003 0.750000 -1.850000
v -7.260003 1.023063 -1.651601
v -7.260003 1.087500 -1.850000
v -6.739997 0.854287 -1.529021
v -6.739997 1.023063 -1.651601
v -7.260003 1.023063 -1.651601
v -7.260003 0.854287 -1.529021
v -6.739997 1.023063 -1.651601
v -6.739997 0.854287 -1.529021
v -7.260003 0.854287 -1.529021
v -7.260003 1.023063 -1.651601
v -6.739997 0.645713 -1.529021
v -6.739997 0.854287 -1.529021
v -7.260003 0.854287 -1.529021
v -7.260003 0.645713 -1.529021
v -6.739997 0.854287 -1.529021
v -6.739997 0.645713 -1.529021
v -7.260003 0.750000 -1.850000
v -7.260003 0.645713 -1.529021
v -7.260003 0.854287 -1.529021
v -6.739997 0.476937 -1.651601
v -6.739997 0.645713 -1.529021
v -7.260003 0.645713 -1.529021
v -7.260003 0.476937 -1.651601
v -6.739997 0.645713 -1.529021
v -6.739997 0.476937 -1.651601
v -7.260003 0.476937 -1.651601
v -7.260003 0.645713 -1.529021
v -6.739997 0.412500 -1.850000
v -6.739997 0.476937 -1.651601
v -7.260003 0.476937 -1.651601
v -7.260003 0.412500 -1.850000
v -6.739997 0.476937 -1.651601
v -6.739997 0.412500 -1.850000
v -7.260003 0.412500 -1.850000
v -7.260003 0.476937 -1.651601
v -6.739997 0.476937 -2.048399
v -6.739997 0.412500 -1.850000
v -7.260003 0.412500 -1.850000
v -7.260003 0.476937 -2.048399
v -6.739997 0.412500 -1.850000
v -6.739997 0.476937 -2.048399
v -7.260003 0.476937 -2.048399
v -7.260003 0.412500 -1.850000
v -6.739997 0.645713 -2.170979
v -6.739997 0.476937 -2.048399
v -7.260003 0.476937 -2.048399
v -7.260003 0.645713 -2.170979
v -6.739997 0.476937 -2.048399
v -6.739997 0.645713 -2.170979
v -7.260003 0.645713 -2.170979
v -7.260003 0.476937 -2.048399
v -6.739997 0.854287 -2.170979
v -6.739997 0.645713 -2.170979
v -7.260003 0.645713 -2.170979
v -7.260003 0.854287 -2.170979
v -6.739997 0.750000 -1.850000
v -6.739997 0.645713 -2.170979
v -6.739997 0.854287 -2.170979
v -7.260003 0.854287 -2.170979
v -7.260003 0.645713 -2.170979
v -6.739997 1.023063 -2.048399
v -6.739997 0.854287 -2.170979
v -7.260003 0.854287 -2.170979
v -7.260003 1.023063 -2.048399
v -6.739997 0.854287 -2.170979
v -6.739997 1.023063 -2.048399
v -7.260003 1.023063 -2.048399
v -7.260003 0.854287 -2.170979
v -6.739997 1.087500 -1.850000
v -6.739997 1.023063 -2.048399
v -7.260003 1.023063 -2.048399
v -7.260003 1.087500 -1.850000
v -6.739997 1.023063 -2.048399
v -6.739997 1.087500 -1.850000
v -7.260003 1.087500 -1.850000
v -7.260003 1.023063 -2.048399
f 1675 1676 1677
f 1675 1677 1678
f 1679 1680 1681
f 1682 1683 1684
f 1685 1686 1687
f 1685 1687 1688
f 1679 1689 1690
f 1682 1691 1692
f 1693 1694 1695
f 1693 1695 1696
f 1679 1697 1698
f 1699 1700 1701
f 1702 1703 1704
f 1702 1704 1705
f 1679 1706 1707
f 1682 1708 1709
f 1710 1711 1712
f 1710 1712 1713
f 1679 1714 1715
f 1682 1716 1717
f 1718 1719 1720
f 1718 1720 1721
f 1679 1722 1723
f 1682 1724 1725
f 1726 1727 1728
f 1726 1728 1729
f 1679 1730 1731
f 1682 1732 1733
f 1734 1735 1736
f 1734 1736 1737
f 1738 1739 1740
f 1682 1741 1742
f 1743 1744 1745
f 1743 1745 1746
f 1679 1747 1748
f 1682 1749 1750
f 1751 1752 1753
f 1751 1753 1754
f 1679 1755 1756
f 1682 1757 1758
v -4.989997 1.023063 -1.651601
v -4.989997 1.087500 -1.850000
v -5.510003 1.087500 -1.850000
v -5.510003 1.023063 -1.651601
v -4.989997 0.750000 -1.850000
v -4.989997 1.087500 -1.850000
v -4.989997 1.023063 -1.651601
v -5.510003 0.750000 -1.850000
v -5.510003 1.023063 -1.651601
v -5.510003 1.087500 -1.850000
v -4.989997 0.854287 -1.529021
v -4.989997 1.023063 -1.651601
v -5.510003 1.023063 -1.651601
v -5.510003 0.854287 -1.529021
v -4.989997 1.023063 -1.651601
v -4.989997 0.854287 -1.529021
v -5.510003 0.854287 -1.529021
v -5.510003 1.023063 -1.651601
v -4.989997 0.645713 -1.529021
v -4.989997 0.854287 -1.529021
v -5.510003 0.854287 -1.529021
v -5.510003 0.645713 -1.529021
v -4.989997 0.854287 -1.529021
v -4.989997 0.645713 -1.529021
v -5.510003 0.750000 -1.850000
v -5.510003 0.645713 -1.529021
v -5.510003 0.854287 -1.529021
v -4.989997 0.476937 -1.651601
v -4.989997 0.645713 -1.529021
v -5.510003 0.645713 -1.529021
v -5.510003 0.476937 -1.651601
v -4.989997 0.645713 -1.529021
v -4.989997 0.476937 -1.651601
v -5.510003 0.476937 -1.651601
v -5.510003 0.645713 -1.529021
v -4.989997 0.412500 -1.850000
v -4.989997 0.476937 -1.651601
v -5.510003 0.476937 -1.651601
v -5.510003 0.412500 -1.850000
v -4.989997 0.476937 -1.651601
v -4.989997 0.412500 -1.850000
v -5.510003 0.412500 -1.850000
v -5.510003 0.476937 -1.651601
v -4.989997 0.476937 -2.048399
v -4.989997 0.412500 -1.850000
v -5.510003 0.412500 -1.850000
v -5.510003 0.476937 -2.048399
v -4.989997 0.412500 -1.850000
v -4.989997 0.476937 -2.048399
v -5.510003 0.476937 -2.048399
v -5.510003 0.412500 -1.850000
v -4.989997 0.645713 -2.170979
v -4.989997 0.476937 -2.048399
v -5.510003 0.476937 -2.048399
v -5.510003 0.645713 -2.170979
v -4.989997 0.476937 -2.048399
v -4.989997 0.645713 -2.170979
v -5.510003 0.645713 -2.170979
v -5.510003 0.476937 -2.048399
v -4.989997 0.854287 -2.170979
v -4.989997 0.645713 -2.170979
v -5.510003 0.645713 -2.170979
v -5.510003 0.854287 -2.170979
v -4.989997 0.750000 -1.850000
v -4.989997 0.645713 -2.170979
v -4.989997 0.854287 -2.170979
v -5.510003 0.854287 -2.170979
v -5.510003 0.645713 -2.170979
v -4.989997 1.023063 -2.048399
v -4.989997 0.854287 -2.170979
v -5.510003 0.854287 -2.170979
v -5.510003 1.023063 -2.048399
v -4.989997 0.854287 -2.170979
v -4.989997 1.023063 -2.048399
v -5.510003 1.023063 -2.048399
v -5.510003 0.854287 -2.170979
v -4.989997 1.087500 -1.850000
v -4.989997 1.023063 -2.048399
v -5.510003 1.023063 -2.048399
v -5.510003 1.087500 -1.850000
v -4.989997 1.023063 -2.048399
v -4.989997 1.087500 -1.850000
v -5.510003 1.087500 -1.850000
v -5.510003 1.023063 -2.048399
f 1759 1760 1761
f 1759 1761 1762
f 1763 1764 1765
f 1766 1767 1768
f 1769 1770 1771
f 1769 1771 1772
f 1763 1773 1774
f 1766 1775 1776
f 1777 1778 1779
f 1777 1779 1780
f 1763 1781 1782
f 1783 1784 1785
f 1786 1787 1788
f 1786 1788 1789
f 1763 1790 1791
f 1766 1792 1793
f 1794 1795 1796
f 1794 1796 1797
f 1763 1798 1799
f 1766 1800 1801
f 1802 1803 1804
f 1802 1804 1805
f 1763 1806 1807
f 1766 1808 1809
f 1810 1811 1812
f 1810 1812 1813
f 1763 1814 1815
f 1766 1816 1817
f 1818 1819 1820
f 1818 1820 1821
f 1822 1823 1824
f 1766 1825 1826
f 1827 1828 1829
f 1827 1829 1830
f 1763 1831 1832
f 1766 1833 1834
f 1835 1836 1837
f 1835 1837 1838
f 1763 1839 1840
f 1766 1841 1842
v -3.239997 1.023063 -1.651601
v -3.239997 1.087500 -1.850000
v -3.760003 1.087500 -1.850000
v -3.760003 1.023063 -1.651601
v -3.239997 0.750000 -1.850000
v -3.239997 1.087500 -1.850000
v -3.239997 1.023063 -1.651601
v -3.760003 0.750000 -1.850000
v -3.760003 1.023063 -1.651601
v -3.760003 1.087500 -1.850000
v -3.239997 0.854287 -1.529021
v -3.239997 1.023063 -1.651601
v -3.760003 1.023063 -1.651601
v -3.760003 0.854287 -1.529021
v -3.239997 1.023063 -1.651601
v -3.239997 0.854287 -1.529021
v -3.760003 0.854287 -1.529021
v -3.760003 1.023063 -1.651601
v -3.239997 0.645713 -1.529021
v -3.239997 0.854287 -1.529021
v -3.760003 0.854287 -1.529021
v -3.760003 0.645713 -1.529021
v -3.239997 0.854287 -1.529021
v -3.239997 0.645713 -1.529021
v -3.760003 0.750000 -1.850000
v -3.760003 0.645713 -1.529021
v -3.760003 0.854287 -1.529021
v -3.239997 0.476937 -1.651601
v -3.239997 0.645713 -1.529021
v -3.760003 0.645713 -1.529021
v -3.760003 0.476937 -1.651601
v -3.239997 0.645713 -1.529021
v -3.239997 0.476937 -1.651601
v -3.760003 0.476937 -1.651601
v -3.760003 0.645713 -1.529021
v -3.239997 0.412500 -1.850000
v -3.239997 0.476937 -1.651601
v -3.760003 0.476937 -1.651601
v -3.760003 0.412500 -1.850000
v -3.239997 0.476937 -1.651601
v -3.239997 0.412500 -1.850000
v -3.760003 0.412500 -1.850000
v -3.760003 0.476937 -1.651601
v -3.239997 0.476937 -2.048399
v -3.239997 0.412500 -1.850000
v -3.760003 0.412500 -1.850000
v -3.760003 0.476937 -2.048399
v -3.239997 0.412500 -1.850000
v -3.239997 0.476937 -2.048399
v -3.760003 0.476937 -2.048399
v -3.760003 0.412500 -1.850000
v -3.239997 0.645713 -2.170979
v -3.239997 0.476937 -2.048399
v -3.760003 0.476937 -2.048399
v -3.760003 0.645713 -2.170979
v -3.239997 0.476937 -2.048399
v -3.239997 0.645713 -2.170979
v -3.760003 0.645713 -2.170979
v -3.760003 0.476937 -2.048399
v -3.239997 0.854287 -2.170979
v -3.239997 0.645713 -2.170979
v -3.760003 0.645713 -2.170979
v -3.760003 0.854287 -2.170979
v -3.239997 0.750000 -1.850000
v -3.239997 0.645713 -2.170979
v -3.239997 0.854287 -2.170979
v -3.760003 0.854287 -2.170979
v -3.760003 0.645713 -2.170979
v -3.239997 1.023063 -2.048399
v -3.239997 0.854287 -2.170979
v -3.760003 0.854287 -2.170979
v -3.760003 1.023063 -2.048399
v -3.239997 0.854287 -2.170979
v -3.239997 1.023063 -2.048399
v -3.760003 1.023063 -2.048399
v -3.760003 0.854287 -2.170979
v -3.239997 1.087500 -1.850000
v -3.239997 1.023063 -2.048399
v -3.760003 1.023063 -2.048399
v -3.760003 1.087500 -1.850000
v -3.239997 1.023063 -2.048399
v -3.239997 1.087500 -1.850000
v -3.760003 1.087500 -1.850000
v -3.760003 1.023063 -2.048399
f 1843 1844 1845
f 1843 1845 1846
f 1847 1848 1849
f 1850 1851 1852
f 1853 1854 1855
f 1853 1855 1856
f 1847 1857 1858
f 1850 1859 1860
f 1861 1862 1863
f 1861 1863 1864
f 1847 1865 1866
f 1867 1868 1869
f 1870 1871 1872
f 1870 1872 1873
f 1847 1874 1875
f 1850 1876 1877
f 1878 1879 1880
f 1878 1880 1881
f 1847 1882 1883
f 1850 1884 1885
f 1886 1887 1888
f 1886 1888 1889
f 1847 1890 1891
f 1850 1892 1893
f 1894 1895 1896
f 1894 1896 1897
f 1847 1898 1899
f 1850 1900 1901
f 1902 1903 1904
f 1902 1904 1905
f 1906 1907 1908
f 1850 1909 1910
f 1911 1912 1913
f 1911 1913 1914
f 1847 1915 1916
f 1850 1917 1918
f 1919 1920 1921
f 1919 1921 1922
f 1847 1923 1924
f 1850 1925 1926
v -1.489997 1.023063 -1.651601
v -1.489997 1.087500 -1.850000
v -2.010003 1.087500 -1.850000
v -2.010003 1.023063 -1.651601
v -1.489997 0.750000 -1.850000
v -1.489997 1.087500 -1.850000
v -1.489997 1.023063 -1.651601
v -2.010003 0.750000 -1.850000
v -2.010003 1.023063 -1.651601
v -2.010003 1.087500 -1.850000
v -1.489997 0.854287 -1.529021
v -1.489997 1.023063 -1.651601
v -2.010003 1.023063 -1.651601
v -2.010003 0.854287 -1.529021
v -1.489997 1.023063 -1.651601
v -1.489997 0.854287 -1.529021
v -2.010003 0.854287 -1.529021
v -2.010003 1.023063 -1.651601
v -1.489997 0.645713 -1.529021
v -1.489997 0.854287 -1.529021
v -2.010003 0.854287 -1.529021
v -2.010003 0.645713 -1.529021
v -1.489997 0.854287 -1.529021
v -1.489997 0.645713 -1.529021
v -2.010003 0.750000 -1.850000
v -2.010003 0.645713 -1.529021
v -2.010003 0.854287 -1.529021
v -1.489997 0.476937 -1.651601
v -1.489997 0.645713 -1.529021
v -2.010003 0.645713 -1.529021
v -2.010003 0.476937 -1.651601
v -1.489997 0.645713 -1.529021
v -1.489997 0.476937 -1.651601
v -2.010003 0.476937 -1.651601
v -2.010003 0.645713 -1.529021
v -1.489997 0.412500 -1.850000
v -1.489997 0.476937 -1.651601
v -2.010003 0.476937 -1.651601
v -2.010003 0.412500 -1.850000
v -1.489997 0.476937 -1.651601
v -1.489997 0.412500 -1.850000
v -2.010003 0.412500 -1.850000
v -2.010003 0.476937 -1.651601
v -1.489997 0.476937 -2.048399
v -1.489997 0.412500 -1.850000
v -2.010003 0.412500 -1.850000
v -2.010003 0.476937 -2.048399
v -1.489997 0.412500 -1.850000
v -1.489997 0.476937 -2.048399
v -2.010003 0.476937 -2.048399
v -2.010003 0.412500 -1.850000
v -1.489997 0.645713 -2.170979
v -1.489997 0.476937 -2.048399
v -2.010003 0.476937 -2.048399
v -2.010003 0.645713 -2.170979
v -1.489997 0.476937 -2.048399
v -1.489997 0.645713 -2.170979
v -2.010003 0.645713 -2.170979
v -2.010003 0.476937 -2.048399
v -1.489997 0.854287 -2.170979
v -1.489997 0.645713 -2.170979
v -2.010003 0.645713 -2.170979
v -2.010003 0.854287 -2.170979
v -1.489997 0.750000 -1.850000
v -1.489997 0.645713 -2.170979
v -1.489997 0.854287 -2.170979
v -2.010003 0.854287 -2.170979
v -2.010003 0.645713 -2.170979
v -1.489997 1.023063 -2.048399
v -1.489997 0.854287 -2.170979
v -2.010003 0.854287 -2.170979
v -2.010003 1.023063 -2.048399
v -1.489997 0.854287 -2.170979
v -1.489997 1.023063 -2.048399
v -2.010003 1.023063 -2.048399
v -2.010003 0.854287 -2.170979
v -1.489997 1.087500 -1.850000
v -1.489997 1.023063 -2.048399
v -2.010003 1.023063 -2.048399
v -2.010003 1.087500 -1.850000
v -1.489997 1.023063 -2.048399
v -1.489997 1.087500 -1.850000
v -2.010003 1.087500 -1.850000
v -2.010003 1.023063 -2.048399
f 1927 1928 1929
f 1927 1929 1930
f 1931 1932 1933
f 1934 1935 1936
f 1937 1938 1939
f 1937 1939 1940
f 1931 1941 1942
f 1934 1943 1944
f 1945 1946 1947
f 1945 1947 1948
f 1931 1949 1950
f 1951 1952 1953
f 1954 1955 1956
f 1954 1956 1957
f 1931 1958 1959
f 1934 1960 1961
f 1962 1963 1964
f 1962 1964 1965
f 1931 1966 1967
f 1934 1968 1969
f 1970 1971 1972
f 1970 1972 1973
f 1931 1974 1975
f 1934 1976 1977
f 1978 1979 1980
f 1978 1980 1981
f 1931 1982 1983
f 1934 1984 1985
f 1986 1987 1988
f 1986 1988 1989
f 1990 1991 1992
f 1934 1993 1994
f 1995 1996 1997
f 1995 1997 1998
f 1931 1999 2000
f 1934 2001 2002
f 2003 2004 2005
f 2003 2005 2006
f 1931 2007 2008
f 1934 2009 2010
v 0.260003 1.023063 -1.651601
v 0.260003 1.087500 -1.850000
v -0.260003 1.087500 -1.850000
v -0.260003 1.023063 -1.651601
v 0.260003 0.750000 -1.850000
v 0.260003 1.087500 -1.850000
v 0.260003 1.023063 -1.651601
v -0.260003 0.750000 -1.850000
v -0.260003 1.023063 -1.651601
v -0.260003 1.087500 -1.850000
v 0.260003 0.854287 -1.529021
v 0.260003 1.023063 -1.651601
v -0.260003 1.023063 -1.651601
v -0.260003 0.854287 -1.529021
v 0.260003 1.023063 -1.651601
v 0.260003 0.854287 -1.529021
v -0.260003 0.854287 -1.529021
v -0.260003 1.023063 -1.651601
v 0.260003 0.645713 -1.529021
v 0.260003 0.854287 -1.529021
v -0.260003 0.854287 -1.529021
v -0.260003 0.645713 -1.529021
v 0.260003 0.854287 -1.529021
v 0.260003 0.645713 -1.529021
v -0.260003 0.750000 -1.850000
v -0.260003 0.645713 -1.529021
v -0.260003 0.854287 -1.529021
v 0.260003 0.476937 -1.651601
v 0.260003 0.645713 -1.529021
v -0.260003 0.645713 -1.529021
v -0.260003 0.476937 -1.651601
v 0.260003 0.645713 -1.529021
v 0.260003 0.476937 -1.651601
v -0.260003 0.476937 -1.651601
v -0.260003 0.645713 -1.529021
v 0.260003 0.412500 -1.850000
v 0.260003 0.476937 -1.651601
v -0.260003 0.476937 -1.651601
v -0.260003 0.412500 -1.850000
v 0.260003 0.476937 -1.651601
v 0.260003 0.412500 -1.850000
v -0.260003 0.412500 -1.850000
v -0.260003 0.476937 -1.651601
v 0.260003 0.476937 -2.048399
v 0.260003 0.412500 -1.850000
v -0.260003 0.412500 -1.850000
v -0.260003 0.476937 -2.048399
v 0.260003 0.412500 -1.850000
v 0.260003 0.476937 -2.048399
v -0.260003 0.476937 -2.048399
v -0.260003 0.412500 -1.850000
v 0.260003 0.645713 -2.170979
v 0.260003 0.476937 -2.048399
v -0.260003 0.476937 -2.048399
v -0.260003 0.645713 -2.170979
v 0.260003 0.476937 -2.048399
v 0.260003 0.645713 -2.170979
v -0.260003 0.645713 -2.170979
v -0.260003 0.476937 -2.048399
v 0.260003 0.854287 -2.170979
v 0.260003 0.645713 -2.170979
v -0.260003 0.645713 -2.170979
v -0.260003 0.854287 -2.170979
v 0.260003 0.750000 -1.850000
v 0.260003 0.645713 -2.170979
v 0.260003 0.854287 -2.170979
v -0.260003 0.854287 -2.170979
v -0.260003 0.645713 -2.170979
v 0.260003 1.023063 -2.048399
v 0.260003 0.854287 -2.170979
v -0.260003 0.854287 -2.170979
v -0.260003 1.023063 -2.048399
v 0.260003 0.854287 -2.170979
v 0.260003 1.023063 -2.048399
v -0.260003 1.023063 -2.048399
v -0.260003 0.854287 -2.170979
v 0.260003 1.087500 -1.850000
v 0.260003 1.023063 -2.048399
v -0.260003 1.023063 -2.048399
v -0.260003 1.087500 -1.850000
v 0.260003 1.023063 -2.048399
v 0.260003 1.087500 -1.850000
v -0.260003 1.087500 -1.850000
v -0.260003 1.023063 -2.048399
f 2011 2012 2013
f 2011 2013 2014
f 2015 2016 2017
f 2018 2019 2020
f 2021 2022 2023
f 2021 2023 2024
f 2015 2025 2026
f 2018 2027 2028
f 2029 2030 2031
f 2029 2031 2032
f 2015 2033 2034
f 2035 2036 2037
f 2038 2039 2040
f 2038 2040 2041
f 2015 2042 2043
f 2018 2044 2045
f 2046 2047 2048
f 2046 2048 2049
f 2015 2050 2051
f 2018 2052 2053
f 2054 2055 2056
f 2054 2056 2057
f 2015 2058 2059
f 2018 2060 2061
f 2062 2063 2064
f 2062 2064 2065
f 2015 2066 2067
f 2018 2068 2069
f 2070 2071 2072
f 2070 2072 2073
f 2074 2075 2076
f 2018 2077 2078
f 2079 2080 2081
f 2079 2081 2082
f 2015 2083 2084
f 2018 2085 2086
f 2087 2088 2089
f 2087 2089 2090
f 2015 2091 2092
f 2018 2093 2094
v 2.010003 1.023063 -1.651601
v 2.010003 1.087500 -1.850000
v 1.489997 1.087500 -1.850000
v 1.489997 1.023063 -1.651601
v 2.010003 0.750000 -1.850000
v 2.010003 1.087500 -1.850000
v 2.010003 1.023063 -1.651601
v 1.489997 0.750000 -1.850000
v 1.489997 1.023063 -1.651601
v 1.489997 1.087500 -1.850000
v 2.010003 0.854287 -1.529021
v 2.010003 1.023063 -1.651601
v 1.489997 1.023063 -1.651601
v 1.489997 0.854287 -1.529021
v 2.010003 1.023063 -1.651601
v 2.010003 0.854287 -1.529021
v 1.489997 0.854287 -1.529021
v 1.489997 1.023063 -1.651601
v 2.010003 0.645713 -1.529021
v 2.010003 0.854287 -1.529021
v 1.489997 0.854287 -1.529021
v 1.489997 0.645713 -1.529021
v 2.010003 0.854287 -1.529021
v 2.010003 0.645713 -1.529021
v 1.489997 0.750000 -1.850000
v 1.489997 0.645713 -1.529021
v 1.489997 0.854287 -1.529021
v 2.010003 0.476937 -1.651601
v 2.010003 0.645713 -1.529021
v 1.489997 0.645713 -1.529021
v 1.489997 0.476937 -1.651601
v 2.010003 0.645713 -1.529021
v 2.010003 0.476937 -1.651601
v 1.489997 0.476937 -1.651601
v 1.489997 0.645713 -1.529021
v 2.010003 0.412500 -1.850000
v 2.010003 0.476937 -1.651601
v 1.489997 0.476937 -1.651601
v 1.489997 0.412500 -1.850000
v 2.010003 0.476937 -1.651601
v 2.010003 0.412500 -1.850000
v 1.489997 0.412500 -1.850000
v 1.489997 0.476937 -1.651601
v 2.010003 0.476937 -2.048399
v 2.010003 0.412500 -1.850000
v 1.489997 0.412500 -1.850000
v 1.489997 0.476937 -2.048399
v 2.010003 0.412500 -1.850000
v 2.010003 0.476937 -2.048399
v 1.489997 0.476937 -2.048399
v 1.489997 0.412500 -1.850000
v 2.010003 0.645713 -2.170979
v 2.010003 0.476937 -2.048399
v 1.489997 0.476937 -2.048399
v 1.489997 0.645713 -2.170979
v 2.010003 0.476937 -2.048399
v 2.010003 0.645713 -2.170979
v 1.489997 0.645713 -2.170979
v 1.489997 0.476937 -2.048399
v 2.010003 0.854287 -2.170979
v 2.010003 0.645713 -2.170979
v 1.489997 0.645713 -2.170979
v 1.489997 0.854287 -2.170979
v 2.010003 0.750000 -1.850000
v 2.010003 0.645713 -2.170979
v 2.010003 0.854287 -2.170979
v 1.489997 0.854287 -2.170979
v 1.489997 0.645713 -2.170979
v 2.010003 1.023063 -2.048399
v 2.010003 0.854287 -2.170979
v 1.489997 0.854287 -2.170979
v 1.489997 1.023063 -2.048399
v 2.010003 0.854287 -2.170979
v 2.010003 1.023063 -2.048399
v 1.489997 1.023063 -2.048399
v 1.489997 0.854287 -2.170979
v 2.010003 1.087500 -1.850000
v 2.010003 1.023063 -2.048399
v 1.489997 1.023063 -2.048399
v 1.489997 1.087500 -1.850000
v 2.010003 1.023063 -2.048399
v 2.010003 1.087500 -1.850000
v 1.489997 1.087500 -1.850000
v 1.489997 1.023063 -2.048399
f 2095 2096 2097
f 2095 2097 2098
f 2099 2100 2101
f 2102 2103 2104
f 2105 2106 2107
f 2105 2107 2108
f 2099 2109 2110
f 2102 2111 2112
f 2113 2114 2115
f 2113 2115 2116
f 2099 2117 2118
f 2119 2120 2121
f 2122 2123 2124
f 2122 2124 2125
f 2099 2126 2127
f 2102 2128 2129
f 2130 2131 2132
f 2130 2132 2133
f 2099 2134 2135
f 2102 2136 2137
f 2138 2139 2140
f 2138 2140 2141
f 2099 2142 2143
f 2102 2144 2145
f 2146 2147 2148
f 2146 2148 2149
f 2099 2150 2151
f 2102 2152 2153
f 2154 2155 2156
f 2154 2156 2157
f 2158 2159 2160
f 2102 2161 2162
f 2163 2164 2165
f 2163 2165 2166
f 2099 2167 2168
f 2102 2169 2170
f 2171 2172 2173
f 2171 2173 2174
f 2099 2175 2176
f 2102 2177 2178
v 3.760003 1.023063 -1.651601
v 3.760003 1.087500 -1.850000
v 3.239997 1.087500 -1.850000
v 3.239997 1.023063 -1.651601
v 3.760003 0.750000 -1.850000
v 3.760003 1.087500 -1.850000
v 3.760003 1.023063 -1.651601
v 3.239997 0.750000 -1.850000
v 3.239997 1.023063 -1.651601
v 3.239997 1.087500 -1.850000
v 3.760003 0.854287 -1.529021
v 3.760003 1.023063 -1.651601
v 3.239997 1.023063 -1.651601
v 3.239997 0.854287 -1.529021
v 3.760003 1.023063 -1.651601
v 3.760003 0.854287 -1.529021
v 3.239997 0.854287 -1.529021
v 3.239997 1.023063 -1.651601
v 3.760003 0.645713 -1.529021
v 3.760003 0.854287 -1.529021
v 3.239997 0.854287 -1.529021
v 3.239997 0.645713 -1.529021
v 3.760003 0.854287 -1.529021
v 3.760003 0.645713 -1.529021
v 3.239997 0.750000 -1.850000
v 3.239997 0.645713 -1.529021
v 3.239997 0.854287 -1.529021
v 3.760003 0.476937 -1.651601
v 3.760003 0.645713 -1.529021
v 3.239997 0.645713 -1.529021
v 3.239997 0.476937 -1.651601
v 3.760003 0.645713 -1.529021
v 3.760003 0.476937 -1.651601
v 3.239997 0.476937 -1.651601
v 3.239997 0.645713 -1.529021
v 3.760003 0.412500 -1.850000
v 3.760003 0.476937 -1.651601
v 3.239997 0.476937 -1.651601
v 3.239997 0.412500 -1.850000
v 3.760003 0.476937 -1.651601
v 3.760003 0.412500 -1.850000
v 3.239997 0.412500 -1.850000
v 3.239997 0.476937 -1.651601
v 3.760003 0.476937 -2.048399
v 3.760003 0.412500 -1.850000
v 3.239997 0.412500 -1.850000
v 3.239997 0.476937 -2.048399
v 3.760003 0.412500 -1.850000
v 3.760003 0.476937 -2.048399
v 3.239997 0.476937 -2.048399
v 3.239997 0.412500 -1.850000
v 3.760003 0.645713 -2.170979
v 3.760003 0.476937 -2.048399
v 3.239997 0.476937 -2.048399
v 3.239997 0.645713 -2.170979
v 3.760003 0.476937 -2.048399
v 3.760003 0.645713 -2.170979
v 3.239997 0.645713 -2.170979
v 3.239997 0.476937 -2.048399
v 3.760003 0.854287 -2.170979
v 3.760003 0.645713 -2.170979
v 3.239997 0.645713 -2.170979
v 3.239997 0.854287 -2.170979
v 3.760003 0.750000 -1.850000
v 3.760003 0.645713 -2.170979
v 3.760003 0.854287 -2.170979
v 3.239997 0.854287 -2.170979
v 3.239997 0.645713 -2.170979
v 3.760003 1.023063 -2.048399
v 3.760003 0.854287 -2.170979
v 3.239997 0.854287 -2.170979
v 3.239997 1.023063 -2.048399
v 3.760003 0.854287 -2.170979
v 3.760003 1.023063 -2.048399
v 3.239997 1.023063 -2.048399
v 3.239997 0.854287 -2.170979
v 3.760003 1.087500 -1.850000
v 3.760003 1.023063 -2.048399
v 3.239997 1.023063 -2.048399
v 3.239997 1.087500 -1.850000
v 3.760003 1.023063 -2.048399
v 3.760003 1.087500 -1.850000
v 3.239997 1.087500 -1.850000
v 3.239997 1.023063 -2.048399
f 2179 2180 2181
f 2179 2181 2182
f 2183 2184 2185
f 2186 2187 2188
f 2189 2190 2191
f 2189 2191 2192
f 2183 2193 2194
f 2186 2195 2196
f 2197 2198 2199
f 2197 2199 2200
f 2183 2201 2202
f 2203 2204 2205
f 2206 2207 2208
f 2206 2208 2209
f 2183 2210 2211
f 2186 2212 2213
f 2214 2215 2216
f 2214 2216 2217
f 2183 2218 2219
f 2186 2220 2221
f 2222 2223 2224
f 2222 2224 2225
f 2183 2226 2227
f 2186 2228 2229
f 2230 2231 2232
f 2230 2232 2233
f 2183 2234 2235
f 2186 2236 2237
f 2238 2239 2240
f 2238 2240 2241
f 2242 2243 2244
f 2186 2245 2246
f 2247 2248 2249
f 2247 2249 2250
f 2183 2251 2252
f 2186 2253 2254
f 2255 2256 2257
f 2255 2257 2258
f 2183 2259 2260
f 2186 2261 2262
v 5.510003 1.023063 -1.651601
v 5.510003 1.087500 -1.850000
v 4.989997 1.087500 -1.850000
v 4.989997 1.023063 -1.651601
v 5.510003 0.750000 -1.850000
v 5.510003 1.087500 -1.850000
v 5.510003 1.023063 -1.651601
v 4.989997 0.750000 -1.850000
v 4.989997 1.023063 -1.651601
v 4.989997 1.087500 -1.850000
v 5.510003 0.854287 -1.529021
v 5.510003 1.023063 -1.651601
v 4.989997 1.023063 -1.651601
v 4.989997 0.854287 -1.529021
v 5.510003 1.023063 -1.651601
v 5.510003 0.854287 -1.529021
v 4.989997 0.854287 -1.529021
v 4.989997 1.023063 -1.651601
v 5.510003 0.645713 -1.529021
v 5.510003 0.854287 -1.529021
v 4.989997 0.854287 -1.529021
v 4.989997 0.645713 -1.529021
v 5.510003 0.854287 -1.529021
v 5.510003 0.645713 -1.529021
v 4.989997 0.750000 -1.850000
v 4.989997 0.645713 -1.529021
v 4.989997 0.854287 -1.529021
v 5.510003 0.476937 -1.651601
v 5.510003 0.645713 -1.529021
v 4.989997 0.645713 -1.529021
v 4.989997 0.476937 -1.651601
v 5.510003 0.645713 -1.529021
v 5.510003 0.476937 -1.651601
v 4.989997 0.476937 -1.651601
v 4.989997 0.645713 -1.529021
v 5.510003 0.412500 -1.850000
v 5.510003 0.476937 -1.651601
v 4.989997 0.476937 -1.651601
v 4.989997 0.412500 -1.850000
v 5.510003 0.476937 -1.651601
v 5.510003 0.412500 -1.850000
v 4.989997 0.412500 -1.850000
v 4.989997 0.476937 -1.651601
v 5.510003 0.476937 -2.048399
v 5.510003 0.412500 -1.850000
v 4.989997 0.412500 -1.850000
v 4.989997 0.476937 -2.048399
v 5.510003 0.412500 -1.850000
v 5.510003 0.476937 -2.048399
v 4.989997 0.476937 -2.048399
v 4.989997 0.412500 -1.850000
v 5.510003 0.645713 -2.170979
v 5.510003 0.476937 -2.048399
v 4.989997 0.476937 -2.048399
v 4.989997 0.645713 -2.170979
v 5.510003 0.476937 -2.048399
v 5.510003 0.645713 -2.170979
v 4.989997 0.645713 -2.170979
v 4.989997 0.476937 -2.048399
v 5.510003 0.854287 -2.170979
v 5.510003 0.645713 -2.170979
v 4.989997 0.645713 -2.170979
v 4.989997 0.854287 -2.170979
v 5.510003 0.750000 -1.850000
v 5.510003 0.645713 -2.170979
v 5.510003 0.854287 -2.170979
v 4.989997 0.854287 -2.170979
v 4.989997 0.645713 -2.170979
v 5.510003 1.023063 -2.048399
v 5.510003 0.854287 -2.170979
v 4.989997 0.854287 -2.170979
v 4.989997 1.023063 -2.048399
v 5.510003 0.854287 -2.170979
v 5.510003 1.023063 -2.048399
v 4.989997 1.023063 -2.048399
v 4.989997 0.854287 -2.170979
v 5.510003 1.087500 -1.850000
v 5.510003 1.023063 -2.048399
v 4.989997 1.023063 -2.048399
v 4.989997 1.087500 -1.850000
v 5.510003 1.023063 -2.048399
v 5.510003 1.087500 -1.850000
v 4.989997 1.087500 -1.850000
v 4.989997 1.023063 -2.048399
f 2263 2264 2265
f 2263 2265 2266
f 2267 2268 2269
f 2270 2271 2272
f 2273 2274 2275
f 2273 2275 2276
f 2267 2277 2278
f 2270 2279 2280
f 2281 2282 2283
f 2281 2283 2284
f 2267 2285 2286
f 2287 2288 2289
f 2290 2291 2292
f 2290 2292 2293
f 2267 2294 2295
f 2270 2296 2297
f 2298 2299 2300
f 2298 2300 2301
f 2267 2302 2303
f 2270 2304 2305
f 2306 2307 2308
f 2306 2308 2309
f 2267 2310 2311
f 2270 2312 2313
f 2314 2315 2316
f 2314 2316 2317
f 2267 2318 2319
f 2270 2320 2321
f 2322 2323 2324
f 2322 2324 2325
f 2326 2327 2328
f 2270 2329 2330
f 2331 2332 2333
f 2331 2333 2334
f 2267 2335 2336
f 2270 2337 2338
f 2339 2340 2341
f 2339 2341 2342
f 2267 2343 2344
f 2270 2345 2346
v -6.739997 1.023063 2.048399
v -6.739997 1.087500 1.850000
v -7.260003 1.087500 1.850000
v -7.260003 1.023063 2.048399
v -6.739997 0.750000 1.850000
v -6.739997 1.087500 1.850000
v -6.739997 1.023063 2.048399
v -7.260003 0.750000 1.850000
v -7.260003 1.023063 2.048399
v -7.260003 1.087500 1.850000
v -6.739997 0.854287 2.170979
v -6.739997 1.023063 2.048399
v -7.260003 1.023063 2.048399
v -7.260003 0.854287 2.170979
v -6.739997 1.023063 2.048399
v -6.739997 0.854287 2.170979
v -7.260003 0.854287 2.170979
v -7.260003 1.023063 2.048399
v -6.739997 0.645713 2.170979
v -6.739997 0.854287 2.170979
v -7.260003 0.854287 2.170979
v -7.260003 0.645713 2.170979
v -6.739997 0.854287 2.170979
v -6.739997 0.645713 2.170979
v -7.260003 0.750000 1.850000
v -7.260003 0.645713 2.170979
v -7.260003 0.854287 2.170979
v -6.739997 0.476937 2.048399
v -6.739997 0.645713 2.170979
v -7.260003 0.645713 2.170979
v -7.260003 0.476937 2.048399
v -6.739997 0.645713 2.170979
v -6.739997 0.476937 2.048399
v -7.260003 0.476937 2.048399
v -7.260003 0.645713 2.170979
v -6.739997 0.412500 1.850000
v -6.739997 0.476937 2.048399
v -7.260003 0.476937 2.048399
v -7.260003 0.412500 1.850000
v -6.739997 0.476937 2.048399
v -6.739997 0.412500 1.850000
v -7.260003 0.412500 1.850000
v -7.260003 0.476937 2.048399
v -6.739997 0.476937 1.651601
v -6.739997 0.412500 1.850000
v -7.260003 0.412500 1.850000
v -7.260003 0.476937 1.651601
v -6.739997 0.412500 1.850000
v -6.739997 0.476937 1.651601
v -7.260003 0.476937 1.651601
v -7.260003 0.412500 1.850000
v -6.739997 0.645713 1.529021
v -6.739997 0.476937 1.651601
v -7.260003 0.476937 1.651601
v -7.260003 0.645713 1.529021
v -6.739997 0.476937 1.651601
v -6.739997 0.645713 1.529021
v -7.260003 0.645713 1.529021
v -7.260003 0.476937 1.651601
v -6.739997 0.854287 1.529021
v -6.739997 0.645713 1.529021
v -7.260003 0.645713 1.529021
v -7.260003 0.854287 1.529021
v -6.739997 0.750000 1.850000
v -6.739997 0.645713 1.529021
v -6.739997 0.854287 1.529021
v -7.260003 0.854287 1.529021
v -7.260003 0.645713 1.529021
v -6.739997 1.023063 1.651601
v -6.739997 0.854287 1.529021
v -7.260003 0.854287 1.529021
v -7.260003 1.023063 1.651601
v -6.739997 0.854287 1.529021
v -6.739997 1.023063 1.651601
v -7.260003 1.023063 1.651601
v -7.260003 0.854287 1.529021
v -6.739997 1.087500 1.850000
v -6.739997 1.023063 1.651601
v -7.260003 1.023063 1.651601
v -7.260003 1.087500 1.850000
v -6.739997 1.023063 1.651601
v -6.739997 1.087500 1.850000
v -7.260003 1.087500 1.850000
v -7.260003 1.023063 1.651601
f 2347 2348 2349
f 2347 2349 2350
f 2351 2352 2353
f 2354 2355 2356
f 2357 2358 2359
f 2357 2359 2360
f 2351 2361 2362
f 2354 2363 2364
f 2365 2366 2367
f 2365 2367 2368
f 2351 2369 2370
f 2371 2372 2373
f 2374 2375 2376
f 2374 2376 2377
f 2351 2378 2379
f 2354 2380 2381
f 2382 2383 2384
f 2382 2384 2385
f 2351 2386 2387
f 2354 2388 2389
f 2390 2391 2392
f 2390 2392 2393
f 2351 2394 2395
f 2354 2396 2397
f 2398 2399 2400
f 2398 2400 2401
f 2351 2402 2403
f 2354 2404 2405
f 2406 2407 2408
f 2406 2408 2409
f 2410 2411 2412
f 2354 2413 2414
f 2415 2416 2417
f 2415 2417 2418
f 2351 2419 2420
f 2354 2421 2422
f 2423 2424 2425
f 2423 2425 2426
f 2351 2427 2428
f 2354 2429 2430
v -4.989997 1.023063 2.048399
v -4.989997 1.087500 1.850000
v -5.510003 1.087500 1.850000
v -5.510003 1.023063 2.048399
v -4.989997 0.750000 1.850000
v -4.989997 1.087500 1.850000
v -4.989997 1.023063 2.048399
v -5.510003 0.750000 1.850000
v -5.510003 1.023063 2.048399
v -5.510003 1.087500 1.850000
v -4.989997 0.854287 2.170979
v -4.989997 1.023063 2.048399
v -5.510003 1.023063 2.048399
v -5.510003 0.854287 2.170979
v -4.989997 1.023063 2.048399
v -4.989997 0.854287 2.170979
v -5.510003 0.854287 2.170979
v -5.510003 1.023063 2.048399
v -4.989997 0.645713 2.170979
v -4.989997 0.854287 2.170979
v -5.510003 0.854287 2.170979
v -5.510003 0.645713 2.170979
v -4.989997 0.854287 2.170979
v -4.989997 0.645713 2.170979
v -5.510003 0.750000 1.850000
v -5.510003 0.645713 2.170979
v -5.510003 0.854287 2.170979
v -4.989997 0.476937 2.048399
v -4.989997 0.645713 2.170979
v -5.510003 0.645713 2.170979
v -5.510003 0.476937 2.048399
v -4.989997 0.645713 2.170979
v -4.989997 0.476937 2.048399
v -5.510003 0.476937 2.048399
v -5.510003 0.645713 2.170979
v -4.989997 0.412500 1.850000
v -4.989997 0.476937 2.048399
v -5.510003 0.476937 2.048399
v -5.510003 0.412500 1.850000
v -4.989997 0.476937 2.048399
v -4.989997 0.412500 1.850000
v -5.510003 0.412500 1.850000
v -5.510003 0.476937 2.048399
v -4.989997 0.476937 1.651601
v -4.989997 0.412500 1.850000
v -5.510003 0.412500 1.850000
v -5.510003 0.476937 1.651601
v -4.989997 0.412500 1.850000
v -4.989997 0.476937 1.651601
v -5.510003 0.476937 1.651601
v -5.510003 0.412500 1.850000
v -4.989997 0.645713 1.529021
v -4.989997 0.476937 1.651601
v -5.510003 0.476937 1.651601
v -5.510003 0.645713 1.529021
v -4.989997 0.476937 1.651601
v -4.989997 0.645713 1.529021
v -5.510003 0.645713 1.529021
v -5.510003 0.476937 1.651601
v -4.989997 0.854287 1.529021
v -4.989997 0.645713 1.529021
v -5.510003 0.645713 1.529021
v -5.510003 0.854287 1.529021
v -4.989997 0.750000 1.850000
v -4.989997 0.645713 1.529021
v -4.989997 0.854287 1.529021
v -5.510003 0.854287 1.529021
v -5.510003 0.645713 1.529021
v -4.989997 1.023063 1.651601
v -4.989997 0.854287 1.529021
v -5.510003 0.854287 1.529021
v -5.510003 1.023063 1.651601
v -4.989997 0.854287 1.529021
v -4.989997 1.023063 1.651601
v -5.510003 1.023063 1.651601
v -5.510003 0.854287 1.529021
v -4.989997 1.087500 1.850000
v -4.989997 1.023063 1.651601
v -5.510003 1.023063 1.651601
v -5.510003 1.087500 1.850000
v -4.989997 1.023063 1.651601
v -4.989997 1.087500 1.850000
v -5.510003 1.087500 1.850000
v -5.510003 1.023063 1.651601
f 2431 2432 2433
f 2431 2433 2434
f 2435 2436 2437
f 2438 2439 2440
f 2441 2442 2443
f 2441 2443 2444
f 2435 2445 2446
f 2438 2447 2448
f 2449 2450 2451
f 2449 2451 2452
f 2435 2453 2454
f 2455 2456 2457
f 2458 2459 2460
f 2458 2460 2461
f 2435 2462 2463
f 2438 2464 2465
f 2466 2467 2468
f 2466 2468 2469
f 2435 2470 2471
f 2438 2472 2473
f 2474 2475 2476
f 2474 2476 2477
f 2435 2478 2479
f 2438 2480 2481
f 2482 2483 2484
f 2482 2484 2485
f 2435 2486 2487
f 2438 2488 2489
f 2490 2491 2492
f 2490 2492 2493
f 2494 2495 2496
f 2438 2497 2498
f 2499 2500 2501
f 2499 2501 2502
f 2435 2503 2504
f 2438 2505 2506
f 2507 2508 2509
f 2507 2509 2510
f 2435 2511 2512
f 2438 2513 2514
v -3.239997 1.023063 2.048399
v -3.239997 1.087500 1.850000
v -3.760003 1.087500 1.850000
v -3.760003 1.023063 2.048399
v -3.239997 0.750000 1.850000
v -3.239997 1.087500 1.850000
v -3.239997 1.023063 2.048399
v -3.760003 0.750000 1.850000
v -3.760003 1.023063 2.048399
v -3.760003 1.087500 1.850000
v -3.239997 0.854287 2.170979
v -3.239997 1.023063 2.048399
v -3.760003 1.023063 2.048399
v -3.760003 0.854287 2.170979
v -3.239997 1.023063 2.048399
v -3.239997 0.854287 2.170979
v -3.760003 0.854287 2.170979
v -3.760003 1.023063 2.048399
v -3.239997 0.645713 2.170979
v -3.239997 0.854287 2.170979
v -3.760003 0.854287 2.170979
v -3.760003 0.645713 2.170979
v -3.239997 0.854287 2.170979
v -3.239997 0.645713 2.170979
v -3.760003 0.750000 1.850000
v -3.760003 0.645713 2.170979
v -3.760003 0.854287 2.170979
v -3.239997 0.476937 2.048399
v -3.239997 0.645713 2.170979
v -3.760003 0.645713 2.170979
v -3.760003 0.476937 2.048399
v -3.239997 0.645713 2.170979
v -3.239997 0.476937 2.048399
v -3.760003 0.476937 2.048399
v -3.760003 0.645713 2.170979
v -3.239997 0.412500 1.850000
v -3.239997 0.476937 2.048399
v -3.760003 0.476937 2.048399
v -3.760003 0.412500 1.850000
v -3.239997 0.476937 2.048399
v -3.239997 0.412500 1.850000
v -3.760003 0.412500 1.850000
v -3.760003 0.476937 2.048399
v -3.239997 0.476937 1.651601
v -3.239997 0.412500 1.850000
v -3.760003 0.412500 1.850000
v -3.760003 0.476937 1.651601
v -3.239997 0.412500 1.850000
v -3.239997 0.476937 1.651601
v -3.760003 0.476937 1.651601
v -3.760003 0.412500 1.850000
v -3.239997 0.645713 1.529021
v -3.239997 0.476937 1.651601
v -3.760003 0.476937 1.651601
v -3.760003 0.645713 1.529021
v -3.239997 0.476937 1.651601
v -3.239997 0.645713 1.529021
v -3.760003 0.645713 1.529021
v -3.760003 0.476937 1.651601
v -3.239997 0.854287 1.529021
v -3.239997 0.645713 1.529021
v -3.760003 0.645713 1.529021
v -3.760003 0.854287 1.529021
v -3.239997 0.750000 1.850000
v -3.239997 0.645713 1.529021
v -3.239997 0.854287 1.529021
v -3.760003 0.854287 1.529021
v -3.760003 0.645713 1.529021
v -3.239997 1.023063 1.651601
v -3.239997 0.854287 1.529021
v -3.760003 0.854287 1.529021
v -3.760003 1.023063 1.651601
v -3.239997 0.854287 1.529021
v -3.239997 1.023063 1.651601
v -3.760003 1.023063 1.651601
v -3.760003 0.854287 1.529021
v -3.239997 1.087500 1.850000
v -3.239997 1.023063 1.651601
v -3.760003 1.023063 1.651601
v -3.760003 1.087500 1.850000
v -3.239997 1.023063 1.651601
v -3.239997 1.087500 1.850000
v -3.760003 1.087500 1.850000
v -3.760003 1.023063 1.651601
f 2515 2516 2517
f 2515 2517 2518
f 2519 2520 2521
f 2522 2523 2524
f 2525 2526 2527
f 2525 2527 2528
f 2519 2529 2530
f 2522 2531 2532
f 2533 2534 2535
f 2533 2535 2536
f 2519 2537 2538
f 2539 2540 2541
f 2542 2543 2544
f 2542 2544 2545
f 2519 2546 2547
f 2522 2548 2549
f 2550 2551 2552
f 2550 2552 2553
f 2519 2554 2555
f 2522 2556 2557
f 2558 2559 2560
f 2558 2560 2561
f 2519 2562 2563
f 2522 2564 2565
f 2566 2567 2568
f 2566 2568 2569
f 2519 2570 2571
f 2522 2572 2573
f 2574 2575 2576
f 2574 2576 2577
f 2578 2579 2580
f 2522 2581 2582
f 2583 2584 2585
f 2583 2585 2586
f 2519 2587 2588
f 2522 2589 2590
f 2591 2592 2593
f 2591 2593 2594
f 2519 2595 2596
f 2522 2597 2598
v -1.489997 1.023063 2.048399
v -1.489997 1.087500 1.850000
v -2.010003 1.087500 1.850000
v -2.010003 1.023063 2.048399
v -1.489997 0.750000 1.850000
v -1.489997 1.087500 1.850000
v -1.489997 1.023063 2.048399
v -2.010003 0.750000 1.850000
v -2.010003 1.023063 2.048399
v -2.010003 1.087500 1.850000
v -1.489997 0.854287 2.170979
v -1.489997 1.023063 2.048399
v -2.010003 1.023063 2.048399
v -2.010003 0.854287 2.170979
v -1.489997 1.023063 2.048399
v -1.489997 0.854287 2.170979
v -2.010003 0.854287 2.170979
v -2.010003 1.023063 2.048399
v -1.489997 0.645713 2.170979
v -1.489997 0.854287 2.170979
v -2.010003 0.854287 2.170979
v -2.010003 0.645713 2.170979
v -1.489997 0.854287 2.170979
v -1.489997 0.645713 2.170979
v -2.010003 0.750000 1.850000
v -2.010003 0.645713 2.170979
v -2.010003 0.854287 2.170979
v -1.489997 0.476937 2.048399
v -1.489997 0.645713 2.170979
v -2.010003 0.645713 2.170979
v -2.010003 0.476937 2.048399
v -1.489997 0.645713 2.170979
v -1.489997 0.476937 2.048399
v -2.010003 0.476937 2.048399
v -2.010003 0.645713 2.170979
v -1.489997 0.412500 1.850000
v -1.489997 0.476937 2.048399
v -2.010003 0.476937 2.048399
v -2.010003 0.412500 1.850000
v -1.489997 0.476937 2.048399
v -1.489997 0.412500 1.850000
v -2.010003 0.412500 1.850000
v -2.010003 0.476937 2.048399
v -1.489997 0.476937 1.651601
v -1.489997 0.412500 1.850000
v -2.010003 0.412500 1.850000
v -2.010003 0.476937 1.651601
v -1.489997 0.412500 1.850000
v -1.489997 0.476937 1.651601
v -2.010003 0.476937 1.651601
v -2.010003 0.412500 1.850000
v -1.489997 0.645713 1.529021
v -1.489997 0.476937 1.651601
v -2.010003 0.476937 1.651601
v -2.010003 0.645713 1.529021
v -1.489997 0.476937 1.651601
v -1.489997 0.645713 1.529021
v -2.010003 0.645713 1.529021
v -2.010003 0.476937 1.651601
v -1.489997 0.854287 1.529021
v -1.489997 0.645713 1.529021
v -2.010003 0.645713 1.529021
v -2.010003 0.854287 1.529021
v -1.489997 0.750000 1.850000
v -1.489997 0.645713 1.529021
v -1.489997 0.854287 1.529021
v -2.010003 0.854287 1.529021
v -2.010003 0.645713 1.529021
v -1.489997 1.023063 1.651601
v -1.489997 0.854287 1.529021
v -2.010003 0.854287 1.529021
v -2.010003 1.023063 1.651601
v -1.489997 0.854287 1.529021
v -1.489997 1.023063 1.651601
v -2.010003 1.023063 1.651601
v -2.010003 0.854287 1.529021
v -1.489997 1.087500 1.850000
v -1.489997 1.023063 1.651601
v -2.010003 1.023063 1.651601
v -2.010003 1.087500 1.850000
v -1.489997 1.023063 1.651601
v -1.489997 1.087500 1.850000
v -2.010003 1.087500 1.850000
v -2.010003 1.023063 1.651601
f 2599 2600 2601
f 2599 2601 2602
f 2603 2604 2605
f 2606 2607 2608
f 2609 2610 2611
f 2609 2611 2612
f 2603 2613 2614
f 2606 2615 2616
f 2617 2618 2619
f 2617 2619 2620
f 2603 2621 2622
f 2623 2624 2625
f 2626 2627 2628
f 2626 2628 2629
f 2603 2630 2631
f 2606 2632 2633
f 2634 2635 2636
f 2634 2636 2637
f 2603 2638 2639
f 2606 2640 2641
f 2642 2643 2644
f 2642 2644 2645
f 2603 2646 2647
f 2606 2648 2649
f 2650 2651 2652
f 2650 2652 2653
f 2603 2654 2655
f 2606 2656 2657
f 2658 2659 2660
f 2658 2660 2661
f 2662 2663 2664
f 2606 2665 2666
f 2667 2668 2669
f 2667 2669 2670
f 2603 2671 2672
f 2606 2673 2674
f 2675 2676 2677
f 2675 2677 2678
f 2603 2679 2680
f 2606 2681 2682
v 0.260003 1.023063 2.048399
v 0.260003 1.087500 1.850000
v -0.260003 1.087500 1.850000
v -0.260003 1.023063 2.048399
v 0.260003 0.750000 1.850000
v 0.260003 1.087500 1.850000
v 0.260003 1.023063 2.048399
v -0.260003 0.750000 1.850000
v -0.260003 1.023063 2.048399
v -0.260003 1.087500 1.850000
v 0.260003 0.854287 2.170979
v 0.260003 1.023063 2.048399
v -0.260003 1.023063 2.048399
v -0.260003 0.854287 2.170979
v 0.260003 1.023063 2.048399
v 0.260003 0.854287 2.170979
v -0.260003 0.854287 2.170979
v -0.260003 1.023063 2.048399
v 0.260003 0.645713 2.170979
v 0.260003 0.854287 2.170979
v -0.260003 0.854287 2.170979
v -0.260003 0.645713 2.170979
v 0.260003 0.854287 2.170979
v 0.260003 0.645713 2.170979
v -0.260003 0.750000 1.850000
v -0.260003 0.645713 2.170979
v -0.260003 0.854287 2.170979
v 0.260003 0.476937 2.048399
v 0.260003 0.645713 2.170979
v -0.260003 0.645713 2.170979
v -0.260003 0.476937 2.048399
v 0.260003 0.645713 2.170979
v 0.260003 0.476937 2.048399
v -0.260003 0.476937 2.048399
v -0.260003 0.645713 2.170979
v 0.260003 0.412500 1.850000
v 0.260003 0.476937 2.048399
v -0.260003 0.476937 2.048399
v -0.260003 0.412500 1.850000
v 0.260003 0.476937 2.048399
v 0.260003 0.412500 1.850000
v -0.260003 0.412500 1.850000
v -0.260003 0.476937 2.048399
v 0.260003 0.476937 1.651601
v 0.260003 0.412500 1.850000
v -0.260003 0.412500 1.850000
v -0.260003 0.476937 1.651601
v 0.260003 0.412500 1.850000
v 0.260003 0.476937 1.651601
v -0.260003 0.476937 1.651601
v -0.260003 0.412500 1.850000
v 0.260003 0.645713 1.529021
v 0.260003 0.476937 1.651601
v -0.260003 0.476937 1.651601
v -0.260003 0.645713 1.529021
v 0.260003 0.476937 1.651601
v 0.260003 0.645713 1.529021
v -0.260003 0.645713 1.529021
v -0.260003 0.476937 1.651601
v 0.260003 0.854287 1.529021
v 0.260003 0.645713 1.529021
v -0.260003 0.645713 1.529021
v -0.260003 0.854287 1.529021
v 0.260003 0.750000 1.850000
v 0.260003 0.645713 1.529021
v 0.260003 0.854287 1.529021
v -0.260003 0.854287 1.529021
v -0.260003 0.645713 1.529021
v 0.260003 1.023063 1.651601
v 0.260003 0.854287 1.529021
v -0.260003 0.854287 1.529021
v -0.260003 1.023063 1.651601
v 0.260003 0.854287 1.529021
v 0.260003 1.023063 1.651601
v -0.260003 1.023063 1.651601
v -0.260003 0.854287 1.529021
v 0.260003 1.087500 1.850000
v 0.260003 1.023063 1.651601
v -0.260003 1.023063 1.651601
v -0.260003 1.087500 1.850000
v 0.260003 1.023063 1.651601
v 0.260003 1.087500 1.850000
v -0.260003 1.087500 1.850000
v -0.260003 1.023063 1.651601
f 2683 2684 2685
f 2683 2685 2686
f 2687 2688 2689
f 2690 2691 2692
f 2693 2694 2695
f 2693 2695 2696
f 2687 2697 2698
f 2690 2699 2700
f 2701 2702 2703
f 2701 2703 2704
f 2687 2705 2706
f 2707 2708 2709
f 2710 2711 2712
f 2710 2712 2713
f 2687 2714 2715
f 2690 2716 2717
f 2718 2719 2720
f 2718 2720 2721
f 2687 2722 2723
f 2690 2724 2725
f 2726 2727 2728
f 2726 2728 2729
f 2687 2730 2731
f 2690 2732 2733
f 2734 2735 2736
f 2734 2736 2737
f 2687 2738 2739
f 2690 2740 2741
f 2742 2743 2744
f 2742 2744 2745
f 2746 2747 2748
f 2690 2749 2750
f 2751 2752 2753
f 2751 2753 2754
f 2687 2755 2756
f 2690 2757 2758
f 2759 2760 2761
f 2759 2761 2762
f 2687 2763 2764
f 2690 2765 2766
v 2.010003 1.023063 2.048399
v 2.010003 1.087500 1.850000
v 1.489997 1.087500 1.850000
v 1.489997 1.023063 2.048399
v 2.010003 0.750000 1.850000
v 2.010003 1.087500 1.850000
v 2.010003 1.023063 2.048399
v 1.489997 0.750000 1.850000
v 1.489997 1.023063 2.048399
v 1.489997 1.087500 1.850000
v 2.010003 0.854287 2.170979
v 2.010003 1.023063 2.048399
v 1.489997 1.023063 2.048399
v 1.489997 0.854287 2.170979
v 2.010003 1.023063 2.048399
v 2.010003 0.854287 2.170979
v 1.489997 0.854287 2.170979
v 1.489997 1.023063 2.048399
v 2.010003 0.645713 2.170979
v 2.010003 0.854287 2.170979
v 1.489997 0.854287 2.170979
v 1.489997 0.645713 2.170979
v 2.010003 0.854287 2.170979
v 2.010003 0.645713 2.170979
v 1.489997 0.750000 1.850000
v 1.489997 0.645713 2.170979
v 1.489997 0.854287 2.170979
v 2.010003 0.476937 2.048399
v 2.010003 0.645713 2.170979
v 1.489997 0.645713 2.170979
v 1.489997 0.476937 2.048399
v 2.010003 0.645713 2.170979
v 2.010003 0.476937 2.048399
v 1.489997 0.476937 2.048399
v 1.489997 0.645713 2.170979
v 2.010003 0.412500 1.850000
v 2.010003 0.476937 2.048399
v 1.489997 0.476937 2.048399
v 1.489997 0.412500 1.850000
v 2.010003 0.476937 2.048399
v 2.010003 0.412500 1.850000
v 1.489997 0.412500 1.850000
v 1.489997 0.476937 2.048399
v 2.010003 0.476937 1.651601
v 2.010003 0.412500 1.850000
v 1.489997 0.412500 1.850000
v 1.489997 0.476937 1.651601
v 2.010003 0.412500 1.850000
v 2.010003 0.476937 1.651601
v 1.489997 0.476937 1.651601
v 1.489997 0.412500 1.850000
v 2.010003 0.645713 1.529021
v 2.010003 0.476937 1.651601
v 1.489997 0.476937 1.651601
v 1.489997 0.645713 1.529021
v 2.010003 0.476937 1.651601
v 2.010003 0.645713 1.529021
v 1.489997 0.645713 1.529021
v 1.489997 0.476937 1.651601
v 2.010003 0.854287 1.529021
v 2.010003 0.645713 1.529021
v 1.489997 0.645713 1.529021
v 1.489997 0.854287 1.529021
v 2.010003 0.750000 1.850000
v 2.010003 0.645713 1.529021
v 2.010003 0.854287 1.529021
v 1.489997 0.854287 1.529021
v 1.489997 0.645713 1.529021
v 2.010003 1.023063 1.651601
v 2.010003 0.854287 1.529021
v 1.489997 0.854287 1.529021
v 1.489997 1.023063 1.651601
v 2.010003 0.854287 1.529021
v 2.010003 1.023063 1.651601
v 1.489997 1.023063 1.651601
v 1.489997 0.854287 1.529021
v 2.010003 1.087500 1.850000
v 2.010003 1.023063 1.651601
v 1.489997 1.023063 1.651601
v 1.489997 1.087500 1.850000
v 2.010003 1.023063 1.651601
v 2.010003 1.087500 1.850000
v 1.489997 1.087500 1.850000
v 1.489997 1.023063 1.651601
f 2767 2768 2769
f 2767 2769 2770
f 2771 2772 2773
f 2774 2775 2776
f 2777 2778 2779
f 2777 2779 2780
f 2771 2781 2782
f 2774 2783 2784
f 2785 2786 2787
f 2785 2787 2788
f 2771 2789 2790
f 2791 2792 2793
f 2794 2795 2796
f 2794 2796 2797
f 2771 2798 2799
f 2774 2800 2801
f 2802 2803 2804
f 2802 2804 2805
f 2771 2806 2807
f 2774 2808 2809
f 2810 2811 2812
f 2810 2812 2813
f 2771 2814 2815
f 2774 2816 2817
f 2818 2819 2820
f 2818 2820 2821
f 2771 2822 2823
f 2774 2824 2825
f 2826 2827 2828
f 2826 2828 2829
f 2830 2831 2832
f 2774 2833 2834
f 2835 2836 2837
f 2835 2837 2838
f 2771 2839 2840
f 2774 2841 2842
f 2843 2844 2845
f 2843 2845 2846
f 2771 2847 2848
f 2774 2849 2850
v 3.760003 1.023063 2.048399
v 3.760003 1.087500 1.850000
v 3.239997 1.087500 1.850000
v 3.239997 1.023063 2.048399
v 3.760003 0.750000 1.850000
v 3.760003 1.087500 1.850000
v 3.760003 1.023063 2.048399
v 3.239997 0.750000 1.850000
v 3.239997 1.023063 2.048399
v 3.239997 1.087500 1.850000
v 3.760003 0.854287 2.170979
v 3.760003 1.023063 2.048399
v 3.239997 1.023063 2.048399
v 3.239997 0.854287 2.170979
v 3.760003 1.023063 2.048399
v 3.760003 0.854287 2.170979
v 3.239997 0.854287 2.170979
v 3.239997 1.023063 2.048399
v 3.760003 0.645713 2.170979
v 3.760003 0.854287 2.170979
v 3.239997 0.854287 2.170979
v 3.239997 0.645713 2.170979
v 3.760003 0.854287 2.170979
v 3.760003 0.645713 2.170979
v 3.239997 0.750000 1.850000
v 3.239997 0.645713 2.170979
v 3.239997 0.854287 2.170979
v 3.760003 0.476937 2.048399
v 3.760003 0.645713 2.170979
v 3.239997 0.645713 2.170979
v 3.239997 0.476937 2.048399
v 3.760003 0.645713 2.170979
v 3.760003 0.476937 2.048399
v 3.239997 0.476937 2.048399
v 3.239997 0.645713 2.170979
v 3.760003 0.412500 1.850000
v 3.760003 0.476937 2.048399
v 3.239997 0.476937 2.048399
v 3.239997 0.412500 1.850000
v 3.760003 0.476937 2.048399
v 3.760003 0.412500 1.850000
v 3.239997 0.412500 1.850000
v 3.239997 0.476937 2.048399
v 3.760003 0.476937 1.651601
v 3.760003 0.412500 1.850000
v 3.239997 0.412500 1.850000
v 3.239997 0.476937 1.651601
v 3.760003 0.412500 1.850000
v 3.760003 0.476937 1.651601
v 3.239997 0.476937 1.651601
v 3.239997 0.412500 1.850000
v 3.760003 0.645713 1.529021
v 3.760003 0.476937 1.651601
v 3.239997 0.476937 1.651601
v 3.239997 0.645713 1.529021
v 3.760003 0.476937 1.651601
v 3.760003 0.645713 1.529021
v 3.239997 0.645713 1.529021
v 3.239997 0.476937 1.651601
v 3.760003 0.854287 1.529021
v 3.760003 0.645713 1.529021
v 3.239997 0.645713 1.529021
v 3.239997 0.854287 1.529021
v 3.760003 0.750000 1.850000
v 3.760003 0.645713 1.529021
v 3.760003 0.854287 1.529021
v 3.239997 0.854287 1.529021
v 3.239997 0.645713 1.529021
v 3.760003 1.023063 1.651601
v 3.760003 0.854287 1.529021
v 3.239997 0.854287 1.529021
v 3.239997 1.023063 1.651601
v 3.760003 0.854287 1.529021
v 3.760003 1.023063 1.651601
v 3.239997 1.023063 1.651601
v 3.239997 0.854287 1.529021
v 3.760003 1.087500 1.850000
v 3.760003 1.023063 1.651601
v 3.239997 1.023063 1.651601
v 3.239997 1.087500 1.850000
v 3.760003 1.023063 1.651601
v 3.760003 1.087500 1.850000
v 3.239997 1.087500 1.850000
v 3.239997 1.023063 1.651601
f 2851 2852 2853
f 2851 2853 2854
f 2855 2856 2857
f 2858 2859 2860
f 2861 2862 2863
f 2861 2863 2864
f 2855 2865 2866
f 2858 2867 2868
f 2869 2870 2871
f 2869 2871 2872
f 2855 2873 2874
f 2875 2876 2877
f 2878 2879 2880
f 2878 2880 2881
f 2855 2882 2883
f 2858 2884 2885
f 2886 2887 2888
f 2886 2888 2889
f 2855 2890 2891
f 2858 2892 2893
f 2894 2895 2896
f 2894 2896 2897
f 2855 2898 2899
f 2858 2900 2901
f 2902 2903 2904
f 2902 2904 2905
f 2855 2906 2907
f 2858 2908 2909
f 2910 2911 2912
f 2910 2912 2913
f 2914 2915 2916
f 2858 2917 2918
f 2919 2920 2921
f 2919 2921 2922
f 2855 2923 2924
f 2858 2925 2926
f 2927 2928 2929
f 2927 2929 2930
f 2855 2931 2932
f 2858 2933 2934
v 5.510003 1.023063 2.048399
v 5.510003 1.087500 1.850000
v 4.989997 1.087500 1.850000
v 4.989997 1.023063 2.048399
v 5.510003 0.750000 1.850000
v 5.510003 1.087500 1.850000
v 5.510003 1.023063 2.048399
v 4.989997 0.750000 1.850000
v 4.989997 1.023063 2.048399
v 4.989997 1.087500 1.850000
v 5.510003 0.854287 2.170979
v 5.510003 1.023063 2.048399
v 4.989997 1.023063 2.048399
v 4.989997 0.854287 2.170979
v 5.510003 1.023063 2.048399
v 5.510003 0.854287 2.170979
v 4.989997 0.854287 2.170979
v 4.989997 1.023063 2.048399
v 5.510003 0.645713 2.170979
v 5.510003 0.854287 2.170979
v 4.989997 0.854287 2.170979
v 4.989997 0.645713 2.170979
v 5.510003 0.854287 2.170979
v 5.510003 0.645713 2.170979
v 4.989997 0.750000 1.850000
v 4.989997 0.645713 2.170979
v 4.989997 0.854287 2.170979
v 5.510003 0.476937 2.048399
v 5.510003 0.645713 2.170979
v 4.989997 0.645713 2.170979
v 4.989997 0.476937 2.048399
v 5.510003 0.645713 2.170979
v 5.510003 0.476937 2.048399
v 4.989997 0.476937 2.048399
v 4.989997 0.645713 2.170979
v 5.510003 0.412500 1.850000
v 5.510003 0.476937 2.048399
v 4.989997 0.476937 2.048399
v 4.989997 0.412500 1.850000
v 5.510003 0.476937 2.048399
v 5.510003 0.412500 1.850000
v 4.989997 0.412500 1.850000
v 4.989997 0.476937 2.048399
v 5.510003 0.476937 1.651601
v 5.510003 0.412500 1.850000
v 4.989997 0.412500 1.850000
v 4.989997 0.476937 1.651601
v 5.510003 0.412500 1.850000
v 5.510003 0.476937 1.651601
v 4.989997 0.476937 1.651601
v 4.989997 0.412500 1.850000
v 5.510003 0.645713 1.529021
v 5.510003 0.476937 1.651601
v 4.989997 0.476937 1.651601
v 4.989997 0.645713 1.529021
v 5.510003 0.476937 1.651601
v 5.510003 0.645713 1.529021
v 4.989997 0.645713 1.529021
v 4.989997 0.476937 1.651601
v 5.510003 0.854287 1.529021
v 5.510003 0.645713 1.529021
v 4.989997 0.645713 1.529021
v 4.989997 0.854287 1.529021
v 5.510003 0.750000 1.850000
v 5.510003 0.645713 1.529021
v 5.510003 0.854287 1.529021
v 4.989997 0.854287 1.529021
v 4.989997 0.645713 1.529021
v 5.510003 1.023063 1.651601
v 5.510003 0.854287 1.529021
v 4.989997 0.854287 1.529021
v 4.989997 1.023063 1.651601
v 5.510003 0.854287 1.529021
v 5.510003 1.023063 1.651601
v 4.989997 1.023063 1.651601
v 4.989997 0.854287 1.529021
v 5.510003 1.087500 1.850000
v 5.510003 1.023063 1.651601
v 4.989997 1.023063 1.651601
v 4.989997 1.087500 1.850000
v 5.510003 1.023063 1.651601
v 5.510003 1.087500 1.850000
v 4.989997 1.087500 1.850000
v 4.989997 1.023063 1.651601
f 2935 2936 2937
f 2935 2937 2938
f 2939 2940 2941
f 2942 2943 2944
f 2945 2946 2947
f 2945 2947 2948
f 2939 2949 2950
f 2942 2951 2952
f 2953 2954 2955
f 2953 2955 2956
f 2939 2957 2958
f 2959 2960 2961
f 2962 2963 2964
f 2962 2964 2965
f 2939 2966 2967
f 2942 2968 2969
f 2970 2971 2972
f 2970 2972 2973
f 2939 2974 2975
f 2942 2976 2977
f 2978 2979 2980
f 2978 2980 2981
f 2939 2982 2983
f 2942 2984 2985
f 2986 2987 2988
f 2986 2988 2989
f 2939 2990 2991
f 2942 2992 2993
f 2994 2995 2996
f 2994 2996 2997
f 2998 2999 3000
f 2942 3001 3002
f 3003 3004 3005
f 3003 3005 3006
f 2939 3007 3008
f 2942 3009 3010
f 3011 3012 3013
f 3011 3013 3014
f 2939 3015 3016
f 2942 3017 3018
o erector_body
v 3.864512 4.499901 -0.835786
v 3.950000 4.499901 -1.099527
v 3.950000 5.000099 -1.099527
v 3.864512 4.499901 -0.835786
v 3.950000 5.000099 -1.099527
v 3.864512 5.000099 -0.835786
v 3.499822 4.499901 -1.099527
v 3.950000 4.499901 -1.099527
v 3.864512 4.499901 -0.835786
v 3.499822 5.000099 -1.099527
v 3.864512 5.000099 -0.835786
v 3.950000 5.000099 -1.099527
v 3.638968 4.499901 -0.672085
v 3.864512 4.499901 -0.835786
v 3.864512 5.000099 -0.835786
v 3.638968 4.499901 -0.672085
v 3.864512 5.000099 -0.835786
v 3.638968 5.000099 -0.672085
v 3.864512 4.499901 -0.835786
v 3.638968 4.499901 -0.672085
v 3.638968 5.000099 -0.672085
v 3.864512 5.000099 -0.835786
v 3.360676 4.499901 -0.672085
v 3.638968 4.499901 -0.672085
v 3.638968 5.000099 -0.672085
v 3.360676 4.499901 -0.672085
v 3.638968 5.000099 -0.672085
v 3.360676 5.000099 -0.672085
v 3.638968 4.499901 -0.672085
v 3.360676 4.499901 -0.672085
v 3.499822 5.000099 -1.099527
v 3.360676 5.000099 -0.672085
v 3.638968 5.000099 -0.672085
v 3.136041 4.499901 -0.835786
v 3.360676 4.499901 -0.672085
v 3.360676 5.000099 -0.672085
v 3.136041 5.000099 -0.835786
v 3.360676 4.499901 -0.672085
v 3.136041 4.499901 -0.835786
v 3.136041 5.000099 -0.835786
v 3.360676 5.000099 -0.672085
v 3.049643 4.499901 -1.099527
v 3.136041 4.499901 -0.835786
v 3.136041 5.000099 -0.835786
v 3.049643 5.000099 -1.099527
v 3.136041 4.499901 -0.835786
v 3.049643 4.499901 -1.099527
v 3.049643 5.000099 -1.099527
v 3.136041 5.000099 -0.835786
v 3.136041 4.499901 -1.364177
v 3.049643 4.499901 -1.099527
v 3.049643 5.000099 -1.099527
v 3.136041 5.000099 -1.364177
v 3.499822 4.499901 -1.099527
v 3.049643 4.499901 -1.099527
v 3.136041 4.499901 -1.364177
v 3.136041 5.000099 -1.364177
v 3.049643 5.000099 -1.099527
v 3.360676 4.499901 -1.527879
v 3.136041 4.499901 -1.364177
v 3.136041 5.000099 -1.364177
v 3.360676 5.000099 -1.527879
v 3.136041 4.499901 -1.364177
v 3.360676 4.499901 -1.527879
v 3.360676 5.000099 -1.527879
v 3.136041 5.000099 -1.364177
v 3.638968 4.499901 -1.527879
v 3.360676 4.499901 -1.527879
v 3.360676 5.000099 -1.527879
v 3.638968 5.000099 -1.527879
v 3.499822 4.499901 -1.099527
v 3.360676 4.499901 -1.527879
v 3.638968 4.499901 -1.527879
v 3.638968 5.000099 -1.527879
v 3.360676 5.000099 -1.527879
v 3.864512 4.499901 -1.364177
v 3.638968 4.499901 -1.527879
v 3.638968 5.000099 -1.527879
v 3.864512 5.000099 -1.364177
v 3.638968 4.499901 -1.527879
v 3.864512 4.499901 -1.364177
v 3.864512 5.000099 -1.364177
v 3.638968 5.000099 -1.527879
v 3.950000 4.499901 -1.099527
v 3.864512 4.499901 -1.364177
v 3.864512 5.000099 -1.364177
v 3.950000 5.000099 -1.099527
v 3.864512 4.499901 -1.364177
v 3.950000 4.499901 -1.099527
v 3.950000 5.000099 -1.099527
v 3.864512 5.000099 -1.364177
v 3.864512 4.499901 1.364177
v 3.950000 4.499901 1.099527
v 3.950000 5.000099 1.099527
v 3.864512 4.499901 1.364177
v 3.950000 5.000099 1.099527
v 3.864512 5.000099 1.364177
v 3.499822 4.499901 1.099527
v 3.950000 4.499901 1.099527
v 3.864512 4.499901 1.364177
v 3.499822 5.000099 1.099527
v 3.864512 5.000099 1.364177
v 3.950000 5.000099 1.099527
v 3.638968 4.499901 1.527879
v 3.864512 4.499901 1.364177
v 3.864512 5.000099 1.364177
v 3.638968 4.499901 1.527879
v 3.864512 5.000099 1.364177
v 3.638968 5.000099 1.527879
v 3.864512 4.499901 1.364177
v 3.638968 4.499901 1.527879
v 3.638968 5.000099 1.527879
v 3.864512 5.000099 1.364177
v 3.360676 4.499901 1.527879
v 3.638968 4.499901 1.527879
v 3.638968 5.000099 1.527879
v 3.360676 4.499901 1.527879
v 3.638968 5.000099 1.527879
v 3.360676 5.000099 1.527879
v 3.638968 4.499901 1.527879
v 3.360676 4.499901 1.527879
v 3.499822 5.000099 1.099527
v 3.360676 5.000099 1.527879
v 3.638968 5.000099 1.527879
v 3.136041 4.499901 1.364177
v 3.360676 4.499901 1.527879
v 3.360676 5.000099 1.527879
v 3.136041 5.000099 1.364177
v 3.360676 4.499901 1.527879
v 3.136041 4.499901 1.364177
v 3.136041 5.000099 1.364177
v 3.360676 5.000099 1.527879
v 3.049643 4.499901 1.099527
v 3.136041 4.499901 1.364177
v 3.136041 5.000099 1.364177
v 3.049643 5.000099 1.099527
v 3.136041 4.499901 1.364177
v 3.049643 4.499901 1.099527
v 3.049643 5.000099 1.099527
v 3.136041 5.000099 1.364177
v 3.136041 4.499901 0.835786
v 3.049643 4.499901 1.099527
v 3.049643 5.000099 1.099527
v 3.136041 5.000099 0.835786
v 3.499822 4.499901 1.099527
v 3.049643 4.499901 1.099527
v 3.136041 4.499901 0.835786
v 3.136041 5.000099 0.835786
v 3.049643 5.000099 1.099527
v 3.360676 4.499901 0.672085
v 3.136041 4.499901 0.835786
v 3.136041 5.000099 0.835786
v 3.360676 5.000099 0.672085
v 3.136041 4.499901 0.835786
v 3.360676 4.499901 0.672085
v 3.360676 5.000099 0.672085
v 3.136041 5.000099 0.835786
v 3.638968 4.499901 0.672085
v 3.360676 4.499901 0.672085
v 3.360676 5.000099 0.672085
v 3.638968 5.000099 0.672085
v 3.499822 4.499901 1.099527
v 3.360676 4.499901 0.672085
v 3.638968 4.499901 0.672085
v 3.638968 5.000099 0.672085
v 3.360676 5.000099 0.672085
v 3.864512 4.499901 0.835786
v 3.638968 4.499901 0.672085
v 3.638968 5.000099 0.672085
v 3.864512 5.000099 0.835786
v 3.638968 4.499901 0.672085
v 3.864512 4.499901 0.835786
v 3.864512 5.000099 0.835786
v 3.638968 5.000099 0.672085
v 3.950000 4.499901 1.099527
v 3.864512 4.499901 0.835786
v 3.864512 5.000099 0.835786
v 3.950000 5.000099 1.099527
v 3.864512 4.499901 0.835786
v 3.950000 4.499901 1.099527
v 3.950000 5.000099 1.099527
v 3.864512 5.000099 0.835786
v -1.136108 4.499901 -0.835786
v -1.049710 4.499901 -1.099527
v -1.049710 5.000099 -1.099527
v -1.136108 4.499901 -0.835786
v -1.049710 5.000099 -1.099527
v -1.136108 5.000099 -0.835786
v -1.499888 4.499901 -1.099527
v -1.049710 4.499901 -1.099527
v -1.136108 4.499901 -0.835786
v -1.499888 5.000099 -1.099527
v -1.136108 5.000099 -0.835786
v -1.049710 5.000099 -1.099527
v -1.360742 4.499901 -0.672085
v -1.136108 4.499901 -0.835786
v -1.136108 5.000099 -0.835786
v -1.360742 4.499901 -0.672085
v -1.136108 5.000099 -0.835786
v -1.360742 5.000099 -0.672085
v -1.136108 4.499901 -0.835786
v -1.360742 4.499901 -0.672085
v -1.360742 5.000099 -0.672085
v -1.136108 5.000099 -0.835786
v -1.639262 4.499901 -0.672085
v -1.360742 4.499901 -0.672085
v -1.360742 5.000099 -0.672085
v -1.639262 4.499901 -0.672085
v -1.360742 5.000099 -0.672085
v -1.639262 5.000099 -0.672085
v -1.360742 4.499901 -0.672085
v -1.639262 4.499901 -0.672085
v -1.499888 5.000099 -1.099527
v -1.639262 5.000099 -0.672085
v -1.360742 5.000099 -0.672085
v -1.863896 4.499901 -0.835786
v -1.639262 4.499901 -0.672085
v -1.639262 5.000099 -0.672085
v -1.863896 5.000099 -0.835786
v -1.639262 4.499901 -0.672085
v -1.863896 4.499901 -0.835786
v -1.863896 5.000099 -0.835786
v -1.639262 5.000099 -0.672085
v -1.950294 4.499901 -1.099527
v -1.863896 4.499901 -0.835786
v -1.863896 5.000099 -0.835786
v -1.950294 5.000099 -1.099527
v -1.863896 4.499901 -0.835786
v -1.950294 4.499901 -1.099527
v -1.950294 5.000099 -1.099527
v -1.863896 5.000099 -0.835786
v -1.863896 4.499901 -1.364177
v -1.950294 4.499901 -1.099527
v -1.950294 5.000099 -1.099527
v -1.863896 5.000099 -1.364177
v -1.499888 4.499901 -1.099527
v -1.950294 4.499901 -1.099527
v -1.863896 4.499901 -1.364177
v -1.863896 5.000099 -1.364177
v -1.950294 5.000099 -1.099527
v -1.639262 4.499901 -1.527879
v -1.863896 4.499901 -1.364177
v -1.863896 5.000099 -1.364177
v -1.639262 5.000099 -1.527879
v -1.863896 4.499901 -1.364177
v -1.639262 4.499901 -1.527879
v -1.639262 5.000099 -1.527879
v -1.863896 5.000099 -1.364177
v -1.360742 4.499901 -1.527879
v -1.639262 4.499901 -1.527879
v -1.639262 5.000099 -1.527879
v -1.360742 5.000099 -1.527879
v -1.499888 4.499901 -1.099527
v -1.639262 4.499901 -1.527879
v -1.360742 4.499901 -1.527879
v -1.360742 5.000099 -1.527879
v -1.639262 5.000099 -1.527879
v -1.136108 4.499901 -1.364177
v -1.360742 4.499901 -1.527879
v -1.360742 5.000099 -1.527879
v -1.136108 5.000099 -1.364177
v -1.360742 4.499901 -1.527879
v -1.136108 4.499901 -1.364177
v -1.136108 5.000099 -1.364177
v -1.360742 5.000099 -1.527879
v -1.049710 4.499901 -1.099527
v -1.136108 4.499901 -1.364177
v -1.136108 5.000099 -1.364177
v -1.049710 5.000099 -1.099527
v -1.136108 4.499901 -1.364177
v -1.049710 4.499901 -1.099527
v -1.049710 5.000099 -1.099527
v -1.136108 5.000099 -1.364177
v -1.136108 4.499901 1.364177
v -1.049710 4.499901 1.099527
v -1.049710 5.000099 1.099527
v -1.136108 4.499901 1.364177
v -1.049710 5.000099 1.099527
v -1.136108 5.000099 1.364177
v -1.499888 4.499901 1.099527
v -1.049710 4.499901 1.099527
v -1.136108 4.499901 1.364177
v -1.499888 5.000099 1.099527
v -1.136108 5.000099 1.364177
v -1.049710 5.000099 1.099527
v -1.360742 4.499901 1.527879
v -1.136108 4.499901 1.364177
v -1.136108 5.000099 1.364177
v -1.360742 4.499901 1.527879
v -1.136108 5.000099 1.364177
v -1.360742 5.000099 1.527879
v -1.136108 4.499901 1.364177
v -1.360742 4.499901 1.527879
v -1.360742 5.000099 1.527879
v -1.136108 5.000099 1.364177
v -1.639262 4.499901 1.527879
v -1.360742 4.499901 1.527879
v -1.360742 5.000099 1.527879
v -1.639262 4.499901 1.527879
v -1.360742 5.000099 1.527879
v -1.639262 5.000099 1.527879
v -1.360742 4.499901 1.527879
v -1.639262 4.499901 1.527879
v -1.499888 5.000099 1.099527
v -1.639262 5.000099 1.527879
v -1.360742 5.000099 1.527879
v -1.863896 4.499901 1.364177
v -1.639262 4.499901 1.527879
v -1.639262 5.000099 1.527879
v -1.863896 5.000099 1.364177
v -1.639262 4.499901 1.527879
v -1.863896 4.499901 1.364177
v -1.863896 5.000099 1.364177
v -1.639262 5.000099 1.527879
v -1.950294 4.499901 1.099527
v -1.863896 4.499901 1.364177
v -1.863896 5.000099 1.364177
v -1.950294 5.000099 1.099527
v -1.863896 4.499901 1.364177
v -1.950294 4.499901 1.099527
v -1.950294 5.000099 1.099527
v -1.863896 5.000099 1.364177
v -1.863896 4.499901 0.835786
v -1.950294 4.499901 1.099527
v -1.950294 5.000099 1.099527
v -1.863896 5.000099 0.835786
v -1.499888 4.499901 1.099527
v -1.950294 4.499901 1.099527
v -1.863896 4.499901 0.835786
v -1.863896 5.000099 0.835786
v -1.950294 5.000099 1.099527
v -1.639262 4.499901 0.672085
v -1.863896 4.499901 0.835786
v -1.863896 5.000099 0.835786
v -1.639262 5.000099 0.672085
v -1.863896 4.499901 0.835786
v -1.639262 4.499901 0.672085
v -1.639262 5.000099 0.672085
v -1.863896 5.000099 0.835786
v -1.360742 4.499901 0.672085
v -1.639262 4.499901 0.672085
v -1.639262 5.000099 0.672085
v -1.360742 5.000099 0.672085
v -1.499888 4.499901 1.099527
v -1.639262 4.499901 0.672085
v -1.360742 4.499901 0.672085
v -1.360742 5.000099 0.672085
v -1.639262 5.000099 0.672085
v -1.136108 4.499901 0.835786
v -1.360742 4.499901 0.672085
v -1.360742 5.000099 0.672085
v -1.136108 5.000099 0.835786
v -1.360742 4.499901 0.672085
v -1.136108 4.499901 0.835786
v -1.136108 5.000099 0.835786
v -1.360742 5.000099 0.672085
v -1.049710 4.499901 1.099527
v -1.136108 4.499901 0.835786
v -1.136108 5.000099 0.835786
v -1.049710 5.000099 1.099527
v -1.136108 4.499901 0.835786
v -1.049710 4.499901 1.099527
v -1.049710 5.000099 1.099527
v -1.136108 5.000099 0.835786
v -6.135817 4.499901 -0.835786
v -6.050329 4.499901 -1.099527
v -6.050329 5.000099 -1.099527
v -6.135817 4.499901 -0.835786
v -6.050329 5.000099 -1.099527
v -6.135817 5.000099 -0.835786
v -6.499598 4.499901 -1.099527
v -6.050329 4.499901 -1.099527
v -6.135817 4.499901 -0.835786
v -6.499598 5.000099 -1.099527
v -6.135817 5.000099 -0.835786
v -6.050329 5.000099 -1.099527
v -6.361361 4.499901 -0.672085
v -6.135817 4.499901 -0.835786
v -6.135817 5.000099 -0.835786
v -6.361361 4.499901 -0.672085
v -6.135817 5.000099 -0.835786
v -6.361361 5.000099 -0.672085
v -6.135817 4.499901 -0.835786
v -6.361361 4.499901 -0.672085
v -6.361361 5.000099 -0.672085
v -6.135817 5.000099 -0.835786
v -6.638744 4.499901 -0.672085
v -6.361361 4.499901 -0.672085
v -6.361361 5.000099 -0.672085
v -6.638744 4.499901 -0.672085
v -6.361361 5.000099 -0.672085
v -6.638744 5.000099 -0.672085
v -6.361361 4.499901 -0.672085
v -6.638744 4.499901 -0.672085
v -6.499598 5.000099 -1.099527
v -6.638744 5.000099 -0.672085
v -6.361361 5.000099 -0.672085
v -6.864288 4.499901 -0.835786
v -6.638744 4.499901 -0.672085
v -6.638744 5.000099 -0.672085
v -6.864288 5.000099 -0.835786
v -6.638744 4.499901 -0.672085
v -6.864288 4.499901 -0.835786
v -6.864288 5.000099 -0.835786
v -6.638744 5.000099 -0.672085
v -6.949777 4.499901 -1.099527
v -6.864288 4.499901 -0.835786
v -6.864288 5.000099 -0.835786
v -6.949777 5.000099 -1.099527
v -6.864288 4.499901 -0.835786
v -6.949777 4.499901 -1.099527
v -6.949777 5.000099 -1.099527
v -6.864288 5.000099 -0.835786
v -6.864288 4.499901 -1.364177
v -6.949777 4.499901 -1.099527
v -6.949777 5.000099 -1.099527
v -6.864288 5.000099 -1.364177
v -6.499598 4.499901 -1.099527
v -6.949777 4.499901 -1.099527
v -6.864288 4.499901 -1.364177
v -6.864288 5.000099 -1.364177
v -6.949777 5.000099 -1.099527
v -6.638744 4.499901 -1.527879
v -6.864288 4.499901 -1.364177
v -6.864288 5.000099 -1.364177
v -6.638744 5.000099 -1.527879
v -6.864288 4.499901 -1.364177
v -6.638744 4.499901 -1.527879
v -6.638744 5.000099 -1.527879
v -6.864288 5.000099 -1.364177
v -6.361361 4.499901 -1.527879
v -6.638744 4.499901 -1.527879
v -6.638744 5.000099 -1.527879
v -6.361361 5.000099 -1.527879
v -6.499598 4.499901 -1.099527
v -6.638744 4.499901 -1.527879
v -6.361361 4.499901 -1.527879
v -6.361361 5.000099 -1.527879
v -6.638744 5.000099 -1.527879
v -6.135817 4.499901 -1.364177
v -6.361361 4.499901 -1.527879
v -6.361361 5.000099 -1.527879
v -6.135817 5.000099 -1.364177
v -6.361361 4.499901 -1.527879
v -6.135817 4.499901 -1.364177
v -6.135817 5.000099 -1.364177
v -6.361361 5.000099 -1.527879
v -6.050329 4.499901 -1.099527
v -6.135817 4.499901 -1.364177
v -6.135817 5.000099 -1.364177
v -6.050329 5.000099 -1.099527
v -6.135817 4.499901 -1.364177
v -6.050329 4.499901 -1.099527
v -6.050329 5.000099 -1.099527
v -6.135817 5.000099 -1.364177
v -6.135817 4.499901 1.364177
v -6.050329 4.499901 1.099527
v -6.050329 5.000099 1.099527
v -6.135817 4.499901 1.364177
v -6.050329 5.000099 1.099527
v -6.135817 5.000099 1.364177
v -6.499598 4.499901 1.099527
v -6.050329 4.499901 1.099527
v -6.135817 4.499901 1.364177
v -6.499598 5.000099 1.099527
v -6.135817 5.000099 1.364177
v -6.050329 5.000099 1.099527
v -6.361361 4.499901 1.527879
v -6.135817 4.499901 1.364177
v -6.135817 5.000099 1.364177
v -6.361361 4.499901 1.527879
v -6.135817 5.000099 1.364177
v -6.361361 5.000099 1.527879
v -6.135817 4.499901 1.364177
v -6.361361 4.499901 1.527879
v -6.361361 5.000099 1.527879
v -6.135817 5.000099 1.364177
v -6.638744 4.499901 1.527879
v -6.361361 4.499901 1.527879
v -6.361361 5.000099 1.527879
v -6.638744 4.499901 1.527879
v -6.361361 5.000099 1.527879
v -6.638744 5.000099 1.527879
v -6.361361 4.499901 1.527879
v -6.638744 4.499901 1.527879
v -6.499598 5.000099 1.099527
v -6.638744 5.000099 1.527879
v -6.361361 5.000099 1.527879
v -6.864288 4.499901 1.364177
v -6.638744 4.499901 1.527879
v -6.638744 5.000099 1.527879
v -6.864288 5.000099 1.364177
v -6.638744 4.499901 1.527879
v -6.864288 4.499901 1.364177
v -6.864288 5.000099 1.364177
v -6.638744 5.000099 1.527879
v -6.949777 4.499901 1.099527
v -6.864288 4.499901 1.364177
v -6.864288 5.000099 1.364177
v -6.949777 5.000099 1.099527
v -6.864288 4.499901 1.364177
v -6.949777 4.499901 1.099527
v -6.949777 5.000099 1.099527
v -6.864288 5.000099 1.364177
v -6.864288 4.499901 0.835786
v -6.949777 4.499901 1.099527
v -6.949777 5.000099 1.099527
v -6.864288 5.000099 0.835786
v -6.499598 4.499901 1.099527
v -6.949777 4.499901 1.099527
v -6.864288 4.499901 0.835786
v -6.864288 5.000099 0.835786
v -6.949777 5.000099 1.099527
v -6.638744 4.499901 0.672085
v -6.864288 4.499901 0.835786
v -6.864288 5.000099 0.835786
v -6.638744 5.000099 0.672085
v -6.864288 4.499901 0.835786
v -6.638744 4.499901 0.672085
v -6.638744 5.000099 0.672085
v -6.864288 5.000099 0.835786
v -6.361361 4.499901 0.672085
v -6.638744 4.499901 0.672085
v -6.638744 5.000099 0.672085
v -6.361361 5.000099 0.672085
v -6.499598 4.499901 1.099527
v -6.638744 4.499901 0.672085
v -6.361361 4.499901 0.672085
v -6.361361 5.000099 0.672085
v -6.638744 5.000099 0.672085
v -6.135817 4.499901 0.835786
v -6.361361 4.499901 0.672085
v -6.361361 5.000099 0.672085
v -6.135817 5.000099 0.835786
v -6.361361 4.499901 0.672085
v -6.135817 4.499901 0.835786
v -6.135817 5.000099 0.835786
v -6.361361 5.000099 0.672085
v -6.050329 4.499901 1.099527
v -6.135817 4.499901 0.835786
v -6.135817 5.000099 0.835786
v -6.050329 5.000099 1.099527
v -6.135817 4.499901 0.835786
v -6.050329 4.499901 1.099527
v -6.050329 5.000099 1.099527
v -6.135817 5.000099 0.835786
v -10.136040 4.499901 -0.835786
v -10.049642 4.499901 -1.099527
v -10.049642 5.000099 -1.099527
v -10.136040 4.499901 -0.835786
v -10.049642 5.000099 -1.099527
v -10.136040 5.000099 -0.835786
v -10.499821 4.499901 -1.099527
v -10.049642 4.499901 -1.099527
v -10.136040 4.499901 -0.835786
v -10.499821 5.000099 -1.099527
v -10.136040 5.000099 -0.835786
v -10.049642 5.000099 -1.099527
v -10.360675 4.499901 -0.672085
v -10.136040 4.499901 -0.835786
v -10.136040 5.000099 -0.835786
v -10.360675 4.499901 -0.672085
v -10.136040 5.000099 -0.835786
v -10.360675 5.000099 -0.672085
v -10.136040 4.499901 -0.835786
v -10.360675 4.499901 -0.672085
v -10.360675 5.000099 -0.672085
v -10.136040 5.000099 -0.835786
v -10.638967 4.499901 -0.672085
v -10.360675 4.499901 -0.672085
v -10.360675 5.000099 -0.672085
v -10.638967 4.499901 -0.672085
v -10.360675 5.000099 -0.672085
v -10.638967 5.000099 -0.672085
v -10.360675 4.499901 -0.672085
v -10.638967 4.499901 -0.672085
v -10.499821 5.000099 -1.099527
v -10.638967 5.000099 -0.672085
v -10.360675 5.000099 -0.672085
v -10.864511 4.499901 -0.835786
v -10.638967 4.499901 -0.672085
v -10.638967 5.000099 -0.672085
v -10.864511 5.000099 -0.835786
v -10.638967 4.499901 -0.672085
v -10.864511 4.499901 -0.835786
v -10.864511 5.000099 -0.835786
v -10.638967 5.000099 -0.672085
v -10.949999 4.499901 -1.099527
v -10.864511 4.499901 -0.835786
v -10.864511 5.000099 -0.835786
v -10.949999 5.000099 -1.099527
v -10.864511 4.499901 -0.835786
v -10.949999 4.499901 -1.099527
v -10.949999 5.000099 -1.099527
v -10.864511 5.000099 -0.835786
v -10.864511 4.499901 -1.364177
v -10.949999 4.499901 -1.099527
v -10.949999 5.000099 -1.099527
v -10.864511 5.000099 -1.364177
v -10.499821 4.499901 -1.099527
v -10.949999 4.499901 -1.099527
v -10.864511 4.499901 -1.364177
v -10.864511 5.000099 -1.364177
v -10.949999 5.000099 -1.099527
v -10.638967 4.499901 -1.527879
v -10.864511 4.499901 -1.364177
v -10.864511 5.000099 -1.364177
v -10.638967 5.000099 -1.527879
v -10.864511 4.499901 -1.364177
v -10.638967 4.499901 -1.527879
v -10.638967 5.000099 -1.527879
v -10.864511 5.000099 -1.364177
v -10.360675 4.499901 -1.527879
v -10.638967 4.499901 -1.527879
v -10.638967 5.000099 -1.527879
v -10.360675 5.000099 -1.527879
v -10.499821 4.499901 -1.099527
v -10.638967 4.499901 -1.527879
v -10.360675 4.499901 -1.527879
v -10.360675 5.000099 -1.527879
v -10.638967 5.000099 -1.527879
v -10.136040 4.499901 -1.364177
v -10.360675 4.499901 -1.527879
v -10.360675 5.000099 -1.527879
v -10.136040 5.000099 -1.364177
v -10.360675 4.499901 -1.527879
v -10.136040 4.499901 -1.364177
v -10.136040 5.000099 -1.364177
v -10.360675 5.000099 -1.527879
v -10.049642 4.499901 -1.099527
v -10.136040 4.499901 -1.364177
v -10.136040 5.000099 -1.364177
v -10.049642 5.000099 -1.099527
v -10.136040 4.499901 -1.364177
v -10.049642 4.499901 -1.099527
v -10.049642 5.000099 -1.099527
v -10.136040 5.000099 -1.364177
v -10.136040 4.499901 1.364177
v -10.049642 4.499901 1.099527
v -10.049642 5.000099 1.099527
v -10.136040 4.499901 1.364177
v -10.049642 5.000099 1.099527
v -10.136040 5.000099 1.364177
v -10.499821 4.499901 1.099527
v -10.049642 4.499901 1.099527
v -10.136040 4.499901 1.364177
v -10.499821 5.000099 1.099527
v -10.136040 5.000099 1.364177
v -10.049642 5.000099 1.099527
v -10.360675 4.499901 1.527879
v -10.136040 4.499901 1.364177
v -10.136040 5.000099 1.364177
v -10.360675 4.499901 1.527879
v -10.136040 5.000099 1.364177
v -10.360675 5.000099 1.527879
v -10.136040 4.499901 1.364177
v -10.360675 4.499901 1.527879
v -10.360675 5.000099 1.527879
v -10.136040 5.000099 1.364177
v -10.638967 4.499901 1.527879
v -10.360675 4.499901 1.527879
v -10.360675 5.000099 1.527879
v -10.638967 4.499901 1.527879
v -10.360675 5.000099 1.527879
v -10.638967 5.000099 1.527879
v -10.360675 4.499901 1.527879
v -10.638967 4.499901 1.527879
v -10.499821 5.000099 1.099527
v -10.638967 5.000099 1.527879
v -10.360675 5.000099 1.527879
v -10.864511 4.499901 1.364177
v -10.638967 4.499901 1.527879
v -10.638967 5.000099 1.527879
v -10.864511 5.000099 1.364177
v -10.638967 4.499901 1.527879
v -10.864511 4.499901 1.364177
v -10.864511 5.000099 1.364177
v -10.638967 5.000099 1.527879
v -10.949999 4.499901 1.099527
v -10.864511 4.499901 1.364177
v -10.864511 5.000099 1.364177
v -10.949999 5.000099 1.099527
v -10.864511 4.499901 1.364177
v -10.949999 4.499901 1.099527
v -10.949999 5.000099 1.099527
v -10.864511 5.000099 1.364177
v -10.864511 4.499901 0.835786
v -10.949999 4.499901 1.099527
v -10.949999 5.000099 1.099527
v -10.864511 5.000099 0.835786
v -10.499821 4.499901 1.099527
v -10.949999 4.499901 1.099527
v -10.864511 4.499901 0.835786
v -10.864511 5.000099 0.835786
v -10.949999 5.000099 1.099527
v -10.638967 4.499901 0.672085
v -10.864511 4.499901 0.835786
v -10.864511 5.000099 0.835786
v -10.638967 5.000099 0.672085
v -10.864511 4.499901 0.835786
v -10.638967 4.499901 0.672085
v -10.638967 5.000099 0.672085
v -10.864511 5.000099 0.835786
v -10.360675 4.499901 0.672085
v -10.638967 4.499901 0.672085
v -10.638967 5.000099 0.672085
v -10.360675 5.000099 0.672085
v -10.499821 4.499901 1.099527
v -10.638967 4.499901 0.672085
v -10.360675 4.499901 0.672085
v -10.360675 5.000099 0.672085
v -10.638967 5.000099 0.672085
v -10.136040 4.499901 0.835786
v -10.360675 4.499901 0.672085
v -10.360675 5.000099 0.672085
v -10.136040 5.000099 0.835786
v -10.360675 4.499901 0.672085
v -10.136040 4.499901 0.835786
v -10.136040 5.000099 0.835786
v -10.360675 5.000099 0.672085
v -10.049642 4.499901 1.099527
v -10.136040 4.499901 0.835786
v -10.136040 5.000099 0.835786
v -10.049642 5.000099 1.099527
v -10.136040 4.499901 0.835786
v -10.049642 4.499901 1.099527
v -10.049642 5.000099 1.099527
v -10.136040 5.000099 0.835786
f 3019 3020 3021
f 3022 3023 3024
f 3025 3026 3027
f 3028 3029 3030
f 3031 3032 3033
f 3034 3035 3036
f 3025 3037 3038
f 3028 3039 3040
f 3041 3042 3043
f 3044 3045 3046
f 3025 3047 3048
f 3049 3050 3051
f 3052 3053 3054
f 3052 3054 3055
f 3025 3056 3057
f 3028 3058 3059
f 3060 3061 3062
f 3060 3062 3063
f 3025 3064 3065
f 3028 3066 3067
f 3068 3069 3070
f 3068 3070 3071
f 3072 3073 3074
f 3028 3075 3076
f 3077 3078 3079
f 3077 3079 3080
f 3025 3081 3082
f 3028 3083 3084
f 3085 3086 3087
f 3085 3087 3088
f 3089 3090 3091
f 3028 3092 3093
f 3094 3095 3096
f 3094 3096 3097
f 3025 3098 3099
f 3028 3100 3101
f 3102 3103 3104
f 3102 3104 3105
f 3025 3106 3107
f 3028 3108 3109
f 3110 3111 3112
f 3113 3114 3115
f 3116 3117 3118
f 3119 3120 3121
f 3122 3123 3124
f 3125 3126 3127
f 3116 3128 3129
f 3119 3130 3131
f 3132 3133 3134
f 3135 3136 3137
f 3116 3138 3139
f 3140 3141 3142
f 3143 3144 3145
f 3143 3145 3146
f 3116 3147 3148
f 3119 3149 3150
f 3151 3152 3153
f 3151 3153 3154
f 3116 3155 3156
f 3119 3157 3158
f 3159 3160 3161
f 3159 3161 3162
f 3163 3164 3165
f 3119 3166 3167
f 3168 3169 3170
f 3168 3170 3171
f 3116 3172 3173
f 3119 3174 3175
f 3176 3177 3178
f 3176 3178 3179
f 3180 3181 3182
f 3119 3183 3184
f 3185 3186 3187
f 3185 3187 3188
f 3116 3189 3190
f 3119 3191 3192
f 3193 3194 3195
f 3193 3195 3196
f 3116 3197 3198
f 3119 3199 3200
f 3201 3202 3203
f 3204 3205 3206
f 3207 3208 3209
f 3210 3211 3212
f 3213 3214 3215
f 3216 3217 3218
f 3207 3219 3220
f 3210 3221 3222
f 3223 3224 3225
f 3226 3227 3228
f 3207 3229 3230
f 3231 3232 3233
f 3234 3235 3236
f 3234 3236 3237
f 3207 3238 3239
f 3210 3240 3241
f 3242 3243 3244
f 3242 3244 3245
f 3207 3246 3247
f 3210 3248 3249
f 3250 3251 3252
f 3250 3252 3253
f 3254 3255 3256
f 3210 3257 3258
f 3259 3260 3261
f 3259 3261 3262
f 3207 3263 3264
f 3210 3265 3266
f 3267 3268 3269
f 3267 3269 3270
f 3271 3272 3273
f 3210 3274 3275
f 3276 3277 3278
f 3276 3278 3279
f 3207 3280 3281
f 3210 3282 3283
f 3284 3285 3286
f 3284 3286 3287
f 3207 3288 3289
f 3210 3290 3291
f 3292 3293 3294
f 3295 3296 3297
f 3298 3299 3300
f 3301 3302 3303
f 3304 3305 3306
f 3307 3308 3309
f 3298 3310 3311
f 3301 3312 3313
f 3314 3315 3316
f 3317 3318 3319
f 3298 3320 3321
f 3322 3323 3324
f 3325 3326 3327
f 3325 3327 3328
f 3298 3329 3330
f 3301 3331 3332
f 3333 3334 3335
f 3333 3335 3336
f 3298 3337 3338
f 3301 3339 3340
f 3341 3342 3343
f 3341 3343 3344
f 3345 3346 3347
f 3301 3348 3349
f 3350 3351 3352
f 3350 3352 3353
f 3298 3354 3355
f 3301 3356 3357
f 3358 3359 3360
f 3358 3360 3361
f 3362 3363 3364
f 3301 3365 3366
f 3367 3368 3369
f 3367 3369 3370
f 3298 3371 3372
f 3301 3373 3374
f 3375 3376 3377
f 3375 3377 3378
f 3298 3379 3380
f 3301 3381 3382
f 3383 3384 3385
f 3386 3387 3388
f 3389 3390 3391
f 3392 3393 3394
f 3395 3396 3397
f 3398 3399 3400
f 3389 3401 3402
f 3392 3403 3404
f 3405 3406 3407
f 3408 3409 3410
f 3389 3411 3412
f 3413 3414 3415
f 3416 3417 3418
f 3416 3418 3419
f 3389 3420 3421
f 3392 3422 3423
f 3424 3425 3426
f 3424 3426 3427
f 3389 3428 3429
f 3392 3430 3431
f 3432 3433 3434
f 3432 3434 3435
f 3436 3437 3438
f 3392 3439 3440
f 3441 3442 3443
f 3441 3443 3444
f 3389 3445 3446
f 3392 3447 3448
f 3449 3450 3451
f 3449 3451 3452
f 3453 3454 3455
f 3392 3456 3457
f 3458 3459 3460
f 3458 3460 3461
f 3389 3462 3463
f 3392 3464 3465
f 3466 3467 3468
f 3466 3468 3469
f 3389 3470 3471
f 3392 3472 3473
f 3474 3475 3476
f 3477 3478 3479
f 3480 3481 3482
f 3483 3484 3485
f 3486 3487 3488
f 3489 3490 3491
f 3480 3492 3493
f 3483 3494 3495
f 3496 3497 3498
f 3499 3500 3501
f 3480 3502 3503
f 3504 3505 3506
f 3507 3508 3509
f 3507 3509 3510
f 3480 3511 3512
f 3483 3513 3514
f 3515 3516 3517
f 3515 3517 3518
f 3480 3519 3520
f 3483 3521 3522
f 3523 3524 3525
f 3523 3525 3526
f 3527 3528 3529
f 3483 3530 3531
f 3532 3533 3534
f 3532 3534 3535
f 3480 3536 3537
f 3483 3538 3539
f 3540 3541 3542
f 3540 3542 3543
f 3544 3545 3546
f 3483 3547 3548
f 3549 3550 3551
f 3549 3551 3552
f 3480 3553 3554
f 3483 3555 3556
f 3557 3558 3559
f 3557 3559 3560
f 3480 3561 3562
f 3483 3563 3564
f 3565 3566 3567
f 3568 3569 3570
f 3571 3572 3573
f 3574 3575 3576
f 3577 3578 3579
f 3580 3581 3582
f 3571 3583 3584
f 3574 3585 3586
f 3587 3588 3589
f 3590 3591 3592
f 3571 3593 3594
f 3595 3596 3597
f 3598 3599 3600
f 3598 3600 3601
f 3571 3602 3603
f 3574 3604 3605
f 3606 3607 3608
f 3606 3608 3609
f 3571 3610 3611
f 3574 3612 3613
f 3614 3615 3616
f 3614 3616 3617
f 3618 3619 3620
f 3574 3621 3622
f 3623 3624 3625
f 3623 3625 3626
f 3571 3627 3628
f 3574 3629 3630
f 3631 3632 3633
f 3631 3633 3634
f 3635 3636 3637
f 3574 3638 3639
f 3640 3641 3642
f 3640 3642 3643
f 3571 3644 3645
f 3574 3646 3647
f 3648 3649 3650
f 3648 3650 3651
f 3571 3652 3653
f 3574 3654 3655
f 3656 3657 3658
f 3659 3660 3661
f 3662 3663 3664
f 3665 3666 3667
f 3668 3669 3670
f 3671 3672 3673
f 3662 3674 3675
f 3665 3676 3677
f 3678 3679 3680
f 3681 3682 3683
f 3662 3684 3685
f 3686 3687 3688
f 3689 3690 3691
f 3689 3691 3692
f 3662 3693 3694
f 3665 3695 3696
f 3697 3698 3699
f 3697 3699 3700
f 3662 3701 3702
f 3665 3703 3704
f 3705 3706 3707
f 3705 3707 3708
f 3709 3710 3711
f 3665 3712 3713
f 3714 3715 3716
f 3714 3716 3717
f 3662 3718 3719
f 3665 3720 3721
f 3722 3723 3724
f 3722 3724 3725
f 3726 3727 3728
f 3665 3729 3730
f 3731 3732 3733
f 3731 3733 3734
f 3662 3735 3736
f 3665 3737 3738
f 3739 3740 3741
f 3739 3741 3742
f 3662 3743 3744
f 3665 3745 3746
v -12.399832 3.049570 1.100163
v 6.600000 3.049570 1.100163
v 6.600000 3.949703 1.100163
v -12.399832 3.949703 1.100163
v 6.600000 3.049570 -1.100163
v -12.399832 3.049570 -1.100163
v -12.399832 3.949703 -1.100163
v 6.600000 3.949703 -1.100163
v -12.399832 3.049570 -1.100163
v -12.399832 3.049570 1.100163
v -12.399832 3.949703 1.100163
v -12.399832 3.949703 -1.100163
v 6.600000 3.049570 1.100163
v 6.600000 3.049570 -1.100163
v 6.600000 3.949703 -1.100163
v 6.600000 3.049570 1.100163
v 6.600000 3.949703 -1.100163
v 6.600000 3.949703 1.100163
v -12.399832 3.949703 1.100163
v 6.600000 3.949703 1.100163
v 6.600000 3.949703 -1.100163
v -12.399832 3.949703 1.100163
v 6.600000 3.949703 -1.100163
v -12.399832 3.949703 -1.100163
v -12.399832 3.049570 -1.100163
v 6.600000 3.049570 -1.100163
v 6.600000 3.049570 1.100163
v -12.399832 3.049570 1.100163
v -12.399832 3.941369 -0.970382
v 6.600000 3.941369 -0.970382
v 6.600000 4.100916 -0.970382
v -12.399832 4.100916 -0.970382
v 6.600000 3.941369 -1.129929
v -12.399832 3.941369 -1.129929
v -12.399832 4.100916 -1.129929
v 6.600000 4.100916 -1.129929
v -12.399832 3.941369 -1.129929
v -12.399832 3.941369 -0.970382
v -12.399832 4.100916 -0.970382
v -12.399832 4.100916 -1.129929
v 6.600000 3.941369 -0.970382
v 6.600000 3.941369 -1.129929
v 6.600000 4.100916 -1.129929
v 6.600000 3.941369 -0.970382
v 6.600000 4.100916 -1.129929
v 6.600000 4.100916 -0.970382
v -12.399832 4.100916 -0.970382
v 6.600000 4.100916 -0.970382
v 6.600000 4.100916 -1.129929
v -12.399832 4.100916 -0.970382
v 6.600000 4.100916 -1.129929
v -12.399832 4.100916 -1.129929
v -12.399832 3.941369 -1.129929
v 6.600000 3.941369 -1.129929
v 6.600000 3.941369 -0.970382
v -12.399832 3.941369 -0.970382
v -12.907050 4.278323 -0.989432
v -10.956761 3.060286 -0.989432
v -10.893657 3.161492 -0.989432
v -12.843945 4.380720 -0.989432
v -10.956761 3.060286 -1.109688
v -12.907050 4.278323 -1.109688
v -12.843945 4.380720 -1.109688
v -10.893657 3.161492 -1.109688
v -12.907050 4.278323 -1.109688
v -12.907050 4.278323 -0.989432
v -12.843945 4.380720 -0.989432
v -12.843945 4.380720 -1.109688
v -10.956761 3.060286 -0.989432
v -10.956761 3.060286 -1.109688
v -10.893657 3.161492 -1.109688
v -10.893657 3.161492 -0.989432
v -12.843945 4.380720 -0.989432
v -10.893657 3.161492 -0.989432
v -10.893657 3.161492 -1.109688
v -12.843945 4.380720 -1.109688
v -12.907050 4.278323 -1.109688
v -10.956761 3.060286 -1.109688
v -10.956761 3.060286 -0.989432
v -12.907050 4.278323 -0.989432
v -10.743635 3.060286 -0.989432
v -8.793049 4.278323 -0.989432
v -8.856153 4.380720 -0.989432
v -10.806739 3.161492 -0.989432
v -8.793049 4.278323 -1.109688
v -10.743635 3.060286 -1.109688
v -10.806739 3.161492 -1.109688
v -8.856153 4.380720 -1.109688
v -10.743635 3.060286 -1.109688
v -10.743635 3.060286 -0.989432
v -10.806739 3.161492 -0.989432
v -10.806739 3.161492 -1.109688
v -8.793049 4.278323 -0.989432
v -8.793049 4.278323 -1.109688
v -8.856153 4.380720 -1.109688
v -8.856153 4.380720 -0.989432
v -10.806739 3.161492 -0.989432
v -8.856153 4.380720 -0.989432
v -8.856153 4.380720 -1.109688
v -10.806739 3.161492 -1.109688
v -10.743635 3.060286 -1.109688
v -8.793049 4.278323 -1.109688
v -8.793049 4.278323 -0.989432
v -10.743635 3.060286 -0.989432
v -8.707322 4.278323 -0.989432
v -6.756736 3.060286 -0.989432
v -6.692441 3.161492 -0.989432
v -8.643027 4.380720 -0.989432
v -6.756736 3.060286 -1.109688
v -8.707322 4.278323 -1.109688
v -8.643027 4.380720 -1.109688
v -6.692441 3.161492 -1.109688
v -8.707322 4.278323 -1.109688
v -8.707322 4.278323 -0.989432
v -8.643027 4.380720 -0.989432
v -8.643027 4.380720 -1.109688
v -6.756736 3.060286 -0.989432
v -6.756736 3.060286 -1.109688
v -6.692441 3.161492 -1.109688
v -6.692441 3.161492 -0.989432
v -8.643027 4.380720 -0.989432
v -6.692441 3.161492 -0.989432
v -6.692441 3.161492 -1.109688
v -8.643027 4.380720 -1.109688
v -8.707322 4.278323 -1.109688
v -6.756736 3.060286 -1.109688
v -6.756736 3.060286 -0.989432
v -8.707322 4.278323 -0.989432
v -6.543609 3.060286 -0.989432
v -4.593023 4.278323 -0.989432
v -4.656128 4.380720 -0.989432
v -6.606714 3.161492 -0.989432
v -4.593023 4.278323 -1.109688
v -6.543609 3.060286 -1.109688
v -6.606714 3.161492 -1.109688
v -4.656128 4.380720 -1.109688
v -6.543609 3.060286 -1.109688
v -6.543609 3.060286 -0.989432
v -6.606714 3.161492 -0.989432
v -6.606714 3.161492 -1.109688
v -4.593023 4.278323 -0.989432
v -4.593023 4.278323 -1.109688
v -4.656128 4.380720 -1.109688
v -4.656128 4.380720 -0.989432
v -6.606714 3.161492 -0.989432
v -4.656128 4.380720 -0.989432
v -4.656128 4.380720 -1.109688
v -6.606714 3.161492 -1.109688
v -6.543609 3.060286 -1.109688
v -4.593023 4.278323 -1.109688
v -4.593023 4.278323 -0.989432
v -6.543609 3.060286 -0.989432
v -4.507296 4.278323 -0.989432
v -2.557008 3.060286 -0.989432
v -2.492713 3.161492 -0.989432
v -4.443001 4.380720 -0.989432
v -2.557008 3.060286 -1.109688
v -4.507296 4.278323 -1.109688
v -4.443001 4.380720 -1.109688
v -2.492713 3.161492 -1.109688
v -4.507296 4.278323 -1.109688
v -4.507296 4.278323 -0.989432
v -4.443001 4.380720 -0.989432
v -4.443001 4.380720 -1.109688
v -2.557008 3.060286 -0.989432
v -2.557008 3.060286 -1.109688
v -2.492713 3.161492 -1.109688
v -2.492713 3.161492 -0.989432
v -4.443001 4.380720 -0.989432
v -2.492713 3.161492 -0.989432
v -2.492713 3.161492 -1.109688
v -4.443001 4.380720 -1.109688
v -4.507296 4.278323 -1.109688
v -2.557008 3.060286 -1.109688
v -2.557008 3.060286 -0.989432
v -4.507296 4.278323 -0.989432
v -2.343881 3.060286 -0.989432
v -0.393295 4.278323 -0.989432
v -0.456400 4.380720 -0.989432
v -2.406986 3.161492 -0.989432
v -0.393295 4.278323 -1.109688
v -2.343881 3.060286 -1.109688
v -2.406986 3.161492 -1.109688
v -0.456400 4.380720 -1.109688
v -2.343881 3.060286 -1.109688
v -2.343881 3.060286 -0.989432
v -2.406986 3.161492 -0.989432
v -2.406986 3.161492 -1.109688
v -0.393295 4.278323 -0.989432
v -0.393295 4.278323 -1.109688
v -0.456400 4.380720 -1.109688
v -0.456400 4.380720 -0.989432
v -2.406986 3.161492 -0.989432
v -0.456400 4.380720 -0.989432
v -0.456400 4.380720 -1.109688
v -2.406986 3.161492 -1.109688
v -2.343881 3.060286 -1.109688
v -0.393295 4.278323 -1.109688
v -0.393295 4.278323 -0.989432
v -2.343881 3.060286 -0.989432
v -0.307569 4.278323 -0.989432
v 1.643910 3.060286 -0.989432
v 1.707015 3.161492 -0.989432
v -0.243273 4.380720 -0.989432
v 1.643910 3.060286 -1.109688
v -0.307569 4.278323 -1.109688
v -0.243273 4.380720 -1.109688
v 1.707015 3.161492 -1.109688
v -0.307569 4.278323 -1.109688
v -0.307569 4.278323 -0.989432
v -0.243273 4.380720 -0.989432
v -0.243273 4.380720 -1.109688
v 1.643910 3.060286 -0.989432
v 1.643910 3.060286 -1.109688
v 1.707015 3.161492 -1.109688
v 1.707015 3.161492 -0.989432
v -0.243273 4.380720 -0.989432
v 1.707015 3.161492 -0.989432
v 1.707015 3.161492 -1.109688
v -0.243273 4.380720 -1.109688
v -0.307569 4.278323 -1.109688
v 1.643910 3.060286 -1.109688
v 1.643910 3.060286 -0.989432
v -0.307569 4.278323 -0.989432
v 1.856144 3.060286 -0.989432
v 3.806432 4.278323 -0.989432
v 3.743328 4.380720 -0.989432
v 1.793040 3.161492 -0.989432
v 3.806432 4.278323 -1.109688
v 1.856144 3.060286 -1.109688
v 1.793040 3.161492 -1.109688
v 3.743328 4.380720 -1.109688
v 1.856144 3.060286 -1.109688
v 1.856144 3.060286 -0.989432
v 1.793040 3.161492 -0.989432
v 1.793040 3.161492 -1.109688
v 3.806432 4.278323 -0.989432
v 3.806432 4.278323 -1.109688
v 3.743328 4.380720 -1.109688
v 3.743328 4.380720 -0.989432
v 1.793040 3.161492 -0.989432
v 3.743328 4.380720 -0.989432
v 3.743328 4.380720 -1.109688
v 1.793040 3.161492 -1.109688
v 1.856144 3.060286 -1.109688
v 3.806432 4.278323 -1.109688
v 3.806432 4.278323 -0.989432
v 1.856144 3.060286 -0.989432
v 3.893350 4.278323 -0.989432
v 5.843936 3.060286 -0.989432
v 5.907040 3.161492 -0.989432
v 3.956454 4.380720 -0.989432
v 5.843936 3.060286 -1.109688
v 3.893350 4.278323 -1.109688
v 3.956454 4.380720 -1.109688
v 5.907040 3.161492 -1.109688
v 3.893350 4.278323 -1.109688
v 3.893350 4.278323 -0.989432
v 3.956454 4.380720 -0.989432
v 3.956454 4.380720 -1.109688
v 5.843936 3.060286 -0.989432
v 5.843936 3.060286 -1.109688
v 5.907040 3.161492 -1.109688
v 5.907040 3.161492 -0.989432
v 3.956454 4.380720 -0.989432
v 5.907040 3.161492 -0.989432
v 5.907040 3.161492 -1.109688
v 3.956454 4.380720 -1.109688
v 3.893350 4.278323 -1.109688
v 5.843936 3.060286 -1.109688
v 5.843936 3.060286 -0.989432
v 3.893350 4.278323 -0.989432
v -12.399832 3.941369 1.129929
v 6.600000 3.941369 1.129929
v 6.600000 4.100916 1.129929
v -12.399832 4.100916 1.129929
v 6.600000 3.941369 0.970382
v -12.399832 3.941369 0.970382
v -12.399832 4.100916 0.970382
v 6.600000 4.100916 0.970382
v -12.399832 3.941369 0.970382
v -12.399832 3.941369 1.129929
v -12.399832 4.100916 1.129929
v -12.399832 4.100916 0.970382
v 6.600000 3.941369 1.129929
v 6.600000 3.941369 0.970382
v 6.600000 4.100916 0.970382
v 6.600000 3.941369 1.129929
v 6.600000 4.100916 0.970382
v 6.600000 4.100916 1.129929
v -12.399832 4.100916 1.129929
v 6.600000 4.100916 1.129929
v 6.600000 4.100916 0.970382
v -12.399832 4.100916 1.129929
v 6.600000 4.100916 0.970382
v -12.399832 4.100916 0.970382
v -12.399832 3.941369 0.970382
v 6.600000 3.941369 0.970382
v 6.600000 3.941369 1.129929
v -12.399832 3.941369 1.129929
v -12.907050 4.278323 1.109688
v -10.956761 3.060286 1.109688
v -10.893657 3.161492 1.109688
v -12.843945 4.380720 1.109688
v -10.956761 3.060286 0.989432
v -12.907050 4.278323 0.989432
v -12.843945 4.380720 0.989432
v -10.893657 3.161492 0.989432
v -12.907050 4.278323 0.989432
v -12.907050 4.278323 1.109688
v -12.843945 4.380720 1.109688
v -12.843945 4.380720 0.989432
v -10.956761 3.060286 1.109688
v -10.956761 3.060286 0.989432
v -10.893657 3.161492 0.989432
v -10.893657 3.161492 1.109688
v -12.843945 4.380720 1.109688
v -10.893657 3.161492 1.109688
v -10.893657 3.161492 0.989432
v -12.843945 4.380720 0.989432
v -12.907050 4.278323 0.989432
v -10.956761 3.060286 0.989432
v -10.956761 3.060286 1.109688
v -12.907050 4.278323 1.109688
v -10.743635 3.060286 1.109688
v -8.793049 4.278323 1.109688
v -8.856153 4.380720 1.109688
v -10.806739 3.161492 1.109688
v -8.793049 4.278323 0.989432
v -10.743635 3.060286 0.989432
v -10.806739 3.161492 0.989432
v -8.856153 4.380720 0.989432
v -10.743635 3.060286 0.989432
v -10.743635 3.060286 1.109688
v -10.806739 3.161492 1.109688
v -10.806739 3.161492 0.989432
v -8.793049 4.278323 1.109688
v -8.793049 4.278323 0.989432
v -8.856153 4.380720 0.989432
v -8.856153 4.380720 1.109688
v -10.806739 3.161492 1.109688
v -8.856153 4.380720 1.109688
v -8.856153 4.380720 0.989432
v -10.806739 3.161492 0.989432
v -10.743635 3.060286 0.989432
v -8.793049 4.278323 0.989432
v -8.793049 4.278323 1.109688
v -10.743635 3.060286 1.109688
v -8.707322 4.278323 1.109688
v -6.756736 3.060286 1.109688
v -6.692441 3.161492 1.109688
v -8.643027 4.380720 1.109688
v -6.756736 3.060286 0.989432
v -8.707322 4.278323 0.989432
v -8.643027 4.380720 0.989432
v -6.692441 3.161492 0.989432
v -8.707322 4.278323 0.989432
v -8.707322 4.278323 1.109688
v -8.643027 4.380720 1.109688
v -8.643027 4.380720 0.989432
v -6.756736 3.060286 1.109688
v -6.756736 3.060286 0.989432
v -6.692441 3.161492 0.989432
v -6.692441 3.161492 1.109688
v -8.643027 4.380720 1.109688
v -6.692441 3.161492 1.109688
v -6.692441 3.161492 0.989432
v -8.643027 4.380720 0.989432
v -8.707322 4.278323 0.989432
v -6.756736 3.060286 0.989432
v -6.756736 3.060286 1.109688
v -8.707322 4.278323 1.109688
v -6.543609 3.060286 1.109688
v -4.593023 4.278323 1.109688
v -4.656128 4.380720 1.109688
v -6.606714 3.161492 1.109688
v -4.593023 4.278323 0.989432
v -6.543609 3.060286 0.989432
v -6.606714 3.161492 0.989432
v -4.656128 4.380720 0.989432
v -6.543609 3.060286 0.989432
v -6.543609 3.060286 1.109688
v -6.606714 3.161492 1.109688
v -6.606714 3.161492 0.989432
v -4.593023 4.278323 1.109688
v -4.593023 4.278323 0.989432
v -4.656128 4.380720 0.989432
v -4.656128 4.380720 1.109688
v -6.606714 3.161492 1.109688
v -4.656128 4.380720 1.109688
v -4.656128 4.380720 0.989432
v -6.606714 3.161492 0.989432
v -6.543609 3.060286 0.989432
v -4.593023 4.278323 0.989432
v -4.593023 4.278323 1.109688
v -6.543609 3.060286 1.109688
v -4.507296 4.278323 1.109688
v -2.557008 3.060286 1.109688
v -2.492713 3.161492 1.109688
v -4.443001 4.380720 1.109688
v -2.557008 3.060286 0.989432
v -4.507296 4.278323 0.989432
v -4.443001 4.380720 0.989432
v -2.492713 3.161492 0.989432
v -4.507296 4.278323 0.989432
v -4.507296 4.278323 1.109688
v -4.443001 4.380720 1.109688
v -4.443001 4.380720 0.989432
v -2.557008 3.060286 1.109688
v -2.557008 3.060286 0.989432
v -2.492713 3.161492 0.989432
v -2.492713 3.161492 1.109688
v -4.443001 4.380720 1.109688
v -2.492713 3.161492 1.109688
v -2.492713 3.161492 0.989432
v -4.443001 4.380720 0.989432
v -4.507296 4.278323 0.989432
v -2.557008 3.060286 0.989432
v -2.557008 3.060286 1.109688
v -4.507296 4.278323 1.109688
v -2.343881 3.060286 1.109688
v -0.393295 4.278323 1.109688
v -0.456400 4.380720 1.109688
v -2.406986 3.161492 1.109688
v -0.393295 4.278323 0.989432
v -2.343881 3.060286 0.989432
v -2.406986 3.161492 0.989432
v -0.456400 4.380720 0.989432
v -2.343881 3.060286 0.989432
v -2.343881 3.060286 1.109688
v -2.406986 3.161492 1.109688
v -2.406986 3.161492 0.989432
v -0.393295 4.278323 1.109688
v -0.393295 4.278323 0.989432
v -0.456400 4.380720 0.989432
v -0.456400 4.380720 1.109688
v -2.406986 3.161492 1.109688
v -0.456400 4.380720 1.109688
v -0.456400 4.380720 0.989432
v -2.406986 3.161492 0.989432
v -2.343881 3.060286 0.989432
v -0.393295 4.278323 0.989432
v -0.393295 4.278323 1.109688
v -2.343881 3.060286 1.109688
v -0.307569 4.278323 1.109688
v 1.643910 3.060286 1.109688
v 1.707015 3.161492 1.109688
v -0.243273 4.380720 1.109688
v 1.643910 3.060286 0.989432
v -0.307569 4.278323 0.989432
v -0.243273 4.380720 0.989432
v 1.707015 3.161492 0.989432
v -0.307569 4.278323 0.989432
v -0.307569 4.278323 1.109688
v -0.243273 4.380720 1.109688
v -0.243273 4.380720 0.989432
v 1.643910 3.060286 1.109688
v 1.643910 3.060286 0.989432
v 1.707015 3.161492 0.989432
v 1.707015 3.161492 1.109688
v -0.243273 4.380720 1.109688
v 1.707015 3.161492 1.109688
v 1.707015 3.161492 0.989432
v -0.243273 4.380720 0.989432
v -0.307569 4.278323 0.989432
v 1.643910 3.060286 0.989432
v 1.643910 3.060286 1.109688
v -0.307569 4.278323 1.109688
v 1.856144 3.060286 1.109688
v 3.806432 4.278323 1.109688
v 3.743328 4.380720 1.109688
v 1.793040 3.161492 1.109688
v 3.806432 4.278323 0.989432
v 1.856144 3.060286 0.989432
v 1.793040 3.161492 0.989432
v 3.743328 4.380720 0.989432
v 1.856144 3.060286 0.989432
v 1.856144 3.060286 1.109688
v 1.793040 3.161492 1.109688
v 1.793040 3.161492 0.989432
v 3.806432 4.278323 1.109688
v 3.806432 4.278323 0.989432
v 3.743328 4.380720 0.989432
v 3.743328 4.380720 1.109688
v 1.793040 3.161492 1.109688
v 3.743328 4.380720 1.109688
v 3.743328 4.380720 0.989432
v 1.793040 3.161492 0.989432
v 1.856144 3.060286 0.989432
v 3.806432 4.278323 0.989432
v 3.806432 4.278323 1.109688
v 1.856144 3.060286 1.109688
v 3.893350 4.278323 1.109688
v 5.843936 3.060286 1.109688
v 5.907040 3.161492 1.109688
v 3.956454 4.380720 1.109688
v 5.843936 3.060286 0.989432
v 3.893350 4.278323 0.989432
v 3.956454 4.380720 0.989432
v 5.907040 3.161492 0.989432
v 3.893350 4.278323 0.989432
v 3.893350 4.278323 1.109688
v 3.956454 4.380720 1.109688
v 3.956454 4.380720 0.989432
v 5.843936 3.060286 1.109688
v 5.843936 3.060286 0.989432
v 5.907040 3.161492 0.989432
v 5.907040 3.161492 1.109688
v 3.956454 4.380720 1.109688
v 5.907040 3.161492 1.109688
v 5.907040 3.161492 0.989432
v 3.956454 4.380720 0.989432
v 3.893350 4.278323 0.989432
v 5.843936 3.060286 0.989432
v 5.843936 3.060286 1.109688
v 3.893350 4.278323 1.109688
f 3747 3748 3749
f 3747 3749 3750
f 3751 3752 3753
f 3751 3753 3754
f 3755 3756 3757
f 3755 3757 3758
f 3759 3760 3761
f 3762 3763 3764
f 3765 3766 3767
f 3768 3769 3770
f 3771 3772 3773
f 3771 3773 3774
f 3775 3776 3777
f 3775 3777 3778
f 3779 3780 3781
f 3779 3781 3782
f 3783 3784 3785
f 3783 3785 3786
f 3787 3788 3789
f 3790 3791 3792
f 3793 3794 3795
f 3796 3797 3798
f 3799 3800 3801
f 3799 3801 3802
f 3803 3804 3805
f 3803 3805 3806
f 3807 3808 3809
f 3807 3809 3810
f 3811 3812 3813
f 3811 3813 3814
f 3815 3816 3817
f 3815 3817 3818
f 3819 3820 3821
f 3819 3821 3822
f 3823 3824 3825
f 3823 3825 3826
f 3827 3828 3829
f 3827 3829 3830
f 3831 3832 3833
f 3831 3833 3834
f 3835 3836 3837
f 3835 3837 3838
f 3839 3840 3841
f 3839 3841 3842
f 3843 3844 3845
f 3843 3845 3846
f 3847 3848 3849
f 3847 3849 3850
f 3851 3852 3853
f 3851 3853 3854
f 3855 3856 3857
f 3855 3857 3858
f 3859 3860 3861
f 3859 3861 3862
f 3863 3864 3865
f 3863 3865 3866
f 3867 3868 3869
f 3867 3869 3870
f 3871 3872 3873
f 3871 3873 3874
f 3875 3876 3877
f 3875 3877 3878
f 3879 3880 3881
f 3879 3881 3882
f 3883 3884 3885
f 3883 3885 3886
f 3887 3888 3889
f 3887 3889 3890
f 3891 3892 3893
f 3891 3893 3894
f 3895 3896 3897
f 3895 3897 3898
f 3899 3900 3901
f 3899 3901 3902
f 3903 3904 3905
f 3903 3905 3906
f 3907 3908 3909
f 3907 3909 3910
f 3911 3912 3913
f 3911 3913 3914
f 3915 3916 3917
f 3915 3917 3918
f 3919 3920 3921
f 3919 3921 3922
f 3923 3924 3925
f 3923 3925 3926
f 3927 3928 3929
f 3927 3929 3930
f 3931 3932 3933
f 3931 3933 3934
f 3935 3936 3937
f 3935 3937 3938
f 3939 3940 3941
f 3939 3941 3942
f 3943 3944 3945
f 3943 3945 3946
f 3947 3948 3949
f 3947 3949 3950
f 3951 3952 3953
f 3951 3953 3954
f 3955 3956 3957
f 3955 3957 3958
f 3959 3960 3961
f 3959 3961 3962
f 3963 3964 3965
f 3963 3965 3966
f 3967 3968 3969
f 3967 3969 3970
f 3971 3972 3973
f 3971 3973 3974
f 3975 3976 3977
f 3975 3977 3978
f 3979 3980 3981
f 3979 3981 3982
f 3983 3984 3985
f 3983 3985 3986
f 3987 3988 3989
f 3987 3989 3990
f 3991 3992 3993
f 3991 3993 3994
f 3995 3996 3997
f 3995 3997 3998
f 3999 4000 4001
f 3999 4001 4002
f 4003 4004 4005
f 4003 4005 4006
f 4007 4008 4009
f 4007 4009 4010
f 4011 4012 4013
f 4011 4013 4014
f 4015 4016 4017
f 4015 4017 4018
f 4019 4020 4021
f 4019 4021 4022
f 4023 4024 4025
f 4023 4025 4026
f 4027 4028 4029
f 4027 4029 4030
f 4031 4032 4033
f 4034 4035 4036
f 4037 4038 4039
f 4040 4041 4042
f 4043 4044 4045
f 4043 4045 4046
f 4047 4048 4049
f 4047 4049 4050
f 4051 4052 4053
f 4051 4053 4054
f 4055 4056 4057
f 4055 4057 4058
f 4059 4060 4061
f 4059 4061 4062
f 4063 4064 4065
f 4063 4065 4066
f 4067 4068 4069
f 4067 4069 4070
f 4071 4072 4073
f 4071 4073 4074
f 4075 4076 4077
f 4075 4077 4078
f 4079 4080 4081
f 4079 4081 4082
f 4083 4084 4085
f 4083 4085 4086
f 4087 4088 4089
f 4087 4089 4090
f 4091 4092 4093
f 4091 4093 4094
f 4095 4096 4097
f 4095 4097 4098
f 4099 4100 4101
f 4099 4101 4102
f 4103 4104 4105
f 4103 4105 4106
f 4107 4108 4109
f 4107 4109 4110
f 4111 4112 4113
f 4111 4113 4114
f 4115 4116 4117
f 4115 4117 4118
f 4119 4120 4121
f 4119 4121 4122
f 4123 4124 4125
f 4123 4125 4126
f 4127 4128 4129
f 4127 4129 4130
f 4131 4132 4133
f 4131 4133 4134
f 4135 4136 4137
f 4135 4137 4138
f 4139 4140 4141
f 4139 4141 4142
f 4143 4144 4145
f 4143 4145 4146
f 4147 4148 4149
f 4147 4149 4150
f 4151 4152 4153
f 4151 4153 4154
f 4155 4156 4157
f 4155 4157 4158
f 4159 4160 4161
f 4159 4161 4162
f 4163 4164 4165
f 4163 4165 4166
f 4167 4168 4169
f 4167 4169 4170
f 4171 4172 4173
f 4171 4173 4174
f 4175 4176 4177
f 4175 4177 4178
f 4179 4180 4181
f 4179 4181 4182
f 4183 4184 4185
f 4183 4185 4186
f 4187 4188 4189
f 4187 4189 4190
f 4191 4192 4193
f 4191 4193 4194
f 4195 4196 4197
f 4195 4197 4198
f 4199 4200 4201
f 4199 4201 4202
f 4203 4204 4205
f 4203 4205 4206
f 4207 4208 4209
f 4207 4209 4210
f 4211 4212 4213
f 4211 4213 4214
f 4215 4216 4217
f 4215 4217 4218
f 4219 4220 4221
f 4219 4221 4222
f 4223 4224 4225
f 4223 4225 4226
f 4227 4228 4229
f 4227 4229 4230
f 4231 4232 4233
f 4231 4233 4234
f 4235 4236 4237
f 4235 4237 4238
f 4239 4240 4241
f 4239 4241 4242
f 4243 4244 4245
f 4243 4245 4246
f 4247 4248 4249
f 4247 4249 4250
f 4251 4252 4253
f 4251 4253 4254
f 4255 4256 4257
f 4255 4257 4258
f 4259 4260 4261
f 4259 4261 4262
o erector_dark
v 2.999795 3.999737 1.399845
v 3.999991 3.999737 1.399845
v 3.999991 4.500372 1.399845
v 2.999795 4.500372 1.399845
v 3.999991 3.999737 -1.399845
v 2.999795 3.999737 -1.399845
v 2.999795 4.500372 -1.399845
v 3.999991 4.500372 -1.399845
v 2.999795 3.999737 -1.399845
v 2.999795 3.999737 1.399845
v 2.999795 4.500372 1.399845
v 2.999795 4.500372 -1.399845
v 3.999991 3.999737 1.399845
v 3.999991 3.999737 -1.399845
v 3.999991 4.500372 -1.399845
v 3.999991 3.999737 1.399845
v 3.999991 4.500372 -1.399845
v 3.999991 4.500372 1.399845
v 2.999795 4.500372 1.399845
v 3.999991 4.500372 1.399845
v 3.999991 4.500372 -1.399845
v 2.999795 4.500372 1.399845
v 3.999991 4.500372 -1.399845
v 2.999795 4.500372 -1.399845
v 2.999795 3.999737 -1.399845
v 3.999991 3.999737 -1.399845
v 3.999991 3.999737 1.399845
v 2.999795 3.999737 1.399845
v -1.999576 3.999737 1.399845
v -1.000454 3.999737 1.399845
v -1.000454 4.500372 1.399845
v -1.999576 4.500372 1.399845
v -1.000454 3.999737 -1.399845
v -1.999576 3.999737 -1.399845
v -1.999576 4.500372 -1.399845
v -1.000454 4.500372 -1.399845
v -1.999576 3.999737 -1.399845
v -1.999576 3.999737 1.399845
v -1.999576 4.500372 1.399845
v -1.999576 4.500372 -1.399845
v -1.000454 3.999737 1.399845
v -1.000454 3.999737 -1.399845
v -1.000454 4.500372 -1.399845
v -1.000454 3.999737 1.399845
v -1.000454 4.500372 -1.399845
v -1.000454 4.500372 1.399845
v -1.999576 4.500372 1.399845
v -1.000454 4.500372 1.399845
v -1.000454 4.500372 -1.399845
v -1.999576 4.500372 1.399845
v -1.000454 4.500372 -1.399845
v -1.999576 4.500372 -1.399845
v -1.999576 3.999737 -1.399845
v -1.000454 3.999737 -1.399845
v -1.000454 3.999737 1.399845
v -1.999576 3.999737 1.399845
v -7.000021 3.999737 1.399845
v -5.999556 3.999737 1.399845
v -5.999556 4.500372 1.399845
v -7.000021 4.500372 1.399845
v -5.999556 3.999737 -1.399845
v -7.000021 3.999737 -1.399845
v -7.000021 4.500372 -1.399845
v -5.999556 4.500372 -1.399845
v -7.000021 3.999737 -1.399845
v -7.000021 3.999737 1.399845
v -7.000021 4.500372 1.399845
v -7.000021 4.500372 -1.399845
v -5.999556 3.999737 1.399845
v -5.999556 3.999737 -1.399845
v -5.999556 4.500372 -1.399845
v -5.999556 3.999737 1.399845
v -5.999556 4.500372 -1.399845
v -5.999556 4.500372 1.399845
v -7.000021 4.500372 1.399845
v -5.999556 4.500372 1.399845
v -5.999556 4.500372 -1.399845
v -7.000021 4.500372 1.399845
v -5.999556 4.500372 -1.399845
v -7.000021 4.500372 -1.399845
v -7.000021 3.999737 -1.399845
v -5.999556 3.999737 -1.399845
v -5.999556 3.999737 1.399845
v -7.000021 3.999737 1.399845
v -11.000000 3.999737 1.399845
v -9.999804 3.999737 1.399845
v -9.999804 4.500372 1.399845
v -11.000000 4.500372 1.399845
v -9.999804 3.999737 -1.399845
v -11.000000 3.999737 -1.399845
v -11.000000 4.500372 -1.399845
v -9.999804 4.500372 -1.399845
v -11.000000 3.999737 -1.399845
v -11.000000 3.999737 1.399845
v -11.000000 4.500372 1.399845
v -11.000000 4.500372 -1.399845
v -9.999804 3.999737 1.399845
v -9.999804 3.999737 -1.399845
v -9.999804 4.500372 -1.399845
v -9.999804 3.999737 1.399845
v -9.999804 4.500372 -1.399845
v -9.999804 4.500372 1.399845
v -11.000000 4.500372 1.399845
v -9.999804 4.500372 1.399845
v -9.999804 4.500372 -1.399845
v -11.000000 4.500372 1.399845
v -9.999804 4.500372 -1.399845
v -11.000000 4.500372 -1.399845
v -11.000000 3.999737 -1.399845
v -9.999804 3.999737 -1.399845
v -9.999804 3.999737 1.399845
v -11.000000 3.999737 1.399845
v 5.201355 2.899628 1.200021
v 6.601200 2.899628 1.200021
v 6.601200 4.099649 1.200021
v 5.201355 4.099649 1.200021
v 6.601200 2.899628 -1.200021
v 5.201355 2.899628 -1.200021
v 5.201355 4.099649 -1.200021
v 6.601200 4.099649 -1.200021
v 5.201355 2.899628 -1.200021
v 5.201355 2.899628 1.200021
v 5.201355 4.099649 1.200021
v 5.201355 4.099649 -1.200021
v 6.601200 2.899628 1.200021
v 6.601200 2.899628 -1.200021
v 6.601200 4.099649 -1.200021
v 6.601200 2.899628 1.200021
v 6.601200 4.099649 -1.200021
v 6.601200 4.099649 1.200021
v 5.201355 4.099649 1.200021
v 6.601200 4.099649 1.200021
v 6.601200 4.099649 -1.200021
v 5.201355 4.099649 1.200021
v 6.601200 4.099649 -1.200021
v 5.201355 4.099649 -1.200021
v 5.201355 2.899628 -1.200021
v 6.601200 2.899628 -1.200021
v 6.601200 2.899628 1.200021
v 5.201355 2.899628 1.200021
f 4263 4264 4265
f 4263 4265 4266
f 4267 4268 4269
f 4267 4269 4270
f 4271 4272 4273
f 4271 4273 4274
f 4275 4276 4277
f 4278 4279 4280
f 4281 4282 4283
f 4284 4285 4286
f 4287 4288 4289
f 4287 4289 4290
f 4291 4292 4293
f 4291 4293 4294
f 4295 4296 4297
f 4295 4297 4298
f 4299 4300 4301
f 4299 4301 4302
f 4303 4304 4305
f 4306 4307 4308
f 4309 4310 4311
f 4312 4313 4314
f 4315 4316 4317
f 4315 4317 4318
f 4319 4320 4321
f 4319 4321 4322
f 4323 4324 4325
f 4323 4325 4326
f 4327 4328 4329
f 4327 4329 4330
f 4331 4332 4333
f 4334 4335 4336
f 4337 4338 4339
f 4340 4341 4342
f 4343 4344 4345
f 4343 4345 4346
f 4347 4348 4349
f 4347 4349 4350
f 4351 4352 4353
f 4351 4353 4354
f 4355 4356 4357
f 4355 4357 4358
f 4359 4360 4361
f 4362 4363 4364
f 4365 4366 4367
f 4368 4369 4370
f 4371 4372 4373
f 4371 4373 4374
f 4375 4376 4377
f 4375 4377 4378
f 4379 4380 4381
f 4379 4381 4382
f 4383 4384 4385
f 4383 4385 4386
f 4387 4388 4389
f 4390 4391 4392
f 4393 4394 4395
f 4396 4397 4398
f 4399 4400 4401
f 4399 4401 4402
