# Original WarTech Reforged decorative attachment geometry, not weapon engineering.
# Paint: existing UJ-32 Motor albedo by SpinoCactus, CC BY 4.0. Bodies unchanged.
v 0.24200000 0.00000000 1.96000000
v 0.23902058 0.04348878 1.96000000
v 0.24260589 0.04414111 1.98500000
v 0.24200000 0.00000000 1.96000000
v 0.24260589 0.04414111 1.98500000
v 0.24563000 0.00000000 1.98500000
v 0.23902058 0.04348878 1.96000000
v 0.23015568 0.08590672 1.96000000
v 0.23360801 0.08719533 1.98500000
v 0.23902058 0.04348878 1.96000000
v 0.23360801 0.08719533 1.98500000
v 0.24260589 0.04414111 1.98500000
v 0.23015568 0.08590672 1.96000000
v 0.21562358 0.12620936 1.96000000
v 0.21885793 0.12810250 1.98500000
v 0.23015568 0.08590672 1.96000000
v 0.21885793 0.12810250 1.98500000
v 0.23360801 0.08719533 1.98500000
v 0.21562358 0.12620936 1.96000000
v 0.19578211 0.16340430 1.96000000
v 0.19871884 0.16585536 1.98500000
v 0.21562358 0.12620936 1.96000000
v 0.19871884 0.16585536 1.98500000
v 0.21885793 0.12810250 1.98500000
v 0.19578211 0.16340430 1.96000000
v 0.17111984 0.19657569 1.96000000
v 0.17368664 0.19952432 1.98500000
v 0.19578211 0.16340430 1.96000000
v 0.17368664 0.19952432 1.98500000
v 0.19871884 0.16585536 1.98500000
v 0.17111984 0.19657569 1.96000000
v 0.14224403 0.22490672 1.96000000
v 0.14437769 0.22828033 1.98500000
v 0.17111984 0.19657569 1.96000000
v 0.14437769 0.22828033 1.98500000
v 0.17368664 0.19952432 1.98500000
v 0.14224403 0.22490672 1.96000000
v 0.10986570 0.24769981 1.96000000
v 0.11151369 0.25141531 1.98500000
v 0.14224403 0.22490672 1.96000000
v 0.11151369 0.25141531 1.98500000
v 0.14437769 0.22828033 1.98500000
v 0.10986570 0.24769981 1.96000000
v 0.07478211 0.26439371 1.96000000
v 0.07590384 0.26835962 1.98500000
v 0.10986570 0.24769981 1.96000000
v 0.07590384 0.26835962 1.98500000
v 0.11151369 0.25141531 1.98500000
v 0.07478211 0.26439371 1.96000000
v 0.03785714 0.27457736 1.96000000
v 0.03842500 0.27869602 1.98500000
v 0.07478211 0.26439371 1.96000000
v 0.03842500 0.27869602 1.98500000
v 0.07590384 0.26835962 1.98500000
v 0.03785714 0.27457736 1.96000000
v 0.00000000 0.27800000 1.96000000
v 0.00000000 0.28217000 1.98500000
v 0.03785714 0.27457736 1.96000000
v 0.00000000 0.28217000 1.98500000
v 0.03842500 0.27869602 1.98500000
v 0.00000000 0.27800000 1.96000000
v -0.03785714 0.27457736 1.96000000
v -0.03842500 0.27869602 1.98500000
v 0.00000000 0.27800000 1.96000000
v -0.03842500 0.27869602 1.98500000
v 0.00000000 0.28217000 1.98500000
v -0.03785714 0.27457736 1.96000000
v -0.07478211 0.26439371 1.96000000
v -0.07590384 0.26835962 1.98500000
v -0.03785714 0.27457736 1.96000000
v -0.07590384 0.26835962 1.98500000
v -0.03842500 0.27869602 1.98500000
v -0.07478211 0.26439371 1.96000000
v -0.10986570 0.24769981 1.96000000
v -0.11151369 0.25141531 1.98500000
v -0.07478211 0.26439371 1.96000000
v -0.11151369 0.25141531 1.98500000
v -0.07590384 0.26835962 1.98500000
v -0.10986570 0.24769981 1.96000000
v -0.14224403 0.22490672 1.96000000
v -0.14437769 0.22828033 1.98500000
v -0.10986570 0.24769981 1.96000000
v -0.14437769 0.22828033 1.98500000
v -0.11151369 0.25141531 1.98500000
v -0.14224403 0.22490672 1.96000000
v -0.17111984 0.19657569 1.96000000
v -0.17368664 0.19952432 1.98500000
v -0.14224403 0.22490672 1.96000000
v -0.17368664 0.19952432 1.98500000
v -0.14437769 0.22828033 1.98500000
v -0.17111984 0.19657569 1.96000000
v -0.19578211 0.16340430 1.96000000
v -0.19871884 0.16585536 1.98500000
v -0.17111984 0.19657569 1.96000000
v -0.19871884 0.16585536 1.98500000
v -0.17368664 0.19952432 1.98500000
v -0.19578211 0.16340430 1.96000000
v -0.21562358 0.12620936 1.96000000
v -0.21885793 0.12810250 1.98500000
v -0.19578211 0.16340430 1.96000000
v -0.21885793 0.12810250 1.98500000
v -0.19871884 0.16585536 1.98500000
v -0.21562358 0.12620936 1.96000000
v -0.23015568 0.08590672 1.96000000
v -0.23360801 0.08719533 1.98500000
v -0.21562358 0.12620936 1.96000000
v -0.23360801 0.08719533 1.98500000
v -0.21885793 0.12810250 1.98500000
v -0.23015568 0.08590672 1.96000000
v -0.23902058 0.04348878 1.96000000
v -0.24260589 0.04414111 1.98500000
v -0.23015568 0.08590672 1.96000000
v -0.24260589 0.04414111 1.98500000
v -0.23360801 0.08719533 1.98500000
v -0.23902058 0.04348878 1.96000000
v -0.24200000 0.00000000 1.96000000
v -0.24563000 0.00000000 1.98500000
v -0.23902058 0.04348878 1.96000000
v -0.24563000 0.00000000 1.98500000
v -0.24260589 0.04414111 1.98500000
v -0.24200000 0.00000000 1.96000000
v -0.23902058 -0.04348878 1.96000000
v -0.24260589 -0.04414111 1.98500000
v -0.24200000 0.00000000 1.96000000
v -0.24260589 -0.04414111 1.98500000
v -0.24563000 0.00000000 1.98500000
v -0.23902058 -0.04348878 1.96000000
v -0.23015568 -0.08590672 1.96000000
v -0.23360801 -0.08719533 1.98500000
v -0.23902058 -0.04348878 1.96000000
v -0.23360801 -0.08719533 1.98500000
v -0.24260589 -0.04414111 1.98500000
v -0.23015568 -0.08590672 1.96000000
v -0.21562358 -0.12620936 1.96000000
v -0.21885793 -0.12810250 1.98500000
v -0.23015568 -0.08590672 1.96000000
v -0.21885793 -0.12810250 1.98500000
v -0.23360801 -0.08719533 1.98500000
v -0.21562358 -0.12620936 1.96000000
v -0.19578211 -0.16340430 1.96000000
v -0.19871884 -0.16585536 1.98500000
v -0.21562358 -0.12620936 1.96000000
v -0.19871884 -0.16585536 1.98500000
v -0.21885793 -0.12810250 1.98500000
v -0.19578211 -0.16340430 1.96000000
v -0.17111984 -0.19657569 1.96000000
v -0.17368664 -0.19952432 1.98500000
v -0.19578211 -0.16340430 1.96000000
v -0.17368664 -0.19952432 1.98500000
v -0.19871884 -0.16585536 1.98500000
v -0.17111984 -0.19657569 1.96000000
v -0.14224403 -0.22490672 1.96000000
v -0.14437769 -0.22828033 1.98500000
v -0.17111984 -0.19657569 1.96000000
v -0.14437769 -0.22828033 1.98500000
v -0.17368664 -0.19952432 1.98500000
v -0.14224403 -0.22490672 1.96000000
v -0.10986570 -0.24769981 1.96000000
v -0.11151369 -0.25141531 1.98500000
v -0.14224403 -0.22490672 1.96000000
v -0.11151369 -0.25141531 1.98500000
v -0.14437769 -0.22828033 1.98500000
v -0.10986570 -0.24769981 1.96000000
v -0.07478211 -0.26439371 1.96000000
v -0.07590384 -0.26835962 1.98500000
v -0.10986570 -0.24769981 1.96000000
v -0.07590384 -0.26835962 1.98500000
v -0.11151369 -0.25141531 1.98500000
v -0.07478211 -0.26439371 1.96000000
v -0.03785714 -0.27457736 1.96000000
v -0.03842500 -0.27869602 1.98500000
v -0.07478211 -0.26439371 1.96000000
v -0.03842500 -0.27869602 1.98500000
v -0.07590384 -0.26835962 1.98500000
v -0.03785714 -0.27457736 1.96000000
v -0.00000000 -0.27800000 1.96000000
v -0.00000000 -0.28217000 1.98500000
v -0.03785714 -0.27457736 1.96000000
v -0.00000000 -0.28217000 1.98500000
v -0.03842500 -0.27869602 1.98500000
v -0.00000000 -0.27800000 1.96000000
v 0.03785714 -0.27457736 1.96000000
v 0.03842500 -0.27869602 1.98500000
v -0.00000000 -0.27800000 1.96000000
v 0.03842500 -0.27869602 1.98500000
v -0.00000000 -0.28217000 1.98500000
v 0.03785714 -0.27457736 1.96000000
v 0.07478211 -0.26439371 1.96000000
v 0.07590384 -0.26835962 1.98500000
v 0.03785714 -0.27457736 1.96000000
v 0.07590384 -0.26835962 1.98500000
v 0.03842500 -0.27869602 1.98500000
v 0.07478211 -0.26439371 1.96000000
v 0.10986570 -0.24769981 1.96000000
v 0.11151369 -0.25141531 1.98500000
v 0.07478211 -0.26439371 1.96000000
v 0.11151369 -0.25141531 1.98500000
v 0.07590384 -0.26835962 1.98500000
v 0.10986570 -0.24769981 1.96000000
v 0.14224403 -0.22490672 1.96000000
v 0.14437769 -0.22828033 1.98500000
v 0.10986570 -0.24769981 1.96000000
v 0.14437769 -0.22828033 1.98500000
v 0.11151369 -0.25141531 1.98500000
v 0.14224403 -0.22490672 1.96000000
v 0.17111984 -0.19657569 1.96000000
v 0.17368664 -0.19952432 1.98500000
v 0.14224403 -0.22490672 1.96000000
v 0.17368664 -0.19952432 1.98500000
v 0.14437769 -0.22828033 1.98500000
v 0.17111984 -0.19657569 1.96000000
v 0.19578211 -0.16340430 1.96000000
v 0.19871884 -0.16585536 1.98500000
v 0.17111984 -0.19657569 1.96000000
v 0.19871884 -0.16585536 1.98500000
v 0.17368664 -0.19952432 1.98500000
v 0.19578211 -0.16340430 1.96000000
v 0.21562358 -0.12620936 1.96000000
v 0.21885793 -0.12810250 1.98500000
v 0.19578211 -0.16340430 1.96000000
v 0.21885793 -0.12810250 1.98500000
v 0.19871884 -0.16585536 1.98500000
v 0.21562358 -0.12620936 1.96000000
v 0.23015568 -0.08590672 1.96000000
v 0.23360801 -0.08719533 1.98500000
v 0.21562358 -0.12620936 1.96000000
v 0.23360801 -0.08719533 1.98500000
v 0.21885793 -0.12810250 1.98500000
v 0.23015568 -0.08590672 1.96000000
v 0.23902058 -0.04348878 1.96000000
v 0.24260589 -0.04414111 1.98500000
v 0.23015568 -0.08590672 1.96000000
v 0.24260589 -0.04414111 1.98500000
v 0.23360801 -0.08719533 1.98500000
v 0.23902058 -0.04348878 1.96000000
v 0.24200000 0.00000000 1.96000000
v 0.24563000 0.00000000 1.98500000
v 0.23902058 -0.04348878 1.96000000
v 0.24563000 0.00000000 1.98500000
v 0.24260589 -0.04414111 1.98500000
v 0.24563000 0.00000000 1.98500000
v 0.24260589 0.04414111 1.98500000
v 0.22467934 0.04087945 2.05000000
v 0.24563000 0.00000000 1.98500000
v 0.22467934 0.04087945 2.05000000
v 0.22748000 0.00000000 2.05000000
v 0.24260589 0.04414111 1.98500000
v 0.23360801 0.08719533 1.98500000
v 0.21634634 0.08075232 2.05000000
v 0.24260589 0.04414111 1.98500000
v 0.21634634 0.08075232 2.05000000
v 0.22467934 0.04087945 2.05000000
v 0.23360801 0.08719533 1.98500000
v 0.21885793 0.12810250 1.98500000
v 0.20268616 0.11863680 2.05000000
v 0.23360801 0.08719533 1.98500000
v 0.20268616 0.11863680 2.05000000
v 0.21634634 0.08075232 2.05000000
v 0.21885793 0.12810250 1.98500000
v 0.19871884 0.16585536 1.98500000
v 0.18403519 0.15360004 2.05000000
v 0.21885793 0.12810250 1.98500000
v 0.18403519 0.15360004 2.05000000
v 0.20268616 0.11863680 2.05000000
v 0.19871884 0.16585536 1.98500000
v 0.17368664 0.19952432 1.98500000
v 0.16085265 0.18478114 2.05000000
v 0.19871884 0.16585536 1.98500000
v 0.16085265 0.18478114 2.05000000
v 0.18403519 0.15360004 2.05000000
v 0.17368664 0.19952432 1.98500000
v 0.14437769 0.22828033 1.98500000
v 0.13370939 0.21141232 2.05000000
v 0.17368664 0.19952432 1.98500000
v 0.13370939 0.21141232 2.05000000
v 0.16085265 0.18478114 2.05000000
v 0.14437769 0.22828033 1.98500000
v 0.11151369 0.25141531 1.98500000
v 0.10327376 0.23283782 2.05000000
v 0.14437769 0.22828033 1.98500000
v 0.10327376 0.23283782 2.05000000
v 0.13370939 0.21141232 2.05000000
v 0.11151369 0.25141531 1.98500000
v 0.07590384 0.26835962 1.98500000
v 0.07029519 0.24853009 2.05000000
v 0.11151369 0.25141531 1.98500000
v 0.07029519 0.24853009 2.05000000
v 0.10327376 0.23283782 2.05000000
v 0.07590384 0.26835962 1.98500000
v 0.03842500 0.27869602 1.98500000
v 0.03558571 0.25810272 2.05000000
v 0.07590384 0.26835962 1.98500000
v 0.03558571 0.25810272 2.05000000
v 0.07029519 0.24853009 2.05000000
v 0.03842500 0.27869602 1.98500000
v 0.00000000 0.28217000 1.98500000
v 0.00000000 0.26132000 2.05000000
v 0.03842500 0.27869602 1.98500000
v 0.00000000 0.26132000 2.05000000
v 0.03558571 0.25810272 2.05000000
v 0.00000000 0.28217000 1.98500000
v -0.03842500 0.27869602 1.98500000
v -0.03558571 0.25810272 2.05000000
v 0.00000000 0.28217000 1.98500000
v -0.03558571 0.25810272 2.05000000
v 0.00000000 0.26132000 2.05000000
v -0.03842500 0.27869602 1.98500000
v -0.07590384 0.26835962 1.98500000
v -0.07029519 0.24853009 2.05000000
v -0.03842500 0.27869602 1.98500000
v -0.07029519 0.24853009 2.05000000
v -0.03558571 0.25810272 2.05000000
v -0.07590384 0.26835962 1.98500000
v -0.11151369 0.25141531 1.98500000
v -0.10327376 0.23283782 2.05000000
v -0.07590384 0.26835962 1.98500000
v -0.10327376 0.23283782 2.05000000
v -0.07029519 0.24853009 2.05000000
v -0.11151369 0.25141531 1.98500000
v -0.14437769 0.22828033 1.98500000
v -0.13370939 0.21141232 2.05000000
v -0.11151369 0.25141531 1.98500000
v -0.13370939 0.21141232 2.05000000
v -0.10327376 0.23283782 2.05000000
v -0.14437769 0.22828033 1.98500000
v -0.17368664 0.19952432 1.98500000
v -0.16085265 0.18478114 2.05000000
v -0.14437769 0.22828033 1.98500000
v -0.16085265 0.18478114 2.05000000
v -0.13370939 0.21141232 2.05000000
v -0.17368664 0.19952432 1.98500000
v -0.19871884 0.16585536 1.98500000
v -0.18403519 0.15360004 2.05000000
v -0.17368664 0.19952432 1.98500000
v -0.18403519 0.15360004 2.05000000
v -0.16085265 0.18478114 2.05000000
v -0.19871884 0.16585536 1.98500000
v -0.21885793 0.12810250 1.98500000
v -0.20268616 0.11863680 2.05000000
v -0.19871884 0.16585536 1.98500000
v -0.20268616 0.11863680 2.05000000
v -0.18403519 0.15360004 2.05000000
v -0.21885793 0.12810250 1.98500000
v -0.23360801 0.08719533 1.98500000
v -0.21634634 0.08075232 2.05000000
v -0.21885793 0.12810250 1.98500000
v -0.21634634 0.08075232 2.05000000
v -0.20268616 0.11863680 2.05000000
v -0.23360801 0.08719533 1.98500000
v -0.24260589 0.04414111 1.98500000
v -0.22467934 0.04087945 2.05000000
v -0.23360801 0.08719533 1.98500000
v -0.22467934 0.04087945 2.05000000
v -0.21634634 0.08075232 2.05000000
v -0.24260589 0.04414111 1.98500000
v -0.24563000 0.00000000 1.98500000
v -0.22748000 0.00000000 2.05000000
v -0.24260589 0.04414111 1.98500000
v -0.22748000 0.00000000 2.05000000
v -0.22467934 0.04087945 2.05000000
v -0.24563000 0.00000000 1.98500000
v -0.24260589 -0.04414111 1.98500000
v -0.22467934 -0.04087945 2.05000000
v -0.24563000 0.00000000 1.98500000
v -0.22467934 -0.04087945 2.05000000
v -0.22748000 0.00000000 2.05000000
v -0.24260589 -0.04414111 1.98500000
v -0.23360801 -0.08719533 1.98500000
v -0.21634634 -0.08075232 2.05000000
v -0.24260589 -0.04414111 1.98500000
v -0.21634634 -0.08075232 2.05000000
v -0.22467934 -0.04087945 2.05000000
v -0.23360801 -0.08719533 1.98500000
v -0.21885793 -0.12810250 1.98500000
v -0.20268616 -0.11863680 2.05000000
v -0.23360801 -0.08719533 1.98500000
v -0.20268616 -0.11863680 2.05000000
v -0.21634634 -0.08075232 2.05000000
v -0.21885793 -0.12810250 1.98500000
v -0.19871884 -0.16585536 1.98500000
v -0.18403519 -0.15360004 2.05000000
v -0.21885793 -0.12810250 1.98500000
v -0.18403519 -0.15360004 2.05000000
v -0.20268616 -0.11863680 2.05000000
v -0.19871884 -0.16585536 1.98500000
v -0.17368664 -0.19952432 1.98500000
v -0.16085265 -0.18478114 2.05000000
v -0.19871884 -0.16585536 1.98500000
v -0.16085265 -0.18478114 2.05000000
v -0.18403519 -0.15360004 2.05000000
v -0.17368664 -0.19952432 1.98500000
v -0.14437769 -0.22828033 1.98500000
v -0.13370939 -0.21141232 2.05000000
v -0.17368664 -0.19952432 1.98500000
v -0.13370939 -0.21141232 2.05000000
v -0.16085265 -0.18478114 2.05000000
v -0.14437769 -0.22828033 1.98500000
v -0.11151369 -0.25141531 1.98500000
v -0.10327376 -0.23283782 2.05000000
v -0.14437769 -0.22828033 1.98500000
v -0.10327376 -0.23283782 2.05000000
v -0.13370939 -0.21141232 2.05000000
v -0.11151369 -0.25141531 1.98500000
v -0.07590384 -0.26835962 1.98500000
v -0.07029519 -0.24853009 2.05000000
v -0.11151369 -0.25141531 1.98500000
v -0.07029519 -0.24853009 2.05000000
v -0.10327376 -0.23283782 2.05000000
v -0.07590384 -0.26835962 1.98500000
v -0.03842500 -0.27869602 1.98500000
v -0.03558571 -0.25810272 2.05000000
v -0.07590384 -0.26835962 1.98500000
v -0.03558571 -0.25810272 2.05000000
v -0.07029519 -0.24853009 2.05000000
v -0.03842500 -0.27869602 1.98500000
v -0.00000000 -0.28217000 1.98500000
v -0.00000000 -0.26132000 2.05000000
v -0.03842500 -0.27869602 1.98500000
v -0.00000000 -0.26132000 2.05000000
v -0.03558571 -0.25810272 2.05000000
v -0.00000000 -0.28217000 1.98500000
v 0.03842500 -0.27869602 1.98500000
v 0.03558571 -0.25810272 2.05000000
v -0.00000000 -0.28217000 1.98500000
v 0.03558571 -0.25810272 2.05000000
v -0.00000000 -0.26132000 2.05000000
v 0.03842500 -0.27869602 1.98500000
v 0.07590384 -0.26835962 1.98500000
v 0.07029519 -0.24853009 2.05000000
v 0.03842500 -0.27869602 1.98500000
v 0.07029519 -0.24853009 2.05000000
v 0.03558571 -0.25810272 2.05000000
v 0.07590384 -0.26835962 1.98500000
v 0.11151369 -0.25141531 1.98500000
v 0.10327376 -0.23283782 2.05000000
v 0.07590384 -0.26835962 1.98500000
v 0.10327376 -0.23283782 2.05000000
v 0.07029519 -0.24853009 2.05000000
v 0.11151369 -0.25141531 1.98500000
v 0.14437769 -0.22828033 1.98500000
v 0.13370939 -0.21141232 2.05000000
v 0.11151369 -0.25141531 1.98500000
v 0.13370939 -0.21141232 2.05000000
v 0.10327376 -0.23283782 2.05000000
v 0.14437769 -0.22828033 1.98500000
v 0.17368664 -0.19952432 1.98500000
v 0.16085265 -0.18478114 2.05000000
v 0.14437769 -0.22828033 1.98500000
v 0.16085265 -0.18478114 2.05000000
v 0.13370939 -0.21141232 2.05000000
v 0.17368664 -0.19952432 1.98500000
v 0.19871884 -0.16585536 1.98500000
v 0.18403519 -0.15360004 2.05000000
v 0.17368664 -0.19952432 1.98500000
v 0.18403519 -0.15360004 2.05000000
v 0.16085265 -0.18478114 2.05000000
v 0.19871884 -0.16585536 1.98500000
v 0.21885793 -0.12810250 1.98500000
v 0.20268616 -0.11863680 2.05000000
v 0.19871884 -0.16585536 1.98500000
v 0.20268616 -0.11863680 2.05000000
v 0.18403519 -0.15360004 2.05000000
v 0.21885793 -0.12810250 1.98500000
v 0.23360801 -0.08719533 1.98500000
v 0.21634634 -0.08075232 2.05000000
v 0.21885793 -0.12810250 1.98500000
v 0.21634634 -0.08075232 2.05000000
v 0.20268616 -0.11863680 2.05000000
v 0.23360801 -0.08719533 1.98500000
v 0.24260589 -0.04414111 1.98500000
v 0.22467934 -0.04087945 2.05000000
v 0.23360801 -0.08719533 1.98500000
v 0.22467934 -0.04087945 2.05000000
v 0.21634634 -0.08075232 2.05000000
v 0.24260589 -0.04414111 1.98500000
v 0.24563000 0.00000000 1.98500000
v 0.22748000 0.00000000 2.05000000
v 0.24260589 -0.04414111 1.98500000
v 0.22748000 0.00000000 2.05000000
v 0.22467934 -0.04087945 2.05000000
v 0.22748000 0.00000000 2.05000000
v 0.22467934 0.04087945 2.05000000
v 0.14819276 0.02696304 2.64360000
v 0.22748000 0.00000000 2.05000000
v 0.14819276 0.02696304 2.64360000
v 0.15004000 0.00000000 2.64360000
v 0.22467934 0.04087945 2.05000000
v 0.21634634 0.08075232 2.05000000
v 0.14269652 0.05326217 2.64360000
v 0.22467934 0.04087945 2.05000000
v 0.14269652 0.05326217 2.64360000
v 0.14819276 0.02696304 2.64360000
v 0.21634634 0.08075232 2.05000000
v 0.20268616 0.11863680 2.05000000
v 0.13368662 0.07824980 2.64360000
v 0.21634634 0.08075232 2.05000000
v 0.13368662 0.07824980 2.64360000
v 0.14269652 0.05326217 2.64360000
v 0.20268616 0.11863680 2.05000000
v 0.18403519 0.15360004 2.05000000
v 0.12138491 0.10131067 2.64360000
v 0.20268616 0.11863680 2.05000000
v 0.12138491 0.10131067 2.64360000
v 0.13368662 0.07824980 2.64360000
v 0.18403519 0.15360004 2.05000000
v 0.16085265 0.18478114 2.05000000
v 0.10609430 0.12187692 2.64360000
v 0.18403519 0.15360004 2.05000000
v 0.10609430 0.12187692 2.64360000
v 0.12138491 0.10131067 2.64360000
v 0.16085265 0.18478114 2.05000000
v 0.13370939 0.21141232 2.05000000
v 0.08819130 0.13944217 2.64360000
v 0.16085265 0.18478114 2.05000000
v 0.08819130 0.13944217 2.64360000
v 0.10609430 0.12187692 2.64360000
v 0.13370939 0.21141232 2.05000000
v 0.10327376 0.23283782 2.05000000
v 0.06811673 0.15357388 2.64360000
v 0.13370939 0.21141232 2.05000000
v 0.06811673 0.15357388 2.64360000
v 0.08819130 0.13944217 2.64360000
v 0.10327376 0.23283782 2.05000000
v 0.07029519 0.24853009 2.05000000
v 0.04636491 0.16392410 2.64360000
v 0.10327376 0.23283782 2.05000000
v 0.04636491 0.16392410 2.64360000
v 0.06811673 0.15357388 2.64360000
v 0.07029519 0.24853009 2.05000000
v 0.03558571 0.25810272 2.05000000
v 0.02347143 0.17023796 2.64360000
v 0.07029519 0.24853009 2.05000000
v 0.02347143 0.17023796 2.64360000
v 0.04636491 0.16392410 2.64360000
v 0.03558571 0.25810272 2.05000000
v 0.00000000 0.26132000 2.05000000
v 0.00000000 0.17236000 2.64360000
v 0.03558571 0.25810272 2.05000000
v 0.00000000 0.17236000 2.64360000
v 0.02347143 0.17023796 2.64360000
v 0.00000000 0.26132000 2.05000000
v -0.03558571 0.25810272 2.05000000
v -0.02347143 0.17023796 2.64360000
v 0.00000000 0.26132000 2.05000000
v -0.02347143 0.17023796 2.64360000
v 0.00000000 0.17236000 2.64360000
v -0.03558571 0.25810272 2.05000000
v -0.07029519 0.24853009 2.05000000
v -0.04636491 0.16392410 2.64360000
v -0.03558571 0.25810272 2.05000000
v -0.04636491 0.16392410 2.64360000
v -0.02347143 0.17023796 2.64360000
v -0.07029519 0.24853009 2.05000000
v -0.10327376 0.23283782 2.05000000
v -0.06811673 0.15357388 2.64360000
v -0.07029519 0.24853009 2.05000000
v -0.06811673 0.15357388 2.64360000
v -0.04636491 0.16392410 2.64360000
v -0.10327376 0.23283782 2.05000000
v -0.13370939 0.21141232 2.05000000
v -0.08819130 0.13944217 2.64360000
v -0.10327376 0.23283782 2.05000000
v -0.08819130 0.13944217 2.64360000
v -0.06811673 0.15357388 2.64360000
v -0.13370939 0.21141232 2.05000000
v -0.16085265 0.18478114 2.05000000
v -0.10609430 0.12187692 2.64360000
v -0.13370939 0.21141232 2.05000000
v -0.10609430 0.12187692 2.64360000
v -0.08819130 0.13944217 2.64360000
v -0.16085265 0.18478114 2.05000000
v -0.18403519 0.15360004 2.05000000
v -0.12138491 0.10131067 2.64360000
v -0.16085265 0.18478114 2.05000000
v -0.12138491 0.10131067 2.64360000
v -0.10609430 0.12187692 2.64360000
v -0.18403519 0.15360004 2.05000000
v -0.20268616 0.11863680 2.05000000
v -0.13368662 0.07824980 2.64360000
v -0.18403519 0.15360004 2.05000000
v -0.13368662 0.07824980 2.64360000
v -0.12138491 0.10131067 2.64360000
v -0.20268616 0.11863680 2.05000000
v -0.21634634 0.08075232 2.05000000
v -0.14269652 0.05326217 2.64360000
v -0.20268616 0.11863680 2.05000000
v -0.14269652 0.05326217 2.64360000
v -0.13368662 0.07824980 2.64360000
v -0.21634634 0.08075232 2.05000000
v -0.22467934 0.04087945 2.05000000
v -0.14819276 0.02696304 2.64360000
v -0.21634634 0.08075232 2.05000000
v -0.14819276 0.02696304 2.64360000
v -0.14269652 0.05326217 2.64360000
v -0.22467934 0.04087945 2.05000000
v -0.22748000 0.00000000 2.05000000
v -0.15004000 0.00000000 2.64360000
v -0.22467934 0.04087945 2.05000000
v -0.15004000 0.00000000 2.64360000
v -0.14819276 0.02696304 2.64360000
v -0.22748000 0.00000000 2.05000000
v -0.22467934 -0.04087945 2.05000000
v -0.14819276 -0.02696304 2.64360000
v -0.22748000 0.00000000 2.05000000
v -0.14819276 -0.02696304 2.64360000
v -0.15004000 0.00000000 2.64360000
v -0.22467934 -0.04087945 2.05000000
v -0.21634634 -0.08075232 2.05000000
v -0.14269652 -0.05326217 2.64360000
v -0.22467934 -0.04087945 2.05000000
v -0.14269652 -0.05326217 2.64360000
v -0.14819276 -0.02696304 2.64360000
v -0.21634634 -0.08075232 2.05000000
v -0.20268616 -0.11863680 2.05000000
v -0.13368662 -0.07824980 2.64360000
v -0.21634634 -0.08075232 2.05000000
v -0.13368662 -0.07824980 2.64360000
v -0.14269652 -0.05326217 2.64360000
v -0.20268616 -0.11863680 2.05000000
v -0.18403519 -0.15360004 2.05000000
v -0.12138491 -0.10131067 2.64360000
v -0.20268616 -0.11863680 2.05000000
v -0.12138491 -0.10131067 2.64360000
v -0.13368662 -0.07824980 2.64360000
v -0.18403519 -0.15360004 2.05000000
v -0.16085265 -0.18478114 2.05000000
v -0.10609430 -0.12187692 2.64360000
v -0.18403519 -0.15360004 2.05000000
v -0.10609430 -0.12187692 2.64360000
v -0.12138491 -0.10131067 2.64360000
v -0.16085265 -0.18478114 2.05000000
v -0.13370939 -0.21141232 2.05000000
v -0.08819130 -0.13944217 2.64360000
v -0.16085265 -0.18478114 2.05000000
v -0.08819130 -0.13944217 2.64360000
v -0.10609430 -0.12187692 2.64360000
v -0.13370939 -0.21141232 2.05000000
v -0.10327376 -0.23283782 2.05000000
v -0.06811673 -0.15357388 2.64360000
v -0.13370939 -0.21141232 2.05000000
v -0.06811673 -0.15357388 2.64360000
v -0.08819130 -0.13944217 2.64360000
v -0.10327376 -0.23283782 2.05000000
v -0.07029519 -0.24853009 2.05000000
v -0.04636491 -0.16392410 2.64360000
v -0.10327376 -0.23283782 2.05000000
v -0.04636491 -0.16392410 2.64360000
v -0.06811673 -0.15357388 2.64360000
v -0.07029519 -0.24853009 2.05000000
v -0.03558571 -0.25810272 2.05000000
v -0.02347143 -0.17023796 2.64360000
v -0.07029519 -0.24853009 2.05000000
v -0.02347143 -0.17023796 2.64360000
v -0.04636491 -0.16392410 2.64360000
v -0.03558571 -0.25810272 2.05000000
v -0.00000000 -0.26132000 2.05000000
v -0.00000000 -0.17236000 2.64360000
v -0.03558571 -0.25810272 2.05000000
v -0.00000000 -0.17236000 2.64360000
v -0.02347143 -0.17023796 2.64360000
v -0.00000000 -0.26132000 2.05000000
v 0.03558571 -0.25810272 2.05000000
v 0.02347143 -0.17023796 2.64360000
v -0.00000000 -0.26132000 2.05000000
v 0.02347143 -0.17023796 2.64360000
v -0.00000000 -0.17236000 2.64360000
v 0.03558571 -0.25810272 2.05000000
v 0.07029519 -0.24853009 2.05000000
v 0.04636491 -0.16392410 2.64360000
v 0.03558571 -0.25810272 2.05000000
v 0.04636491 -0.16392410 2.64360000
v 0.02347143 -0.17023796 2.64360000
v 0.07029519 -0.24853009 2.05000000
v 0.10327376 -0.23283782 2.05000000
v 0.06811673 -0.15357388 2.64360000
v 0.07029519 -0.24853009 2.05000000
v 0.06811673 -0.15357388 2.64360000
v 0.04636491 -0.16392410 2.64360000
v 0.10327376 -0.23283782 2.05000000
v 0.13370939 -0.21141232 2.05000000
v 0.08819130 -0.13944217 2.64360000
v 0.10327376 -0.23283782 2.05000000
v 0.08819130 -0.13944217 2.64360000
v 0.06811673 -0.15357388 2.64360000
v 0.13370939 -0.21141232 2.05000000
v 0.16085265 -0.18478114 2.05000000
v 0.10609430 -0.12187692 2.64360000
v 0.13370939 -0.21141232 2.05000000
v 0.10609430 -0.12187692 2.64360000
v 0.08819130 -0.13944217 2.64360000
v 0.16085265 -0.18478114 2.05000000
v 0.18403519 -0.15360004 2.05000000
v 0.12138491 -0.10131067 2.64360000
v 0.16085265 -0.18478114 2.05000000
v 0.12138491 -0.10131067 2.64360000
v 0.10609430 -0.12187692 2.64360000
v 0.18403519 -0.15360004 2.05000000
v 0.20268616 -0.11863680 2.05000000
v 0.13368662 -0.07824980 2.64360000
v 0.18403519 -0.15360004 2.05000000
v 0.13368662 -0.07824980 2.64360000
v 0.12138491 -0.10131067 2.64360000
v 0.20268616 -0.11863680 2.05000000
v 0.21634634 -0.08075232 2.05000000
v 0.14269652 -0.05326217 2.64360000
v 0.20268616 -0.11863680 2.05000000
v 0.14269652 -0.05326217 2.64360000
v 0.13368662 -0.07824980 2.64360000
v 0.21634634 -0.08075232 2.05000000
v 0.22467934 -0.04087945 2.05000000
v 0.14819276 -0.02696304 2.64360000
v 0.21634634 -0.08075232 2.05000000
v 0.14819276 -0.02696304 2.64360000
v 0.14269652 -0.05326217 2.64360000
v 0.22467934 -0.04087945 2.05000000
v 0.22748000 0.00000000 2.05000000
v 0.15004000 0.00000000 2.64360000
v 0.22467934 -0.04087945 2.05000000
v 0.15004000 0.00000000 2.64360000
v 0.14819276 -0.02696304 2.64360000
v 0.15004000 0.00000000 2.64360000
v 0.14819276 0.02696304 2.64360000
v 0.14819276 0.02696304 2.68360000
v 0.15004000 0.00000000 2.64360000
v 0.14819276 0.02696304 2.68360000
v 0.15004000 0.00000000 2.68360000
v 0.14819276 0.02696304 2.64360000
v 0.14269652 0.05326217 2.64360000
v 0.14269652 0.05326217 2.68360000
v 0.14819276 0.02696304 2.64360000
v 0.14269652 0.05326217 2.68360000
v 0.14819276 0.02696304 2.68360000
v 0.14269652 0.05326217 2.64360000
v 0.13368662 0.07824980 2.64360000
v 0.13368662 0.07824980 2.68360000
v 0.14269652 0.05326217 2.64360000
v 0.13368662 0.07824980 2.68360000
v 0.14269652 0.05326217 2.68360000
v 0.13368662 0.07824980 2.64360000
v 0.12138491 0.10131067 2.64360000
v 0.12138491 0.10131067 2.68360000
v 0.13368662 0.07824980 2.64360000
v 0.12138491 0.10131067 2.68360000
v 0.13368662 0.07824980 2.68360000
v 0.12138491 0.10131067 2.64360000
v 0.10609430 0.12187692 2.64360000
v 0.10609430 0.12187692 2.68360000
v 0.12138491 0.10131067 2.64360000
v 0.10609430 0.12187692 2.68360000
v 0.12138491 0.10131067 2.68360000
v 0.10609430 0.12187692 2.64360000
v 0.08819130 0.13944217 2.64360000
v 0.08819130 0.13944217 2.68360000
v 0.10609430 0.12187692 2.64360000
v 0.08819130 0.13944217 2.68360000
v 0.10609430 0.12187692 2.68360000
v 0.08819130 0.13944217 2.64360000
v 0.06811673 0.15357388 2.64360000
v 0.06811673 0.15357388 2.68360000
v 0.08819130 0.13944217 2.64360000
v 0.06811673 0.15357388 2.68360000
v 0.08819130 0.13944217 2.68360000
v 0.06811673 0.15357388 2.64360000
v 0.04636491 0.16392410 2.64360000
v 0.04636491 0.16392410 2.68360000
v 0.06811673 0.15357388 2.64360000
v 0.04636491 0.16392410 2.68360000
v 0.06811673 0.15357388 2.68360000
v 0.04636491 0.16392410 2.64360000
v 0.02347143 0.17023796 2.64360000
v 0.02347143 0.17023796 2.68360000
v 0.04636491 0.16392410 2.64360000
v 0.02347143 0.17023796 2.68360000
v 0.04636491 0.16392410 2.68360000
v 0.02347143 0.17023796 2.64360000
v 0.00000000 0.17236000 2.64360000
v 0.00000000 0.17236000 2.68360000
v 0.02347143 0.17023796 2.64360000
v 0.00000000 0.17236000 2.68360000
v 0.02347143 0.17023796 2.68360000
v 0.00000000 0.17236000 2.64360000
v -0.02347143 0.17023796 2.64360000
v -0.02347143 0.17023796 2.68360000
v 0.00000000 0.17236000 2.64360000
v -0.02347143 0.17023796 2.68360000
v 0.00000000 0.17236000 2.68360000
v -0.02347143 0.17023796 2.64360000
v -0.04636491 0.16392410 2.64360000
v -0.04636491 0.16392410 2.68360000
v -0.02347143 0.17023796 2.64360000
v -0.04636491 0.16392410 2.68360000
v -0.02347143 0.17023796 2.68360000
v -0.04636491 0.16392410 2.64360000
v -0.06811673 0.15357388 2.64360000
v -0.06811673 0.15357388 2.68360000
v -0.04636491 0.16392410 2.64360000
v -0.06811673 0.15357388 2.68360000
v -0.04636491 0.16392410 2.68360000
v -0.06811673 0.15357388 2.64360000
v -0.08819130 0.13944217 2.64360000
v -0.08819130 0.13944217 2.68360000
v -0.06811673 0.15357388 2.64360000
v -0.08819130 0.13944217 2.68360000
v -0.06811673 0.15357388 2.68360000
v -0.08819130 0.13944217 2.64360000
v -0.10609430 0.12187692 2.64360000
v -0.10609430 0.12187692 2.68360000
v -0.08819130 0.13944217 2.64360000
v -0.10609430 0.12187692 2.68360000
v -0.08819130 0.13944217 2.68360000
v -0.10609430 0.12187692 2.64360000
v -0.12138491 0.10131067 2.64360000
v -0.12138491 0.10131067 2.68360000
v -0.10609430 0.12187692 2.64360000
v -0.12138491 0.10131067 2.68360000
v -0.10609430 0.12187692 2.68360000
v -0.12138491 0.10131067 2.64360000
v -0.13368662 0.07824980 2.64360000
v -0.13368662 0.07824980 2.68360000
v -0.12138491 0.10131067 2.64360000
v -0.13368662 0.07824980 2.68360000
v -0.12138491 0.10131067 2.68360000
v -0.13368662 0.07824980 2.64360000
v -0.14269652 0.05326217 2.64360000
v -0.14269652 0.05326217 2.68360000
v -0.13368662 0.07824980 2.64360000
v -0.14269652 0.05326217 2.68360000
v -0.13368662 0.07824980 2.68360000
v -0.14269652 0.05326217 2.64360000
v -0.14819276 0.02696304 2.64360000
v -0.14819276 0.02696304 2.68360000
v -0.14269652 0.05326217 2.64360000
v -0.14819276 0.02696304 2.68360000
v -0.14269652 0.05326217 2.68360000
v -0.14819276 0.02696304 2.64360000
v -0.15004000 0.00000000 2.64360000
v -0.15004000 0.00000000 2.68360000
v -0.14819276 0.02696304 2.64360000
v -0.15004000 0.00000000 2.68360000
v -0.14819276 0.02696304 2.68360000
v -0.15004000 0.00000000 2.64360000
v -0.14819276 -0.02696304 2.64360000
v -0.14819276 -0.02696304 2.68360000
v -0.15004000 0.00000000 2.64360000
v -0.14819276 -0.02696304 2.68360000
v -0.15004000 0.00000000 2.68360000
v -0.14819276 -0.02696304 2.64360000
v -0.14269652 -0.05326217 2.64360000
v -0.14269652 -0.05326217 2.68360000
v -0.14819276 -0.02696304 2.64360000
v -0.14269652 -0.05326217 2.68360000
v -0.14819276 -0.02696304 2.68360000
v -0.14269652 -0.05326217 2.64360000
v -0.13368662 -0.07824980 2.64360000
v -0.13368662 -0.07824980 2.68360000
v -0.14269652 -0.05326217 2.64360000
v -0.13368662 -0.07824980 2.68360000
v -0.14269652 -0.05326217 2.68360000
v -0.13368662 -0.07824980 2.64360000
v -0.12138491 -0.10131067 2.64360000
v -0.12138491 -0.10131067 2.68360000
v -0.13368662 -0.07824980 2.64360000
v -0.12138491 -0.10131067 2.68360000
v -0.13368662 -0.07824980 2.68360000
v -0.12138491 -0.10131067 2.64360000
v -0.10609430 -0.12187692 2.64360000
v -0.10609430 -0.12187692 2.68360000
v -0.12138491 -0.10131067 2.64360000
v -0.10609430 -0.12187692 2.68360000
v -0.12138491 -0.10131067 2.68360000
v -0.10609430 -0.12187692 2.64360000
v -0.08819130 -0.13944217 2.64360000
v -0.08819130 -0.13944217 2.68360000
v -0.10609430 -0.12187692 2.64360000
v -0.08819130 -0.13944217 2.68360000
v -0.10609430 -0.12187692 2.68360000
v -0.08819130 -0.13944217 2.64360000
v -0.06811673 -0.15357388 2.64360000
v -0.06811673 -0.15357388 2.68360000
v -0.08819130 -0.13944217 2.64360000
v -0.06811673 -0.15357388 2.68360000
v -0.08819130 -0.13944217 2.68360000
v -0.06811673 -0.15357388 2.64360000
v -0.04636491 -0.16392410 2.64360000
v -0.04636491 -0.16392410 2.68360000
v -0.06811673 -0.15357388 2.64360000
v -0.04636491 -0.16392410 2.68360000
v -0.06811673 -0.15357388 2.68360000
v -0.04636491 -0.16392410 2.64360000
v -0.02347143 -0.17023796 2.64360000
v -0.02347143 -0.17023796 2.68360000
v -0.04636491 -0.16392410 2.64360000
v -0.02347143 -0.17023796 2.68360000
v -0.04636491 -0.16392410 2.68360000
v -0.02347143 -0.17023796 2.64360000
v -0.00000000 -0.17236000 2.64360000
v -0.00000000 -0.17236000 2.68360000
v -0.02347143 -0.17023796 2.64360000
v -0.00000000 -0.17236000 2.68360000
v -0.02347143 -0.17023796 2.68360000
v -0.00000000 -0.17236000 2.64360000
v 0.02347143 -0.17023796 2.64360000
v 0.02347143 -0.17023796 2.68360000
v -0.00000000 -0.17236000 2.64360000
v 0.02347143 -0.17023796 2.68360000
v -0.00000000 -0.17236000 2.68360000
v 0.02347143 -0.17023796 2.64360000
v 0.04636491 -0.16392410 2.64360000
v 0.04636491 -0.16392410 2.68360000
v 0.02347143 -0.17023796 2.64360000
v 0.04636491 -0.16392410 2.68360000
v 0.02347143 -0.17023796 2.68360000
v 0.04636491 -0.16392410 2.64360000
v 0.06811673 -0.15357388 2.64360000
v 0.06811673 -0.15357388 2.68360000
v 0.04636491 -0.16392410 2.64360000
v 0.06811673 -0.15357388 2.68360000
v 0.04636491 -0.16392410 2.68360000
v 0.06811673 -0.15357388 2.64360000
v 0.08819130 -0.13944217 2.64360000
v 0.08819130 -0.13944217 2.68360000
v 0.06811673 -0.15357388 2.64360000
v 0.08819130 -0.13944217 2.68360000
v 0.06811673 -0.15357388 2.68360000
v 0.08819130 -0.13944217 2.64360000
v 0.10609430 -0.12187692 2.64360000
v 0.10609430 -0.12187692 2.68360000
v 0.08819130 -0.13944217 2.64360000
v 0.10609430 -0.12187692 2.68360000
v 0.08819130 -0.13944217 2.68360000
v 0.10609430 -0.12187692 2.64360000
v 0.12138491 -0.10131067 2.64360000
v 0.12138491 -0.10131067 2.68360000
v 0.10609430 -0.12187692 2.64360000
v 0.12138491 -0.10131067 2.68360000
v 0.10609430 -0.12187692 2.68360000
v 0.12138491 -0.10131067 2.64360000
v 0.13368662 -0.07824980 2.64360000
v 0.13368662 -0.07824980 2.68360000
v 0.12138491 -0.10131067 2.64360000
v 0.13368662 -0.07824980 2.68360000
v 0.12138491 -0.10131067 2.68360000
v 0.13368662 -0.07824980 2.64360000
v 0.14269652 -0.05326217 2.64360000
v 0.14269652 -0.05326217 2.68360000
v 0.13368662 -0.07824980 2.64360000
v 0.14269652 -0.05326217 2.68360000
v 0.13368662 -0.07824980 2.68360000
v 0.14269652 -0.05326217 2.64360000
v 0.14819276 -0.02696304 2.64360000
v 0.14819276 -0.02696304 2.68360000
v 0.14269652 -0.05326217 2.64360000
v 0.14819276 -0.02696304 2.68360000
v 0.14269652 -0.05326217 2.68360000
v 0.14819276 -0.02696304 2.64360000
v 0.15004000 0.00000000 2.64360000
v 0.15004000 0.00000000 2.68360000
v 0.14819276 -0.02696304 2.64360000
v 0.15004000 0.00000000 2.68360000
v 0.14819276 -0.02696304 2.68360000
v 0.15004000 0.00000000 2.68360000
v 0.14819276 0.02696304 2.68360000
v 0.14819276 0.02696304 2.70860000
v 0.15004000 0.00000000 2.68360000
v 0.14819276 0.02696304 2.70860000
v 0.15004000 0.00000000 2.70860000
v 0.14819276 0.02696304 2.68360000
v 0.14269652 0.05326217 2.68360000
v 0.14269652 0.05326217 2.70860000
v 0.14819276 0.02696304 2.68360000
v 0.14269652 0.05326217 2.70860000
v 0.14819276 0.02696304 2.70860000
v 0.14269652 0.05326217 2.68360000
v 0.13368662 0.07824980 2.68360000
v 0.13368662 0.07824980 2.70860000
v 0.14269652 0.05326217 2.68360000
v 0.13368662 0.07824980 2.70860000
v 0.14269652 0.05326217 2.70860000
v 0.13368662 0.07824980 2.68360000
v 0.12138491 0.10131067 2.68360000
v 0.12138491 0.10131067 2.70860000
v 0.13368662 0.07824980 2.68360000
v 0.12138491 0.10131067 2.70860000
v 0.13368662 0.07824980 2.70860000
v 0.12138491 0.10131067 2.68360000
v 0.10609430 0.12187692 2.68360000
v 0.10609430 0.12187692 2.70860000
v 0.12138491 0.10131067 2.68360000
v 0.10609430 0.12187692 2.70860000
v 0.12138491 0.10131067 2.70860000
v 0.10609430 0.12187692 2.68360000
v 0.08819130 0.13944217 2.68360000
v 0.08819130 0.13944217 2.70860000
v 0.10609430 0.12187692 2.68360000
v 0.08819130 0.13944217 2.70860000
v 0.10609430 0.12187692 2.70860000
v 0.08819130 0.13944217 2.68360000
v 0.06811673 0.15357388 2.68360000
v 0.06811673 0.15357388 2.70860000
v 0.08819130 0.13944217 2.68360000
v 0.06811673 0.15357388 2.70860000
v 0.08819130 0.13944217 2.70860000
v 0.06811673 0.15357388 2.68360000
v 0.04636491 0.16392410 2.68360000
v 0.04636491 0.16392410 2.70860000
v 0.06811673 0.15357388 2.68360000
v 0.04636491 0.16392410 2.70860000
v 0.06811673 0.15357388 2.70860000
v 0.04636491 0.16392410 2.68360000
v 0.02347143 0.17023796 2.68360000
v 0.02347143 0.17023796 2.70860000
v 0.04636491 0.16392410 2.68360000
v 0.02347143 0.17023796 2.70860000
v 0.04636491 0.16392410 2.70860000
v 0.02347143 0.17023796 2.68360000
v 0.00000000 0.17236000 2.68360000
v 0.00000000 0.17236000 2.70860000
v 0.02347143 0.17023796 2.68360000
v 0.00000000 0.17236000 2.70860000
v 0.02347143 0.17023796 2.70860000
v 0.00000000 0.17236000 2.68360000
v -0.02347143 0.17023796 2.68360000
v -0.02347143 0.17023796 2.70860000
v 0.00000000 0.17236000 2.68360000
v -0.02347143 0.17023796 2.70860000
v 0.00000000 0.17236000 2.70860000
v -0.02347143 0.17023796 2.68360000
v -0.04636491 0.16392410 2.68360000
v -0.04636491 0.16392410 2.70860000
v -0.02347143 0.17023796 2.68360000
v -0.04636491 0.16392410 2.70860000
v -0.02347143 0.17023796 2.70860000
v -0.04636491 0.16392410 2.68360000
v -0.06811673 0.15357388 2.68360000
v -0.06811673 0.15357388 2.70860000
v -0.04636491 0.16392410 2.68360000
v -0.06811673 0.15357388 2.70860000
v -0.04636491 0.16392410 2.70860000
v -0.06811673 0.15357388 2.68360000
v -0.08819130 0.13944217 2.68360000
v -0.08819130 0.13944217 2.70860000
v -0.06811673 0.15357388 2.68360000
v -0.08819130 0.13944217 2.70860000
v -0.06811673 0.15357388 2.70860000
v -0.08819130 0.13944217 2.68360000
v -0.10609430 0.12187692 2.68360000
v -0.10609430 0.12187692 2.70860000
v -0.08819130 0.13944217 2.68360000
v -0.10609430 0.12187692 2.70860000
v -0.08819130 0.13944217 2.70860000
v -0.10609430 0.12187692 2.68360000
v -0.12138491 0.10131067 2.68360000
v -0.12138491 0.10131067 2.70860000
v -0.10609430 0.12187692 2.68360000
v -0.12138491 0.10131067 2.70860000
v -0.10609430 0.12187692 2.70860000
v -0.12138491 0.10131067 2.68360000
v -0.13368662 0.07824980 2.68360000
v -0.13368662 0.07824980 2.70860000
v -0.12138491 0.10131067 2.68360000
v -0.13368662 0.07824980 2.70860000
v -0.12138491 0.10131067 2.70860000
v -0.13368662 0.07824980 2.68360000
v -0.14269652 0.05326217 2.68360000
v -0.14269652 0.05326217 2.70860000
v -0.13368662 0.07824980 2.68360000
v -0.14269652 0.05326217 2.70860000
v -0.13368662 0.07824980 2.70860000
v -0.14269652 0.05326217 2.68360000
v -0.14819276 0.02696304 2.68360000
v -0.14819276 0.02696304 2.70860000
v -0.14269652 0.05326217 2.68360000
v -0.14819276 0.02696304 2.70860000
v -0.14269652 0.05326217 2.70860000
v -0.14819276 0.02696304 2.68360000
v -0.15004000 0.00000000 2.68360000
v -0.15004000 0.00000000 2.70860000
v -0.14819276 0.02696304 2.68360000
v -0.15004000 0.00000000 2.70860000
v -0.14819276 0.02696304 2.70860000
v -0.15004000 0.00000000 2.68360000
v -0.14819276 -0.02696304 2.68360000
v -0.14819276 -0.02696304 2.70860000
v -0.15004000 0.00000000 2.68360000
v -0.14819276 -0.02696304 2.70860000
v -0.15004000 0.00000000 2.70860000
v -0.14819276 -0.02696304 2.68360000
v -0.14269652 -0.05326217 2.68360000
v -0.14269652 -0.05326217 2.70860000
v -0.14819276 -0.02696304 2.68360000
v -0.14269652 -0.05326217 2.70860000
v -0.14819276 -0.02696304 2.70860000
v -0.14269652 -0.05326217 2.68360000
v -0.13368662 -0.07824980 2.68360000
v -0.13368662 -0.07824980 2.70860000
v -0.14269652 -0.05326217 2.68360000
v -0.13368662 -0.07824980 2.70860000
v -0.14269652 -0.05326217 2.70860000
v -0.13368662 -0.07824980 2.68360000
v -0.12138491 -0.10131067 2.68360000
v -0.12138491 -0.10131067 2.70860000
v -0.13368662 -0.07824980 2.68360000
v -0.12138491 -0.10131067 2.70860000
v -0.13368662 -0.07824980 2.70860000
v -0.12138491 -0.10131067 2.68360000
v -0.10609430 -0.12187692 2.68360000
v -0.10609430 -0.12187692 2.70860000
v -0.12138491 -0.10131067 2.68360000
v -0.10609430 -0.12187692 2.70860000
v -0.12138491 -0.10131067 2.70860000
v -0.10609430 -0.12187692 2.68360000
v -0.08819130 -0.13944217 2.68360000
v -0.08819130 -0.13944217 2.70860000
v -0.10609430 -0.12187692 2.68360000
v -0.08819130 -0.13944217 2.70860000
v -0.10609430 -0.12187692 2.70860000
v -0.08819130 -0.13944217 2.68360000
v -0.06811673 -0.15357388 2.68360000
v -0.06811673 -0.15357388 2.70860000
v -0.08819130 -0.13944217 2.68360000
v -0.06811673 -0.15357388 2.70860000
v -0.08819130 -0.13944217 2.70860000
v -0.06811673 -0.15357388 2.68360000
v -0.04636491 -0.16392410 2.68360000
v -0.04636491 -0.16392410 2.70860000
v -0.06811673 -0.15357388 2.68360000
v -0.04636491 -0.16392410 2.70860000
v -0.06811673 -0.15357388 2.70860000
v -0.04636491 -0.16392410 2.68360000
v -0.02347143 -0.17023796 2.68360000
v -0.02347143 -0.17023796 2.70860000
v -0.04636491 -0.16392410 2.68360000
v -0.02347143 -0.17023796 2.70860000
v -0.04636491 -0.16392410 2.70860000
v -0.02347143 -0.17023796 2.68360000
v -0.00000000 -0.17236000 2.68360000
v -0.00000000 -0.17236000 2.70860000
v -0.02347143 -0.17023796 2.68360000
v -0.00000000 -0.17236000 2.70860000
v -0.02347143 -0.17023796 2.70860000
v -0.00000000 -0.17236000 2.68360000
v 0.02347143 -0.17023796 2.68360000
v 0.02347143 -0.17023796 2.70860000
v -0.00000000 -0.17236000 2.68360000
v 0.02347143 -0.17023796 2.70860000
v -0.00000000 -0.17236000 2.70860000
v 0.02347143 -0.17023796 2.68360000
v 0.04636491 -0.16392410 2.68360000
v 0.04636491 -0.16392410 2.70860000
v 0.02347143 -0.17023796 2.68360000
v 0.04636491 -0.16392410 2.70860000
v 0.02347143 -0.17023796 2.70860000
v 0.04636491 -0.16392410 2.68360000
v 0.06811673 -0.15357388 2.68360000
v 0.06811673 -0.15357388 2.70860000
v 0.04636491 -0.16392410 2.68360000
v 0.06811673 -0.15357388 2.70860000
v 0.04636491 -0.16392410 2.70860000
v 0.06811673 -0.15357388 2.68360000
v 0.08819130 -0.13944217 2.68360000
v 0.08819130 -0.13944217 2.70860000
v 0.06811673 -0.15357388 2.68360000
v 0.08819130 -0.13944217 2.70860000
v 0.06811673 -0.15357388 2.70860000
v 0.08819130 -0.13944217 2.68360000
v 0.10609430 -0.12187692 2.68360000
v 0.10609430 -0.12187692 2.70860000
v 0.08819130 -0.13944217 2.68360000
v 0.10609430 -0.12187692 2.70860000
v 0.08819130 -0.13944217 2.70860000
v 0.10609430 -0.12187692 2.68360000
v 0.12138491 -0.10131067 2.68360000
v 0.12138491 -0.10131067 2.70860000
v 0.10609430 -0.12187692 2.68360000
v 0.12138491 -0.10131067 2.70860000
v 0.10609430 -0.12187692 2.70860000
v 0.12138491 -0.10131067 2.68360000
v 0.13368662 -0.07824980 2.68360000
v 0.13368662 -0.07824980 2.70860000
v 0.12138491 -0.10131067 2.68360000
v 0.13368662 -0.07824980 2.70860000
v 0.12138491 -0.10131067 2.70860000
v 0.13368662 -0.07824980 2.68360000
v 0.14269652 -0.05326217 2.68360000
v 0.14269652 -0.05326217 2.70860000
v 0.13368662 -0.07824980 2.68360000
v 0.14269652 -0.05326217 2.70860000
v 0.13368662 -0.07824980 2.70860000
v 0.14269652 -0.05326217 2.68360000
v 0.14819276 -0.02696304 2.68360000
v 0.14819276 -0.02696304 2.70860000
v 0.14269652 -0.05326217 2.68360000
v 0.14819276 -0.02696304 2.70860000
v 0.14269652 -0.05326217 2.70860000
v 0.14819276 -0.02696304 2.68360000
v 0.15004000 0.00000000 2.68360000
v 0.15004000 0.00000000 2.70860000
v 0.14819276 -0.02696304 2.68360000
v 0.15004000 0.00000000 2.70860000
v 0.14819276 -0.02696304 2.70860000
v 0.15004000 0.00000000 2.70860000
v 0.14819276 0.02696304 2.70860000
v 0.12596384 0.02291859 2.70860000
v 0.15004000 0.00000000 2.70860000
v 0.12596384 0.02291859 2.70860000
v 0.12753400 0.00000000 2.70860000
v 0.14819276 0.02696304 2.70860000
v 0.14269652 0.05326217 2.70860000
v 0.12129204 0.04527284 2.70860000
v 0.14819276 0.02696304 2.70860000
v 0.12129204 0.04527284 2.70860000
v 0.12596384 0.02291859 2.70860000
v 0.14269652 0.05326217 2.70860000
v 0.13368662 0.07824980 2.70860000
v 0.11363363 0.06651233 2.70860000
v 0.14269652 0.05326217 2.70860000
v 0.11363363 0.06651233 2.70860000
v 0.12129204 0.04527284 2.70860000
v 0.13368662 0.07824980 2.70860000
v 0.12138491 0.10131067 2.70860000
v 0.10317717 0.08611407 2.70860000
v 0.13368662 0.07824980 2.70860000
v 0.10317717 0.08611407 2.70860000
v 0.11363363 0.06651233 2.70860000
v 0.12138491 0.10131067 2.70860000
v 0.10609430 0.12187692 2.70860000
v 0.09018016 0.10359539 2.70860000
v 0.12138491 0.10131067 2.70860000
v 0.09018016 0.10359539 2.70860000
v 0.10317717 0.08611407 2.70860000
v 0.10609430 0.12187692 2.70860000
v 0.08819130 0.13944217 2.70860000
v 0.07496260 0.11852584 2.70860000
v 0.10609430 0.12187692 2.70860000
v 0.07496260 0.11852584 2.70860000
v 0.09018016 0.10359539 2.70860000
v 0.08819130 0.13944217 2.70860000
v 0.06811673 0.15357388 2.70860000
v 0.05789922 0.13053780 2.70860000
v 0.08819130 0.13944217 2.70860000
v 0.05789922 0.13053780 2.70860000
v 0.07496260 0.11852584 2.70860000
v 0.06811673 0.15357388 2.70860000
v 0.04636491 0.16392410 2.70860000
v 0.03941017 0.13933549 2.70860000
v 0.06811673 0.15357388 2.70860000
v 0.03941017 0.13933549 2.70860000
v 0.05789922 0.13053780 2.70860000
v 0.04636491 0.16392410 2.70860000
v 0.02347143 0.17023796 2.70860000
v 0.01995071 0.14470227 2.70860000
v 0.04636491 0.16392410 2.70860000
v 0.01995071 0.14470227 2.70860000
v 0.03941017 0.13933549 2.70860000
v 0.02347143 0.17023796 2.70860000
v 0.00000000 0.17236000 2.70860000
v 0.00000000 0.14650600 2.70860000
v 0.02347143 0.17023796 2.70860000
v 0.00000000 0.14650600 2.70860000
v 0.01995071 0.14470227 2.70860000
v 0.00000000 0.17236000 2.70860000
v -0.02347143 0.17023796 2.70860000
v -0.01995071 0.14470227 2.70860000
v 0.00000000 0.17236000 2.70860000
v -0.01995071 0.14470227 2.70860000
v 0.00000000 0.14650600 2.70860000
v -0.02347143 0.17023796 2.70860000
v -0.04636491 0.16392410 2.70860000
v -0.03941017 0.13933549 2.70860000
v -0.02347143 0.17023796 2.70860000
v -0.03941017 0.13933549 2.70860000
v -0.01995071 0.14470227 2.70860000
v -0.04636491 0.16392410 2.70860000
v -0.06811673 0.15357388 2.70860000
v -0.05789922 0.13053780 2.70860000
v -0.04636491 0.16392410 2.70860000
v -0.05789922 0.13053780 2.70860000
v -0.03941017 0.13933549 2.70860000
v -0.06811673 0.15357388 2.70860000
v -0.08819130 0.13944217 2.70860000
v -0.07496260 0.11852584 2.70860000
v -0.06811673 0.15357388 2.70860000
v -0.07496260 0.11852584 2.70860000
v -0.05789922 0.13053780 2.70860000
v -0.08819130 0.13944217 2.70860000
v -0.10609430 0.12187692 2.70860000
v -0.09018016 0.10359539 2.70860000
v -0.08819130 0.13944217 2.70860000
v -0.09018016 0.10359539 2.70860000
v -0.07496260 0.11852584 2.70860000
v -0.10609430 0.12187692 2.70860000
v -0.12138491 0.10131067 2.70860000
v -0.10317717 0.08611407 2.70860000
v -0.10609430 0.12187692 2.70860000
v -0.10317717 0.08611407 2.70860000
v -0.09018016 0.10359539 2.70860000
v -0.12138491 0.10131067 2.70860000
v -0.13368662 0.07824980 2.70860000
v -0.11363363 0.06651233 2.70860000
v -0.12138491 0.10131067 2.70860000
v -0.11363363 0.06651233 2.70860000
v -0.10317717 0.08611407 2.70860000
v -0.13368662 0.07824980 2.70860000
v -0.14269652 0.05326217 2.70860000
v -0.12129204 0.04527284 2.70860000
v -0.13368662 0.07824980 2.70860000
v -0.12129204 0.04527284 2.70860000
v -0.11363363 0.06651233 2.70860000
v -0.14269652 0.05326217 2.70860000
v -0.14819276 0.02696304 2.70860000
v -0.12596384 0.02291859 2.70860000
v -0.14269652 0.05326217 2.70860000
v -0.12596384 0.02291859 2.70860000
v -0.12129204 0.04527284 2.70860000
v -0.14819276 0.02696304 2.70860000
v -0.15004000 0.00000000 2.70860000
v -0.12753400 0.00000000 2.70860000
v -0.14819276 0.02696304 2.70860000
v -0.12753400 0.00000000 2.70860000
v -0.12596384 0.02291859 2.70860000
v -0.15004000 0.00000000 2.70860000
v -0.14819276 -0.02696304 2.70860000
v -0.12596384 -0.02291859 2.70860000
v -0.15004000 0.00000000 2.70860000
v -0.12596384 -0.02291859 2.70860000
v -0.12753400 0.00000000 2.70860000
v -0.14819276 -0.02696304 2.70860000
v -0.14269652 -0.05326217 2.70860000
v -0.12129204 -0.04527284 2.70860000
v -0.14819276 -0.02696304 2.70860000
v -0.12129204 -0.04527284 2.70860000
v -0.12596384 -0.02291859 2.70860000
v -0.14269652 -0.05326217 2.70860000
v -0.13368662 -0.07824980 2.70860000
v -0.11363363 -0.06651233 2.70860000
v -0.14269652 -0.05326217 2.70860000
v -0.11363363 -0.06651233 2.70860000
v -0.12129204 -0.04527284 2.70860000
v -0.13368662 -0.07824980 2.70860000
v -0.12138491 -0.10131067 2.70860000
v -0.10317717 -0.08611407 2.70860000
v -0.13368662 -0.07824980 2.70860000
v -0.10317717 -0.08611407 2.70860000
v -0.11363363 -0.06651233 2.70860000
v -0.12138491 -0.10131067 2.70860000
v -0.10609430 -0.12187692 2.70860000
v -0.09018016 -0.10359539 2.70860000
v -0.12138491 -0.10131067 2.70860000
v -0.09018016 -0.10359539 2.70860000
v -0.10317717 -0.08611407 2.70860000
v -0.10609430 -0.12187692 2.70860000
v -0.08819130 -0.13944217 2.70860000
v -0.07496260 -0.11852584 2.70860000
v -0.10609430 -0.12187692 2.70860000
v -0.07496260 -0.11852584 2.70860000
v -0.09018016 -0.10359539 2.70860000
v -0.08819130 -0.13944217 2.70860000
v -0.06811673 -0.15357388 2.70860000
v -0.05789922 -0.13053780 2.70860000
v -0.08819130 -0.13944217 2.70860000
v -0.05789922 -0.13053780 2.70860000
v -0.07496260 -0.11852584 2.70860000
v -0.06811673 -0.15357388 2.70860000
v -0.04636491 -0.16392410 2.70860000
v -0.03941017 -0.13933549 2.70860000
v -0.06811673 -0.15357388 2.70860000
v -0.03941017 -0.13933549 2.70860000
v -0.05789922 -0.13053780 2.70860000
v -0.04636491 -0.16392410 2.70860000
v -0.02347143 -0.17023796 2.70860000
v -0.01995071 -0.14470227 2.70860000
v -0.04636491 -0.16392410 2.70860000
v -0.01995071 -0.14470227 2.70860000
v -0.03941017 -0.13933549 2.70860000
v -0.02347143 -0.17023796 2.70860000
v -0.00000000 -0.17236000 2.70860000
v -0.00000000 -0.14650600 2.70860000
v -0.02347143 -0.17023796 2.70860000
v -0.00000000 -0.14650600 2.70860000
v -0.01995071 -0.14470227 2.70860000
v -0.00000000 -0.17236000 2.70860000
v 0.02347143 -0.17023796 2.70860000
v 0.01995071 -0.14470227 2.70860000
v -0.00000000 -0.17236000 2.70860000
v 0.01995071 -0.14470227 2.70860000
v -0.00000000 -0.14650600 2.70860000
v 0.02347143 -0.17023796 2.70860000
v 0.04636491 -0.16392410 2.70860000
v 0.03941017 -0.13933549 2.70860000
v 0.02347143 -0.17023796 2.70860000
v 0.03941017 -0.13933549 2.70860000
v 0.01995071 -0.14470227 2.70860000
v 0.04636491 -0.16392410 2.70860000
v 0.06811673 -0.15357388 2.70860000
v 0.05789922 -0.13053780 2.70860000
v 0.04636491 -0.16392410 2.70860000
v 0.05789922 -0.13053780 2.70860000
v 0.03941017 -0.13933549 2.70860000
v 0.06811673 -0.15357388 2.70860000
v 0.08819130 -0.13944217 2.70860000
v 0.07496260 -0.11852584 2.70860000
v 0.06811673 -0.15357388 2.70860000
v 0.07496260 -0.11852584 2.70860000
v 0.05789922 -0.13053780 2.70860000
v 0.08819130 -0.13944217 2.70860000
v 0.10609430 -0.12187692 2.70860000
v 0.09018016 -0.10359539 2.70860000
v 0.08819130 -0.13944217 2.70860000
v 0.09018016 -0.10359539 2.70860000
v 0.07496260 -0.11852584 2.70860000
v 0.10609430 -0.12187692 2.70860000
v 0.12138491 -0.10131067 2.70860000
v 0.10317717 -0.08611407 2.70860000
v 0.10609430 -0.12187692 2.70860000
v 0.10317717 -0.08611407 2.70860000
v 0.09018016 -0.10359539 2.70860000
v 0.12138491 -0.10131067 2.70860000
v 0.13368662 -0.07824980 2.70860000
v 0.11363363 -0.06651233 2.70860000
v 0.12138491 -0.10131067 2.70860000
v 0.11363363 -0.06651233 2.70860000
v 0.10317717 -0.08611407 2.70860000
v 0.13368662 -0.07824980 2.70860000
v 0.14269652 -0.05326217 2.70860000
v 0.12129204 -0.04527284 2.70860000
v 0.13368662 -0.07824980 2.70860000
v 0.12129204 -0.04527284 2.70860000
v 0.11363363 -0.06651233 2.70860000
v 0.14269652 -0.05326217 2.70860000
v 0.14819276 -0.02696304 2.70860000
v 0.12596384 -0.02291859 2.70860000
v 0.14269652 -0.05326217 2.70860000
v 0.12596384 -0.02291859 2.70860000
v 0.12129204 -0.04527284 2.70860000
v 0.14819276 -0.02696304 2.70860000
v 0.15004000 0.00000000 2.70860000
v 0.12753400 0.00000000 2.70860000
v 0.14819276 -0.02696304 2.70860000
v 0.12753400 0.00000000 2.70860000
v 0.12596384 -0.02291859 2.70860000
v 0.12753400 0.00000000 2.70860000
v 0.12596384 0.02291859 2.70860000
v 0.12596384 0.02291859 2.67860000
v 0.12753400 0.00000000 2.70860000
v 0.12596384 0.02291859 2.67860000
v 0.12753400 0.00000000 2.67860000
v 0.12596384 0.02291859 2.70860000
v 0.12129204 0.04527284 2.70860000
v 0.12129204 0.04527284 2.67860000
v 0.12596384 0.02291859 2.70860000
v 0.12129204 0.04527284 2.67860000
v 0.12596384 0.02291859 2.67860000
v 0.12129204 0.04527284 2.70860000
v 0.11363363 0.06651233 2.70860000
v 0.11363363 0.06651233 2.67860000
v 0.12129204 0.04527284 2.70860000
v 0.11363363 0.06651233 2.67860000
v 0.12129204 0.04527284 2.67860000
v 0.11363363 0.06651233 2.70860000
v 0.10317717 0.08611407 2.70860000
v 0.10317717 0.08611407 2.67860000
v 0.11363363 0.06651233 2.70860000
v 0.10317717 0.08611407 2.67860000
v 0.11363363 0.06651233 2.67860000
v 0.10317717 0.08611407 2.70860000
v 0.09018016 0.10359539 2.70860000
v 0.09018016 0.10359539 2.67860000
v 0.10317717 0.08611407 2.70860000
v 0.09018016 0.10359539 2.67860000
v 0.10317717 0.08611407 2.67860000
v 0.09018016 0.10359539 2.70860000
v 0.07496260 0.11852584 2.70860000
v 0.07496260 0.11852584 2.67860000
v 0.09018016 0.10359539 2.70860000
v 0.07496260 0.11852584 2.67860000
v 0.09018016 0.10359539 2.67860000
v 0.07496260 0.11852584 2.70860000
v 0.05789922 0.13053780 2.70860000
v 0.05789922 0.13053780 2.67860000
v 0.07496260 0.11852584 2.70860000
v 0.05789922 0.13053780 2.67860000
v 0.07496260 0.11852584 2.67860000
v 0.05789922 0.13053780 2.70860000
v 0.03941017 0.13933549 2.70860000
v 0.03941017 0.13933549 2.67860000
v 0.05789922 0.13053780 2.70860000
v 0.03941017 0.13933549 2.67860000
v 0.05789922 0.13053780 2.67860000
v 0.03941017 0.13933549 2.70860000
v 0.01995071 0.14470227 2.70860000
v 0.01995071 0.14470227 2.67860000
v 0.03941017 0.13933549 2.70860000
v 0.01995071 0.14470227 2.67860000
v 0.03941017 0.13933549 2.67860000
v 0.01995071 0.14470227 2.70860000
v 0.00000000 0.14650600 2.70860000
v 0.00000000 0.14650600 2.67860000
v 0.01995071 0.14470227 2.70860000
v 0.00000000 0.14650600 2.67860000
v 0.01995071 0.14470227 2.67860000
v 0.00000000 0.14650600 2.70860000
v -0.01995071 0.14470227 2.70860000
v -0.01995071 0.14470227 2.67860000
v 0.00000000 0.14650600 2.70860000
v -0.01995071 0.14470227 2.67860000
v 0.00000000 0.14650600 2.67860000
v -0.01995071 0.14470227 2.70860000
v -0.03941017 0.13933549 2.70860000
v -0.03941017 0.13933549 2.67860000
v -0.01995071 0.14470227 2.70860000
v -0.03941017 0.13933549 2.67860000
v -0.01995071 0.14470227 2.67860000
v -0.03941017 0.13933549 2.70860000
v -0.05789922 0.13053780 2.70860000
v -0.05789922 0.13053780 2.67860000
v -0.03941017 0.13933549 2.70860000
v -0.05789922 0.13053780 2.67860000
v -0.03941017 0.13933549 2.67860000
v -0.05789922 0.13053780 2.70860000
v -0.07496260 0.11852584 2.70860000
v -0.07496260 0.11852584 2.67860000
v -0.05789922 0.13053780 2.70860000
v -0.07496260 0.11852584 2.67860000
v -0.05789922 0.13053780 2.67860000
v -0.07496260 0.11852584 2.70860000
v -0.09018016 0.10359539 2.70860000
v -0.09018016 0.10359539 2.67860000
v -0.07496260 0.11852584 2.70860000
v -0.09018016 0.10359539 2.67860000
v -0.07496260 0.11852584 2.67860000
v -0.09018016 0.10359539 2.70860000
v -0.10317717 0.08611407 2.70860000
v -0.10317717 0.08611407 2.67860000
v -0.09018016 0.10359539 2.70860000
v -0.10317717 0.08611407 2.67860000
v -0.09018016 0.10359539 2.67860000
v -0.10317717 0.08611407 2.70860000
v -0.11363363 0.06651233 2.70860000
v -0.11363363 0.06651233 2.67860000
v -0.10317717 0.08611407 2.70860000
v -0.11363363 0.06651233 2.67860000
v -0.10317717 0.08611407 2.67860000
v -0.11363363 0.06651233 2.70860000
v -0.12129204 0.04527284 2.70860000
v -0.12129204 0.04527284 2.67860000
v -0.11363363 0.06651233 2.70860000
v -0.12129204 0.04527284 2.67860000
v -0.11363363 0.06651233 2.67860000
v -0.12129204 0.04527284 2.70860000
v -0.12596384 0.02291859 2.70860000
v -0.12596384 0.02291859 2.67860000
v -0.12129204 0.04527284 2.70860000
v -0.12596384 0.02291859 2.67860000
v -0.12129204 0.04527284 2.67860000
v -0.12596384 0.02291859 2.70860000
v -0.12753400 0.00000000 2.70860000
v -0.12753400 0.00000000 2.67860000
v -0.12596384 0.02291859 2.70860000
v -0.12753400 0.00000000 2.67860000
v -0.12596384 0.02291859 2.67860000
v -0.12753400 0.00000000 2.70860000
v -0.12596384 -0.02291859 2.70860000
v -0.12596384 -0.02291859 2.67860000
v -0.12753400 0.00000000 2.70860000
v -0.12596384 -0.02291859 2.67860000
v -0.12753400 0.00000000 2.67860000
v -0.12596384 -0.02291859 2.70860000
v -0.12129204 -0.04527284 2.70860000
v -0.12129204 -0.04527284 2.67860000
v -0.12596384 -0.02291859 2.70860000
v -0.12129204 -0.04527284 2.67860000
v -0.12596384 -0.02291859 2.67860000
v -0.12129204 -0.04527284 2.70860000
v -0.11363363 -0.06651233 2.70860000
v -0.11363363 -0.06651233 2.67860000
v -0.12129204 -0.04527284 2.70860000
v -0.11363363 -0.06651233 2.67860000
v -0.12129204 -0.04527284 2.67860000
v -0.11363363 -0.06651233 2.70860000
v -0.10317717 -0.08611407 2.70860000
v -0.10317717 -0.08611407 2.67860000
v -0.11363363 -0.06651233 2.70860000
v -0.10317717 -0.08611407 2.67860000
v -0.11363363 -0.06651233 2.67860000
v -0.10317717 -0.08611407 2.70860000
v -0.09018016 -0.10359539 2.70860000
v -0.09018016 -0.10359539 2.67860000
v -0.10317717 -0.08611407 2.70860000
v -0.09018016 -0.10359539 2.67860000
v -0.10317717 -0.08611407 2.67860000
v -0.09018016 -0.10359539 2.70860000
v -0.07496260 -0.11852584 2.70860000
v -0.07496260 -0.11852584 2.67860000
v -0.09018016 -0.10359539 2.70860000
v -0.07496260 -0.11852584 2.67860000
v -0.09018016 -0.10359539 2.67860000
v -0.07496260 -0.11852584 2.70860000
v -0.05789922 -0.13053780 2.70860000
v -0.05789922 -0.13053780 2.67860000
v -0.07496260 -0.11852584 2.70860000
v -0.05789922 -0.13053780 2.67860000
v -0.07496260 -0.11852584 2.67860000
v -0.05789922 -0.13053780 2.70860000
v -0.03941017 -0.13933549 2.70860000
v -0.03941017 -0.13933549 2.67860000
v -0.05789922 -0.13053780 2.70860000
v -0.03941017 -0.13933549 2.67860000
v -0.05789922 -0.13053780 2.67860000
v -0.03941017 -0.13933549 2.70860000
v -0.01995071 -0.14470227 2.70860000
v -0.01995071 -0.14470227 2.67860000
v -0.03941017 -0.13933549 2.70860000
v -0.01995071 -0.14470227 2.67860000
v -0.03941017 -0.13933549 2.67860000
v -0.01995071 -0.14470227 2.70860000
v -0.00000000 -0.14650600 2.70860000
v -0.00000000 -0.14650600 2.67860000
v -0.01995071 -0.14470227 2.70860000
v -0.00000000 -0.14650600 2.67860000
v -0.01995071 -0.14470227 2.67860000
v -0.00000000 -0.14650600 2.70860000
v 0.01995071 -0.14470227 2.70860000
v 0.01995071 -0.14470227 2.67860000
v -0.00000000 -0.14650600 2.70860000
v 0.01995071 -0.14470227 2.67860000
v -0.00000000 -0.14650600 2.67860000
v 0.01995071 -0.14470227 2.70860000
v 0.03941017 -0.13933549 2.70860000
v 0.03941017 -0.13933549 2.67860000
v 0.01995071 -0.14470227 2.70860000
v 0.03941017 -0.13933549 2.67860000
v 0.01995071 -0.14470227 2.67860000
v 0.03941017 -0.13933549 2.70860000
v 0.05789922 -0.13053780 2.70860000
v 0.05789922 -0.13053780 2.67860000
v 0.03941017 -0.13933549 2.70860000
v 0.05789922 -0.13053780 2.67860000
v 0.03941017 -0.13933549 2.67860000
v 0.05789922 -0.13053780 2.70860000
v 0.07496260 -0.11852584 2.70860000
v 0.07496260 -0.11852584 2.67860000
v 0.05789922 -0.13053780 2.70860000
v 0.07496260 -0.11852584 2.67860000
v 0.05789922 -0.13053780 2.67860000
v 0.07496260 -0.11852584 2.70860000
v 0.09018016 -0.10359539 2.70860000
v 0.09018016 -0.10359539 2.67860000
v 0.07496260 -0.11852584 2.70860000
v 0.09018016 -0.10359539 2.67860000
v 0.07496260 -0.11852584 2.67860000
v 0.09018016 -0.10359539 2.70860000
v 0.10317717 -0.08611407 2.70860000
v 0.10317717 -0.08611407 2.67860000
v 0.09018016 -0.10359539 2.70860000
v 0.10317717 -0.08611407 2.67860000
v 0.09018016 -0.10359539 2.67860000
v 0.10317717 -0.08611407 2.70860000
v 0.11363363 -0.06651233 2.70860000
v 0.11363363 -0.06651233 2.67860000
v 0.10317717 -0.08611407 2.70860000
v 0.11363363 -0.06651233 2.67860000
v 0.10317717 -0.08611407 2.67860000
v 0.11363363 -0.06651233 2.70860000
v 0.12129204 -0.04527284 2.70860000
v 0.12129204 -0.04527284 2.67860000
v 0.11363363 -0.06651233 2.70860000
v 0.12129204 -0.04527284 2.67860000
v 0.11363363 -0.06651233 2.67860000
v 0.12129204 -0.04527284 2.70860000
v 0.12596384 -0.02291859 2.70860000
v 0.12596384 -0.02291859 2.67860000
v 0.12129204 -0.04527284 2.70860000
v 0.12596384 -0.02291859 2.67860000
v 0.12129204 -0.04527284 2.67860000
v 0.12596384 -0.02291859 2.70860000
v 0.12753400 0.00000000 2.70860000
v 0.12753400 0.00000000 2.67860000
v 0.12596384 -0.02291859 2.70860000
v 0.12753400 0.00000000 2.67860000
v 0.12596384 -0.02291859 2.67860000
v 0.12753400 0.00000000 2.67860000
v 0.12596384 0.02291859 2.67860000
v 0.00000000 0.00000000 2.67860000
v 0.12596384 0.02291859 2.67860000
v 0.12129204 0.04527284 2.67860000
v 0.00000000 0.00000000 2.67860000
v 0.12129204 0.04527284 2.67860000
v 0.11363363 0.06651233 2.67860000
v 0.00000000 0.00000000 2.67860000
v 0.11363363 0.06651233 2.67860000
v 0.10317717 0.08611407 2.67860000
v 0.00000000 0.00000000 2.67860000
v 0.10317717 0.08611407 2.67860000
v 0.09018016 0.10359539 2.67860000
v 0.00000000 0.00000000 2.67860000
v 0.09018016 0.10359539 2.67860000
v 0.07496260 0.11852584 2.67860000
v 0.00000000 0.00000000 2.67860000
v 0.07496260 0.11852584 2.67860000
v 0.05789922 0.13053780 2.67860000
v 0.00000000 0.00000000 2.67860000
v 0.05789922 0.13053780 2.67860000
v 0.03941017 0.13933549 2.67860000
v 0.00000000 0.00000000 2.67860000
v 0.03941017 0.13933549 2.67860000
v 0.01995071 0.14470227 2.67860000
v 0.00000000 0.00000000 2.67860000
v 0.01995071 0.14470227 2.67860000
v 0.00000000 0.14650600 2.67860000
v 0.00000000 0.00000000 2.67860000
v 0.00000000 0.14650600 2.67860000
v -0.01995071 0.14470227 2.67860000
v 0.00000000 0.00000000 2.67860000
v -0.01995071 0.14470227 2.67860000
v -0.03941017 0.13933549 2.67860000
v 0.00000000 0.00000000 2.67860000
v -0.03941017 0.13933549 2.67860000
v -0.05789922 0.13053780 2.67860000
v 0.00000000 0.00000000 2.67860000
v -0.05789922 0.13053780 2.67860000
v -0.07496260 0.11852584 2.67860000
v 0.00000000 0.00000000 2.67860000
v -0.07496260 0.11852584 2.67860000
v -0.09018016 0.10359539 2.67860000
v 0.00000000 0.00000000 2.67860000
v -0.09018016 0.10359539 2.67860000
v -0.10317717 0.08611407 2.67860000
v 0.00000000 0.00000000 2.67860000
v -0.10317717 0.08611407 2.67860000
v -0.11363363 0.06651233 2.67860000
v 0.00000000 0.00000000 2.67860000
v -0.11363363 0.06651233 2.67860000
v -0.12129204 0.04527284 2.67860000
v 0.00000000 0.00000000 2.67860000
v -0.12129204 0.04527284 2.67860000
v -0.12596384 0.02291859 2.67860000
v 0.00000000 0.00000000 2.67860000
v -0.12596384 0.02291859 2.67860000
v -0.12753400 0.00000000 2.67860000
v 0.00000000 0.00000000 2.67860000
v -0.12753400 0.00000000 2.67860000
v -0.12596384 -0.02291859 2.67860000
v 0.00000000 0.00000000 2.67860000
v -0.12596384 -0.02291859 2.67860000
v -0.12129204 -0.04527284 2.67860000
v 0.00000000 0.00000000 2.67860000
v -0.12129204 -0.04527284 2.67860000
v -0.11363363 -0.06651233 2.67860000
v 0.00000000 0.00000000 2.67860000
v -0.11363363 -0.06651233 2.67860000
v -0.10317717 -0.08611407 2.67860000
v 0.00000000 0.00000000 2.67860000
v -0.10317717 -0.08611407 2.67860000
v -0.09018016 -0.10359539 2.67860000
v 0.00000000 0.00000000 2.67860000
v -0.09018016 -0.10359539 2.67860000
v -0.07496260 -0.11852584 2.67860000
v 0.00000000 0.00000000 2.67860000
v -0.07496260 -0.11852584 2.67860000
v -0.05789922 -0.13053780 2.67860000
v 0.00000000 0.00000000 2.67860000
v -0.05789922 -0.13053780 2.67860000
v -0.03941017 -0.13933549 2.67860000
v 0.00000000 0.00000000 2.67860000
v -0.03941017 -0.13933549 2.67860000
v -0.01995071 -0.14470227 2.67860000
v 0.00000000 0.00000000 2.67860000
v -0.01995071 -0.14470227 2.67860000
v -0.00000000 -0.14650600 2.67860000
v 0.00000000 0.00000000 2.67860000
v -0.00000000 -0.14650600 2.67860000
v 0.01995071 -0.14470227 2.67860000
v 0.00000000 0.00000000 2.67860000
v 0.01995071 -0.14470227 2.67860000
v 0.03941017 -0.13933549 2.67860000
v 0.00000000 0.00000000 2.67860000
v 0.03941017 -0.13933549 2.67860000
v 0.05789922 -0.13053780 2.67860000
v 0.00000000 0.00000000 2.67860000
v 0.05789922 -0.13053780 2.67860000
v 0.07496260 -0.11852584 2.67860000
v 0.00000000 0.00000000 2.67860000
v 0.07496260 -0.11852584 2.67860000
v 0.09018016 -0.10359539 2.67860000
v 0.00000000 0.00000000 2.67860000
v 0.09018016 -0.10359539 2.67860000
v 0.10317717 -0.08611407 2.67860000
v 0.00000000 0.00000000 2.67860000
v 0.10317717 -0.08611407 2.67860000
v 0.11363363 -0.06651233 2.67860000
v 0.00000000 0.00000000 2.67860000
v 0.11363363 -0.06651233 2.67860000
v 0.12129204 -0.04527284 2.67860000
v 0.00000000 0.00000000 2.67860000
v 0.12129204 -0.04527284 2.67860000
v 0.12596384 -0.02291859 2.67860000
v 0.00000000 0.00000000 2.67860000
v 0.12596384 -0.02291859 2.67860000
v 0.12753400 0.00000000 2.67860000
v 0.00000000 0.00000000 2.67860000
v 0.04840000 0.00000000 2.68060000
v 0.04729761 0.01696062 2.68060000
v -0.04114000 0.00000000 2.68060000
v 0.04729761 0.01696062 2.68060000
v 0.04401760 0.03350362 2.68060000
v -0.04114000 0.00000000 2.68060000
v 0.04401760 0.03350362 2.68060000
v 0.03864072 0.04922165 2.68060000
v -0.04114000 0.00000000 2.68060000
v 0.03864072 0.04922165 2.68060000
v 0.03129938 0.06372768 2.68060000
v -0.04114000 0.00000000 2.68060000
v 0.03129938 0.06372768 2.68060000
v 0.02217434 0.07666452 2.68060000
v -0.04114000 0.00000000 2.68060000
v 0.02217434 0.07666452 2.68060000
v 0.01149029 0.08771362 2.68060000
v -0.04114000 0.00000000 2.68060000
v 0.01149029 0.08771362 2.68060000
v -0.00048969 0.09660293 2.68060000
v -0.04114000 0.00000000 2.68060000
v -0.00048969 0.09660293 2.68060000
v -0.01347062 0.10311355 2.68060000
v -0.04114000 0.00000000 2.68060000
v -0.01347062 0.10311355 2.68060000
v -0.02713286 0.10708517 2.68060000
v -0.04114000 0.00000000 2.68060000
v -0.02713286 0.10708517 2.68060000
v -0.04114000 0.10842000 2.68060000
v -0.04114000 0.00000000 2.68060000
v -0.04114000 0.10842000 2.68060000
v -0.05514714 0.10708517 2.68060000
v -0.04114000 0.00000000 2.68060000
v -0.05514714 0.10708517 2.68060000
v -0.06880938 0.10311355 2.68060000
v -0.04114000 0.00000000 2.68060000
v -0.06880938 0.10311355 2.68060000
v -0.08179031 0.09660293 2.68060000
v -0.04114000 0.00000000 2.68060000
v -0.08179031 0.09660293 2.68060000
v -0.09377029 0.08771362 2.68060000
v -0.04114000 0.00000000 2.68060000
v -0.09377029 0.08771362 2.68060000
v -0.10445434 0.07666452 2.68060000
v -0.04114000 0.00000000 2.68060000
v -0.10445434 0.07666452 2.68060000
v -0.11357938 0.06372768 2.68060000
v -0.04114000 0.00000000 2.68060000
v -0.11357938 0.06372768 2.68060000
v -0.12092072 0.04922165 2.68060000
v -0.04114000 0.00000000 2.68060000
v -0.12092072 0.04922165 2.68060000
v -0.12629760 0.03350362 2.68060000
v -0.04114000 0.00000000 2.68060000
v -0.12629760 0.03350362 2.68060000
v -0.12957761 0.01696062 2.68060000
v -0.04114000 0.00000000 2.68060000
v -0.12957761 0.01696062 2.68060000
v -0.13068000 0.00000000 2.68060000
v -0.04114000 0.00000000 2.68060000
v -0.13068000 0.00000000 2.68060000
v -0.12957761 -0.01696062 2.68060000
v -0.04114000 0.00000000 2.68060000
v -0.12957761 -0.01696062 2.68060000
v -0.12629760 -0.03350362 2.68060000
v -0.04114000 0.00000000 2.68060000
v -0.12629760 -0.03350362 2.68060000
v -0.12092072 -0.04922165 2.68060000
v -0.04114000 0.00000000 2.68060000
v -0.12092072 -0.04922165 2.68060000
v -0.11357938 -0.06372768 2.68060000
v -0.04114000 0.00000000 2.68060000
v -0.11357938 -0.06372768 2.68060000
v -0.10445434 -0.07666452 2.68060000
v -0.04114000 0.00000000 2.68060000
v -0.10445434 -0.07666452 2.68060000
v -0.09377029 -0.08771362 2.68060000
v -0.04114000 0.00000000 2.68060000
v -0.09377029 -0.08771362 2.68060000
v -0.08179031 -0.09660293 2.68060000
v -0.04114000 0.00000000 2.68060000
v -0.08179031 -0.09660293 2.68060000
v -0.06880938 -0.10311355 2.68060000
v -0.04114000 0.00000000 2.68060000
v -0.06880938 -0.10311355 2.68060000
v -0.05514714 -0.10708517 2.68060000
v -0.04114000 0.00000000 2.68060000
v -0.05514714 -0.10708517 2.68060000
v -0.04114000 -0.10842000 2.68060000
v -0.04114000 0.00000000 2.68060000
v -0.04114000 -0.10842000 2.68060000
v -0.02713286 -0.10708517 2.68060000
v -0.04114000 0.00000000 2.68060000
v -0.02713286 -0.10708517 2.68060000
v -0.01347062 -0.10311355 2.68060000
v -0.04114000 0.00000000 2.68060000
v -0.01347062 -0.10311355 2.68060000
v -0.00048969 -0.09660293 2.68060000
v -0.04114000 0.00000000 2.68060000
v -0.00048969 -0.09660293 2.68060000
v 0.01149029 -0.08771362 2.68060000
v -0.04114000 0.00000000 2.68060000
v 0.01149029 -0.08771362 2.68060000
v 0.02217434 -0.07666452 2.68060000
v -0.04114000 0.00000000 2.68060000
v 0.02217434 -0.07666452 2.68060000
v 0.03129938 -0.06372768 2.68060000
v -0.04114000 0.00000000 2.68060000
v 0.03129938 -0.06372768 2.68060000
v 0.03864072 -0.04922165 2.68060000
v -0.04114000 0.00000000 2.68060000
v 0.03864072 -0.04922165 2.68060000
v 0.04401760 -0.03350362 2.68060000
v -0.04114000 0.00000000 2.68060000
v 0.04401760 -0.03350362 2.68060000
v 0.04729761 -0.01696062 2.68060000
v -0.04114000 0.00000000 2.68060000
v 0.04729761 -0.01696062 2.68060000
v 0.04840000 0.00000000 2.68060000
v -0.04114000 0.00000000 2.68060000
v 0.04840000 0.00000000 2.69360000
v 0.04729761 0.01696062 2.69360000
v 0.04559831 0.01663473 2.69709368
v 0.04840000 0.00000000 2.69360000
v 0.04559831 0.01663473 2.69709368
v 0.04667951 0.00000000 2.69709368
v 0.04729761 0.01696062 2.69360000
v 0.04401760 0.03350362 2.69360000
v 0.04238132 0.03285986 2.69709368
v 0.04729761 0.01696062 2.69360000
v 0.04238132 0.03285986 2.69709368
v 0.04559831 0.01663473 2.69709368
v 0.04401760 0.03350362 2.69360000
v 0.03864072 0.04922165 2.69360000
v 0.03710776 0.04827587 2.69709368
v 0.04401760 0.03350362 2.69360000
v 0.03710776 0.04827587 2.69709368
v 0.04238132 0.03285986 2.69709368
v 0.03864072 0.04922165 2.69360000
v 0.03129938 0.06372768 2.69360000
v 0.02990748 0.06250317 2.69709368
v 0.03864072 0.04922165 2.69360000
v 0.02990748 0.06250317 2.69709368
v 0.03710776 0.04827587 2.69709368
v 0.03129938 0.06372768 2.69360000
v 0.02217434 0.07666452 2.69360000
v 0.02095777 0.07519143 2.69709368
v 0.03129938 0.06372768 2.69360000
v 0.02095777 0.07519143 2.69709368
v 0.02990748 0.06250317 2.69709368
v 0.02217434 0.07666452 2.69360000
v 0.01149029 0.08771362 2.69360000
v 0.01047902 0.08602823 2.69709368
v 0.02217434 0.07666452 2.69360000
v 0.01047902 0.08602823 2.69709368
v 0.02095777 0.07519143 2.69709368
v 0.01149029 0.08771362 2.69360000
v -0.00048969 0.09660293 2.69360000
v -0.00127077 0.09474673 2.69709368
v 0.01149029 0.08771362 2.69360000
v -0.00127077 0.09474673 2.69709368
v 0.01047902 0.08602823 2.69709368
v -0.00048969 0.09660293 2.69360000
v -0.01347062 0.10311355 2.69360000
v -0.01400228 0.10113225 2.69709368
v -0.00048969 0.09660293 2.69360000
v -0.01400228 0.10113225 2.69709368
v -0.00127077 0.09474673 2.69709368
v -0.01347062 0.10311355 2.69360000
v -0.02713286 0.10708517 2.69360000
v -0.02740200 0.10502756 2.69709368
v -0.01347062 0.10311355 2.69360000
v -0.02740200 0.10502756 2.69709368
v -0.01400228 0.10113225 2.69709368
v -0.02713286 0.10708517 2.69360000
v -0.04114000 0.10842000 2.69360000
v -0.04114000 0.10633674 2.69709368
v -0.02713286 0.10708517 2.69360000
v -0.04114000 0.10633674 2.69709368
v -0.02740200 0.10502756 2.69709368
v -0.04114000 0.10842000 2.69360000
v -0.05514714 0.10708517 2.69360000
v -0.05487800 0.10502756 2.69709368
v -0.04114000 0.10842000 2.69360000
v -0.05487800 0.10502756 2.69709368
v -0.04114000 0.10633674 2.69709368
v -0.05514714 0.10708517 2.69360000
v -0.06880938 0.10311355 2.69360000
v -0.06827772 0.10113225 2.69709368
v -0.05514714 0.10708517 2.69360000
v -0.06827772 0.10113225 2.69709368
v -0.05487800 0.10502756 2.69709368
v -0.06880938 0.10311355 2.69360000
v -0.08179031 0.09660293 2.69360000
v -0.08100923 0.09474673 2.69709368
v -0.06880938 0.10311355 2.69360000
v -0.08100923 0.09474673 2.69709368
v -0.06827772 0.10113225 2.69709368
v -0.08179031 0.09660293 2.69360000
v -0.09377029 0.08771362 2.69360000
v -0.09275902 0.08602823 2.69709368
v -0.08179031 0.09660293 2.69360000
v -0.09275902 0.08602823 2.69709368
v -0.08100923 0.09474673 2.69709368
v -0.09377029 0.08771362 2.69360000
v -0.10445434 0.07666452 2.69360000
v -0.10323777 0.07519143 2.69709368
v -0.09377029 0.08771362 2.69360000
v -0.10323777 0.07519143 2.69709368
v -0.09275902 0.08602823 2.69709368
v -0.10445434 0.07666452 2.69360000
v -0.11357938 0.06372768 2.69360000
v -0.11218748 0.06250317 2.69709368
v -0.10445434 0.07666452 2.69360000
v -0.11218748 0.06250317 2.69709368
v -0.10323777 0.07519143 2.69709368
v -0.11357938 0.06372768 2.69360000
v -0.12092072 0.04922165 2.69360000
v -0.11938776 0.04827587 2.69709368
v -0.11357938 0.06372768 2.69360000
v -0.11938776 0.04827587 2.69709368
v -0.11218748 0.06250317 2.69709368
v -0.12092072 0.04922165 2.69360000
v -0.12629760 0.03350362 2.69360000
v -0.12466132 0.03285986 2.69709368
v -0.12092072 0.04922165 2.69360000
v -0.12466132 0.03285986 2.69709368
v -0.11938776 0.04827587 2.69709368
v -0.12629760 0.03350362 2.69360000
v -0.12957761 0.01696062 2.69360000
v -0.12787831 0.01663473 2.69709368
v -0.12629760 0.03350362 2.69360000
v -0.12787831 0.01663473 2.69709368
v -0.12466132 0.03285986 2.69709368
v -0.12957761 0.01696062 2.69360000
v -0.13068000 0.00000000 2.69360000
v -0.12895951 0.00000000 2.69709368
v -0.12957761 0.01696062 2.69360000
v -0.12895951 0.00000000 2.69709368
v -0.12787831 0.01663473 2.69709368
v -0.13068000 0.00000000 2.69360000
v -0.12957761 -0.01696062 2.69360000
v -0.12787831 -0.01663473 2.69709368
v -0.13068000 0.00000000 2.69360000
v -0.12787831 -0.01663473 2.69709368
v -0.12895951 0.00000000 2.69709368
v -0.12957761 -0.01696062 2.69360000
v -0.12629760 -0.03350362 2.69360000
v -0.12466132 -0.03285986 2.69709368
v -0.12957761 -0.01696062 2.69360000
v -0.12466132 -0.03285986 2.69709368
v -0.12787831 -0.01663473 2.69709368
v -0.12629760 -0.03350362 2.69360000
v -0.12092072 -0.04922165 2.69360000
v -0.11938776 -0.04827587 2.69709368
v -0.12629760 -0.03350362 2.69360000
v -0.11938776 -0.04827587 2.69709368
v -0.12466132 -0.03285986 2.69709368
v -0.12092072 -0.04922165 2.69360000
v -0.11357938 -0.06372768 2.69360000
v -0.11218748 -0.06250317 2.69709368
v -0.12092072 -0.04922165 2.69360000
v -0.11218748 -0.06250317 2.69709368
v -0.11938776 -0.04827587 2.69709368
v -0.11357938 -0.06372768 2.69360000
v -0.10445434 -0.07666452 2.69360000
v -0.10323777 -0.07519143 2.69709368
v -0.11357938 -0.06372768 2.69360000
v -0.10323777 -0.07519143 2.69709368
v -0.11218748 -0.06250317 2.69709368
v -0.10445434 -0.07666452 2.69360000
v -0.09377029 -0.08771362 2.69360000
v -0.09275902 -0.08602823 2.69709368
v -0.10445434 -0.07666452 2.69360000
v -0.09275902 -0.08602823 2.69709368
v -0.10323777 -0.07519143 2.69709368
v -0.09377029 -0.08771362 2.69360000
v -0.08179031 -0.09660293 2.69360000
v -0.08100923 -0.09474673 2.69709368
v -0.09377029 -0.08771362 2.69360000
v -0.08100923 -0.09474673 2.69709368
v -0.09275902 -0.08602823 2.69709368
v -0.08179031 -0.09660293 2.69360000
v -0.06880938 -0.10311355 2.69360000
v -0.06827772 -0.10113225 2.69709368
v -0.08179031 -0.09660293 2.69360000
v -0.06827772 -0.10113225 2.69709368
v -0.08100923 -0.09474673 2.69709368
v -0.06880938 -0.10311355 2.69360000
v -0.05514714 -0.10708517 2.69360000
v -0.05487800 -0.10502756 2.69709368
v -0.06880938 -0.10311355 2.69360000
v -0.05487800 -0.10502756 2.69709368
v -0.06827772 -0.10113225 2.69709368
v -0.05514714 -0.10708517 2.69360000
v -0.04114000 -0.10842000 2.69360000
v -0.04114000 -0.10633674 2.69709368
v -0.05514714 -0.10708517 2.69360000
v -0.04114000 -0.10633674 2.69709368
v -0.05487800 -0.10502756 2.69709368
v -0.04114000 -0.10842000 2.69360000
v -0.02713286 -0.10708517 2.69360000
v -0.02740200 -0.10502756 2.69709368
v -0.04114000 -0.10842000 2.69360000
v -0.02740200 -0.10502756 2.69709368
v -0.04114000 -0.10633674 2.69709368
v -0.02713286 -0.10708517 2.69360000
v -0.01347062 -0.10311355 2.69360000
v -0.01400228 -0.10113225 2.69709368
v -0.02713286 -0.10708517 2.69360000
v -0.01400228 -0.10113225 2.69709368
v -0.02740200 -0.10502756 2.69709368
v -0.01347062 -0.10311355 2.69360000
v -0.00048969 -0.09660293 2.69360000
v -0.00127077 -0.09474673 2.69709368
v -0.01347062 -0.10311355 2.69360000
v -0.00127077 -0.09474673 2.69709368
v -0.01400228 -0.10113225 2.69709368
v -0.00048969 -0.09660293 2.69360000
v 0.01149029 -0.08771362 2.69360000
v 0.01047902 -0.08602823 2.69709368
v -0.00048969 -0.09660293 2.69360000
v 0.01047902 -0.08602823 2.69709368
v -0.00127077 -0.09474673 2.69709368
v 0.01149029 -0.08771362 2.69360000
v 0.02217434 -0.07666452 2.69360000
v 0.02095777 -0.07519143 2.69709368
v 0.01149029 -0.08771362 2.69360000
v 0.02095777 -0.07519143 2.69709368
v 0.01047902 -0.08602823 2.69709368
v 0.02217434 -0.07666452 2.69360000
v 0.03129938 -0.06372768 2.69360000
v 0.02990748 -0.06250317 2.69709368
v 0.02217434 -0.07666452 2.69360000
v 0.02990748 -0.06250317 2.69709368
v 0.02095777 -0.07519143 2.69709368
v 0.03129938 -0.06372768 2.69360000
v 0.03864072 -0.04922165 2.69360000
v 0.03710776 -0.04827587 2.69709368
v 0.03129938 -0.06372768 2.69360000
v 0.03710776 -0.04827587 2.69709368
v 0.02990748 -0.06250317 2.69709368
v 0.03864072 -0.04922165 2.69360000
v 0.04401760 -0.03350362 2.69360000
v 0.04238132 -0.03285986 2.69709368
v 0.03864072 -0.04922165 2.69360000
v 0.04238132 -0.03285986 2.69709368
v 0.03710776 -0.04827587 2.69709368
v 0.04401760 -0.03350362 2.69360000
v 0.04729761 -0.01696062 2.69360000
v 0.04559831 -0.01663473 2.69709368
v 0.04401760 -0.03350362 2.69360000
v 0.04559831 -0.01663473 2.69709368
v 0.04238132 -0.03285986 2.69709368
v 0.04729761 -0.01696062 2.69360000
v 0.04840000 0.00000000 2.69360000
v 0.04667951 0.00000000 2.69709368
v 0.04729761 -0.01696062 2.69360000
v 0.04667951 0.00000000 2.69709368
v 0.04559831 -0.01663473 2.69709368
v 0.04667951 0.00000000 2.69709368
v 0.04559831 0.01663473 2.69709368
v 0.04056570 0.01566957 2.70045309
v 0.04667951 0.00000000 2.69709368
v 0.04056570 0.01566957 2.70045309
v 0.04158417 0.00000000 2.70045309
v 0.04559831 0.01663473 2.69709368
v 0.04238132 0.03285986 2.69709368
v 0.03753536 0.03095331 2.70045309
v 0.04559831 0.01663473 2.69709368
v 0.03753536 0.03095331 2.70045309
v 0.04056570 0.01566957 2.70045309
v 0.04238132 0.03285986 2.69709368
v 0.03710776 0.04827587 2.69709368
v 0.03256778 0.04547487 2.70045309
v 0.04238132 0.03285986 2.69709368
v 0.03256778 0.04547487 2.70045309
v 0.03753536 0.03095331 2.70045309
v 0.03710776 0.04827587 2.69709368
v 0.02990748 0.06250317 2.69709368
v 0.02578526 0.05887670 2.70045309
v 0.03710776 0.04827587 2.69709368
v 0.02578526 0.05887670 2.70045309
v 0.03256778 0.04547487 2.70045309
v 0.02990748 0.06250317 2.69709368
v 0.02095777 0.07519143 2.69709368
v 0.01735482 0.07082878 2.70045309
v 0.02990748 0.06250317 2.69709368
v 0.01735482 0.07082878 2.70045309
v 0.02578526 0.05887670 2.70045309
v 0.02095777 0.07519143 2.69709368
v 0.01047902 0.08602823 2.69709368
v 0.00748405 0.08103682 2.70045309
v 0.02095777 0.07519143 2.69709368
v 0.00748405 0.08103682 2.70045309
v 0.01735482 0.07082878 2.70045309
v 0.01047902 0.08602823 2.69709368
v -0.00127077 0.09474673 2.69709368
v -0.00358401 0.08924947 2.70045309
v 0.01047902 0.08602823 2.69709368
v -0.00358401 0.08924947 2.70045309
v 0.00748405 0.08103682 2.70045309
v -0.00127077 0.09474673 2.69709368
v -0.01400228 0.10113225 2.69709368
v -0.01557682 0.09526450 2.70045309
v -0.00127077 0.09474673 2.69709368
v -0.01557682 0.09526450 2.70045309
v -0.00358401 0.08924947 2.70045309
v -0.01400228 0.10113225 2.69709368
v -0.02740200 0.10502756 2.69709368
v -0.02819909 0.09893380 2.70045309
v -0.01400228 0.10113225 2.69709368
v -0.02819909 0.09893380 2.70045309
v -0.01557682 0.09526450 2.70045309
v -0.02740200 0.10502756 2.69709368
v -0.04114000 0.10633674 2.69709368
v -0.04114000 0.10016702 2.70045309
v -0.02740200 0.10502756 2.69709368
v -0.04114000 0.10016702 2.70045309
v -0.02819909 0.09893380 2.70045309
v -0.04114000 0.10633674 2.69709368
v -0.05487800 0.10502756 2.69709368
v -0.05408091 0.09893380 2.70045309
v -0.04114000 0.10633674 2.69709368
v -0.05408091 0.09893380 2.70045309
v -0.04114000 0.10016702 2.70045309
v -0.05487800 0.10502756 2.69709368
v -0.06827772 0.10113225 2.69709368
v -0.06670318 0.09526450 2.70045309
v -0.05487800 0.10502756 2.69709368
v -0.06670318 0.09526450 2.70045309
v -0.05408091 0.09893380 2.70045309
v -0.06827772 0.10113225 2.69709368
v -0.08100923 0.09474673 2.69709368
v -0.07869599 0.08924947 2.70045309
v -0.06827772 0.10113225 2.69709368
v -0.07869599 0.08924947 2.70045309
v -0.06670318 0.09526450 2.70045309
v -0.08100923 0.09474673 2.69709368
v -0.09275902 0.08602823 2.69709368
v -0.08976405 0.08103682 2.70045309
v -0.08100923 0.09474673 2.69709368
v -0.08976405 0.08103682 2.70045309
v -0.07869599 0.08924947 2.70045309
v -0.09275902 0.08602823 2.69709368
v -0.10323777 0.07519143 2.69709368
v -0.09963482 0.07082878 2.70045309
v -0.09275902 0.08602823 2.69709368
v -0.09963482 0.07082878 2.70045309
v -0.08976405 0.08103682 2.70045309
v -0.10323777 0.07519143 2.69709368
v -0.11218748 0.06250317 2.69709368
v -0.10806526 0.05887670 2.70045309
v -0.10323777 0.07519143 2.69709368
v -0.10806526 0.05887670 2.70045309
v -0.09963482 0.07082878 2.70045309
v -0.11218748 0.06250317 2.69709368
v -0.11938776 0.04827587 2.69709368
v -0.11484778 0.04547487 2.70045309
v -0.11218748 0.06250317 2.69709368
v -0.11484778 0.04547487 2.70045309
v -0.10806526 0.05887670 2.70045309
v -0.11938776 0.04827587 2.69709368
v -0.12466132 0.03285986 2.69709368
v -0.11981536 0.03095331 2.70045309
v -0.11938776 0.04827587 2.69709368
v -0.11981536 0.03095331 2.70045309
v -0.11484778 0.04547487 2.70045309
v -0.12466132 0.03285986 2.69709368
v -0.12787831 0.01663473 2.69709368
v -0.12284570 0.01566957 2.70045309
v -0.12466132 0.03285986 2.69709368
v -0.12284570 0.01566957 2.70045309
v -0.11981536 0.03095331 2.70045309
v -0.12787831 0.01663473 2.69709368
v -0.12895951 0.00000000 2.69709368
v -0.12386417 0.00000000 2.70045309
v -0.12787831 0.01663473 2.69709368
v -0.12386417 0.00000000 2.70045309
v -0.12284570 0.01566957 2.70045309
v -0.12895951 0.00000000 2.69709368
v -0.12787831 -0.01663473 2.69709368
v -0.12284570 -0.01566957 2.70045309
v -0.12895951 0.00000000 2.69709368
v -0.12284570 -0.01566957 2.70045309
v -0.12386417 0.00000000 2.70045309
v -0.12787831 -0.01663473 2.69709368
v -0.12466132 -0.03285986 2.69709368
v -0.11981536 -0.03095331 2.70045309
v -0.12787831 -0.01663473 2.69709368
v -0.11981536 -0.03095331 2.70045309
v -0.12284570 -0.01566957 2.70045309
v -0.12466132 -0.03285986 2.69709368
v -0.11938776 -0.04827587 2.69709368
v -0.11484778 -0.04547487 2.70045309
v -0.12466132 -0.03285986 2.69709368
v -0.11484778 -0.04547487 2.70045309
v -0.11981536 -0.03095331 2.70045309
v -0.11938776 -0.04827587 2.69709368
v -0.11218748 -0.06250317 2.69709368
v -0.10806526 -0.05887670 2.70045309
v -0.11938776 -0.04827587 2.69709368
v -0.10806526 -0.05887670 2.70045309
v -0.11484778 -0.04547487 2.70045309
v -0.11218748 -0.06250317 2.69709368
v -0.10323777 -0.07519143 2.69709368
v -0.09963482 -0.07082878 2.70045309
v -0.11218748 -0.06250317 2.69709368
v -0.09963482 -0.07082878 2.70045309
v -0.10806526 -0.05887670 2.70045309
v -0.10323777 -0.07519143 2.69709368
v -0.09275902 -0.08602823 2.69709368
v -0.08976405 -0.08103682 2.70045309
v -0.10323777 -0.07519143 2.69709368
v -0.08976405 -0.08103682 2.70045309
v -0.09963482 -0.07082878 2.70045309
v -0.09275902 -0.08602823 2.69709368
v -0.08100923 -0.09474673 2.69709368
v -0.07869599 -0.08924947 2.70045309
v -0.09275902 -0.08602823 2.69709368
v -0.07869599 -0.08924947 2.70045309
v -0.08976405 -0.08103682 2.70045309
v -0.08100923 -0.09474673 2.69709368
v -0.06827772 -0.10113225 2.69709368
v -0.06670318 -0.09526450 2.70045309
v -0.08100923 -0.09474673 2.69709368
v -0.06670318 -0.09526450 2.70045309
v -0.07869599 -0.08924947 2.70045309
v -0.06827772 -0.10113225 2.69709368
v -0.05487800 -0.10502756 2.69709368
v -0.05408091 -0.09893380 2.70045309
v -0.06827772 -0.10113225 2.69709368
v -0.05408091 -0.09893380 2.70045309
v -0.06670318 -0.09526450 2.70045309
v -0.05487800 -0.10502756 2.69709368
v -0.04114000 -0.10633674 2.69709368
v -0.04114000 -0.10016702 2.70045309
v -0.05487800 -0.10502756 2.69709368
v -0.04114000 -0.10016702 2.70045309
v -0.05408091 -0.09893380 2.70045309
v -0.04114000 -0.10633674 2.69709368
v -0.02740200 -0.10502756 2.69709368
v -0.02819909 -0.09893380 2.70045309
v -0.04114000 -0.10633674 2.69709368
v -0.02819909 -0.09893380 2.70045309
v -0.04114000 -0.10016702 2.70045309
v -0.02740200 -0.10502756 2.69709368
v -0.01400228 -0.10113225 2.69709368
v -0.01557682 -0.09526450 2.70045309
v -0.02740200 -0.10502756 2.69709368
v -0.01557682 -0.09526450 2.70045309
v -0.02819909 -0.09893380 2.70045309
v -0.01400228 -0.10113225 2.69709368
v -0.00127077 -0.09474673 2.69709368
v -0.00358401 -0.08924947 2.70045309
v -0.01400228 -0.10113225 2.69709368
v -0.00358401 -0.08924947 2.70045309
v -0.01557682 -0.09526450 2.70045309
v -0.00127077 -0.09474673 2.69709368
v 0.01047902 -0.08602823 2.69709368
v 0.00748405 -0.08103682 2.70045309
v -0.00127077 -0.09474673 2.69709368
v 0.00748405 -0.08103682 2.70045309
v -0.00358401 -0.08924947 2.70045309
v 0.01047902 -0.08602823 2.69709368
v 0.02095777 -0.07519143 2.69709368
v 0.01735482 -0.07082878 2.70045309
v 0.01047902 -0.08602823 2.69709368
v 0.01735482 -0.07082878 2.70045309
v 0.00748405 -0.08103682 2.70045309
v 0.02095777 -0.07519143 2.69709368
v 0.02990748 -0.06250317 2.69709368
v 0.02578526 -0.05887670 2.70045309
v 0.02095777 -0.07519143 2.69709368
v 0.02578526 -0.05887670 2.70045309
v 0.01735482 -0.07082878 2.70045309
v 0.02990748 -0.06250317 2.69709368
v 0.03710776 -0.04827587 2.69709368
v 0.03256778 -0.04547487 2.70045309
v 0.02990748 -0.06250317 2.69709368
v 0.03256778 -0.04547487 2.70045309
v 0.02578526 -0.05887670 2.70045309
v 0.03710776 -0.04827587 2.69709368
v 0.04238132 -0.03285986 2.69709368
v 0.03753536 -0.03095331 2.70045309
v 0.03710776 -0.04827587 2.69709368
v 0.03753536 -0.03095331 2.70045309
v 0.03256778 -0.04547487 2.70045309
v 0.04238132 -0.03285986 2.69709368
v 0.04559831 -0.01663473 2.69709368
v 0.04056570 -0.01566957 2.70045309
v 0.04238132 -0.03285986 2.69709368
v 0.04056570 -0.01566957 2.70045309
v 0.03753536 -0.03095331 2.70045309
v 0.04559831 -0.01663473 2.69709368
v 0.04667951 0.00000000 2.69709368
v 0.04158417 0.00000000 2.70045309
v 0.04559831 -0.01663473 2.69709368
v 0.04158417 0.00000000 2.70045309
v 0.04056570 -0.01566957 2.70045309
v 0.04158417 0.00000000 2.70045309
v 0.04056570 0.01566957 2.70045309
v 0.03239319 0.01410224 2.70354915
v 0.04158417 0.00000000 2.70045309
v 0.03239319 0.01410224 2.70354915
v 0.03330979 0.00000000 2.70354915
v 0.04056570 0.01566957 2.70045309
v 0.03753536 0.03095331 2.70045309
v 0.02966596 0.02785724 2.70354915
v 0.04056570 0.01566957 2.70045309
v 0.02966596 0.02785724 2.70354915
v 0.03239319 0.01410224 2.70354915
v 0.03753536 0.03095331 2.70045309
v 0.03256778 0.04547487 2.70045309
v 0.02519525 0.04092631 2.70354915
v 0.03753536 0.03095331 2.70045309
v 0.02519525 0.04092631 2.70354915
v 0.02966596 0.02785724 2.70354915
v 0.03256778 0.04547487 2.70045309
v 0.02578526 0.05887670 2.70045309
v 0.01909114 0.05298763 2.70354915
v 0.03256778 0.04547487 2.70045309
v 0.01909114 0.05298763 2.70354915
v 0.02519525 0.04092631 2.70354915
v 0.02578526 0.05887670 2.70045309
v 0.01735482 0.07082878 2.70045309
v 0.01150395 0.06374422 2.70354915
v 0.02578526 0.05887670 2.70045309
v 0.01150395 0.06374422 2.70354915
v 0.01909114 0.05298763 2.70354915
v 0.01735482 0.07082878 2.70045309
v 0.00748405 0.08103682 2.70045309
v 0.00262049 0.07293121 2.70354915
v 0.01735482 0.07082878 2.70045309
v 0.00262049 0.07293121 2.70354915
v 0.01150395 0.06374422 2.70354915
v 0.00748405 0.08103682 2.70045309
v -0.00358401 0.08924947 2.70045309
v -0.00734050 0.08032240 2.70354915
v 0.00748405 0.08103682 2.70045309
v -0.00734050 0.08032240 2.70354915
v 0.00262049 0.07293121 2.70354915
v -0.00358401 0.08924947 2.70045309
v -0.01557682 0.09526450 2.70045309
v -0.01813375 0.08573578 2.70354915
v -0.00358401 0.08924947 2.70045309
v -0.01813375 0.08573578 2.70354915
v -0.00734050 0.08032240 2.70354915
v -0.01557682 0.09526450 2.70045309
v -0.02819909 0.09893380 2.70045309
v -0.02949349 0.08903806 2.70354915
v -0.01557682 0.09526450 2.70045309
v -0.02949349 0.08903806 2.70354915
v -0.01813375 0.08573578 2.70354915
v -0.02819909 0.09893380 2.70045309
v -0.04114000 0.10016702 2.70045309
v -0.04114000 0.09014794 2.70354915
v -0.02819909 0.09893380 2.70045309
v -0.04114000 0.09014794 2.70354915
v -0.02949349 0.08903806 2.70354915
v -0.04114000 0.10016702 2.70045309
v -0.05408091 0.09893380 2.70045309
v -0.05278651 0.08903806 2.70354915
v -0.04114000 0.10016702 2.70045309
v -0.05278651 0.08903806 2.70354915
v -0.04114000 0.09014794 2.70354915
v -0.05408091 0.09893380 2.70045309
v -0.06670318 0.09526450 2.70045309
v -0.06414625 0.08573578 2.70354915
v -0.05408091 0.09893380 2.70045309
v -0.06414625 0.08573578 2.70354915
v -0.05278651 0.08903806 2.70354915
v -0.06670318 0.09526450 2.70045309
v -0.07869599 0.08924947 2.70045309
v -0.07493950 0.08032240 2.70354915
v -0.06670318 0.09526450 2.70045309
v -0.07493950 0.08032240 2.70354915
v -0.06414625 0.08573578 2.70354915
v -0.07869599 0.08924947 2.70045309
v -0.08976405 0.08103682 2.70045309
v -0.08490049 0.07293121 2.70354915
v -0.07869599 0.08924947 2.70045309
v -0.08490049 0.07293121 2.70354915
v -0.07493950 0.08032240 2.70354915
v -0.08976405 0.08103682 2.70045309
v -0.09963482 0.07082878 2.70045309
v -0.09378395 0.06374422 2.70354915
v -0.08976405 0.08103682 2.70045309
v -0.09378395 0.06374422 2.70354915
v -0.08490049 0.07293121 2.70354915
v -0.09963482 0.07082878 2.70045309
v -0.10806526 0.05887670 2.70045309
v -0.10137114 0.05298763 2.70354915
v -0.09963482 0.07082878 2.70045309
v -0.10137114 0.05298763 2.70354915
v -0.09378395 0.06374422 2.70354915
v -0.10806526 0.05887670 2.70045309
v -0.11484778 0.04547487 2.70045309
v -0.10747525 0.04092631 2.70354915
v -0.10806526 0.05887670 2.70045309
v -0.10747525 0.04092631 2.70354915
v -0.10137114 0.05298763 2.70354915
v -0.11484778 0.04547487 2.70045309
v -0.11981536 0.03095331 2.70045309
v -0.11194596 0.02785724 2.70354915
v -0.11484778 0.04547487 2.70045309
v -0.11194596 0.02785724 2.70354915
v -0.10747525 0.04092631 2.70354915
v -0.11981536 0.03095331 2.70045309
v -0.12284570 0.01566957 2.70045309
v -0.11467319 0.01410224 2.70354915
v -0.11981536 0.03095331 2.70045309
v -0.11467319 0.01410224 2.70354915
v -0.11194596 0.02785724 2.70354915
v -0.12284570 0.01566957 2.70045309
v -0.12386417 0.00000000 2.70045309
v -0.11558979 0.00000000 2.70354915
v -0.12284570 0.01566957 2.70045309
v -0.11558979 0.00000000 2.70354915
v -0.11467319 0.01410224 2.70354915
v -0.12386417 0.00000000 2.70045309
v -0.12284570 -0.01566957 2.70045309
v -0.11467319 -0.01410224 2.70354915
v -0.12386417 0.00000000 2.70045309
v -0.11467319 -0.01410224 2.70354915
v -0.11558979 0.00000000 2.70354915
v -0.12284570 -0.01566957 2.70045309
v -0.11981536 -0.03095331 2.70045309
v -0.11194596 -0.02785724 2.70354915
v -0.12284570 -0.01566957 2.70045309
v -0.11194596 -0.02785724 2.70354915
v -0.11467319 -0.01410224 2.70354915
v -0.11981536 -0.03095331 2.70045309
v -0.11484778 -0.04547487 2.70045309
v -0.10747525 -0.04092631 2.70354915
v -0.11981536 -0.03095331 2.70045309
v -0.10747525 -0.04092631 2.70354915
v -0.11194596 -0.02785724 2.70354915
v -0.11484778 -0.04547487 2.70045309
v -0.10806526 -0.05887670 2.70045309
v -0.10137114 -0.05298763 2.70354915
v -0.11484778 -0.04547487 2.70045309
v -0.10137114 -0.05298763 2.70354915
v -0.10747525 -0.04092631 2.70354915
v -0.10806526 -0.05887670 2.70045309
v -0.09963482 -0.07082878 2.70045309
v -0.09378395 -0.06374422 2.70354915
v -0.10806526 -0.05887670 2.70045309
v -0.09378395 -0.06374422 2.70354915
v -0.10137114 -0.05298763 2.70354915
v -0.09963482 -0.07082878 2.70045309
v -0.08976405 -0.08103682 2.70045309
v -0.08490049 -0.07293121 2.70354915
v -0.09963482 -0.07082878 2.70045309
v -0.08490049 -0.07293121 2.70354915
v -0.09378395 -0.06374422 2.70354915
v -0.08976405 -0.08103682 2.70045309
v -0.07869599 -0.08924947 2.70045309
v -0.07493950 -0.08032240 2.70354915
v -0.08976405 -0.08103682 2.70045309
v -0.07493950 -0.08032240 2.70354915
v -0.08490049 -0.07293121 2.70354915
v -0.07869599 -0.08924947 2.70045309
v -0.06670318 -0.09526450 2.70045309
v -0.06414625 -0.08573578 2.70354915
v -0.07869599 -0.08924947 2.70045309
v -0.06414625 -0.08573578 2.70354915
v -0.07493950 -0.08032240 2.70354915
v -0.06670318 -0.09526450 2.70045309
v -0.05408091 -0.09893380 2.70045309
v -0.05278651 -0.08903806 2.70354915
v -0.06670318 -0.09526450 2.70045309
v -0.05278651 -0.08903806 2.70354915
v -0.06414625 -0.08573578 2.70354915
v -0.05408091 -0.09893380 2.70045309
v -0.04114000 -0.10016702 2.70045309
v -0.04114000 -0.09014794 2.70354915
v -0.05408091 -0.09893380 2.70045309
v -0.04114000 -0.09014794 2.70354915
v -0.05278651 -0.08903806 2.70354915
v -0.04114000 -0.10016702 2.70045309
v -0.02819909 -0.09893380 2.70045309
v -0.02949349 -0.08903806 2.70354915
v -0.04114000 -0.10016702 2.70045309
v -0.02949349 -0.08903806 2.70354915
v -0.04114000 -0.09014794 2.70354915
v -0.02819909 -0.09893380 2.70045309
v -0.01557682 -0.09526450 2.70045309
v -0.01813375 -0.08573578 2.70354915
v -0.02819909 -0.09893380 2.70045309
v -0.01813375 -0.08573578 2.70354915
v -0.02949349 -0.08903806 2.70354915
v -0.01557682 -0.09526450 2.70045309
v -0.00358401 -0.08924947 2.70045309
v -0.00734050 -0.08032240 2.70354915
v -0.01557682 -0.09526450 2.70045309
v -0.00734050 -0.08032240 2.70354915
v -0.01813375 -0.08573578 2.70354915
v -0.00358401 -0.08924947 2.70045309
v 0.00748405 -0.08103682 2.70045309
v 0.00262049 -0.07293121 2.70354915
v -0.00358401 -0.08924947 2.70045309
v 0.00262049 -0.07293121 2.70354915
v -0.00734050 -0.08032240 2.70354915
v 0.00748405 -0.08103682 2.70045309
v 0.01735482 -0.07082878 2.70045309
v 0.01150395 -0.06374422 2.70354915
v 0.00748405 -0.08103682 2.70045309
v 0.01150395 -0.06374422 2.70354915
v 0.00262049 -0.07293121 2.70354915
v 0.01735482 -0.07082878 2.70045309
v 0.02578526 -0.05887670 2.70045309
v 0.01909114 -0.05298763 2.70354915
v 0.01735482 -0.07082878 2.70045309
v 0.01909114 -0.05298763 2.70354915
v 0.01150395 -0.06374422 2.70354915
v 0.02578526 -0.05887670 2.70045309
v 0.03256778 -0.04547487 2.70045309
v 0.02519525 -0.04092631 2.70354915
v 0.02578526 -0.05887670 2.70045309
v 0.02519525 -0.04092631 2.70354915
v 0.01909114 -0.05298763 2.70354915
v 0.03256778 -0.04547487 2.70045309
v 0.03753536 -0.03095331 2.70045309
v 0.02966596 -0.02785724 2.70354915
v 0.03256778 -0.04547487 2.70045309
v 0.02966596 -0.02785724 2.70354915
v 0.02519525 -0.04092631 2.70354915
v 0.03753536 -0.03095331 2.70045309
v 0.04056570 -0.01566957 2.70045309
v 0.03239319 -0.01410224 2.70354915
v 0.03753536 -0.03095331 2.70045309
v 0.03239319 -0.01410224 2.70354915
v 0.02966596 -0.02785724 2.70354915
v 0.04056570 -0.01566957 2.70045309
v 0.04158417 0.00000000 2.70045309
v 0.03330979 0.00000000 2.70354915
v 0.04056570 -0.01566957 2.70045309
v 0.03330979 0.00000000 2.70354915
v 0.03239319 -0.01410224 2.70354915
v 0.03330979 0.00000000 2.70354915
v 0.03239319 0.01410224 2.70354915
v 0.02139484 0.01199297 2.70626287
v 0.03330979 0.00000000 2.70354915
v 0.02139484 0.01199297 2.70626287
v 0.02217434 0.00000000 2.70626287
v 0.03239319 0.01410224 2.70354915
v 0.02966596 0.02785724 2.70354915
v 0.01907552 0.02369064 2.70626287
v 0.03239319 0.01410224 2.70354915
v 0.01907552 0.02369064 2.70626287
v 0.02139484 0.01199297 2.70626287
v 0.02966596 0.02785724 2.70354915
v 0.02519525 0.04092631 2.70354915
v 0.01527349 0.03480496 2.70626287
v 0.02966596 0.02785724 2.70354915
v 0.01527349 0.03480496 2.70626287
v 0.01907552 0.02369064 2.70626287
v 0.02519525 0.04092631 2.70354915
v 0.01909114 0.05298763 2.70354915
v 0.01008238 0.04506227 2.70626287
v 0.02519525 0.04092631 2.70354915
v 0.01008238 0.04506227 2.70626287
v 0.01527349 0.03480496 2.70626287
v 0.01909114 0.05298763 2.70354915
v 0.01150395 0.06374422 2.70354915
v 0.00363000 0.05421000 2.70626287
v 0.01909114 0.05298763 2.70354915
v 0.00363000 0.05421000 2.70626287
v 0.01008238 0.04506227 2.70626287
v 0.01150395 0.06374422 2.70354915
v 0.00262049 0.07293121 2.70354915
v -0.00392476 0.06202290 2.70626287
v 0.01150395 0.06374422 2.70354915
v -0.00392476 0.06202290 2.70626287
v 0.00363000 0.05421000 2.70626287
v 0.00262049 0.07293121 2.70354915
v -0.00734050 0.08032240 2.70354915
v -0.01239589 0.06830859 2.70626287
v 0.00262049 0.07293121 2.70354915
v -0.01239589 0.06830859 2.70626287
v -0.00392476 0.06202290 2.70626287
v -0.00734050 0.08032240 2.70354915
v -0.01813375 0.08573578 2.70354915
v -0.02157479 0.07291229 2.70626287
v -0.00734050 0.08032240 2.70354915
v -0.02157479 0.07291229 2.70626287
v -0.01239589 0.06830859 2.70626287
v -0.01813375 0.08573578 2.70354915
v -0.02949349 0.08903806 2.70354915
v -0.03123545 0.07572065 2.70626287
v -0.01813375 0.08573578 2.70354915
v -0.03123545 0.07572065 2.70626287
v -0.02157479 0.07291229 2.70626287
v -0.02949349 0.08903806 2.70354915
v -0.04114000 0.09014794 2.70354915
v -0.04114000 0.07666452 2.70626287
v -0.02949349 0.08903806 2.70354915
v -0.04114000 0.07666452 2.70626287
v -0.03123545 0.07572065 2.70626287
v -0.04114000 0.09014794 2.70354915
v -0.05278651 0.08903806 2.70354915
v -0.05104455 0.07572065 2.70626287
v -0.04114000 0.09014794 2.70354915
v -0.05104455 0.07572065 2.70626287
v -0.04114000 0.07666452 2.70626287
v -0.05278651 0.08903806 2.70354915
v -0.06414625 0.08573578 2.70354915
v -0.06070521 0.07291229 2.70626287
v -0.05278651 0.08903806 2.70354915
v -0.06070521 0.07291229 2.70626287
v -0.05104455 0.07572065 2.70626287
v -0.06414625 0.08573578 2.70354915
v -0.07493950 0.08032240 2.70354915
v -0.06988411 0.06830859 2.70626287
v -0.06414625 0.08573578 2.70354915
v -0.06988411 0.06830859 2.70626287
v -0.06070521 0.07291229 2.70626287
v -0.07493950 0.08032240 2.70354915
v -0.08490049 0.07293121 2.70354915
v -0.07835524 0.06202290 2.70626287
v -0.07493950 0.08032240 2.70354915
v -0.07835524 0.06202290 2.70626287
v -0.06988411 0.06830859 2.70626287
v -0.08490049 0.07293121 2.70354915
v -0.09378395 0.06374422 2.70354915
v -0.08591000 0.05421000 2.70626287
v -0.08490049 0.07293121 2.70354915
v -0.08591000 0.05421000 2.70626287
v -0.07835524 0.06202290 2.70626287
v -0.09378395 0.06374422 2.70354915
v -0.10137114 0.05298763 2.70354915
v -0.09236238 0.04506227 2.70626287
v -0.09378395 0.06374422 2.70354915
v -0.09236238 0.04506227 2.70626287
v -0.08591000 0.05421000 2.70626287
v -0.10137114 0.05298763 2.70354915
v -0.10747525 0.04092631 2.70354915
v -0.09755349 0.03480496 2.70626287
v -0.10137114 0.05298763 2.70354915
v -0.09755349 0.03480496 2.70626287
v -0.09236238 0.04506227 2.70626287
v -0.10747525 0.04092631 2.70354915
v -0.11194596 0.02785724 2.70354915
v -0.10135552 0.02369064 2.70626287
v -0.10747525 0.04092631 2.70354915
v -0.10135552 0.02369064 2.70626287
v -0.09755349 0.03480496 2.70626287
v -0.11194596 0.02785724 2.70354915
v -0.11467319 0.01410224 2.70354915
v -0.10367484 0.01199297 2.70626287
v -0.11194596 0.02785724 2.70354915
v -0.10367484 0.01199297 2.70626287
v -0.10135552 0.02369064 2.70626287
v -0.11467319 0.01410224 2.70354915
v -0.11558979 0.00000000 2.70354915
v -0.10445434 0.00000000 2.70626287
v -0.11467319 0.01410224 2.70354915
v -0.10445434 0.00000000 2.70626287
v -0.10367484 0.01199297 2.70626287
v -0.11558979 0.00000000 2.70354915
v -0.11467319 -0.01410224 2.70354915
v -0.10367484 -0.01199297 2.70626287
v -0.11558979 0.00000000 2.70354915
v -0.10367484 -0.01199297 2.70626287
v -0.10445434 0.00000000 2.70626287
v -0.11467319 -0.01410224 2.70354915
v -0.11194596 -0.02785724 2.70354915
v -0.10135552 -0.02369064 2.70626287
v -0.11467319 -0.01410224 2.70354915
v -0.10135552 -0.02369064 2.70626287
v -0.10367484 -0.01199297 2.70626287
v -0.11194596 -0.02785724 2.70354915
v -0.10747525 -0.04092631 2.70354915
v -0.09755349 -0.03480496 2.70626287
v -0.11194596 -0.02785724 2.70354915
v -0.09755349 -0.03480496 2.70626287
v -0.10135552 -0.02369064 2.70626287
v -0.10747525 -0.04092631 2.70354915
v -0.10137114 -0.05298763 2.70354915
v -0.09236238 -0.04506227 2.70626287
v -0.10747525 -0.04092631 2.70354915
v -0.09236238 -0.04506227 2.70626287
v -0.09755349 -0.03480496 2.70626287
v -0.10137114 -0.05298763 2.70354915
v -0.09378395 -0.06374422 2.70354915
v -0.08591000 -0.05421000 2.70626287
v -0.10137114 -0.05298763 2.70354915
v -0.08591000 -0.05421000 2.70626287
v -0.09236238 -0.04506227 2.70626287
v -0.09378395 -0.06374422 2.70354915
v -0.08490049 -0.07293121 2.70354915
v -0.07835524 -0.06202290 2.70626287
v -0.09378395 -0.06374422 2.70354915
v -0.07835524 -0.06202290 2.70626287
v -0.08591000 -0.05421000 2.70626287
v -0.08490049 -0.07293121 2.70354915
v -0.07493950 -0.08032240 2.70354915
v -0.06988411 -0.06830859 2.70626287
v -0.08490049 -0.07293121 2.70354915
v -0.06988411 -0.06830859 2.70626287
v -0.07835524 -0.06202290 2.70626287
v -0.07493950 -0.08032240 2.70354915
v -0.06414625 -0.08573578 2.70354915
v -0.06070521 -0.07291229 2.70626287
v -0.07493950 -0.08032240 2.70354915
v -0.06070521 -0.07291229 2.70626287
v -0.06988411 -0.06830859 2.70626287
v -0.06414625 -0.08573578 2.70354915
v -0.05278651 -0.08903806 2.70354915
v -0.05104455 -0.07572065 2.70626287
v -0.06414625 -0.08573578 2.70354915
v -0.05104455 -0.07572065 2.70626287
v -0.06070521 -0.07291229 2.70626287
v -0.05278651 -0.08903806 2.70354915
v -0.04114000 -0.09014794 2.70354915
v -0.04114000 -0.07666452 2.70626287
v -0.05278651 -0.08903806 2.70354915
v -0.04114000 -0.07666452 2.70626287
v -0.05104455 -0.07572065 2.70626287
v -0.04114000 -0.09014794 2.70354915
v -0.02949349 -0.08903806 2.70354915
v -0.03123545 -0.07572065 2.70626287
v -0.04114000 -0.09014794 2.70354915
v -0.03123545 -0.07572065 2.70626287
v -0.04114000 -0.07666452 2.70626287
v -0.02949349 -0.08903806 2.70354915
v -0.01813375 -0.08573578 2.70354915
v -0.02157479 -0.07291229 2.70626287
v -0.02949349 -0.08903806 2.70354915
v -0.02157479 -0.07291229 2.70626287
v -0.03123545 -0.07572065 2.70626287
v -0.01813375 -0.08573578 2.70354915
v -0.00734050 -0.08032240 2.70354915
v -0.01239589 -0.06830859 2.70626287
v -0.01813375 -0.08573578 2.70354915
v -0.01239589 -0.06830859 2.70626287
v -0.02157479 -0.07291229 2.70626287
v -0.00734050 -0.08032240 2.70354915
v 0.00262049 -0.07293121 2.70354915
v -0.00392476 -0.06202290 2.70626287
v -0.00734050 -0.08032240 2.70354915
v -0.00392476 -0.06202290 2.70626287
v -0.01239589 -0.06830859 2.70626287
v 0.00262049 -0.07293121 2.70354915
v 0.01150395 -0.06374422 2.70354915
v 0.00363000 -0.05421000 2.70626287
v 0.00262049 -0.07293121 2.70354915
v 0.00363000 -0.05421000 2.70626287
v -0.00392476 -0.06202290 2.70626287
v 0.01150395 -0.06374422 2.70354915
v 0.01909114 -0.05298763 2.70354915
v 0.01008238 -0.04506227 2.70626287
v 0.01150395 -0.06374422 2.70354915
v 0.01008238 -0.04506227 2.70626287
v 0.00363000 -0.05421000 2.70626287
v 0.01909114 -0.05298763 2.70354915
v 0.02519525 -0.04092631 2.70354915
v 0.01527349 -0.03480496 2.70626287
v 0.01909114 -0.05298763 2.70354915
v 0.01527349 -0.03480496 2.70626287
v 0.01008238 -0.04506227 2.70626287
v 0.02519525 -0.04092631 2.70354915
v 0.02966596 -0.02785724 2.70354915
v 0.01907552 -0.02369064 2.70626287
v 0.02519525 -0.04092631 2.70354915
v 0.01907552 -0.02369064 2.70626287
v 0.01527349 -0.03480496 2.70626287
v 0.02966596 -0.02785724 2.70354915
v 0.03239319 -0.01410224 2.70354915
v 0.02139484 -0.01199297 2.70626287
v 0.02966596 -0.02785724 2.70354915
v 0.02139484 -0.01199297 2.70626287
v 0.01907552 -0.02369064 2.70626287
v 0.03239319 -0.01410224 2.70354915
v 0.03330979 0.00000000 2.70354915
v 0.02217434 0.00000000 2.70626287
v 0.03239319 -0.01410224 2.70354915
v 0.02217434 0.00000000 2.70626287
v 0.02139484 -0.01199297 2.70626287
v 0.02217434 0.00000000 2.70626287
v 0.02139484 0.01199297 2.70626287
v 0.00799331 0.00942282 2.70848996
v 0.02217434 0.00000000 2.70626287
v 0.00799331 0.00942282 2.70848996
v 0.00860576 0.00000000 2.70848996
v 0.02139484 0.01199297 2.70626287
v 0.01907552 0.02369064 2.70626287
v 0.00617103 0.01861362 2.70848996
v 0.02139484 0.01199297 2.70626287
v 0.00617103 0.01861362 2.70848996
v 0.00799331 0.00942282 2.70848996
v 0.01907552 0.02369064 2.70626287
v 0.01527349 0.03480496 2.70626287
v 0.00318380 0.02734608 2.70848996
v 0.01907552 0.02369064 2.70626287
v 0.00318380 0.02734608 2.70848996
v 0.00617103 0.01861362 2.70848996
v 0.01527349 0.03480496 2.70626287
v 0.01008238 0.04506227 2.70626287
v -0.00089484 0.03540520 2.70848996
v 0.01527349 0.03480496 2.70626287
v -0.00089484 0.03540520 2.70848996
v 0.00318380 0.02734608 2.70848996
v 0.01008238 0.04506227 2.70626287
v 0.00363000 0.05421000 2.70626287
v -0.00596444 0.04259252 2.70848996
v 0.01008238 0.04506227 2.70626287
v -0.00596444 0.04259252 2.70848996
v -0.00089484 0.03540520 2.70848996
v 0.00363000 0.05421000 2.70626287
v -0.00392476 0.06202290 2.70626287
v -0.01190018 0.04873108 2.70848996
v 0.00363000 0.05421000 2.70626287
v -0.01190018 0.04873108 2.70848996
v -0.00596444 0.04259252 2.70848996
v -0.00392476 0.06202290 2.70626287
v -0.01239589 0.06830859 2.70626287
v -0.01855590 0.05366971 2.70848996
v -0.00392476 0.06202290 2.70626287
v -0.01855590 0.05366971 2.70848996
v -0.01190018 0.04873108 2.70848996
v -0.01239589 0.06830859 2.70626287
v -0.02157479 0.07291229 2.70626287
v -0.02576772 0.05728682 2.70848996
v -0.01239589 0.06830859 2.70626287
v -0.02576772 0.05728682 2.70848996
v -0.01855590 0.05366971 2.70848996
v -0.02157479 0.07291229 2.70626287
v -0.03123545 0.07572065 2.70626287
v -0.03335805 0.05949333 2.70848996
v -0.02157479 0.07291229 2.70626287
v -0.03335805 0.05949333 2.70848996
v -0.02576772 0.05728682 2.70848996
v -0.03123545 0.07572065 2.70626287
v -0.04114000 0.07666452 2.70626287
v -0.04114000 0.06023492 2.70848996
v -0.03123545 0.07572065 2.70626287
v -0.04114000 0.06023492 2.70848996
v -0.03335805 0.05949333 2.70848996
v -0.04114000 0.07666452 2.70626287
v -0.05104455 0.07572065 2.70626287
v -0.04892195 0.05949333 2.70848996
v -0.04114000 0.07666452 2.70626287
v -0.04892195 0.05949333 2.70848996
v -0.04114000 0.06023492 2.70848996
v -0.05104455 0.07572065 2.70626287
v -0.06070521 0.07291229 2.70626287
v -0.05651228 0.05728682 2.70848996
v -0.05104455 0.07572065 2.70626287
v -0.05651228 0.05728682 2.70848996
v -0.04892195 0.05949333 2.70848996
v -0.06070521 0.07291229 2.70626287
v -0.06988411 0.06830859 2.70626287
v -0.06372410 0.05366971 2.70848996
v -0.06070521 0.07291229 2.70626287
v -0.06372410 0.05366971 2.70848996
v -0.05651228 0.05728682 2.70848996
v -0.06988411 0.06830859 2.70626287
v -0.07835524 0.06202290 2.70626287
v -0.07037982 0.04873108 2.70848996
v -0.06988411 0.06830859 2.70626287
v -0.07037982 0.04873108 2.70848996
v -0.06372410 0.05366971 2.70848996
v -0.07835524 0.06202290 2.70626287
v -0.08591000 0.05421000 2.70626287
v -0.07631556 0.04259252 2.70848996
v -0.07835524 0.06202290 2.70626287
v -0.07631556 0.04259252 2.70848996
v -0.07037982 0.04873108 2.70848996
v -0.08591000 0.05421000 2.70626287
v -0.09236238 0.04506227 2.70626287
v -0.08138516 0.03540520 2.70848996
v -0.08591000 0.05421000 2.70626287
v -0.08138516 0.03540520 2.70848996
v -0.07631556 0.04259252 2.70848996
v -0.09236238 0.04506227 2.70626287
v -0.09755349 0.03480496 2.70626287
v -0.08546380 0.02734608 2.70848996
v -0.09236238 0.04506227 2.70626287
v -0.08546380 0.02734608 2.70848996
v -0.08138516 0.03540520 2.70848996
v -0.09755349 0.03480496 2.70626287
v -0.10135552 0.02369064 2.70626287
v -0.08845103 0.01861362 2.70848996
v -0.09755349 0.03480496 2.70626287
v -0.08845103 0.01861362 2.70848996
v -0.08546380 0.02734608 2.70848996
v -0.10135552 0.02369064 2.70626287
v -0.10367484 0.01199297 2.70626287
v -0.09027331 0.00942282 2.70848996
v -0.10135552 0.02369064 2.70626287
v -0.09027331 0.00942282 2.70848996
v -0.08845103 0.01861362 2.70848996
v -0.10367484 0.01199297 2.70626287
v -0.10445434 0.00000000 2.70626287
v -0.09088576 0.00000000 2.70848996
v -0.10367484 0.01199297 2.70626287
v -0.09088576 0.00000000 2.70848996
v -0.09027331 0.00942282 2.70848996
v -0.10445434 0.00000000 2.70626287
v -0.10367484 -0.01199297 2.70626287
v -0.09027331 -0.00942282 2.70848996
v -0.10445434 0.00000000 2.70626287
v -0.09027331 -0.00942282 2.70848996
v -0.09088576 0.00000000 2.70848996
v -0.10367484 -0.01199297 2.70626287
v -0.10135552 -0.02369064 2.70626287
v -0.08845103 -0.01861362 2.70848996
v -0.10367484 -0.01199297 2.70626287
v -0.08845103 -0.01861362 2.70848996
v -0.09027331 -0.00942282 2.70848996
v -0.10135552 -0.02369064 2.70626287
v -0.09755349 -0.03480496 2.70626287
v -0.08546380 -0.02734608 2.70848996
v -0.10135552 -0.02369064 2.70626287
v -0.08546380 -0.02734608 2.70848996
v -0.08845103 -0.01861362 2.70848996
v -0.09755349 -0.03480496 2.70626287
v -0.09236238 -0.04506227 2.70626287
v -0.08138516 -0.03540520 2.70848996
v -0.09755349 -0.03480496 2.70626287
v -0.08138516 -0.03540520 2.70848996
v -0.08546380 -0.02734608 2.70848996
v -0.09236238 -0.04506227 2.70626287
v -0.08591000 -0.05421000 2.70626287
v -0.07631556 -0.04259252 2.70848996
v -0.09236238 -0.04506227 2.70626287
v -0.07631556 -0.04259252 2.70848996
v -0.08138516 -0.03540520 2.70848996
v -0.08591000 -0.05421000 2.70626287
v -0.07835524 -0.06202290 2.70626287
v -0.07037982 -0.04873108 2.70848996
v -0.08591000 -0.05421000 2.70626287
v -0.07037982 -0.04873108 2.70848996
v -0.07631556 -0.04259252 2.70848996
v -0.07835524 -0.06202290 2.70626287
v -0.06988411 -0.06830859 2.70626287
v -0.06372410 -0.05366971 2.70848996
v -0.07835524 -0.06202290 2.70626287
v -0.06372410 -0.05366971 2.70848996
v -0.07037982 -0.04873108 2.70848996
v -0.06988411 -0.06830859 2.70626287
v -0.06070521 -0.07291229 2.70626287
v -0.05651228 -0.05728682 2.70848996
v -0.06988411 -0.06830859 2.70626287
v -0.05651228 -0.05728682 2.70848996
v -0.06372410 -0.05366971 2.70848996
v -0.06070521 -0.07291229 2.70626287
v -0.05104455 -0.07572065 2.70626287
v -0.04892195 -0.05949333 2.70848996
v -0.06070521 -0.07291229 2.70626287
v -0.04892195 -0.05949333 2.70848996
v -0.05651228 -0.05728682 2.70848996
v -0.05104455 -0.07572065 2.70626287
v -0.04114000 -0.07666452 2.70626287
v -0.04114000 -0.06023492 2.70848996
v -0.05104455 -0.07572065 2.70626287
v -0.04114000 -0.06023492 2.70848996
v -0.04892195 -0.05949333 2.70848996
v -0.04114000 -0.07666452 2.70626287
v -0.03123545 -0.07572065 2.70626287
v -0.03335805 -0.05949333 2.70848996
v -0.04114000 -0.07666452 2.70626287
v -0.03335805 -0.05949333 2.70848996
v -0.04114000 -0.06023492 2.70848996
v -0.03123545 -0.07572065 2.70626287
v -0.02157479 -0.07291229 2.70626287
v -0.02576772 -0.05728682 2.70848996
v -0.03123545 -0.07572065 2.70626287
v -0.02576772 -0.05728682 2.70848996
v -0.03335805 -0.05949333 2.70848996
v -0.02157479 -0.07291229 2.70626287
v -0.01239589 -0.06830859 2.70626287
v -0.01855590 -0.05366971 2.70848996
v -0.02157479 -0.07291229 2.70626287
v -0.01855590 -0.05366971 2.70848996
v -0.02576772 -0.05728682 2.70848996
v -0.01239589 -0.06830859 2.70626287
v -0.00392476 -0.06202290 2.70626287
v -0.01190018 -0.04873108 2.70848996
v -0.01239589 -0.06830859 2.70626287
v -0.01190018 -0.04873108 2.70848996
v -0.01855590 -0.05366971 2.70848996
v -0.00392476 -0.06202290 2.70626287
v 0.00363000 -0.05421000 2.70626287
v -0.00596444 -0.04259252 2.70848996
v -0.00392476 -0.06202290 2.70626287
v -0.00596444 -0.04259252 2.70848996
v -0.01190018 -0.04873108 2.70848996
v 0.00363000 -0.05421000 2.70626287
v 0.01008238 -0.04506227 2.70626287
v -0.00089484 -0.03540520 2.70848996
v 0.00363000 -0.05421000 2.70626287
v -0.00089484 -0.03540520 2.70848996
v -0.00596444 -0.04259252 2.70848996
v 0.01008238 -0.04506227 2.70626287
v 0.01527349 -0.03480496 2.70626287
v 0.00318380 -0.02734608 2.70848996
v 0.01008238 -0.04506227 2.70626287
v 0.00318380 -0.02734608 2.70848996
v -0.00089484 -0.03540520 2.70848996
v 0.01527349 -0.03480496 2.70626287
v 0.01907552 -0.02369064 2.70626287
v 0.00617103 -0.01861362 2.70848996
v 0.01527349 -0.03480496 2.70626287
v 0.00617103 -0.01861362 2.70848996
v 0.00318380 -0.02734608 2.70848996
v 0.01907552 -0.02369064 2.70626287
v 0.02139484 -0.01199297 2.70626287
v 0.00799331 -0.00942282 2.70848996
v 0.01907552 -0.02369064 2.70626287
v 0.00799331 -0.00942282 2.70848996
v 0.00617103 -0.01861362 2.70848996
v 0.02139484 -0.01199297 2.70626287
v 0.02217434 0.00000000 2.70626287
v 0.00860576 0.00000000 2.70848996
v 0.02139484 -0.01199297 2.70626287
v 0.00860576 0.00000000 2.70848996
v 0.00799331 -0.00942282 2.70848996
v 0.00860576 0.00000000 2.70848996
v 0.00799331 0.00942282 2.70848996
v -0.00729639 0.00649055 2.71014483
v 0.00860576 0.00000000 2.70848996
v -0.00729639 0.00649055 2.71014483
v -0.00687453 0.00000000 2.71014483
v 0.00799331 0.00942282 2.70848996
v 0.00617103 0.01861362 2.70848996
v -0.00855160 0.01282128 2.71014483
v 0.00799331 0.00942282 2.70848996
v -0.00855160 0.01282128 2.71014483
v -0.00729639 0.00649055 2.71014483
v 0.00617103 0.01861362 2.70848996
v 0.00318380 0.02734608 2.70848996
v -0.01060924 0.01883631 2.71014483
v 0.00617103 0.01861362 2.70848996
v -0.01060924 0.01883631 2.71014483
v -0.00855160 0.01282128 2.71014483
v 0.00318380 0.02734608 2.70848996
v -0.00089484 0.03540520 2.70848996
v -0.01341865 0.02438753 2.71014483
v 0.00318380 0.02734608 2.70848996
v -0.01341865 0.02438753 2.71014483
v -0.01060924 0.01883631 2.71014483
v -0.00089484 0.03540520 2.70848996
v -0.00596444 0.04259252 2.70848996
v -0.01691065 0.02933824 2.71014483
v -0.00089484 0.03540520 2.70848996
v -0.01691065 0.02933824 2.71014483
v -0.01341865 0.02438753 2.71014483
v -0.00596444 0.04259252 2.70848996
v -0.01190018 0.04873108 2.70848996
v -0.02099926 0.03356655 2.71014483
v -0.00596444 0.04259252 2.70848996
v -0.02099926 0.03356655 2.71014483
v -0.01691065 0.02933824 2.71014483
v -0.01190018 0.04873108 2.70848996
v -0.01855590 0.05366971 2.70848996
v -0.02558380 0.03696834 2.71014483
v -0.01190018 0.04873108 2.70848996
v -0.02558380 0.03696834 2.71014483
v -0.02099926 0.03356655 2.71014483
v -0.01855590 0.05366971 2.70848996
v -0.02576772 0.05728682 2.70848996
v -0.03055139 0.03945985 2.71014483
v -0.01855590 0.05366971 2.70848996
v -0.03055139 0.03945985 2.71014483
v -0.02558380 0.03696834 2.71014483
v -0.02576772 0.05728682 2.70848996
v -0.03335805 0.05949333 2.70848996
v -0.03577970 0.04097972 2.71014483
v -0.02576772 0.05728682 2.70848996
v -0.03577970 0.04097972 2.71014483
v -0.03055139 0.03945985 2.71014483
v -0.03335805 0.05949333 2.70848996
v -0.04114000 0.06023492 2.70848996
v -0.04114000 0.04149054 2.71014483
v -0.03335805 0.05949333 2.70848996
v -0.04114000 0.04149054 2.71014483
v -0.03577970 0.04097972 2.71014483
v -0.04114000 0.06023492 2.70848996
v -0.04892195 0.05949333 2.70848996
v -0.04650030 0.04097972 2.71014483
v -0.04114000 0.06023492 2.70848996
v -0.04650030 0.04097972 2.71014483
v -0.04114000 0.04149054 2.71014483
v -0.04892195 0.05949333 2.70848996
v -0.05651228 0.05728682 2.70848996
v -0.05172861 0.03945985 2.71014483
v -0.04892195 0.05949333 2.70848996
v -0.05172861 0.03945985 2.71014483
v -0.04650030 0.04097972 2.71014483
v -0.05651228 0.05728682 2.70848996
v -0.06372410 0.05366971 2.70848996
v -0.05669620 0.03696834 2.71014483
v -0.05651228 0.05728682 2.70848996
v -0.05669620 0.03696834 2.71014483
v -0.05172861 0.03945985 2.71014483
v -0.06372410 0.05366971 2.70848996
v -0.07037982 0.04873108 2.70848996
v -0.06128074 0.03356655 2.71014483
v -0.06372410 0.05366971 2.70848996
v -0.06128074 0.03356655 2.71014483
v -0.05669620 0.03696834 2.71014483
v -0.07037982 0.04873108 2.70848996
v -0.07631556 0.04259252 2.70848996
v -0.06536935 0.02933824 2.71014483
v -0.07037982 0.04873108 2.70848996
v -0.06536935 0.02933824 2.71014483
v -0.06128074 0.03356655 2.71014483
v -0.07631556 0.04259252 2.70848996
v -0.08138516 0.03540520 2.70848996
v -0.06886135 0.02438753 2.71014483
v -0.07631556 0.04259252 2.70848996
v -0.06886135 0.02438753 2.71014483
v -0.06536935 0.02933824 2.71014483
v -0.08138516 0.03540520 2.70848996
v -0.08546380 0.02734608 2.70848996
v -0.07167076 0.01883631 2.71014483
v -0.08138516 0.03540520 2.70848996
v -0.07167076 0.01883631 2.71014483
v -0.06886135 0.02438753 2.71014483
v -0.08546380 0.02734608 2.70848996
v -0.08845103 0.01861362 2.70848996
v -0.07372840 0.01282128 2.71014483
v -0.08546380 0.02734608 2.70848996
v -0.07372840 0.01282128 2.71014483
v -0.07167076 0.01883631 2.71014483
v -0.08845103 0.01861362 2.70848996
v -0.09027331 0.00942282 2.70848996
v -0.07498361 0.00649055 2.71014483
v -0.08845103 0.01861362 2.70848996
v -0.07498361 0.00649055 2.71014483
v -0.07372840 0.01282128 2.71014483
v -0.09027331 0.00942282 2.70848996
v -0.09088576 0.00000000 2.70848996
v -0.07540547 0.00000000 2.71014483
v -0.09027331 0.00942282 2.70848996
v -0.07540547 0.00000000 2.71014483
v -0.07498361 0.00649055 2.71014483
v -0.09088576 0.00000000 2.70848996
v -0.09027331 -0.00942282 2.70848996
v -0.07498361 -0.00649055 2.71014483
v -0.09088576 0.00000000 2.70848996
v -0.07498361 -0.00649055 2.71014483
v -0.07540547 0.00000000 2.71014483
v -0.09027331 -0.00942282 2.70848996
v -0.08845103 -0.01861362 2.70848996
v -0.07372840 -0.01282128 2.71014483
v -0.09027331 -0.00942282 2.70848996
v -0.07372840 -0.01282128 2.71014483
v -0.07498361 -0.00649055 2.71014483
v -0.08845103 -0.01861362 2.70848996
v -0.08546380 -0.02734608 2.70848996
v -0.07167076 -0.01883631 2.71014483
v -0.08845103 -0.01861362 2.70848996
v -0.07167076 -0.01883631 2.71014483
v -0.07372840 -0.01282128 2.71014483
v -0.08546380 -0.02734608 2.70848996
v -0.08138516 -0.03540520 2.70848996
v -0.06886135 -0.02438753 2.71014483
v -0.08546380 -0.02734608 2.70848996
v -0.06886135 -0.02438753 2.71014483
v -0.07167076 -0.01883631 2.71014483
v -0.08138516 -0.03540520 2.70848996
v -0.07631556 -0.04259252 2.70848996
v -0.06536935 -0.02933824 2.71014483
v -0.08138516 -0.03540520 2.70848996
v -0.06536935 -0.02933824 2.71014483
v -0.06886135 -0.02438753 2.71014483
v -0.07631556 -0.04259252 2.70848996
v -0.07037982 -0.04873108 2.70848996
v -0.06128074 -0.03356655 2.71014483
v -0.07631556 -0.04259252 2.70848996
v -0.06128074 -0.03356655 2.71014483
v -0.06536935 -0.02933824 2.71014483
v -0.07037982 -0.04873108 2.70848996
v -0.06372410 -0.05366971 2.70848996
v -0.05669620 -0.03696834 2.71014483
v -0.07037982 -0.04873108 2.70848996
v -0.05669620 -0.03696834 2.71014483
v -0.06128074 -0.03356655 2.71014483
v -0.06372410 -0.05366971 2.70848996
v -0.05651228 -0.05728682 2.70848996
v -0.05172861 -0.03945985 2.71014483
v -0.06372410 -0.05366971 2.70848996
v -0.05172861 -0.03945985 2.71014483
v -0.05669620 -0.03696834 2.71014483
v -0.05651228 -0.05728682 2.70848996
v -0.04892195 -0.05949333 2.70848996
v -0.04650030 -0.04097972 2.71014483
v -0.05651228 -0.05728682 2.70848996
v -0.04650030 -0.04097972 2.71014483
v -0.05172861 -0.03945985 2.71014483
v -0.04892195 -0.05949333 2.70848996
v -0.04114000 -0.06023492 2.70848996
v -0.04114000 -0.04149054 2.71014483
v -0.04892195 -0.05949333 2.70848996
v -0.04114000 -0.04149054 2.71014483
v -0.04650030 -0.04097972 2.71014483
v -0.04114000 -0.06023492 2.70848996
v -0.03335805 -0.05949333 2.70848996
v -0.03577970 -0.04097972 2.71014483
v -0.04114000 -0.06023492 2.70848996
v -0.03577970 -0.04097972 2.71014483
v -0.04114000 -0.04149054 2.71014483
v -0.03335805 -0.05949333 2.70848996
v -0.02576772 -0.05728682 2.70848996
v -0.03055139 -0.03945985 2.71014483
v -0.03335805 -0.05949333 2.70848996
v -0.03055139 -0.03945985 2.71014483
v -0.03577970 -0.04097972 2.71014483
v -0.02576772 -0.05728682 2.70848996
v -0.01855590 -0.05366971 2.70848996
v -0.02558380 -0.03696834 2.71014483
v -0.02576772 -0.05728682 2.70848996
v -0.02558380 -0.03696834 2.71014483
v -0.03055139 -0.03945985 2.71014483
v -0.01855590 -0.05366971 2.70848996
v -0.01190018 -0.04873108 2.70848996
v -0.02099926 -0.03356655 2.71014483
v -0.01855590 -0.05366971 2.70848996
v -0.02099926 -0.03356655 2.71014483
v -0.02558380 -0.03696834 2.71014483
v -0.01190018 -0.04873108 2.70848996
v -0.00596444 -0.04259252 2.70848996
v -0.01691065 -0.02933824 2.71014483
v -0.01190018 -0.04873108 2.70848996
v -0.01691065 -0.02933824 2.71014483
v -0.02099926 -0.03356655 2.71014483
v -0.00596444 -0.04259252 2.70848996
v -0.00089484 -0.03540520 2.70848996
v -0.01341865 -0.02438753 2.71014483
v -0.00596444 -0.04259252 2.70848996
v -0.01341865 -0.02438753 2.71014483
v -0.01691065 -0.02933824 2.71014483
v -0.00089484 -0.03540520 2.70848996
v 0.00318380 -0.02734608 2.70848996
v -0.01060924 -0.01883631 2.71014483
v -0.00089484 -0.03540520 2.70848996
v -0.01060924 -0.01883631 2.71014483
v -0.01341865 -0.02438753 2.71014483
v 0.00318380 -0.02734608 2.70848996
v 0.00617103 -0.01861362 2.70848996
v -0.00855160 -0.01282128 2.71014483
v 0.00318380 -0.02734608 2.70848996
v -0.00855160 -0.01282128 2.71014483
v -0.01060924 -0.01883631 2.71014483
v 0.00617103 -0.01861362 2.70848996
v 0.00799331 -0.00942282 2.70848996
v -0.00729639 -0.00649055 2.71014483
v 0.00617103 -0.01861362 2.70848996
v -0.00729639 -0.00649055 2.71014483
v -0.00855160 -0.01282128 2.71014483
v 0.00799331 -0.00942282 2.70848996
v 0.00860576 0.00000000 2.70848996
v -0.00687453 0.00000000 2.71014483
v 0.00799331 -0.00942282 2.70848996
v -0.00687453 0.00000000 2.71014483
v -0.00729639 -0.00649055 2.71014483
v -0.00687453 0.00000000 2.71014483
v -0.00729639 0.00649055 2.71014483
v -0.02388668 0.00330885 2.71116390
v -0.00687453 0.00000000 2.71014483
v -0.02388668 0.00330885 2.71116390
v -0.02367161 0.00000000 2.71116390
v -0.00729639 0.00649055 2.71014483
v -0.00855160 0.01282128 2.71014483
v -0.02452658 0.00653623 2.71116390
v -0.00729639 0.00649055 2.71014483
v -0.02452658 0.00653623 2.71116390
v -0.02388668 0.00330885 2.71116390
v -0.00855160 0.01282128 2.71014483
v -0.01060924 0.01883631 2.71014483
v -0.02557555 0.00960267 2.71116390
v -0.00855160 0.01282128 2.71014483
v -0.02557555 0.00960267 2.71116390
v -0.02452658 0.00653623 2.71116390
v -0.01060924 0.01883631 2.71014483
v -0.01341865 0.02438753 2.71014483
v -0.02700778 0.01243265 2.71116390
v -0.01060924 0.01883631 2.71014483
v -0.02700778 0.01243265 2.71116390
v -0.02557555 0.00960267 2.71116390
v -0.01341865 0.02438753 2.71014483
v -0.01691065 0.02933824 2.71014483
v -0.02878798 0.01495651 2.71116390
v -0.01341865 0.02438753 2.71014483
v -0.02878798 0.01495651 2.71116390
v -0.02700778 0.01243265 2.71116390
v -0.01691065 0.02933824 2.71014483
v -0.02099926 0.03356655 2.71014483
v -0.03087234 0.01711208 2.71116390
v -0.01691065 0.02933824 2.71014483
v -0.03087234 0.01711208 2.71116390
v -0.02878798 0.01495651 2.71116390
v -0.02099926 0.03356655 2.71014483
v -0.02558380 0.03696834 2.71014483
v -0.03320952 0.01884630 2.71116390
v -0.02099926 0.03356655 2.71014483
v -0.03320952 0.01884630 2.71116390
v -0.03087234 0.01711208 2.71116390
v -0.02558380 0.03696834 2.71014483
v -0.03055139 0.03945985 2.71014483
v -0.03574197 0.02011646 2.71116390
v -0.02558380 0.03696834 2.71014483
v -0.03574197 0.02011646 2.71116390
v -0.03320952 0.01884630 2.71116390
v -0.03055139 0.03945985 2.71014483
v -0.03577970 0.04097972 2.71014483
v -0.03840734 0.02089128 2.71116390
v -0.03055139 0.03945985 2.71014483
v -0.03840734 0.02089128 2.71116390
v -0.03574197 0.02011646 2.71116390
v -0.03577970 0.04097972 2.71014483
v -0.04114000 0.04149054 2.71014483
v -0.04114000 0.02115169 2.71116390
v -0.03577970 0.04097972 2.71014483
v -0.04114000 0.02115169 2.71116390
v -0.03840734 0.02089128 2.71116390
v -0.04114000 0.04149054 2.71014483
v -0.04650030 0.04097972 2.71014483
v -0.04387266 0.02089128 2.71116390
v -0.04114000 0.04149054 2.71014483
v -0.04387266 0.02089128 2.71116390
v -0.04114000 0.02115169 2.71116390
v -0.04650030 0.04097972 2.71014483
v -0.05172861 0.03945985 2.71014483
v -0.04653803 0.02011646 2.71116390
v -0.04650030 0.04097972 2.71014483
v -0.04653803 0.02011646 2.71116390
v -0.04387266 0.02089128 2.71116390
v -0.05172861 0.03945985 2.71014483
v -0.05669620 0.03696834 2.71014483
v -0.04907048 0.01884630 2.71116390
v -0.05172861 0.03945985 2.71014483
v -0.04907048 0.01884630 2.71116390
v -0.04653803 0.02011646 2.71116390
v -0.05669620 0.03696834 2.71014483
v -0.06128074 0.03356655 2.71014483
v -0.05140766 0.01711208 2.71116390
v -0.05669620 0.03696834 2.71014483
v -0.05140766 0.01711208 2.71116390
v -0.04907048 0.01884630 2.71116390
v -0.06128074 0.03356655 2.71014483
v -0.06536935 0.02933824 2.71014483
v -0.05349202 0.01495651 2.71116390
v -0.06128074 0.03356655 2.71014483
v -0.05349202 0.01495651 2.71116390
v -0.05140766 0.01711208 2.71116390
v -0.06536935 0.02933824 2.71014483
v -0.06886135 0.02438753 2.71014483
v -0.05527222 0.01243265 2.71116390
v -0.06536935 0.02933824 2.71014483
v -0.05527222 0.01243265 2.71116390
v -0.05349202 0.01495651 2.71116390
v -0.06886135 0.02438753 2.71014483
v -0.07167076 0.01883631 2.71014483
v -0.05670445 0.00960267 2.71116390
v -0.06886135 0.02438753 2.71014483
v -0.05670445 0.00960267 2.71116390
v -0.05527222 0.01243265 2.71116390
v -0.07167076 0.01883631 2.71014483
v -0.07372840 0.01282128 2.71014483
v -0.05775342 0.00653623 2.71116390
v -0.07167076 0.01883631 2.71014483
v -0.05775342 0.00653623 2.71116390
v -0.05670445 0.00960267 2.71116390
v -0.07372840 0.01282128 2.71014483
v -0.07498361 0.00649055 2.71014483
v -0.05839332 0.00330885 2.71116390
v -0.07372840 0.01282128 2.71014483
v -0.05839332 0.00330885 2.71116390
v -0.05775342 0.00653623 2.71116390
v -0.07498361 0.00649055 2.71014483
v -0.07540547 0.00000000 2.71014483
v -0.05860839 0.00000000 2.71116390
v -0.07498361 0.00649055 2.71014483
v -0.05860839 0.00000000 2.71116390
v -0.05839332 0.00330885 2.71116390
v -0.07540547 0.00000000 2.71014483
v -0.07498361 -0.00649055 2.71014483
v -0.05839332 -0.00330885 2.71116390
v -0.07540547 0.00000000 2.71014483
v -0.05839332 -0.00330885 2.71116390
v -0.05860839 0.00000000 2.71116390
v -0.07498361 -0.00649055 2.71014483
v -0.07372840 -0.01282128 2.71014483
v -0.05775342 -0.00653623 2.71116390
v -0.07498361 -0.00649055 2.71014483
v -0.05775342 -0.00653623 2.71116390
v -0.05839332 -0.00330885 2.71116390
v -0.07372840 -0.01282128 2.71014483
v -0.07167076 -0.01883631 2.71014483
v -0.05670445 -0.00960267 2.71116390
v -0.07372840 -0.01282128 2.71014483
v -0.05670445 -0.00960267 2.71116390
v -0.05775342 -0.00653623 2.71116390
v -0.07167076 -0.01883631 2.71014483
v -0.06886135 -0.02438753 2.71014483
v -0.05527222 -0.01243265 2.71116390
v -0.07167076 -0.01883631 2.71014483
v -0.05527222 -0.01243265 2.71116390
v -0.05670445 -0.00960267 2.71116390
v -0.06886135 -0.02438753 2.71014483
v -0.06536935 -0.02933824 2.71014483
v -0.05349202 -0.01495651 2.71116390
v -0.06886135 -0.02438753 2.71014483
v -0.05349202 -0.01495651 2.71116390
v -0.05527222 -0.01243265 2.71116390
v -0.06536935 -0.02933824 2.71014483
v -0.06128074 -0.03356655 2.71014483
v -0.05140766 -0.01711208 2.71116390
v -0.06536935 -0.02933824 2.71014483
v -0.05140766 -0.01711208 2.71116390
v -0.05349202 -0.01495651 2.71116390
v -0.06128074 -0.03356655 2.71014483
v -0.05669620 -0.03696834 2.71014483
v -0.04907048 -0.01884630 2.71116390
v -0.06128074 -0.03356655 2.71014483
v -0.04907048 -0.01884630 2.71116390
v -0.05140766 -0.01711208 2.71116390
v -0.05669620 -0.03696834 2.71014483
v -0.05172861 -0.03945985 2.71014483
v -0.04653803 -0.02011646 2.71116390
v -0.05669620 -0.03696834 2.71014483
v -0.04653803 -0.02011646 2.71116390
v -0.04907048 -0.01884630 2.71116390
v -0.05172861 -0.03945985 2.71014483
v -0.04650030 -0.04097972 2.71014483
v -0.04387266 -0.02089128 2.71116390
v -0.05172861 -0.03945985 2.71014483
v -0.04387266 -0.02089128 2.71116390
v -0.04653803 -0.02011646 2.71116390
v -0.04650030 -0.04097972 2.71014483
v -0.04114000 -0.04149054 2.71014483
v -0.04114000 -0.02115169 2.71116390
v -0.04650030 -0.04097972 2.71014483
v -0.04114000 -0.02115169 2.71116390
v -0.04387266 -0.02089128 2.71116390
v -0.04114000 -0.04149054 2.71014483
v -0.03577970 -0.04097972 2.71014483
v -0.03840734 -0.02089128 2.71116390
v -0.04114000 -0.04149054 2.71014483
v -0.03840734 -0.02089128 2.71116390
v -0.04114000 -0.02115169 2.71116390
v -0.03577970 -0.04097972 2.71014483
v -0.03055139 -0.03945985 2.71014483
v -0.03574197 -0.02011646 2.71116390
v -0.03577970 -0.04097972 2.71014483
v -0.03574197 -0.02011646 2.71116390
v -0.03840734 -0.02089128 2.71116390
v -0.03055139 -0.03945985 2.71014483
v -0.02558380 -0.03696834 2.71014483
v -0.03320952 -0.01884630 2.71116390
v -0.03055139 -0.03945985 2.71014483
v -0.03320952 -0.01884630 2.71116390
v -0.03574197 -0.02011646 2.71116390
v -0.02558380 -0.03696834 2.71014483
v -0.02099926 -0.03356655 2.71014483
v -0.03087234 -0.01711208 2.71116390
v -0.02558380 -0.03696834 2.71014483
v -0.03087234 -0.01711208 2.71116390
v -0.03320952 -0.01884630 2.71116390
v -0.02099926 -0.03356655 2.71014483
v -0.01691065 -0.02933824 2.71014483
v -0.02878798 -0.01495651 2.71116390
v -0.02099926 -0.03356655 2.71014483
v -0.02878798 -0.01495651 2.71116390
v -0.03087234 -0.01711208 2.71116390
v -0.01691065 -0.02933824 2.71014483
v -0.01341865 -0.02438753 2.71014483
v -0.02700778 -0.01243265 2.71116390
v -0.01691065 -0.02933824 2.71014483
v -0.02700778 -0.01243265 2.71116390
v -0.02878798 -0.01495651 2.71116390
v -0.01341865 -0.02438753 2.71014483
v -0.01060924 -0.01883631 2.71014483
v -0.02557555 -0.00960267 2.71116390
v -0.01341865 -0.02438753 2.71014483
v -0.02557555 -0.00960267 2.71116390
v -0.02700778 -0.01243265 2.71116390
v -0.01060924 -0.01883631 2.71014483
v -0.00855160 -0.01282128 2.71014483
v -0.02452658 -0.00653623 2.71116390
v -0.01060924 -0.01883631 2.71014483
v -0.02452658 -0.00653623 2.71116390
v -0.02557555 -0.00960267 2.71116390
v -0.00855160 -0.01282128 2.71014483
v -0.00729639 -0.00649055 2.71014483
v -0.02388668 -0.00330885 2.71116390
v -0.00855160 -0.01282128 2.71014483
v -0.02388668 -0.00330885 2.71116390
v -0.02452658 -0.00653623 2.71116390
v -0.00729639 -0.00649055 2.71014483
v -0.00687453 0.00000000 2.71014483
v -0.02367161 0.00000000 2.71116390
v -0.00729639 -0.00649055 2.71014483
v -0.02367161 0.00000000 2.71116390
v -0.02388668 -0.00330885 2.71116390
v -0.02367161 0.00000000 2.71116390
v -0.02388668 0.00330885 2.71116390
v -0.04114000 0.00000000 2.71150800
v -0.02388668 0.00330885 2.71116390
v -0.02452658 0.00653623 2.71116390
v -0.04114000 0.00000000 2.71150800
v -0.02452658 0.00653623 2.71116390
v -0.02557555 0.00960267 2.71116390
v -0.04114000 0.00000000 2.71150800
v -0.02557555 0.00960267 2.71116390
v -0.02700778 0.01243265 2.71116390
v -0.04114000 0.00000000 2.71150800
v -0.02700778 0.01243265 2.71116390
v -0.02878798 0.01495651 2.71116390
v -0.04114000 0.00000000 2.71150800
v -0.02878798 0.01495651 2.71116390
v -0.03087234 0.01711208 2.71116390
v -0.04114000 0.00000000 2.71150800
v -0.03087234 0.01711208 2.71116390
v -0.03320952 0.01884630 2.71116390
v -0.04114000 0.00000000 2.71150800
v -0.03320952 0.01884630 2.71116390
v -0.03574197 0.02011646 2.71116390
v -0.04114000 0.00000000 2.71150800
v -0.03574197 0.02011646 2.71116390
v -0.03840734 0.02089128 2.71116390
v -0.04114000 0.00000000 2.71150800
v -0.03840734 0.02089128 2.71116390
v -0.04114000 0.02115169 2.71116390
v -0.04114000 0.00000000 2.71150800
v -0.04114000 0.02115169 2.71116390
v -0.04387266 0.02089128 2.71116390
v -0.04114000 0.00000000 2.71150800
v -0.04387266 0.02089128 2.71116390
v -0.04653803 0.02011646 2.71116390
v -0.04114000 0.00000000 2.71150800
v -0.04653803 0.02011646 2.71116390
v -0.04907048 0.01884630 2.71116390
v -0.04114000 0.00000000 2.71150800
v -0.04907048 0.01884630 2.71116390
v -0.05140766 0.01711208 2.71116390
v -0.04114000 0.00000000 2.71150800
v -0.05140766 0.01711208 2.71116390
v -0.05349202 0.01495651 2.71116390
v -0.04114000 0.00000000 2.71150800
v -0.05349202 0.01495651 2.71116390
v -0.05527222 0.01243265 2.71116390
v -0.04114000 0.00000000 2.71150800
v -0.05527222 0.01243265 2.71116390
v -0.05670445 0.00960267 2.71116390
v -0.04114000 0.00000000 2.71150800
v -0.05670445 0.00960267 2.71116390
v -0.05775342 0.00653623 2.71116390
v -0.04114000 0.00000000 2.71150800
v -0.05775342 0.00653623 2.71116390
v -0.05839332 0.00330885 2.71116390
v -0.04114000 0.00000000 2.71150800
v -0.05839332 0.00330885 2.71116390
v -0.05860839 0.00000000 2.71116390
v -0.04114000 0.00000000 2.71150800
v -0.05860839 0.00000000 2.71116390
v -0.05839332 -0.00330885 2.71116390
v -0.04114000 -0.00000000 2.71150800
v -0.05839332 -0.00330885 2.71116390
v -0.05775342 -0.00653623 2.71116390
v -0.04114000 -0.00000000 2.71150800
v -0.05775342 -0.00653623 2.71116390
v -0.05670445 -0.00960267 2.71116390
v -0.04114000 -0.00000000 2.71150800
v -0.05670445 -0.00960267 2.71116390
v -0.05527222 -0.01243265 2.71116390
v -0.04114000 -0.00000000 2.71150800
v -0.05527222 -0.01243265 2.71116390
v -0.05349202 -0.01495651 2.71116390
v -0.04114000 -0.00000000 2.71150800
v -0.05349202 -0.01495651 2.71116390
v -0.05140766 -0.01711208 2.71116390
v -0.04114000 -0.00000000 2.71150800
v -0.05140766 -0.01711208 2.71116390
v -0.04907048 -0.01884630 2.71116390
v -0.04114000 -0.00000000 2.71150800
v -0.04907048 -0.01884630 2.71116390
v -0.04653803 -0.02011646 2.71116390
v -0.04114000 -0.00000000 2.71150800
v -0.04653803 -0.02011646 2.71116390
v -0.04387266 -0.02089128 2.71116390
v -0.04114000 -0.00000000 2.71150800
v -0.04387266 -0.02089128 2.71116390
v -0.04114000 -0.02115169 2.71116390
v -0.04114000 -0.00000000 2.71150800
v -0.04114000 -0.02115169 2.71116390
v -0.03840734 -0.02089128 2.71116390
v -0.04114000 -0.00000000 2.71150800
v -0.03840734 -0.02089128 2.71116390
v -0.03574197 -0.02011646 2.71116390
v -0.04114000 -0.00000000 2.71150800
v -0.03574197 -0.02011646 2.71116390
v -0.03320952 -0.01884630 2.71116390
v -0.04114000 -0.00000000 2.71150800
v -0.03320952 -0.01884630 2.71116390
v -0.03087234 -0.01711208 2.71116390
v -0.04114000 -0.00000000 2.71150800
v -0.03087234 -0.01711208 2.71116390
v -0.02878798 -0.01495651 2.71116390
v -0.04114000 -0.00000000 2.71150800
v -0.02878798 -0.01495651 2.71116390
v -0.02700778 -0.01243265 2.71116390
v -0.04114000 -0.00000000 2.71150800
v -0.02700778 -0.01243265 2.71116390
v -0.02557555 -0.00960267 2.71116390
v -0.04114000 -0.00000000 2.71150800
v -0.02557555 -0.00960267 2.71116390
v -0.02452658 -0.00653623 2.71116390
v -0.04114000 -0.00000000 2.71150800
v -0.02452658 -0.00653623 2.71116390
v -0.02388668 -0.00330885 2.71116390
v -0.04114000 -0.00000000 2.71150800
v -0.02388668 -0.00330885 2.71116390
v -0.02367161 0.00000000 2.71116390
v -0.04114000 0.00000000 2.71150800
v 0.12100000 0.05004000 2.68460000
v 0.12058288 0.05656332 2.68460000
v 0.08712000 0.05004000 2.68460000
v 0.12058288 0.05656332 2.68460000
v 0.11934179 0.06292601 2.68460000
v 0.08712000 0.05004000 2.68460000
v 0.11934179 0.06292601 2.68460000
v 0.11730730 0.06897140 2.68460000
v 0.08712000 0.05004000 2.68460000
v 0.11730730 0.06897140 2.68460000
v 0.11452950 0.07455065 2.68460000
v 0.08712000 0.05004000 2.68460000
v 0.11452950 0.07455065 2.68460000
v 0.11107678 0.07952635 2.68460000
v 0.08712000 0.05004000 2.68460000
v 0.11107678 0.07952635 2.68460000
v 0.10703416 0.08377601 2.68460000
v 0.08712000 0.05004000 2.68460000
v 0.10703416 0.08377601 2.68460000
v 0.10250120 0.08719497 2.68460000
v 0.08712000 0.05004000 2.68460000
v 0.10250120 0.08719497 2.68460000
v 0.09758950 0.08969906 2.68460000
v 0.08712000 0.05004000 2.68460000
v 0.09758950 0.08969906 2.68460000
v 0.09242000 0.09122660 2.68460000
v 0.08712000 0.05004000 2.68460000
v 0.09242000 0.09122660 2.68460000
v 0.08712000 0.09174000 2.68460000
v 0.08712000 0.05004000 2.68460000
v 0.08712000 0.09174000 2.68460000
v 0.08182000 0.09122660 2.68460000
v 0.08712000 0.05004000 2.68460000
v 0.08182000 0.09122660 2.68460000
v 0.07665050 0.08969906 2.68460000
v 0.08712000 0.05004000 2.68460000
v 0.07665050 0.08969906 2.68460000
v 0.07173880 0.08719497 2.68460000
v 0.08712000 0.05004000 2.68460000
v 0.07173880 0.08719497 2.68460000
v 0.06720584 0.08377601 2.68460000
v 0.08712000 0.05004000 2.68460000
v 0.06720584 0.08377601 2.68460000
v 0.06316322 0.07952635 2.68460000
v 0.08712000 0.05004000 2.68460000
v 0.06316322 0.07952635 2.68460000
v 0.05971050 0.07455065 2.68460000
v 0.08712000 0.05004000 2.68460000
v 0.05971050 0.07455065 2.68460000
v 0.05693270 0.06897140 2.68460000
v 0.08712000 0.05004000 2.68460000
v 0.05693270 0.06897140 2.68460000
v 0.05489821 0.06292601 2.68460000
v 0.08712000 0.05004000 2.68460000
v 0.05489821 0.06292601 2.68460000
v 0.05365712 0.05656332 2.68460000
v 0.08712000 0.05004000 2.68460000
v 0.05365712 0.05656332 2.68460000
v 0.05324000 0.05004000 2.68460000
v 0.08712000 0.05004000 2.68460000
v 0.05324000 0.05004000 2.68460000
v 0.05365712 0.04351668 2.68460000
v 0.08712000 0.05004000 2.68460000
v 0.05365712 0.04351668 2.68460000
v 0.05489821 0.03715399 2.68460000
v 0.08712000 0.05004000 2.68460000
v 0.05489821 0.03715399 2.68460000
v 0.05693270 0.03110860 2.68460000
v 0.08712000 0.05004000 2.68460000
v 0.05693270 0.03110860 2.68460000
v 0.05971050 0.02552935 2.68460000
v 0.08712000 0.05004000 2.68460000
v 0.05971050 0.02552935 2.68460000
v 0.06316322 0.02055365 2.68460000
v 0.08712000 0.05004000 2.68460000
v 0.06316322 0.02055365 2.68460000
v 0.06720584 0.01630399 2.68460000
v 0.08712000 0.05004000 2.68460000
v 0.06720584 0.01630399 2.68460000
v 0.07173880 0.01288503 2.68460000
v 0.08712000 0.05004000 2.68460000
v 0.07173880 0.01288503 2.68460000
v 0.07665050 0.01038094 2.68460000
v 0.08712000 0.05004000 2.68460000
v 0.07665050 0.01038094 2.68460000
v 0.08182000 0.00885340 2.68460000
v 0.08712000 0.05004000 2.68460000
v 0.08182000 0.00885340 2.68460000
v 0.08712000 0.00834000 2.68460000
v 0.08712000 0.05004000 2.68460000
v 0.08712000 0.00834000 2.68460000
v 0.09242000 0.00885340 2.68460000
v 0.08712000 0.05004000 2.68460000
v 0.09242000 0.00885340 2.68460000
v 0.09758950 0.01038094 2.68460000
v 0.08712000 0.05004000 2.68460000
v 0.09758950 0.01038094 2.68460000
v 0.10250120 0.01288503 2.68460000
v 0.08712000 0.05004000 2.68460000
v 0.10250120 0.01288503 2.68460000
v 0.10703416 0.01630399 2.68460000
v 0.08712000 0.05004000 2.68460000
v 0.10703416 0.01630399 2.68460000
v 0.11107678 0.02055365 2.68460000
v 0.08712000 0.05004000 2.68460000
v 0.11107678 0.02055365 2.68460000
v 0.11452950 0.02552935 2.68460000
v 0.08712000 0.05004000 2.68460000
v 0.11452950 0.02552935 2.68460000
v 0.11730730 0.03110860 2.68460000
v 0.08712000 0.05004000 2.68460000
v 0.11730730 0.03110860 2.68460000
v 0.11934179 0.03715399 2.68460000
v 0.08712000 0.05004000 2.68460000
v 0.11934179 0.03715399 2.68460000
v 0.12058288 0.04351668 2.68460000
v 0.08712000 0.05004000 2.68460000
v 0.12058288 0.04351668 2.68460000
v 0.12100000 0.05004000 2.68460000
v 0.08712000 0.05004000 2.68460000
v 0.12100000 0.05004000 2.69760000
v 0.12058288 0.05656332 2.69760000
v 0.11993990 0.05643797 2.69892193
v 0.12100000 0.05004000 2.69760000
v 0.11993990 0.05643797 2.69892193
v 0.12034901 0.05004000 2.69892193
v 0.12058288 0.05656332 2.69760000
v 0.11934179 0.06292601 2.69760000
v 0.11872266 0.06267841 2.69892193
v 0.12058288 0.05656332 2.69760000
v 0.11872266 0.06267841 2.69892193
v 0.11993990 0.05643797 2.69892193
v 0.11934179 0.06292601 2.69760000
v 0.11730730 0.06897140 2.69760000
v 0.11672726 0.06860764 2.69892193
v 0.11934179 0.06292601 2.69760000
v 0.11672726 0.06860764 2.69892193
v 0.11872266 0.06267841 2.69892193
v 0.11730730 0.06897140 2.69760000
v 0.11452950 0.07455065 2.69760000
v 0.11400283 0.07407968 2.69892193
v 0.11730730 0.06897140 2.69760000
v 0.11400283 0.07407968 2.69892193
v 0.11672726 0.06860764 2.69892193
v 0.11452950 0.07455065 2.69760000
v 0.11107678 0.07952635 2.69760000
v 0.11061645 0.07895978 2.69892193
v 0.11452950 0.07455065 2.69760000
v 0.11061645 0.07895978 2.69892193
v 0.11400283 0.07407968 2.69892193
v 0.11107678 0.07952635 2.69760000
v 0.10703416 0.08377601 2.69760000
v 0.10665152 0.08312778 2.69892193
v 0.11107678 0.07952635 2.69760000
v 0.10665152 0.08312778 2.69892193
v 0.11061645 0.07895978 2.69892193
v 0.10703416 0.08377601 2.69760000
v 0.10250120 0.08719497 2.69760000
v 0.10220565 0.08648105 2.69892193
v 0.10703416 0.08377601 2.69760000
v 0.10220565 0.08648105 2.69892193
v 0.10665152 0.08312778 2.69892193
v 0.10250120 0.08719497 2.69760000
v 0.09758950 0.08969906 2.69760000
v 0.09738833 0.08893702 2.69892193
v 0.10250120 0.08719497 2.69760000
v 0.09738833 0.08893702 2.69892193
v 0.10220565 0.08648105 2.69892193
v 0.09758950 0.08969906 2.69760000
v 0.09242000 0.09122660 2.69760000
v 0.09231816 0.09043521 2.69892193
v 0.09758950 0.08969906 2.69760000
v 0.09231816 0.09043521 2.69892193
v 0.09738833 0.08893702 2.69892193
v 0.09242000 0.09122660 2.69760000
v 0.08712000 0.09174000 2.69760000
v 0.08712000 0.09093875 2.69892193
v 0.09242000 0.09122660 2.69760000
v 0.08712000 0.09093875 2.69892193
v 0.09231816 0.09043521 2.69892193
v 0.08712000 0.09174000 2.69760000
v 0.08182000 0.09122660 2.69760000
v 0.08192184 0.09043521 2.69892193
v 0.08712000 0.09174000 2.69760000
v 0.08192184 0.09043521 2.69892193
v 0.08712000 0.09093875 2.69892193
v 0.08182000 0.09122660 2.69760000
v 0.07665050 0.08969906 2.69760000
v 0.07685167 0.08893702 2.69892193
v 0.08182000 0.09122660 2.69760000
v 0.07685167 0.08893702 2.69892193
v 0.08192184 0.09043521 2.69892193
v 0.07665050 0.08969906 2.69760000
v 0.07173880 0.08719497 2.69760000
v 0.07203435 0.08648105 2.69892193
v 0.07665050 0.08969906 2.69760000
v 0.07203435 0.08648105 2.69892193
v 0.07685167 0.08893702 2.69892193
v 0.07173880 0.08719497 2.69760000
v 0.06720584 0.08377601 2.69760000
v 0.06758848 0.08312778 2.69892193
v 0.07173880 0.08719497 2.69760000
v 0.06758848 0.08312778 2.69892193
v 0.07203435 0.08648105 2.69892193
v 0.06720584 0.08377601 2.69760000
v 0.06316322 0.07952635 2.69760000
v 0.06362355 0.07895978 2.69892193
v 0.06720584 0.08377601 2.69760000
v 0.06362355 0.07895978 2.69892193
v 0.06758848 0.08312778 2.69892193
v 0.06316322 0.07952635 2.69760000
v 0.05971050 0.07455065 2.69760000
v 0.06023717 0.07407968 2.69892193
v 0.06316322 0.07952635 2.69760000
v 0.06023717 0.07407968 2.69892193
v 0.06362355 0.07895978 2.69892193
v 0.05971050 0.07455065 2.69760000
v 0.05693270 0.06897140 2.69760000
v 0.05751274 0.06860764 2.69892193
v 0.05971050 0.07455065 2.69760000
v 0.05751274 0.06860764 2.69892193
v 0.06023717 0.07407968 2.69892193
v 0.05693270 0.06897140 2.69760000
v 0.05489821 0.06292601 2.69760000
v 0.05551734 0.06267841 2.69892193
v 0.05693270 0.06897140 2.69760000
v 0.05551734 0.06267841 2.69892193
v 0.05751274 0.06860764 2.69892193
v 0.05489821 0.06292601 2.69760000
v 0.05365712 0.05656332 2.69760000
v 0.05430010 0.05643797 2.69892193
v 0.05489821 0.06292601 2.69760000
v 0.05430010 0.05643797 2.69892193
v 0.05551734 0.06267841 2.69892193
v 0.05365712 0.05656332 2.69760000
v 0.05324000 0.05004000 2.69760000
v 0.05389099 0.05004000 2.69892193
v 0.05365712 0.05656332 2.69760000
v 0.05389099 0.05004000 2.69892193
v 0.05430010 0.05643797 2.69892193
v 0.05324000 0.05004000 2.69760000
v 0.05365712 0.04351668 2.69760000
v 0.05430010 0.04364203 2.69892193
v 0.05324000 0.05004000 2.69760000
v 0.05430010 0.04364203 2.69892193
v 0.05389099 0.05004000 2.69892193
v 0.05365712 0.04351668 2.69760000
v 0.05489821 0.03715399 2.69760000
v 0.05551734 0.03740159 2.69892193
v 0.05365712 0.04351668 2.69760000
v 0.05551734 0.03740159 2.69892193
v 0.05430010 0.04364203 2.69892193
v 0.05489821 0.03715399 2.69760000
v 0.05693270 0.03110860 2.69760000
v 0.05751274 0.03147236 2.69892193
v 0.05489821 0.03715399 2.69760000
v 0.05751274 0.03147236 2.69892193
v 0.05551734 0.03740159 2.69892193
v 0.05693270 0.03110860 2.69760000
v 0.05971050 0.02552935 2.69760000
v 0.06023717 0.02600032 2.69892193
v 0.05693270 0.03110860 2.69760000
v 0.06023717 0.02600032 2.69892193
v 0.05751274 0.03147236 2.69892193
v 0.05971050 0.02552935 2.69760000
v 0.06316322 0.02055365 2.69760000
v 0.06362355 0.02112022 2.69892193
v 0.05971050 0.02552935 2.69760000
v 0.06362355 0.02112022 2.69892193
v 0.06023717 0.02600032 2.69892193
v 0.06316322 0.02055365 2.69760000
v 0.06720584 0.01630399 2.69760000
v 0.06758848 0.01695222 2.69892193
v 0.06316322 0.02055365 2.69760000
v 0.06758848 0.01695222 2.69892193
v 0.06362355 0.02112022 2.69892193
v 0.06720584 0.01630399 2.69760000
v 0.07173880 0.01288503 2.69760000
v 0.07203435 0.01359895 2.69892193
v 0.06720584 0.01630399 2.69760000
v 0.07203435 0.01359895 2.69892193
v 0.06758848 0.01695222 2.69892193
v 0.07173880 0.01288503 2.69760000
v 0.07665050 0.01038094 2.69760000
v 0.07685167 0.01114298 2.69892193
v 0.07173880 0.01288503 2.69760000
v 0.07685167 0.01114298 2.69892193
v 0.07203435 0.01359895 2.69892193
v 0.07665050 0.01038094 2.69760000
v 0.08182000 0.00885340 2.69760000
v 0.08192184 0.00964479 2.69892193
v 0.07665050 0.01038094 2.69760000
v 0.08192184 0.00964479 2.69892193
v 0.07685167 0.01114298 2.69892193
v 0.08182000 0.00885340 2.69760000
v 0.08712000 0.00834000 2.69760000
v 0.08712000 0.00914125 2.69892193
v 0.08182000 0.00885340 2.69760000
v 0.08712000 0.00914125 2.69892193
v 0.08192184 0.00964479 2.69892193
v 0.08712000 0.00834000 2.69760000
v 0.09242000 0.00885340 2.69760000
v 0.09231816 0.00964479 2.69892193
v 0.08712000 0.00834000 2.69760000
v 0.09231816 0.00964479 2.69892193
v 0.08712000 0.00914125 2.69892193
v 0.09242000 0.00885340 2.69760000
v 0.09758950 0.01038094 2.69760000
v 0.09738833 0.01114298 2.69892193
v 0.09242000 0.00885340 2.69760000
v 0.09738833 0.01114298 2.69892193
v 0.09231816 0.00964479 2.69892193
v 0.09758950 0.01038094 2.69760000
v 0.10250120 0.01288503 2.69760000
v 0.10220565 0.01359895 2.69892193
v 0.09758950 0.01038094 2.69760000
v 0.10220565 0.01359895 2.69892193
v 0.09738833 0.01114298 2.69892193
v 0.10250120 0.01288503 2.69760000
v 0.10703416 0.01630399 2.69760000
v 0.10665152 0.01695222 2.69892193
v 0.10250120 0.01288503 2.69760000
v 0.10665152 0.01695222 2.69892193
v 0.10220565 0.01359895 2.69892193
v 0.10703416 0.01630399 2.69760000
v 0.11107678 0.02055365 2.69760000
v 0.11061645 0.02112022 2.69892193
v 0.10703416 0.01630399 2.69760000
v 0.11061645 0.02112022 2.69892193
v 0.10665152 0.01695222 2.69892193
v 0.11107678 0.02055365 2.69760000
v 0.11452950 0.02552935 2.69760000
v 0.11400283 0.02600032 2.69892193
v 0.11107678 0.02055365 2.69760000
v 0.11400283 0.02600032 2.69892193
v 0.11061645 0.02112022 2.69892193
v 0.11452950 0.02552935 2.69760000
v 0.11730730 0.03110860 2.69760000
v 0.11672726 0.03147236 2.69892193
v 0.11452950 0.02552935 2.69760000
v 0.11672726 0.03147236 2.69892193
v 0.11400283 0.02600032 2.69892193
v 0.11730730 0.03110860 2.69760000
v 0.11934179 0.03715399 2.69760000
v 0.11872266 0.03740159 2.69892193
v 0.11730730 0.03110860 2.69760000
v 0.11872266 0.03740159 2.69892193
v 0.11672726 0.03147236 2.69892193
v 0.11934179 0.03715399 2.69760000
v 0.12058288 0.04351668 2.69760000
v 0.11993990 0.04364203 2.69892193
v 0.11934179 0.03715399 2.69760000
v 0.11993990 0.04364203 2.69892193
v 0.11872266 0.03740159 2.69892193
v 0.12058288 0.04351668 2.69760000
v 0.12100000 0.05004000 2.69760000
v 0.12034901 0.05004000 2.69892193
v 0.12058288 0.04351668 2.69760000
v 0.12034901 0.05004000 2.69892193
v 0.11993990 0.04364203 2.69892193
v 0.12034901 0.05004000 2.69892193
v 0.11993990 0.05643797 2.69892193
v 0.11803567 0.05606676 2.70019306
v 0.12034901 0.05004000 2.69892193
v 0.11803567 0.05606676 2.70019306
v 0.11842104 0.05004000 2.70019306
v 0.11993990 0.05643797 2.69892193
v 0.11872266 0.06267841 2.69892193
v 0.11688906 0.06194512 2.70019306
v 0.11993990 0.05643797 2.69892193
v 0.11688906 0.06194512 2.70019306
v 0.11803567 0.05606676 2.70019306
v 0.11872266 0.06267841 2.69892193
v 0.11672726 0.06860764 2.69892193
v 0.11500943 0.06753034 2.70019306
v 0.11872266 0.06267841 2.69892193
v 0.11500943 0.06753034 2.70019306
v 0.11688906 0.06194512 2.70019306
v 0.11672726 0.06860764 2.69892193
v 0.11400283 0.07407968 2.69892193
v 0.11244307 0.07268488 2.70019306
v 0.11672726 0.06860764 2.69892193
v 0.11244307 0.07268488 2.70019306
v 0.11500943 0.06753034 2.70019306
v 0.11400283 0.07407968 2.69892193
v 0.11061645 0.07895978 2.69892193
v 0.10925318 0.07728184 2.70019306
v 0.11400283 0.07407968 2.69892193
v 0.10925318 0.07728184 2.70019306
v 0.11244307 0.07268488 2.70019306
v 0.11061645 0.07895978 2.69892193
v 0.10665152 0.08312778 2.69892193
v 0.10551829 0.08120801 2.70019306
v 0.11061645 0.07895978 2.69892193
v 0.10551829 0.08120801 2.70019306
v 0.10925318 0.07728184 2.70019306
v 0.10665152 0.08312778 2.69892193
v 0.10220565 0.08648105 2.69892193
v 0.10133037 0.08436672 2.70019306
v 0.10665152 0.08312778 2.69892193
v 0.10133037 0.08436672 2.70019306
v 0.10551829 0.08120801 2.70019306
v 0.10220565 0.08648105 2.69892193
v 0.09738833 0.08893702 2.69892193
v 0.09679255 0.08668019 2.70019306
v 0.10220565 0.08648105 2.69892193
v 0.09679255 0.08668019 2.70019306
v 0.10133037 0.08436672 2.70019306
v 0.09738833 0.08893702 2.69892193
v 0.09231816 0.09043521 2.69892193
v 0.09201656 0.08809146 2.70019306
v 0.09738833 0.08893702 2.69892193
v 0.09201656 0.08809146 2.70019306
v 0.09679255 0.08668019 2.70019306
v 0.09231816 0.09043521 2.69892193
v 0.08712000 0.09093875 2.69892193
v 0.08712000 0.08856578 2.70019306
v 0.09231816 0.09043521 2.69892193
v 0.08712000 0.08856578 2.70019306
v 0.09201656 0.08809146 2.70019306
v 0.08712000 0.09093875 2.69892193
v 0.08192184 0.09043521 2.69892193
v 0.08222344 0.08809146 2.70019306
v 0.08712000 0.09093875 2.69892193
v 0.08222344 0.08809146 2.70019306
v 0.08712000 0.08856578 2.70019306
v 0.08192184 0.09043521 2.69892193
v 0.07685167 0.08893702 2.69892193
v 0.07744745 0.08668019 2.70019306
v 0.08192184 0.09043521 2.69892193
v 0.07744745 0.08668019 2.70019306
v 0.08222344 0.08809146 2.70019306
v 0.07685167 0.08893702 2.69892193
v 0.07203435 0.08648105 2.69892193
v 0.07290963 0.08436672 2.70019306
v 0.07685167 0.08893702 2.69892193
v 0.07290963 0.08436672 2.70019306
v 0.07744745 0.08668019 2.70019306
v 0.07203435 0.08648105 2.69892193
v 0.06758848 0.08312778 2.69892193
v 0.06872171 0.08120801 2.70019306
v 0.07203435 0.08648105 2.69892193
v 0.06872171 0.08120801 2.70019306
v 0.07290963 0.08436672 2.70019306
v 0.06758848 0.08312778 2.69892193
v 0.06362355 0.07895978 2.69892193
v 0.06498682 0.07728184 2.70019306
v 0.06758848 0.08312778 2.69892193
v 0.06498682 0.07728184 2.70019306
v 0.06872171 0.08120801 2.70019306
v 0.06362355 0.07895978 2.69892193
v 0.06023717 0.07407968 2.69892193
v 0.06179693 0.07268488 2.70019306
v 0.06362355 0.07895978 2.69892193
v 0.06179693 0.07268488 2.70019306
v 0.06498682 0.07728184 2.70019306
v 0.06023717 0.07407968 2.69892193
v 0.05751274 0.06860764 2.69892193
v 0.05923057 0.06753034 2.70019306
v 0.06023717 0.07407968 2.69892193
v 0.05923057 0.06753034 2.70019306
v 0.06179693 0.07268488 2.70019306
v 0.05751274 0.06860764 2.69892193
v 0.05551734 0.06267841 2.69892193
v 0.05735094 0.06194512 2.70019306
v 0.05751274 0.06860764 2.69892193
v 0.05735094 0.06194512 2.70019306
v 0.05923057 0.06753034 2.70019306
v 0.05551734 0.06267841 2.69892193
v 0.05430010 0.05643797 2.69892193
v 0.05620433 0.05606676 2.70019306
v 0.05551734 0.06267841 2.69892193
v 0.05620433 0.05606676 2.70019306
v 0.05735094 0.06194512 2.70019306
v 0.05430010 0.05643797 2.69892193
v 0.05389099 0.05004000 2.69892193
v 0.05581896 0.05004000 2.70019306
v 0.05430010 0.05643797 2.69892193
v 0.05581896 0.05004000 2.70019306
v 0.05620433 0.05606676 2.70019306
v 0.05389099 0.05004000 2.69892193
v 0.05430010 0.04364203 2.69892193
v 0.05620433 0.04401324 2.70019306
v 0.05389099 0.05004000 2.69892193
v 0.05620433 0.04401324 2.70019306
v 0.05581896 0.05004000 2.70019306
v 0.05430010 0.04364203 2.69892193
v 0.05551734 0.03740159 2.69892193
v 0.05735094 0.03813488 2.70019306
v 0.05430010 0.04364203 2.69892193
v 0.05735094 0.03813488 2.70019306
v 0.05620433 0.04401324 2.70019306
v 0.05551734 0.03740159 2.69892193
v 0.05751274 0.03147236 2.69892193
v 0.05923057 0.03254966 2.70019306
v 0.05551734 0.03740159 2.69892193
v 0.05923057 0.03254966 2.70019306
v 0.05735094 0.03813488 2.70019306
v 0.05751274 0.03147236 2.69892193
v 0.06023717 0.02600032 2.69892193
v 0.06179693 0.02739512 2.70019306
v 0.05751274 0.03147236 2.69892193
v 0.06179693 0.02739512 2.70019306
v 0.05923057 0.03254966 2.70019306
v 0.06023717 0.02600032 2.69892193
v 0.06362355 0.02112022 2.69892193
v 0.06498682 0.02279816 2.70019306
v 0.06023717 0.02600032 2.69892193
v 0.06498682 0.02279816 2.70019306
v 0.06179693 0.02739512 2.70019306
v 0.06362355 0.02112022 2.69892193
v 0.06758848 0.01695222 2.69892193
v 0.06872171 0.01887199 2.70019306
v 0.06362355 0.02112022 2.69892193
v 0.06872171 0.01887199 2.70019306
v 0.06498682 0.02279816 2.70019306
v 0.06758848 0.01695222 2.69892193
v 0.07203435 0.01359895 2.69892193
v 0.07290963 0.01571328 2.70019306
v 0.06758848 0.01695222 2.69892193
v 0.07290963 0.01571328 2.70019306
v 0.06872171 0.01887199 2.70019306
v 0.07203435 0.01359895 2.69892193
v 0.07685167 0.01114298 2.69892193
v 0.07744745 0.01339981 2.70019306
v 0.07203435 0.01359895 2.69892193
v 0.07744745 0.01339981 2.70019306
v 0.07290963 0.01571328 2.70019306
v 0.07685167 0.01114298 2.69892193
v 0.08192184 0.00964479 2.69892193
v 0.08222344 0.01198854 2.70019306
v 0.07685167 0.01114298 2.69892193
v 0.08222344 0.01198854 2.70019306
v 0.07744745 0.01339981 2.70019306
v 0.08192184 0.00964479 2.69892193
v 0.08712000 0.00914125 2.69892193
v 0.08712000 0.01151422 2.70019306
v 0.08192184 0.00964479 2.69892193
v 0.08712000 0.01151422 2.70019306
v 0.08222344 0.01198854 2.70019306
v 0.08712000 0.00914125 2.69892193
v 0.09231816 0.00964479 2.69892193
v 0.09201656 0.01198854 2.70019306
v 0.08712000 0.00914125 2.69892193
v 0.09201656 0.01198854 2.70019306
v 0.08712000 0.01151422 2.70019306
v 0.09231816 0.00964479 2.69892193
v 0.09738833 0.01114298 2.69892193
v 0.09679255 0.01339981 2.70019306
v 0.09231816 0.00964479 2.69892193
v 0.09679255 0.01339981 2.70019306
v 0.09201656 0.01198854 2.70019306
v 0.09738833 0.01114298 2.69892193
v 0.10220565 0.01359895 2.69892193
v 0.10133037 0.01571328 2.70019306
v 0.09738833 0.01114298 2.69892193
v 0.10133037 0.01571328 2.70019306
v 0.09679255 0.01339981 2.70019306
v 0.10220565 0.01359895 2.69892193
v 0.10665152 0.01695222 2.69892193
v 0.10551829 0.01887199 2.70019306
v 0.10220565 0.01359895 2.69892193
v 0.10551829 0.01887199 2.70019306
v 0.10133037 0.01571328 2.70019306
v 0.10665152 0.01695222 2.69892193
v 0.11061645 0.02112022 2.69892193
v 0.10925318 0.02279816 2.70019306
v 0.10665152 0.01695222 2.69892193
v 0.10925318 0.02279816 2.70019306
v 0.10551829 0.01887199 2.70019306
v 0.11061645 0.02112022 2.69892193
v 0.11400283 0.02600032 2.69892193
v 0.11244307 0.02739512 2.70019306
v 0.11061645 0.02112022 2.69892193
v 0.11244307 0.02739512 2.70019306
v 0.10925318 0.02279816 2.70019306
v 0.11400283 0.02600032 2.69892193
v 0.11672726 0.03147236 2.69892193
v 0.11500943 0.03254966 2.70019306
v 0.11400283 0.02600032 2.69892193
v 0.11500943 0.03254966 2.70019306
v 0.11244307 0.02739512 2.70019306
v 0.11672726 0.03147236 2.69892193
v 0.11872266 0.03740159 2.69892193
v 0.11688906 0.03813488 2.70019306
v 0.11672726 0.03147236 2.69892193
v 0.11688906 0.03813488 2.70019306
v 0.11500943 0.03254966 2.70019306
v 0.11872266 0.03740159 2.69892193
v 0.11993990 0.04364203 2.69892193
v 0.11803567 0.04401324 2.70019306
v 0.11872266 0.03740159 2.69892193
v 0.11803567 0.04401324 2.70019306
v 0.11688906 0.03813488 2.70019306
v 0.11993990 0.04364203 2.69892193
v 0.12034901 0.05004000 2.69892193
v 0.11842104 0.05004000 2.70019306
v 0.11993990 0.04364203 2.69892193
v 0.11842104 0.05004000 2.70019306
v 0.11803567 0.04401324 2.70019306
v 0.11842104 0.05004000 2.70019306
v 0.11803567 0.05606676 2.70019306
v 0.11494337 0.05546394 2.70136454
v 0.11842104 0.05004000 2.70019306
v 0.11494337 0.05546394 2.70136454
v 0.11529019 0.05004000 2.70136454
v 0.11803567 0.05606676 2.70019306
v 0.11688906 0.06194512 2.70019306
v 0.11391144 0.06075432 2.70136454
v 0.11803567 0.05606676 2.70019306
v 0.11391144 0.06075432 2.70136454
v 0.11494337 0.05546394 2.70136454
v 0.11688906 0.06194512 2.70019306
v 0.11500943 0.06753034 2.70019306
v 0.11221982 0.06578089 2.70136454
v 0.11688906 0.06194512 2.70019306
v 0.11221982 0.06578089 2.70136454
v 0.11391144 0.06075432 2.70136454
v 0.11500943 0.06753034 2.70019306
v 0.11244307 0.07268488 2.70019306
v 0.10991016 0.07041986 2.70136454
v 0.11500943 0.06753034 2.70019306
v 0.10991016 0.07041986 2.70136454
v 0.11221982 0.06578089 2.70136454
v 0.11244307 0.07268488 2.70019306
v 0.10925318 0.07728184 2.70019306
v 0.10703933 0.07455701 2.70136454
v 0.11244307 0.07268488 2.70019306
v 0.10703933 0.07455701 2.70136454
v 0.10991016 0.07041986 2.70136454
v 0.10925318 0.07728184 2.70019306
v 0.10551829 0.08120801 2.70019306
v 0.10367802 0.07809047 2.70136454
v 0.10925318 0.07728184 2.70019306
v 0.10367802 0.07809047 2.70136454
v 0.10703933 0.07455701 2.70136454
v 0.10551829 0.08120801 2.70019306
v 0.10133037 0.08436672 2.70019306
v 0.09990900 0.08093323 2.70136454
v 0.10551829 0.08120801 2.70019306
v 0.09990900 0.08093323 2.70136454
v 0.10367802 0.07809047 2.70136454
v 0.10133037 0.08436672 2.70019306
v 0.09679255 0.08668019 2.70019306
v 0.09582507 0.08301530 2.70136454
v 0.10133037 0.08436672 2.70019306
v 0.09582507 0.08301530 2.70136454
v 0.09990900 0.08093323 2.70136454
v 0.09679255 0.08668019 2.70019306
v 0.09201656 0.08809146 2.70019306
v 0.09152679 0.08428541 2.70136454
v 0.09679255 0.08668019 2.70019306
v 0.09152679 0.08428541 2.70136454
v 0.09582507 0.08301530 2.70136454
v 0.09201656 0.08809146 2.70019306
v 0.08712000 0.08856578 2.70019306
v 0.08712000 0.08471228 2.70136454
v 0.09201656 0.08809146 2.70019306
v 0.08712000 0.08471228 2.70136454
v 0.09152679 0.08428541 2.70136454
v 0.08712000 0.08856578 2.70019306
v 0.08222344 0.08809146 2.70019306
v 0.08271321 0.08428541 2.70136454
v 0.08712000 0.08856578 2.70019306
v 0.08271321 0.08428541 2.70136454
v 0.08712000 0.08471228 2.70136454
v 0.08222344 0.08809146 2.70019306
v 0.07744745 0.08668019 2.70019306
v 0.07841493 0.08301530 2.70136454
v 0.08222344 0.08809146 2.70019306
v 0.07841493 0.08301530 2.70136454
v 0.08271321 0.08428541 2.70136454
v 0.07744745 0.08668019 2.70019306
v 0.07290963 0.08436672 2.70019306
v 0.07433100 0.08093323 2.70136454
v 0.07744745 0.08668019 2.70019306
v 0.07433100 0.08093323 2.70136454
v 0.07841493 0.08301530 2.70136454
v 0.07290963 0.08436672 2.70019306
v 0.06872171 0.08120801 2.70019306
v 0.07056198 0.07809047 2.70136454
v 0.07290963 0.08436672 2.70019306
v 0.07056198 0.07809047 2.70136454
v 0.07433100 0.08093323 2.70136454
v 0.06872171 0.08120801 2.70019306
v 0.06498682 0.07728184 2.70019306
v 0.06720067 0.07455701 2.70136454
v 0.06872171 0.08120801 2.70019306
v 0.06720067 0.07455701 2.70136454
v 0.07056198 0.07809047 2.70136454
v 0.06498682 0.07728184 2.70019306
v 0.06179693 0.07268488 2.70019306
v 0.06432984 0.07041986 2.70136454
v 0.06498682 0.07728184 2.70019306
v 0.06432984 0.07041986 2.70136454
v 0.06720067 0.07455701 2.70136454
v 0.06179693 0.07268488 2.70019306
v 0.05923057 0.06753034 2.70019306
v 0.06202018 0.06578089 2.70136454
v 0.06179693 0.07268488 2.70019306
v 0.06202018 0.06578089 2.70136454
v 0.06432984 0.07041986 2.70136454
v 0.05923057 0.06753034 2.70019306
v 0.05735094 0.06194512 2.70019306
v 0.06032856 0.06075432 2.70136454
v 0.05923057 0.06753034 2.70019306
v 0.06032856 0.06075432 2.70136454
v 0.06202018 0.06578089 2.70136454
v 0.05735094 0.06194512 2.70019306
v 0.05620433 0.05606676 2.70019306
v 0.05929663 0.05546394 2.70136454
v 0.05735094 0.06194512 2.70019306
v 0.05929663 0.05546394 2.70136454
v 0.06032856 0.06075432 2.70136454
v 0.05620433 0.05606676 2.70019306
v 0.05581896 0.05004000 2.70019306
v 0.05894981 0.05004000 2.70136454
v 0.05620433 0.05606676 2.70019306
v 0.05894981 0.05004000 2.70136454
v 0.05929663 0.05546394 2.70136454
v 0.05581896 0.05004000 2.70019306
v 0.05620433 0.04401324 2.70019306
v 0.05929663 0.04461606 2.70136454
v 0.05581896 0.05004000 2.70019306
v 0.05929663 0.04461606 2.70136454
v 0.05894981 0.05004000 2.70136454
v 0.05620433 0.04401324 2.70019306
v 0.05735094 0.03813488 2.70019306
v 0.06032856 0.03932568 2.70136454
v 0.05620433 0.04401324 2.70019306
v 0.06032856 0.03932568 2.70136454
v 0.05929663 0.04461606 2.70136454
v 0.05735094 0.03813488 2.70019306
v 0.05923057 0.03254966 2.70019306
v 0.06202018 0.03429911 2.70136454
v 0.05735094 0.03813488 2.70019306
v 0.06202018 0.03429911 2.70136454
v 0.06032856 0.03932568 2.70136454
v 0.05923057 0.03254966 2.70019306
v 0.06179693 0.02739512 2.70019306
v 0.06432984 0.02966014 2.70136454
v 0.05923057 0.03254966 2.70019306
v 0.06432984 0.02966014 2.70136454
v 0.06202018 0.03429911 2.70136454
v 0.06179693 0.02739512 2.70019306
v 0.06498682 0.02279816 2.70019306
v 0.06720067 0.02552299 2.70136454
v 0.06179693 0.02739512 2.70019306
v 0.06720067 0.02552299 2.70136454
v 0.06432984 0.02966014 2.70136454
v 0.06498682 0.02279816 2.70019306
v 0.06872171 0.01887199 2.70019306
v 0.07056198 0.02198953 2.70136454
v 0.06498682 0.02279816 2.70019306
v 0.07056198 0.02198953 2.70136454
v 0.06720067 0.02552299 2.70136454
v 0.06872171 0.01887199 2.70019306
v 0.07290963 0.01571328 2.70019306
v 0.07433100 0.01914677 2.70136454
v 0.06872171 0.01887199 2.70019306
v 0.07433100 0.01914677 2.70136454
v 0.07056198 0.02198953 2.70136454
v 0.07290963 0.01571328 2.70019306
v 0.07744745 0.01339981 2.70019306
v 0.07841493 0.01706470 2.70136454
v 0.07290963 0.01571328 2.70019306
v 0.07841493 0.01706470 2.70136454
v 0.07433100 0.01914677 2.70136454
v 0.07744745 0.01339981 2.70019306
v 0.08222344 0.01198854 2.70019306
v 0.08271321 0.01579459 2.70136454
v 0.07744745 0.01339981 2.70019306
v 0.08271321 0.01579459 2.70136454
v 0.07841493 0.01706470 2.70136454
v 0.08222344 0.01198854 2.70019306
v 0.08712000 0.01151422 2.70019306
v 0.08712000 0.01536772 2.70136454
v 0.08222344 0.01198854 2.70019306
v 0.08712000 0.01536772 2.70136454
v 0.08271321 0.01579459 2.70136454
v 0.08712000 0.01151422 2.70019306
v 0.09201656 0.01198854 2.70019306
v 0.09152679 0.01579459 2.70136454
v 0.08712000 0.01151422 2.70019306
v 0.09152679 0.01579459 2.70136454
v 0.08712000 0.01536772 2.70136454
v 0.09201656 0.01198854 2.70019306
v 0.09679255 0.01339981 2.70019306
v 0.09582507 0.01706470 2.70136454
v 0.09201656 0.01198854 2.70019306
v 0.09582507 0.01706470 2.70136454
v 0.09152679 0.01579459 2.70136454
v 0.09679255 0.01339981 2.70019306
v 0.10133037 0.01571328 2.70019306
v 0.09990900 0.01914677 2.70136454
v 0.09679255 0.01339981 2.70019306
v 0.09990900 0.01914677 2.70136454
v 0.09582507 0.01706470 2.70136454
v 0.10133037 0.01571328 2.70019306
v 0.10551829 0.01887199 2.70019306
v 0.10367802 0.02198953 2.70136454
v 0.10133037 0.01571328 2.70019306
v 0.10367802 0.02198953 2.70136454
v 0.09990900 0.01914677 2.70136454
v 0.10551829 0.01887199 2.70019306
v 0.10925318 0.02279816 2.70019306
v 0.10703933 0.02552299 2.70136454
v 0.10551829 0.01887199 2.70019306
v 0.10703933 0.02552299 2.70136454
v 0.10367802 0.02198953 2.70136454
v 0.10925318 0.02279816 2.70019306
v 0.11244307 0.02739512 2.70019306
v 0.10991016 0.02966014 2.70136454
v 0.10925318 0.02279816 2.70019306
v 0.10991016 0.02966014 2.70136454
v 0.10703933 0.02552299 2.70136454
v 0.11244307 0.02739512 2.70019306
v 0.11500943 0.03254966 2.70019306
v 0.11221982 0.03429911 2.70136454
v 0.11244307 0.02739512 2.70019306
v 0.11221982 0.03429911 2.70136454
v 0.10991016 0.02966014 2.70136454
v 0.11500943 0.03254966 2.70019306
v 0.11688906 0.03813488 2.70019306
v 0.11391144 0.03932568 2.70136454
v 0.11500943 0.03254966 2.70019306
v 0.11391144 0.03932568 2.70136454
v 0.11221982 0.03429911 2.70136454
v 0.11688906 0.03813488 2.70019306
v 0.11803567 0.04401324 2.70019306
v 0.11494337 0.04461606 2.70136454
v 0.11688906 0.03813488 2.70019306
v 0.11494337 0.04461606 2.70136454
v 0.11391144 0.03932568 2.70136454
v 0.11803567 0.04401324 2.70019306
v 0.11842104 0.05004000 2.70019306
v 0.11529019 0.05004000 2.70136454
v 0.11803567 0.04401324 2.70019306
v 0.11529019 0.05004000 2.70136454
v 0.11494337 0.04461606 2.70136454
v 0.11529019 0.05004000 2.70136454
v 0.11494337 0.05546394 2.70136454
v 0.11078183 0.05465268 2.70239136
v 0.11529019 0.05004000 2.70136454
v 0.11078183 0.05465268 2.70239136
v 0.11107678 0.05004000 2.70239136
v 0.11494337 0.05546394 2.70136454
v 0.11391144 0.06075432 2.70136454
v 0.10990425 0.05915178 2.70239136
v 0.11494337 0.05546394 2.70136454
v 0.10990425 0.05915178 2.70239136
v 0.11078183 0.05465268 2.70239136
v 0.11391144 0.06075432 2.70136454
v 0.11221982 0.06578089 2.70136454
v 0.10846565 0.06342652 2.70239136
v 0.11391144 0.06075432 2.70136454
v 0.10846565 0.06342652 2.70239136
v 0.10990425 0.05915178 2.70239136
v 0.11221982 0.06578089 2.70136454
v 0.10991016 0.07041986 2.70136454
v 0.10650144 0.06737164 2.70239136
v 0.11221982 0.06578089 2.70136454
v 0.10650144 0.06737164 2.70239136
v 0.10846565 0.06342652 2.70239136
v 0.10991016 0.07041986 2.70136454
v 0.10703933 0.07455701 2.70136454
v 0.10406000 0.07089000 2.70239136
v 0.10991016 0.07041986 2.70136454
v 0.10406000 0.07089000 2.70239136
v 0.10650144 0.06737164 2.70239136
v 0.10703933 0.07455701 2.70136454
v 0.10367802 0.07809047 2.70136454
v 0.10120144 0.07389496 2.70239136
v 0.10703933 0.07455701 2.70136454
v 0.10120144 0.07389496 2.70239136
v 0.10406000 0.07089000 2.70239136
v 0.10367802 0.07809047 2.70136454
v 0.09990900 0.08093323 2.70136454
v 0.09799615 0.07631253 2.70239136
v 0.10367802 0.07809047 2.70136454
v 0.09799615 0.07631253 2.70239136
v 0.10120144 0.07389496 2.70239136
v 0.09990900 0.08093323 2.70136454
v 0.09582507 0.08301530 2.70136454
v 0.09452305 0.07808319 2.70239136
v 0.09990900 0.08093323 2.70136454
v 0.09452305 0.07808319 2.70239136
v 0.09799615 0.07631253 2.70239136
v 0.09582507 0.08301530 2.70136454
v 0.09152679 0.08428541 2.70136454
v 0.09086767 0.07916333 2.70239136
v 0.09582507 0.08301530 2.70136454
v 0.09086767 0.07916333 2.70239136
v 0.09452305 0.07808319 2.70239136
v 0.09152679 0.08428541 2.70136454
v 0.08712000 0.08471228 2.70136454
v 0.08712000 0.07952635 2.70239136
v 0.09152679 0.08428541 2.70136454
v 0.08712000 0.07952635 2.70239136
v 0.09086767 0.07916333 2.70239136
v 0.08712000 0.08471228 2.70136454
v 0.08271321 0.08428541 2.70136454
v 0.08337233 0.07916333 2.70239136
v 0.08712000 0.08471228 2.70136454
v 0.08337233 0.07916333 2.70239136
v 0.08712000 0.07952635 2.70239136
v 0.08271321 0.08428541 2.70136454
v 0.07841493 0.08301530 2.70136454
v 0.07971695 0.07808319 2.70239136
v 0.08271321 0.08428541 2.70136454
v 0.07971695 0.07808319 2.70239136
v 0.08337233 0.07916333 2.70239136
v 0.07841493 0.08301530 2.70136454
v 0.07433100 0.08093323 2.70136454
v 0.07624385 0.07631253 2.70239136
v 0.07841493 0.08301530 2.70136454
v 0.07624385 0.07631253 2.70239136
v 0.07971695 0.07808319 2.70239136
v 0.07433100 0.08093323 2.70136454
v 0.07056198 0.07809047 2.70136454
v 0.07303856 0.07389496 2.70239136
v 0.07433100 0.08093323 2.70136454
v 0.07303856 0.07389496 2.70239136
v 0.07624385 0.07631253 2.70239136
v 0.07056198 0.07809047 2.70136454
v 0.06720067 0.07455701 2.70136454
v 0.07018000 0.07089000 2.70239136
v 0.07056198 0.07809047 2.70136454
v 0.07018000 0.07089000 2.70239136
v 0.07303856 0.07389496 2.70239136
v 0.06720067 0.07455701 2.70136454
v 0.06432984 0.07041986 2.70136454
v 0.06773856 0.06737164 2.70239136
v 0.06720067 0.07455701 2.70136454
v 0.06773856 0.06737164 2.70239136
v 0.07018000 0.07089000 2.70239136
v 0.06432984 0.07041986 2.70136454
v 0.06202018 0.06578089 2.70136454
v 0.06577435 0.06342652 2.70239136
v 0.06432984 0.07041986 2.70136454
v 0.06577435 0.06342652 2.70239136
v 0.06773856 0.06737164 2.70239136
v 0.06202018 0.06578089 2.70136454
v 0.06032856 0.06075432 2.70136454
v 0.06433575 0.05915178 2.70239136
v 0.06202018 0.06578089 2.70136454
v 0.06433575 0.05915178 2.70239136
v 0.06577435 0.06342652 2.70239136
v 0.06032856 0.06075432 2.70136454
v 0.05929663 0.05546394 2.70136454
v 0.06345817 0.05465268 2.70239136
v 0.06032856 0.06075432 2.70136454
v 0.06345817 0.05465268 2.70239136
v 0.06433575 0.05915178 2.70239136
v 0.05929663 0.05546394 2.70136454
v 0.05894981 0.05004000 2.70136454
v 0.06316322 0.05004000 2.70239136
v 0.05929663 0.05546394 2.70136454
v 0.06316322 0.05004000 2.70239136
v 0.06345817 0.05465268 2.70239136
v 0.05894981 0.05004000 2.70136454
v 0.05929663 0.04461606 2.70136454
v 0.06345817 0.04542732 2.70239136
v 0.05894981 0.05004000 2.70136454
v 0.06345817 0.04542732 2.70239136
v 0.06316322 0.05004000 2.70239136
v 0.05929663 0.04461606 2.70136454
v 0.06032856 0.03932568 2.70136454
v 0.06433575 0.04092822 2.70239136
v 0.05929663 0.04461606 2.70136454
v 0.06433575 0.04092822 2.70239136
v 0.06345817 0.04542732 2.70239136
v 0.06032856 0.03932568 2.70136454
v 0.06202018 0.03429911 2.70136454
v 0.06577435 0.03665348 2.70239136
v 0.06032856 0.03932568 2.70136454
v 0.06577435 0.03665348 2.70239136
v 0.06433575 0.04092822 2.70239136
v 0.06202018 0.03429911 2.70136454
v 0.06432984 0.02966014 2.70136454
v 0.06773856 0.03270836 2.70239136
v 0.06202018 0.03429911 2.70136454
v 0.06773856 0.03270836 2.70239136
v 0.06577435 0.03665348 2.70239136
v 0.06432984 0.02966014 2.70136454
v 0.06720067 0.02552299 2.70136454
v 0.07018000 0.02919000 2.70239136
v 0.06432984 0.02966014 2.70136454
v 0.07018000 0.02919000 2.70239136
v 0.06773856 0.03270836 2.70239136
v 0.06720067 0.02552299 2.70136454
v 0.07056198 0.02198953 2.70136454
v 0.07303856 0.02618504 2.70239136
v 0.06720067 0.02552299 2.70136454
v 0.07303856 0.02618504 2.70239136
v 0.07018000 0.02919000 2.70239136
v 0.07056198 0.02198953 2.70136454
v 0.07433100 0.01914677 2.70136454
v 0.07624385 0.02376747 2.70239136
v 0.07056198 0.02198953 2.70136454
v 0.07624385 0.02376747 2.70239136
v 0.07303856 0.02618504 2.70239136
v 0.07433100 0.01914677 2.70136454
v 0.07841493 0.01706470 2.70136454
v 0.07971695 0.02199681 2.70239136
v 0.07433100 0.01914677 2.70136454
v 0.07971695 0.02199681 2.70239136
v 0.07624385 0.02376747 2.70239136
v 0.07841493 0.01706470 2.70136454
v 0.08271321 0.01579459 2.70136454
v 0.08337233 0.02091667 2.70239136
v 0.07841493 0.01706470 2.70136454
v 0.08337233 0.02091667 2.70239136
v 0.07971695 0.02199681 2.70239136
v 0.08271321 0.01579459 2.70136454
v 0.08712000 0.01536772 2.70136454
v 0.08712000 0.02055365 2.70239136
v 0.08271321 0.01579459 2.70136454
v 0.08712000 0.02055365 2.70239136
v 0.08337233 0.02091667 2.70239136
v 0.08712000 0.01536772 2.70136454
v 0.09152679 0.01579459 2.70136454
v 0.09086767 0.02091667 2.70239136
v 0.08712000 0.01536772 2.70136454
v 0.09086767 0.02091667 2.70239136
v 0.08712000 0.02055365 2.70239136
v 0.09152679 0.01579459 2.70136454
v 0.09582507 0.01706470 2.70136454
v 0.09452305 0.02199681 2.70239136
v 0.09152679 0.01579459 2.70136454
v 0.09452305 0.02199681 2.70239136
v 0.09086767 0.02091667 2.70239136
v 0.09582507 0.01706470 2.70136454
v 0.09990900 0.01914677 2.70136454
v 0.09799615 0.02376747 2.70239136
v 0.09582507 0.01706470 2.70136454
v 0.09799615 0.02376747 2.70239136
v 0.09452305 0.02199681 2.70239136
v 0.09990900 0.01914677 2.70136454
v 0.10367802 0.02198953 2.70136454
v 0.10120144 0.02618504 2.70239136
v 0.09990900 0.01914677 2.70136454
v 0.10120144 0.02618504 2.70239136
v 0.09799615 0.02376747 2.70239136
v 0.10367802 0.02198953 2.70136454
v 0.10703933 0.02552299 2.70136454
v 0.10406000 0.02919000 2.70239136
v 0.10367802 0.02198953 2.70136454
v 0.10406000 0.02919000 2.70239136
v 0.10120144 0.02618504 2.70239136
v 0.10703933 0.02552299 2.70136454
v 0.10991016 0.02966014 2.70136454
v 0.10650144 0.03270836 2.70239136
v 0.10703933 0.02552299 2.70136454
v 0.10650144 0.03270836 2.70239136
v 0.10406000 0.02919000 2.70239136
v 0.10991016 0.02966014 2.70136454
v 0.11221982 0.03429911 2.70136454
v 0.10846565 0.03665348 2.70239136
v 0.10991016 0.02966014 2.70136454
v 0.10846565 0.03665348 2.70239136
v 0.10650144 0.03270836 2.70239136
v 0.11221982 0.03429911 2.70136454
v 0.11391144 0.03932568 2.70136454
v 0.10990425 0.04092822 2.70239136
v 0.11221982 0.03429911 2.70136454
v 0.10990425 0.04092822 2.70239136
v 0.10846565 0.03665348 2.70239136
v 0.11391144 0.03932568 2.70136454
v 0.11494337 0.04461606 2.70136454
v 0.11078183 0.04542732 2.70239136
v 0.11391144 0.03932568 2.70136454
v 0.11078183 0.04542732 2.70239136
v 0.10990425 0.04092822 2.70239136
v 0.11494337 0.04461606 2.70136454
v 0.11529019 0.05004000 2.70136454
v 0.11107678 0.05004000 2.70239136
v 0.11494337 0.04461606 2.70136454
v 0.11107678 0.05004000 2.70239136
v 0.11078183 0.04542732 2.70239136
v 0.11107678 0.05004000 2.70239136
v 0.11078183 0.05465268 2.70239136
v 0.10571098 0.05366416 2.70323404
v 0.11107678 0.05004000 2.70239136
v 0.10571098 0.05366416 2.70323404
v 0.10594272 0.05004000 2.70323404
v 0.11078183 0.05465268 2.70239136
v 0.10990425 0.05915178 2.70239136
v 0.10502147 0.05719908 2.70323404
v 0.11078183 0.05465268 2.70239136
v 0.10502147 0.05719908 2.70323404
v 0.10571098 0.05366416 2.70323404
v 0.10990425 0.05915178 2.70239136
v 0.10846565 0.06342652 2.70239136
v 0.10389117 0.06055772 2.70323404
v 0.10990425 0.05915178 2.70239136
v 0.10389117 0.06055772 2.70323404
v 0.10502147 0.05719908 2.70323404
v 0.10846565 0.06342652 2.70239136
v 0.10650144 0.06737164 2.70239136
v 0.10234790 0.06365738 2.70323404
v 0.10846565 0.06342652 2.70239136
v 0.10234790 0.06365738 2.70323404
v 0.10389117 0.06055772 2.70323404
v 0.10650144 0.06737164 2.70239136
v 0.10406000 0.07089000 2.70239136
v 0.10042967 0.06642174 2.70323404
v 0.10650144 0.06737164 2.70239136
v 0.10042967 0.06642174 2.70323404
v 0.10234790 0.06365738 2.70323404
v 0.10406000 0.07089000 2.70239136
v 0.10120144 0.07389496 2.70239136
v 0.09818372 0.06878272 2.70323404
v 0.10406000 0.07089000 2.70239136
v 0.09818372 0.06878272 2.70323404
v 0.10042967 0.06642174 2.70323404
v 0.10120144 0.07389496 2.70239136
v 0.09799615 0.07631253 2.70239136
v 0.09566534 0.07068220 2.70323404
v 0.10120144 0.07389496 2.70239136
v 0.09566534 0.07068220 2.70323404
v 0.09818372 0.06878272 2.70323404
v 0.09799615 0.07631253 2.70239136
v 0.09452305 0.07808319 2.70239136
v 0.09293654 0.07207339 2.70323404
v 0.09799615 0.07631253 2.70239136
v 0.09293654 0.07207339 2.70323404
v 0.09566534 0.07068220 2.70323404
v 0.09452305 0.07808319 2.70239136
v 0.09086767 0.07916333 2.70239136
v 0.09006452 0.07292205 2.70323404
v 0.09452305 0.07808319 2.70239136
v 0.09006452 0.07292205 2.70323404
v 0.09293654 0.07207339 2.70323404
v 0.09086767 0.07916333 2.70239136
v 0.08712000 0.07952635 2.70239136
v 0.08712000 0.07320728 2.70323404
v 0.09086767 0.07916333 2.70239136
v 0.08712000 0.07320728 2.70323404
v 0.09006452 0.07292205 2.70323404
v 0.08712000 0.07952635 2.70239136
v 0.08337233 0.07916333 2.70239136
v 0.08417548 0.07292205 2.70323404
v 0.08712000 0.07952635 2.70239136
v 0.08417548 0.07292205 2.70323404
v 0.08712000 0.07320728 2.70323404
v 0.08337233 0.07916333 2.70239136
v 0.07971695 0.07808319 2.70239136
v 0.08130346 0.07207339 2.70323404
v 0.08337233 0.07916333 2.70239136
v 0.08130346 0.07207339 2.70323404
v 0.08417548 0.07292205 2.70323404
v 0.07971695 0.07808319 2.70239136
v 0.07624385 0.07631253 2.70239136
v 0.07857466 0.07068220 2.70323404
v 0.07971695 0.07808319 2.70239136
v 0.07857466 0.07068220 2.70323404
v 0.08130346 0.07207339 2.70323404
v 0.07624385 0.07631253 2.70239136
v 0.07303856 0.07389496 2.70239136
v 0.07605628 0.06878272 2.70323404
v 0.07624385 0.07631253 2.70239136
v 0.07605628 0.06878272 2.70323404
v 0.07857466 0.07068220 2.70323404
v 0.07303856 0.07389496 2.70239136
v 0.07018000 0.07089000 2.70239136
v 0.07381033 0.06642174 2.70323404
v 0.07303856 0.07389496 2.70239136
v 0.07381033 0.06642174 2.70323404
v 0.07605628 0.06878272 2.70323404
v 0.07018000 0.07089000 2.70239136
v 0.06773856 0.06737164 2.70239136
v 0.07189210 0.06365738 2.70323404
v 0.07018000 0.07089000 2.70239136
v 0.07189210 0.06365738 2.70323404
v 0.07381033 0.06642174 2.70323404
v 0.06773856 0.06737164 2.70239136
v 0.06577435 0.06342652 2.70239136
v 0.07034883 0.06055772 2.70323404
v 0.06773856 0.06737164 2.70239136
v 0.07034883 0.06055772 2.70323404
v 0.07189210 0.06365738 2.70323404
v 0.06577435 0.06342652 2.70239136
v 0.06433575 0.05915178 2.70239136
v 0.06921853 0.05719908 2.70323404
v 0.06577435 0.06342652 2.70239136
v 0.06921853 0.05719908 2.70323404
v 0.07034883 0.06055772 2.70323404
v 0.06433575 0.05915178 2.70239136
v 0.06345817 0.05465268 2.70239136
v 0.06852902 0.05366416 2.70323404
v 0.06433575 0.05915178 2.70239136
v 0.06852902 0.05366416 2.70323404
v 0.06921853 0.05719908 2.70323404
v 0.06345817 0.05465268 2.70239136
v 0.06316322 0.05004000 2.70239136
v 0.06829728 0.05004000 2.70323404
v 0.06345817 0.05465268 2.70239136
v 0.06829728 0.05004000 2.70323404
v 0.06852902 0.05366416 2.70323404
v 0.06316322 0.05004000 2.70239136
v 0.06345817 0.04542732 2.70239136
v 0.06852902 0.04641584 2.70323404
v 0.06316322 0.05004000 2.70239136
v 0.06852902 0.04641584 2.70323404
v 0.06829728 0.05004000 2.70323404
v 0.06345817 0.04542732 2.70239136
v 0.06433575 0.04092822 2.70239136
v 0.06921853 0.04288092 2.70323404
v 0.06345817 0.04542732 2.70239136
v 0.06921853 0.04288092 2.70323404
v 0.06852902 0.04641584 2.70323404
v 0.06433575 0.04092822 2.70239136
v 0.06577435 0.03665348 2.70239136
v 0.07034883 0.03952228 2.70323404
v 0.06433575 0.04092822 2.70239136
v 0.07034883 0.03952228 2.70323404
v 0.06921853 0.04288092 2.70323404
v 0.06577435 0.03665348 2.70239136
v 0.06773856 0.03270836 2.70239136
v 0.07189210 0.03642262 2.70323404
v 0.06577435 0.03665348 2.70239136
v 0.07189210 0.03642262 2.70323404
v 0.07034883 0.03952228 2.70323404
v 0.06773856 0.03270836 2.70239136
v 0.07018000 0.02919000 2.70239136
v 0.07381033 0.03365826 2.70323404
v 0.06773856 0.03270836 2.70239136
v 0.07381033 0.03365826 2.70323404
v 0.07189210 0.03642262 2.70323404
v 0.07018000 0.02919000 2.70239136
v 0.07303856 0.02618504 2.70239136
v 0.07605628 0.03129728 2.70323404
v 0.07018000 0.02919000 2.70239136
v 0.07605628 0.03129728 2.70323404
v 0.07381033 0.03365826 2.70323404
v 0.07303856 0.02618504 2.70239136
v 0.07624385 0.02376747 2.70239136
v 0.07857466 0.02939780 2.70323404
v 0.07303856 0.02618504 2.70239136
v 0.07857466 0.02939780 2.70323404
v 0.07605628 0.03129728 2.70323404
v 0.07624385 0.02376747 2.70239136
v 0.07971695 0.02199681 2.70239136
v 0.08130346 0.02800661 2.70323404
v 0.07624385 0.02376747 2.70239136
v 0.08130346 0.02800661 2.70323404
v 0.07857466 0.02939780 2.70323404
v 0.07971695 0.02199681 2.70239136
v 0.08337233 0.02091667 2.70239136
v 0.08417548 0.02715795 2.70323404
v 0.07971695 0.02199681 2.70239136
v 0.08417548 0.02715795 2.70323404
v 0.08130346 0.02800661 2.70323404
v 0.08337233 0.02091667 2.70239136
v 0.08712000 0.02055365 2.70239136
v 0.08712000 0.02687272 2.70323404
v 0.08337233 0.02091667 2.70239136
v 0.08712000 0.02687272 2.70323404
v 0.08417548 0.02715795 2.70323404
v 0.08712000 0.02055365 2.70239136
v 0.09086767 0.02091667 2.70239136
v 0.09006452 0.02715795 2.70323404
v 0.08712000 0.02055365 2.70239136
v 0.09006452 0.02715795 2.70323404
v 0.08712000 0.02687272 2.70323404
v 0.09086767 0.02091667 2.70239136
v 0.09452305 0.02199681 2.70239136
v 0.09293654 0.02800661 2.70323404
v 0.09086767 0.02091667 2.70239136
v 0.09293654 0.02800661 2.70323404
v 0.09006452 0.02715795 2.70323404
v 0.09452305 0.02199681 2.70239136
v 0.09799615 0.02376747 2.70239136
v 0.09566534 0.02939780 2.70323404
v 0.09452305 0.02199681 2.70239136
v 0.09566534 0.02939780 2.70323404
v 0.09293654 0.02800661 2.70323404
v 0.09799615 0.02376747 2.70239136
v 0.10120144 0.02618504 2.70239136
v 0.09818372 0.03129728 2.70323404
v 0.09799615 0.02376747 2.70239136
v 0.09818372 0.03129728 2.70323404
v 0.09566534 0.02939780 2.70323404
v 0.10120144 0.02618504 2.70239136
v 0.10406000 0.02919000 2.70239136
v 0.10042967 0.03365826 2.70323404
v 0.10120144 0.02618504 2.70239136
v 0.10042967 0.03365826 2.70323404
v 0.09818372 0.03129728 2.70323404
v 0.10406000 0.02919000 2.70239136
v 0.10650144 0.03270836 2.70239136
v 0.10234790 0.03642262 2.70323404
v 0.10406000 0.02919000 2.70239136
v 0.10234790 0.03642262 2.70323404
v 0.10042967 0.03365826 2.70323404
v 0.10650144 0.03270836 2.70239136
v 0.10846565 0.03665348 2.70239136
v 0.10389117 0.03952228 2.70323404
v 0.10650144 0.03270836 2.70239136
v 0.10389117 0.03952228 2.70323404
v 0.10234790 0.03642262 2.70323404
v 0.10846565 0.03665348 2.70239136
v 0.10990425 0.04092822 2.70239136
v 0.10502147 0.04288092 2.70323404
v 0.10846565 0.03665348 2.70239136
v 0.10502147 0.04288092 2.70323404
v 0.10389117 0.03952228 2.70323404
v 0.10990425 0.04092822 2.70239136
v 0.11078183 0.04542732 2.70239136
v 0.10571098 0.04641584 2.70323404
v 0.10990425 0.04092822 2.70239136
v 0.10571098 0.04641584 2.70323404
v 0.10502147 0.04288092 2.70323404
v 0.11078183 0.04542732 2.70239136
v 0.11107678 0.05004000 2.70239136
v 0.10594272 0.05004000 2.70323404
v 0.11078183 0.04542732 2.70239136
v 0.10594272 0.05004000 2.70323404
v 0.10571098 0.04641584 2.70323404
v 0.10594272 0.05004000 2.70323404
v 0.10571098 0.05366416 2.70323404
v 0.09992569 0.05253637 2.70386021
v 0.10594272 0.05004000 2.70323404
v 0.09992569 0.05253637 2.70386021
v 0.10008531 0.05004000 2.70386021
v 0.10571098 0.05366416 2.70323404
v 0.10502147 0.05719908 2.70323404
v 0.09945075 0.05497126 2.70386021
v 0.10571098 0.05366416 2.70323404
v 0.09945075 0.05497126 2.70386021
v 0.09992569 0.05253637 2.70386021
v 0.10502147 0.05719908 2.70323404
v 0.10389117 0.06055772 2.70323404
v 0.09867218 0.05728473 2.70386021
v 0.10502147 0.05719908 2.70323404
v 0.09867218 0.05728473 2.70386021
v 0.09945075 0.05497126 2.70386021
v 0.10389117 0.06055772 2.70323404
v 0.10234790 0.06365738 2.70323404
v 0.09760916 0.05941982 2.70386021
v 0.10389117 0.06055772 2.70323404
v 0.09760916 0.05941982 2.70386021
v 0.09867218 0.05728473 2.70386021
v 0.10234790 0.06365738 2.70323404
v 0.10042967 0.06642174 2.70323404
v 0.09628786 0.06132394 2.70386021
v 0.10234790 0.06365738 2.70323404
v 0.09628786 0.06132394 2.70386021
v 0.09760916 0.05941982 2.70386021
v 0.10042967 0.06642174 2.70323404
v 0.09818372 0.06878272 2.70323404
v 0.09474082 0.06295021 2.70386021
v 0.10042967 0.06642174 2.70323404
v 0.09474082 0.06295021 2.70386021
v 0.09628786 0.06132394 2.70386021
v 0.09818372 0.06878272 2.70323404
v 0.09566534 0.07068220 2.70323404
v 0.09300613 0.06425859 2.70386021
v 0.09818372 0.06878272 2.70323404
v 0.09300613 0.06425859 2.70386021
v 0.09474082 0.06295021 2.70386021
v 0.09566534 0.07068220 2.70323404
v 0.09293654 0.07207339 2.70323404
v 0.09112650 0.06521686 2.70386021
v 0.09566534 0.07068220 2.70323404
v 0.09112650 0.06521686 2.70386021
v 0.09300613 0.06425859 2.70386021
v 0.09293654 0.07207339 2.70323404
v 0.09006452 0.07292205 2.70323404
v 0.08914822 0.06580143 2.70386021
v 0.09293654 0.07207339 2.70323404
v 0.08914822 0.06580143 2.70386021
v 0.09112650 0.06521686 2.70386021
v 0.09006452 0.07292205 2.70323404
v 0.08712000 0.07320728 2.70323404
v 0.08712000 0.06599790 2.70386021
v 0.09006452 0.07292205 2.70323404
v 0.08712000 0.06599790 2.70386021
v 0.08914822 0.06580143 2.70386021
v 0.08712000 0.07320728 2.70323404
v 0.08417548 0.07292205 2.70323404
v 0.08509178 0.06580143 2.70386021
v 0.08712000 0.07320728 2.70323404
v 0.08509178 0.06580143 2.70386021
v 0.08712000 0.06599790 2.70386021
v 0.08417548 0.07292205 2.70323404
v 0.08130346 0.07207339 2.70323404
v 0.08311350 0.06521686 2.70386021
v 0.08417548 0.07292205 2.70323404
v 0.08311350 0.06521686 2.70386021
v 0.08509178 0.06580143 2.70386021
v 0.08130346 0.07207339 2.70323404
v 0.07857466 0.07068220 2.70323404
v 0.08123387 0.06425859 2.70386021
v 0.08130346 0.07207339 2.70323404
v 0.08123387 0.06425859 2.70386021
v 0.08311350 0.06521686 2.70386021
v 0.07857466 0.07068220 2.70323404
v 0.07605628 0.06878272 2.70323404
v 0.07949918 0.06295021 2.70386021
v 0.07857466 0.07068220 2.70323404
v 0.07949918 0.06295021 2.70386021
v 0.08123387 0.06425859 2.70386021
v 0.07605628 0.06878272 2.70323404
v 0.07381033 0.06642174 2.70323404
v 0.07795214 0.06132394 2.70386021
v 0.07605628 0.06878272 2.70323404
v 0.07795214 0.06132394 2.70386021
v 0.07949918 0.06295021 2.70386021
v 0.07381033 0.06642174 2.70323404
v 0.07189210 0.06365738 2.70323404
v 0.07663084 0.05941982 2.70386021
v 0.07381033 0.06642174 2.70323404
v 0.07663084 0.05941982 2.70386021
v 0.07795214 0.06132394 2.70386021
v 0.07189210 0.06365738 2.70323404
v 0.07034883 0.06055772 2.70323404
v 0.07556782 0.05728473 2.70386021
v 0.07189210 0.06365738 2.70323404
v 0.07556782 0.05728473 2.70386021
v 0.07663084 0.05941982 2.70386021
v 0.07034883 0.06055772 2.70323404
v 0.06921853 0.05719908 2.70323404
v 0.07478925 0.05497126 2.70386021
v 0.07034883 0.06055772 2.70323404
v 0.07478925 0.05497126 2.70386021
v 0.07556782 0.05728473 2.70386021
v 0.06921853 0.05719908 2.70323404
v 0.06852902 0.05366416 2.70323404
v 0.07431431 0.05253637 2.70386021
v 0.06921853 0.05719908 2.70323404
v 0.07431431 0.05253637 2.70386021
v 0.07478925 0.05497126 2.70386021
v 0.06852902 0.05366416 2.70323404
v 0.06829728 0.05004000 2.70323404
v 0.07415469 0.05004000 2.70386021
v 0.06852902 0.05366416 2.70323404
v 0.07415469 0.05004000 2.70386021
v 0.07431431 0.05253637 2.70386021
v 0.06829728 0.05004000 2.70323404
v 0.06852902 0.04641584 2.70323404
v 0.07431431 0.04754363 2.70386021
v 0.06829728 0.05004000 2.70323404
v 0.07431431 0.04754363 2.70386021
v 0.07415469 0.05004000 2.70386021
v 0.06852902 0.04641584 2.70323404
v 0.06921853 0.04288092 2.70323404
v 0.07478925 0.04510874 2.70386021
v 0.06852902 0.04641584 2.70323404
v 0.07478925 0.04510874 2.70386021
v 0.07431431 0.04754363 2.70386021
v 0.06921853 0.04288092 2.70323404
v 0.07034883 0.03952228 2.70323404
v 0.07556782 0.04279527 2.70386021
v 0.06921853 0.04288092 2.70323404
v 0.07556782 0.04279527 2.70386021
v 0.07478925 0.04510874 2.70386021
v 0.07034883 0.03952228 2.70323404
v 0.07189210 0.03642262 2.70323404
v 0.07663084 0.04066018 2.70386021
v 0.07034883 0.03952228 2.70323404
v 0.07663084 0.04066018 2.70386021
v 0.07556782 0.04279527 2.70386021
v 0.07189210 0.03642262 2.70323404
v 0.07381033 0.03365826 2.70323404
v 0.07795214 0.03875606 2.70386021
v 0.07189210 0.03642262 2.70323404
v 0.07795214 0.03875606 2.70386021
v 0.07663084 0.04066018 2.70386021
v 0.07381033 0.03365826 2.70323404
v 0.07605628 0.03129728 2.70323404
v 0.07949918 0.03712979 2.70386021
v 0.07381033 0.03365826 2.70323404
v 0.07949918 0.03712979 2.70386021
v 0.07795214 0.03875606 2.70386021
v 0.07605628 0.03129728 2.70323404
v 0.07857466 0.02939780 2.70323404
v 0.08123387 0.03582141 2.70386021
v 0.07605628 0.03129728 2.70323404
v 0.08123387 0.03582141 2.70386021
v 0.07949918 0.03712979 2.70386021
v 0.07857466 0.02939780 2.70323404
v 0.08130346 0.02800661 2.70323404
v 0.08311350 0.03486314 2.70386021
v 0.07857466 0.02939780 2.70323404
v 0.08311350 0.03486314 2.70386021
v 0.08123387 0.03582141 2.70386021
v 0.08130346 0.02800661 2.70323404
v 0.08417548 0.02715795 2.70323404
v 0.08509178 0.03427857 2.70386021
v 0.08130346 0.02800661 2.70323404
v 0.08509178 0.03427857 2.70386021
v 0.08311350 0.03486314 2.70386021
v 0.08417548 0.02715795 2.70323404
v 0.08712000 0.02687272 2.70323404
v 0.08712000 0.03408210 2.70386021
v 0.08417548 0.02715795 2.70323404
v 0.08712000 0.03408210 2.70386021
v 0.08509178 0.03427857 2.70386021
v 0.08712000 0.02687272 2.70323404
v 0.09006452 0.02715795 2.70323404
v 0.08914822 0.03427857 2.70386021
v 0.08712000 0.02687272 2.70323404
v 0.08914822 0.03427857 2.70386021
v 0.08712000 0.03408210 2.70386021
v 0.09006452 0.02715795 2.70323404
v 0.09293654 0.02800661 2.70323404
v 0.09112650 0.03486314 2.70386021
v 0.09006452 0.02715795 2.70323404
v 0.09112650 0.03486314 2.70386021
v 0.08914822 0.03427857 2.70386021
v 0.09293654 0.02800661 2.70323404
v 0.09566534 0.02939780 2.70323404
v 0.09300613 0.03582141 2.70386021
v 0.09293654 0.02800661 2.70323404
v 0.09300613 0.03582141 2.70386021
v 0.09112650 0.03486314 2.70386021
v 0.09566534 0.02939780 2.70323404
v 0.09818372 0.03129728 2.70323404
v 0.09474082 0.03712979 2.70386021
v 0.09566534 0.02939780 2.70323404
v 0.09474082 0.03712979 2.70386021
v 0.09300613 0.03582141 2.70386021
v 0.09818372 0.03129728 2.70323404
v 0.10042967 0.03365826 2.70323404
v 0.09628786 0.03875606 2.70386021
v 0.09818372 0.03129728 2.70323404
v 0.09628786 0.03875606 2.70386021
v 0.09474082 0.03712979 2.70386021
v 0.10042967 0.03365826 2.70323404
v 0.10234790 0.03642262 2.70323404
v 0.09760916 0.04066018 2.70386021
v 0.10042967 0.03365826 2.70323404
v 0.09760916 0.04066018 2.70386021
v 0.09628786 0.03875606 2.70386021
v 0.10234790 0.03642262 2.70323404
v 0.10389117 0.03952228 2.70323404
v 0.09867218 0.04279527 2.70386021
v 0.10234790 0.03642262 2.70323404
v 0.09867218 0.04279527 2.70386021
v 0.09760916 0.04066018 2.70386021
v 0.10389117 0.03952228 2.70323404
v 0.10502147 0.04288092 2.70323404
v 0.09945075 0.04510874 2.70386021
v 0.10389117 0.03952228 2.70323404
v 0.09945075 0.04510874 2.70386021
v 0.09867218 0.04279527 2.70386021
v 0.10502147 0.04288092 2.70323404
v 0.10571098 0.04641584 2.70323404
v 0.09992569 0.04754363 2.70386021
v 0.10502147 0.04288092 2.70323404
v 0.09992569 0.04754363 2.70386021
v 0.09945075 0.04510874 2.70386021
v 0.10571098 0.04641584 2.70323404
v 0.10594272 0.05004000 2.70323404
v 0.10008531 0.05004000 2.70386021
v 0.10571098 0.04641584 2.70323404
v 0.10008531 0.05004000 2.70386021
v 0.09992569 0.04754363 2.70386021
v 0.10008531 0.05004000 2.70386021
v 0.09992569 0.05253637 2.70386021
v 0.09364828 0.05131264 2.70424580
v 0.10008531 0.05004000 2.70386021
v 0.09364828 0.05131264 2.70424580
v 0.09372966 0.05004000 2.70424580
v 0.09992569 0.05253637 2.70386021
v 0.09945075 0.05497126 2.70386021
v 0.09340616 0.05255394 2.70424580
v 0.09992569 0.05253637 2.70386021
v 0.09340616 0.05255394 2.70424580
v 0.09364828 0.05131264 2.70424580
v 0.09945075 0.05497126 2.70386021
v 0.09867218 0.05728473 2.70386021
v 0.09300925 0.05373333 2.70424580
v 0.09945075 0.05497126 2.70386021
v 0.09300925 0.05373333 2.70424580
v 0.09340616 0.05255394 2.70424580
v 0.09867218 0.05728473 2.70386021
v 0.09760916 0.05941982 2.70386021
v 0.09246733 0.05482179 2.70424580
v 0.09867218 0.05728473 2.70386021
v 0.09246733 0.05482179 2.70424580
v 0.09300925 0.05373333 2.70424580
v 0.09760916 0.05941982 2.70386021
v 0.09628786 0.06132394 2.70386021
v 0.09179374 0.05579250 2.70424580
v 0.09760916 0.05941982 2.70386021
v 0.09179374 0.05579250 2.70424580
v 0.09246733 0.05482179 2.70424580
v 0.09628786 0.06132394 2.70386021
v 0.09474082 0.06295021 2.70386021
v 0.09100506 0.05662157 2.70424580
v 0.09628786 0.06132394 2.70386021
v 0.09100506 0.05662157 2.70424580
v 0.09179374 0.05579250 2.70424580
v 0.09474082 0.06295021 2.70386021
v 0.09300613 0.06425859 2.70386021
v 0.09012072 0.05728858 2.70424580
v 0.09474082 0.06295021 2.70386021
v 0.09012072 0.05728858 2.70424580
v 0.09100506 0.05662157 2.70424580
v 0.09300613 0.06425859 2.70386021
v 0.09112650 0.06521686 2.70386021
v 0.08916250 0.05777710 2.70424580
v 0.09300613 0.06425859 2.70386021
v 0.08916250 0.05777710 2.70424580
v 0.09012072 0.05728858 2.70424580
v 0.09112650 0.06521686 2.70386021
v 0.08914822 0.06580143 2.70386021
v 0.08815398 0.05807511 2.70424580
v 0.09112650 0.06521686 2.70386021
v 0.08815398 0.05807511 2.70424580
v 0.08916250 0.05777710 2.70424580
v 0.08914822 0.06580143 2.70386021
v 0.08712000 0.06599790 2.70386021
v 0.08712000 0.05817527 2.70424580
v 0.08914822 0.06580143 2.70386021
v 0.08712000 0.05817527 2.70424580
v 0.08815398 0.05807511 2.70424580
v 0.08712000 0.06599790 2.70386021
v 0.08509178 0.06580143 2.70386021
v 0.08608602 0.05807511 2.70424580
v 0.08712000 0.06599790 2.70386021
v 0.08608602 0.05807511 2.70424580
v 0.08712000 0.05817527 2.70424580
v 0.08509178 0.06580143 2.70386021
v 0.08311350 0.06521686 2.70386021
v 0.08507750 0.05777710 2.70424580
v 0.08509178 0.06580143 2.70386021
v 0.08507750 0.05777710 2.70424580
v 0.08608602 0.05807511 2.70424580
v 0.08311350 0.06521686 2.70386021
v 0.08123387 0.06425859 2.70386021
v 0.08411928 0.05728858 2.70424580
v 0.08311350 0.06521686 2.70386021
v 0.08411928 0.05728858 2.70424580
v 0.08507750 0.05777710 2.70424580
v 0.08123387 0.06425859 2.70386021
v 0.07949918 0.06295021 2.70386021
v 0.08323494 0.05662157 2.70424580
v 0.08123387 0.06425859 2.70386021
v 0.08323494 0.05662157 2.70424580
v 0.08411928 0.05728858 2.70424580
v 0.07949918 0.06295021 2.70386021
v 0.07795214 0.06132394 2.70386021
v 0.08244626 0.05579250 2.70424580
v 0.07949918 0.06295021 2.70386021
v 0.08244626 0.05579250 2.70424580
v 0.08323494 0.05662157 2.70424580
v 0.07795214 0.06132394 2.70386021
v 0.07663084 0.05941982 2.70386021
v 0.08177267 0.05482179 2.70424580
v 0.07795214 0.06132394 2.70386021
v 0.08177267 0.05482179 2.70424580
v 0.08244626 0.05579250 2.70424580
v 0.07663084 0.05941982 2.70386021
v 0.07556782 0.05728473 2.70386021
v 0.08123075 0.05373333 2.70424580
v 0.07663084 0.05941982 2.70386021
v 0.08123075 0.05373333 2.70424580
v 0.08177267 0.05482179 2.70424580
v 0.07556782 0.05728473 2.70386021
v 0.07478925 0.05497126 2.70386021
v 0.08083384 0.05255394 2.70424580
v 0.07556782 0.05728473 2.70386021
v 0.08083384 0.05255394 2.70424580
v 0.08123075 0.05373333 2.70424580
v 0.07478925 0.05497126 2.70386021
v 0.07431431 0.05253637 2.70386021
v 0.08059172 0.05131264 2.70424580
v 0.07478925 0.05497126 2.70386021
v 0.08059172 0.05131264 2.70424580
v 0.08083384 0.05255394 2.70424580
v 0.07431431 0.05253637 2.70386021
v 0.07415469 0.05004000 2.70386021
v 0.08051034 0.05004000 2.70424580
v 0.07431431 0.05253637 2.70386021
v 0.08051034 0.05004000 2.70424580
v 0.08059172 0.05131264 2.70424580
v 0.07415469 0.05004000 2.70386021
v 0.07431431 0.04754363 2.70386021
v 0.08059172 0.04876736 2.70424580
v 0.07415469 0.05004000 2.70386021
v 0.08059172 0.04876736 2.70424580
v 0.08051034 0.05004000 2.70424580
v 0.07431431 0.04754363 2.70386021
v 0.07478925 0.04510874 2.70386021
v 0.08083384 0.04752606 2.70424580
v 0.07431431 0.04754363 2.70386021
v 0.08083384 0.04752606 2.70424580
v 0.08059172 0.04876736 2.70424580
v 0.07478925 0.04510874 2.70386021
v 0.07556782 0.04279527 2.70386021
v 0.08123075 0.04634667 2.70424580
v 0.07478925 0.04510874 2.70386021
v 0.08123075 0.04634667 2.70424580
v 0.08083384 0.04752606 2.70424580
v 0.07556782 0.04279527 2.70386021
v 0.07663084 0.04066018 2.70386021
v 0.08177267 0.04525821 2.70424580
v 0.07556782 0.04279527 2.70386021
v 0.08177267 0.04525821 2.70424580
v 0.08123075 0.04634667 2.70424580
v 0.07663084 0.04066018 2.70386021
v 0.07795214 0.03875606 2.70386021
v 0.08244626 0.04428750 2.70424580
v 0.07663084 0.04066018 2.70386021
v 0.08244626 0.04428750 2.70424580
v 0.08177267 0.04525821 2.70424580
v 0.07795214 0.03875606 2.70386021
v 0.07949918 0.03712979 2.70386021
v 0.08323494 0.04345843 2.70424580
v 0.07795214 0.03875606 2.70386021
v 0.08323494 0.04345843 2.70424580
v 0.08244626 0.04428750 2.70424580
v 0.07949918 0.03712979 2.70386021
v 0.08123387 0.03582141 2.70386021
v 0.08411928 0.04279142 2.70424580
v 0.07949918 0.03712979 2.70386021
v 0.08411928 0.04279142 2.70424580
v 0.08323494 0.04345843 2.70424580
v 0.08123387 0.03582141 2.70386021
v 0.08311350 0.03486314 2.70386021
v 0.08507750 0.04230290 2.70424580
v 0.08123387 0.03582141 2.70386021
v 0.08507750 0.04230290 2.70424580
v 0.08411928 0.04279142 2.70424580
v 0.08311350 0.03486314 2.70386021
v 0.08509178 0.03427857 2.70386021
v 0.08608602 0.04200489 2.70424580
v 0.08311350 0.03486314 2.70386021
v 0.08608602 0.04200489 2.70424580
v 0.08507750 0.04230290 2.70424580
v 0.08509178 0.03427857 2.70386021
v 0.08712000 0.03408210 2.70386021
v 0.08712000 0.04190473 2.70424580
v 0.08509178 0.03427857 2.70386021
v 0.08712000 0.04190473 2.70424580
v 0.08608602 0.04200489 2.70424580
v 0.08712000 0.03408210 2.70386021
v 0.08914822 0.03427857 2.70386021
v 0.08815398 0.04200489 2.70424580
v 0.08712000 0.03408210 2.70386021
v 0.08815398 0.04200489 2.70424580
v 0.08712000 0.04190473 2.70424580
v 0.08914822 0.03427857 2.70386021
v 0.09112650 0.03486314 2.70386021
v 0.08916250 0.04230290 2.70424580
v 0.08914822 0.03427857 2.70386021
v 0.08916250 0.04230290 2.70424580
v 0.08815398 0.04200489 2.70424580
v 0.09112650 0.03486314 2.70386021
v 0.09300613 0.03582141 2.70386021
v 0.09012072 0.04279142 2.70424580
v 0.09112650 0.03486314 2.70386021
v 0.09012072 0.04279142 2.70424580
v 0.08916250 0.04230290 2.70424580
v 0.09300613 0.03582141 2.70386021
v 0.09474082 0.03712979 2.70386021
v 0.09100506 0.04345843 2.70424580
v 0.09300613 0.03582141 2.70386021
v 0.09100506 0.04345843 2.70424580
v 0.09012072 0.04279142 2.70424580
v 0.09474082 0.03712979 2.70386021
v 0.09628786 0.03875606 2.70386021
v 0.09179374 0.04428750 2.70424580
v 0.09474082 0.03712979 2.70386021
v 0.09179374 0.04428750 2.70424580
v 0.09100506 0.04345843 2.70424580
v 0.09628786 0.03875606 2.70386021
v 0.09760916 0.04066018 2.70386021
v 0.09246733 0.04525821 2.70424580
v 0.09628786 0.03875606 2.70386021
v 0.09246733 0.04525821 2.70424580
v 0.09179374 0.04428750 2.70424580
v 0.09760916 0.04066018 2.70386021
v 0.09867218 0.04279527 2.70386021
v 0.09300925 0.04634667 2.70424580
v 0.09760916 0.04066018 2.70386021
v 0.09300925 0.04634667 2.70424580
v 0.09246733 0.04525821 2.70424580
v 0.09867218 0.04279527 2.70386021
v 0.09945075 0.04510874 2.70386021
v 0.09340616 0.04752606 2.70424580
v 0.09867218 0.04279527 2.70386021
v 0.09340616 0.04752606 2.70424580
v 0.09300925 0.04634667 2.70424580
v 0.09945075 0.04510874 2.70386021
v 0.09992569 0.04754363 2.70386021
v 0.09364828 0.04876736 2.70424580
v 0.09945075 0.04510874 2.70386021
v 0.09364828 0.04876736 2.70424580
v 0.09340616 0.04752606 2.70424580
v 0.09992569 0.04754363 2.70386021
v 0.10008531 0.05004000 2.70386021
v 0.09372966 0.05004000 2.70424580
v 0.09992569 0.04754363 2.70386021
v 0.09372966 0.05004000 2.70424580
v 0.09364828 0.04876736 2.70424580
v 0.09372966 0.05004000 2.70424580
v 0.09364828 0.05131264 2.70424580
v 0.08712000 0.05004000 2.70437600
v 0.09364828 0.05131264 2.70424580
v 0.09340616 0.05255394 2.70424580
v 0.08712000 0.05004000 2.70437600
v 0.09340616 0.05255394 2.70424580
v 0.09300925 0.05373333 2.70424580
v 0.08712000 0.05004000 2.70437600
v 0.09300925 0.05373333 2.70424580
v 0.09246733 0.05482179 2.70424580
v 0.08712000 0.05004000 2.70437600
v 0.09246733 0.05482179 2.70424580
v 0.09179374 0.05579250 2.70424580
v 0.08712000 0.05004000 2.70437600
v 0.09179374 0.05579250 2.70424580
v 0.09100506 0.05662157 2.70424580
v 0.08712000 0.05004000 2.70437600
v 0.09100506 0.05662157 2.70424580
v 0.09012072 0.05728858 2.70424580
v 0.08712000 0.05004000 2.70437600
v 0.09012072 0.05728858 2.70424580
v 0.08916250 0.05777710 2.70424580
v 0.08712000 0.05004000 2.70437600
v 0.08916250 0.05777710 2.70424580
v 0.08815398 0.05807511 2.70424580
v 0.08712000 0.05004000 2.70437600
v 0.08815398 0.05807511 2.70424580
v 0.08712000 0.05817527 2.70424580
v 0.08712000 0.05004000 2.70437600
v 0.08712000 0.05817527 2.70424580
v 0.08608602 0.05807511 2.70424580
v 0.08712000 0.05004000 2.70437600
v 0.08608602 0.05807511 2.70424580
v 0.08507750 0.05777710 2.70424580
v 0.08712000 0.05004000 2.70437600
v 0.08507750 0.05777710 2.70424580
v 0.08411928 0.05728858 2.70424580
v 0.08712000 0.05004000 2.70437600
v 0.08411928 0.05728858 2.70424580
v 0.08323494 0.05662157 2.70424580
v 0.08712000 0.05004000 2.70437600
v 0.08323494 0.05662157 2.70424580
v 0.08244626 0.05579250 2.70424580
v 0.08712000 0.05004000 2.70437600
v 0.08244626 0.05579250 2.70424580
v 0.08177267 0.05482179 2.70424580
v 0.08712000 0.05004000 2.70437600
v 0.08177267 0.05482179 2.70424580
v 0.08123075 0.05373333 2.70424580
v 0.08712000 0.05004000 2.70437600
v 0.08123075 0.05373333 2.70424580
v 0.08083384 0.05255394 2.70424580
v 0.08712000 0.05004000 2.70437600
v 0.08083384 0.05255394 2.70424580
v 0.08059172 0.05131264 2.70424580
v 0.08712000 0.05004000 2.70437600
v 0.08059172 0.05131264 2.70424580
v 0.08051034 0.05004000 2.70424580
v 0.08712000 0.05004000 2.70437600
v 0.08051034 0.05004000 2.70424580
v 0.08059172 0.04876736 2.70424580
v 0.08712000 0.05004000 2.70437600
v 0.08059172 0.04876736 2.70424580
v 0.08083384 0.04752606 2.70424580
v 0.08712000 0.05004000 2.70437600
v 0.08083384 0.04752606 2.70424580
v 0.08123075 0.04634667 2.70424580
v 0.08712000 0.05004000 2.70437600
v 0.08123075 0.04634667 2.70424580
v 0.08177267 0.04525821 2.70424580
v 0.08712000 0.05004000 2.70437600
v 0.08177267 0.04525821 2.70424580
v 0.08244626 0.04428750 2.70424580
v 0.08712000 0.05004000 2.70437600
v 0.08244626 0.04428750 2.70424580
v 0.08323494 0.04345843 2.70424580
v 0.08712000 0.05004000 2.70437600
v 0.08323494 0.04345843 2.70424580
v 0.08411928 0.04279142 2.70424580
v 0.08712000 0.05004000 2.70437600
v 0.08411928 0.04279142 2.70424580
v 0.08507750 0.04230290 2.70424580
v 0.08712000 0.05004000 2.70437600
v 0.08507750 0.04230290 2.70424580
v 0.08608602 0.04200489 2.70424580
v 0.08712000 0.05004000 2.70437600
v 0.08608602 0.04200489 2.70424580
v 0.08712000 0.04190473 2.70424580
v 0.08712000 0.05004000 2.70437600
v 0.08712000 0.04190473 2.70424580
v 0.08815398 0.04200489 2.70424580
v 0.08712000 0.05004000 2.70437600
v 0.08815398 0.04200489 2.70424580
v 0.08916250 0.04230290 2.70424580
v 0.08712000 0.05004000 2.70437600
v 0.08916250 0.04230290 2.70424580
v 0.09012072 0.04279142 2.70424580
v 0.08712000 0.05004000 2.70437600
v 0.09012072 0.04279142 2.70424580
v 0.09100506 0.04345843 2.70424580
v 0.08712000 0.05004000 2.70437600
v 0.09100506 0.04345843 2.70424580
v 0.09179374 0.04428750 2.70424580
v 0.08712000 0.05004000 2.70437600
v 0.09179374 0.04428750 2.70424580
v 0.09246733 0.04525821 2.70424580
v 0.08712000 0.05004000 2.70437600
v 0.09246733 0.04525821 2.70424580
v 0.09300925 0.04634667 2.70424580
v 0.08712000 0.05004000 2.70437600
v 0.09300925 0.04634667 2.70424580
v 0.09340616 0.04752606 2.70424580
v 0.08712000 0.05004000 2.70437600
v 0.09340616 0.04752606 2.70424580
v 0.09364828 0.04876736 2.70424580
v 0.08712000 0.05004000 2.70437600
v 0.09364828 0.04876736 2.70424580
v 0.09372966 0.05004000 2.70424580
v 0.08712000 0.05004000 2.70437600
vt 0.15000000 0.85000000
vt 0.15000000 0.85000000
vt 0.15000000 0.85000000
vt 0.15000000 0.85000000
vt 0.15000000 0.85000000
vt 0.15000000 0.85000000
vt 0.15000000 0.85000000
vt 0.15000000 0.85000000
vt 0.15000000 0.85000000
vt 0.15000000 0.85000000
vt 0.15000000 0.85000000
vt 0.15000000 0.85000000
vt 0.15000000 0.85000000
vt 0.15000000 0.85000000
vt 0.15000000 0.85000000
vt 0.15000000 0.85000000
vt 0.15000000 0.85000000
vt 0.15000000 0.85000000
vt 0.15000000 0.85000000
vt 0.15000000 0.85000000
vt 0.15000000 0.85000000
vt 0.15000000 0.85000000
vt 0.15000000 0.85000000
vt 0.15000000 0.85000000
vt 0.15000000 0.85000000
vt 0.15000000 0.85000000
vt 0.15000000 0.85000000
vt 0.15000000 0.85000000
vt 0.15000000 0.85000000
vt 0.15000000 0.85000000
vt 0.15000000 0.85000000
vt 0.15000000 0.85000000
vt 0.15000000 0.85000000
vt 0.15000000 0.85000000
vt 0.15000000 0.85000000
vt 0.15000000 0.85000000
vt 0.15000000 0.85000000
vt 0.15000000 0.85000000
vt 0.15000000 0.85000000
vt 0.15000000 0.85000000
vt 0.15000000 0.85000000
vt 0.15000000 0.85000000
vt 0.15000000 0.85000000
vt 0.15000000 0.85000000
vt 0.15000000 0.85000000
vt 0.15000000 0.85000000
vt 0.15000000 0.85000000
vt 0.15000000 0.85000000
vt 0.15000000 0.85000000
vt 0.15000000 0.85000000
vt 0.15000000 0.85000000
vt 0.15000000 0.85000000
vt 0.15000000 0.85000000
vt 0.15000000 0.85000000
vt 0.15000000 0.85000000
vt 0.15000000 0.85000000
vt 0.15000000 0.85000000
vt 0.15000000 0.85000000
vt 0.15000000 0.85000000
vt 0.15000000 0.85000000
vt 0.15000000 0.85000000
vt 0.15000000 0.85000000
vt 0.15000000 0.85000000
vt 0.15000000 0.85000000
vt 0.15000000 0.85000000
vt 0.15000000 0.85000000
vt 0.15000000 0.85000000
vt 0.15000000 0.85000000
vt 0.15000000 0.85000000
vt 0.15000000 0.85000000
vt 0.15000000 0.85000000
vt 0.15000000 0.85000000
vt 0.15000000 0.85000000
vt 0.15000000 0.85000000
vt 0.15000000 0.85000000
vt 0.15000000 0.85000000
vt 0.15000000 0.85000000
vt 0.15000000 0.85000000
vt 0.15000000 0.85000000
vt 0.15000000 0.85000000
vt 0.15000000 0.85000000
vt 0.15000000 0.85000000
vt 0.15000000 0.85000000
vt 0.15000000 0.85000000
vt 0.15000000 0.85000000
vt 0.15000000 0.85000000
vt 0.15000000 0.85000000
vt 0.15000000 0.85000000
vt 0.15000000 0.85000000
vt 0.15000000 0.85000000
vt 0.15000000 0.85000000
vt 0.15000000 0.85000000
vt 0.15000000 0.85000000
vt 0.15000000 0.85000000
vt 0.15000000 0.85000000
vt 0.15000000 0.85000000
vt 0.15000000 0.85000000
vt 0.15000000 0.85000000
vt 0.15000000 0.85000000
vt 0.15000000 0.85000000
vt 0.15000000 0.85000000
vt 0.15000000 0.85000000
vt 0.15000000 0.85000000
vt 0.15000000 0.85000000
vt 0.15000000 0.85000000
vt 0.15000000 0.85000000
vt 0.15000000 0.85000000
vt 0.15000000 0.85000000
vt 0.15000000 0.85000000
vt 0.15000000 0.85000000
vt 0.15000000 0.85000000
vt 0.15000000 0.85000000
vt 0.15000000 0.85000000
vt 0.15000000 0.85000000
vt 0.15000000 0.85000000
vt 0.15000000 0.85000000
vt 0.15000000 0.85000000
vt 0.15000000 0.85000000
vt 0.15000000 0.85000000
vt 0.15000000 0.85000000
vt 0.15000000 0.85000000
vt 0.15000000 0.85000000
vt 0.15000000 0.85000000
vt 0.15000000 0.85000000
vt 0.15000000 0.85000000
vt 0.15000000 0.85000000
vt 0.15000000 0.85000000
vt 0.15000000 0.85000000
vt 0.15000000 0.85000000
vt 0.15000000 0.85000000
vt 0.15000000 0.85000000
vt 0.15000000 0.85000000
vt 0.15000000 0.85000000
vt 0.15000000 0.85000000
vt 0.15000000 0.85000000
vt 0.15000000 0.85000000
vt 0.15000000 0.85000000
vt 0.15000000 0.85000000
vt 0.15000000 0.85000000
vt 0.15000000 0.85000000
vt 0.15000000 0.85000000
vt 0.15000000 0.85000000
vt 0.15000000 0.85000000
vt 0.15000000 0.85000000
vt 0.15000000 0.85000000
vt 0.15000000 0.85000000
vt 0.15000000 0.85000000
vt 0.15000000 0.85000000
vt 0.15000000 0.85000000
vt 0.15000000 0.85000000
vt 0.15000000 0.85000000
vt 0.15000000 0.85000000
vt 0.15000000 0.85000000
vt 0.15000000 0.85000000
vt 0.15000000 0.85000000
vt 0.15000000 0.85000000
vt 0.15000000 0.85000000
vt 0.15000000 0.85000000
vt 0.15000000 0.85000000
vt 0.15000000 0.85000000
vt 0.15000000 0.85000000
vt 0.15000000 0.85000000
vt 0.15000000 0.85000000
vt 0.15000000 0.85000000
vt 0.15000000 0.85000000
vt 0.15000000 0.85000000
vt 0.15000000 0.85000000
vt 0.15000000 0.85000000
vt 0.15000000 0.85000000
vt 0.15000000 0.85000000
vt 0.15000000 0.85000000
vt 0.15000000 0.85000000
vt 0.15000000 0.85000000
vt 0.15000000 0.85000000
vt 0.15000000 0.85000000
vt 0.15000000 0.85000000
vt 0.15000000 0.85000000
vt 0.15000000 0.85000000
vt 0.15000000 0.85000000
vt 0.15000000 0.85000000
vt 0.15000000 0.85000000
vt 0.15000000 0.85000000
vt 0.15000000 0.85000000
vt 0.15000000 0.85000000
vt 0.15000000 0.85000000
vt 0.15000000 0.85000000
vt 0.15000000 0.85000000
vt 0.15000000 0.85000000
vt 0.15000000 0.85000000
vt 0.15000000 0.85000000
vt 0.15000000 0.85000000
vt 0.15000000 0.85000000
vt 0.15000000 0.85000000
vt 0.15000000 0.85000000
vt 0.15000000 0.85000000
vt 0.15000000 0.85000000
vt 0.15000000 0.85000000
vt 0.15000000 0.85000000
vt 0.15000000 0.85000000
vt 0.15000000 0.85000000
vt 0.15000000 0.85000000
vt 0.15000000 0.85000000
vt 0.15000000 0.85000000
vt 0.15000000 0.85000000
vt 0.15000000 0.85000000
vt 0.15000000 0.85000000
vt 0.15000000 0.85000000
vt 0.15000000 0.85000000
vt 0.15000000 0.85000000
vt 0.15000000 0.85000000
vt 0.15000000 0.85000000
vt 0.15000000 0.85000000
vt 0.15000000 0.85000000
vt 0.15000000 0.85000000
vt 0.15000000 0.85000000
vt 0.15000000 0.85000000
vt 0.15000000 0.85000000
vt 0.15000000 0.85000000
vt 0.15000000 0.85000000
vt 0.15000000 0.85000000
vt 0.15000000 0.85000000
vt 0.15000000 0.85000000
vt 0.15000000 0.85000000
vt 0.15000000 0.85000000
vt 0.15000000 0.85000000
vt 0.15000000 0.85000000
vt 0.15000000 0.85000000
vt 0.15000000 0.85000000
vt 0.15000000 0.85000000
vt 0.15000000 0.85000000
vt 0.15000000 0.85000000
vt 0.15000000 0.85000000
vt 0.15000000 0.85000000
vt 0.15000000 0.85000000
vt 0.15000000 0.85000000
vt 0.15000000 0.85000000
vt 0.15000000 0.85000000
vt 0.15000000 0.85000000
vt 0.15000000 0.85000000
vt 0.15000000 0.85000000
vt 0.15000000 0.85000000
vt 0.15000000 0.85000000
vt 0.15000000 0.85000000
vt 0.15000000 0.85000000
vt 0.15000000 0.85000000
vt 0.15000000 0.85000000
vt 0.15000000 0.85000000
vt 0.15000000 0.85000000
vt 0.15000000 0.85000000
vt 0.15000000 0.85000000
vt 0.15000000 0.85000000
vt 0.15000000 0.85000000
vt 0.15000000 0.85000000
vt 0.15000000 0.85000000
vt 0.15000000 0.85000000
vt 0.15000000 0.85000000
vt 0.15000000 0.85000000
vt 0.15000000 0.85000000
vt 0.15000000 0.85000000
vt 0.15000000 0.85000000
vt 0.15000000 0.85000000
vt 0.15000000 0.85000000
vt 0.15000000 0.85000000
vt 0.15000000 0.85000000
vt 0.15000000 0.85000000
vt 0.15000000 0.85000000
vt 0.15000000 0.85000000
vt 0.15000000 0.85000000
vt 0.15000000 0.85000000
vt 0.15000000 0.85000000
vt 0.15000000 0.85000000
vt 0.15000000 0.85000000
vt 0.15000000 0.85000000
vt 0.15000000 0.85000000
vt 0.15000000 0.85000000
vt 0.15000000 0.85000000
vt 0.15000000 0.85000000
vt 0.15000000 0.85000000
vt 0.15000000 0.85000000
vt 0.15000000 0.85000000
vt 0.15000000 0.85000000
vt 0.15000000 0.85000000
vt 0.15000000 0.85000000
vt 0.15000000 0.85000000
vt 0.15000000 0.85000000
vt 0.15000000 0.85000000
vt 0.15000000 0.85000000
vt 0.15000000 0.85000000
vt 0.15000000 0.85000000
vt 0.15000000 0.85000000
vt 0.15000000 0.85000000
vt 0.15000000 0.85000000
vt 0.15000000 0.85000000
vt 0.15000000 0.85000000
vt 0.15000000 0.85000000
vt 0.15000000 0.85000000
vt 0.15000000 0.85000000
vt 0.15000000 0.85000000
vt 0.15000000 0.85000000
vt 0.15000000 0.85000000
vt 0.15000000 0.85000000
vt 0.15000000 0.85000000
vt 0.15000000 0.85000000
vt 0.15000000 0.85000000
vt 0.15000000 0.85000000
vt 0.15000000 0.85000000
vt 0.15000000 0.85000000
vt 0.15000000 0.85000000
vt 0.15000000 0.85000000
vt 0.15000000 0.85000000
vt 0.15000000 0.85000000
vt 0.15000000 0.85000000
vt 0.15000000 0.85000000
vt 0.15000000 0.85000000
vt 0.15000000 0.85000000
vt 0.15000000 0.85000000
vt 0.15000000 0.85000000
vt 0.15000000 0.85000000
vt 0.15000000 0.85000000
vt 0.15000000 0.85000000
vt 0.15000000 0.85000000
vt 0.15000000 0.85000000
vt 0.15000000 0.85000000
vt 0.15000000 0.85000000
vt 0.15000000 0.85000000
vt 0.15000000 0.85000000
vt 0.15000000 0.85000000
vt 0.15000000 0.85000000
vt 0.15000000 0.85000000
vt 0.15000000 0.85000000
vt 0.15000000 0.85000000
vt 0.15000000 0.85000000
vt 0.15000000 0.85000000
vt 0.15000000 0.85000000
vt 0.15000000 0.85000000
vt 0.15000000 0.85000000
vt 0.15000000 0.85000000
vt 0.15000000 0.85000000
vt 0.15000000 0.85000000
vt 0.15000000 0.85000000
vt 0.15000000 0.85000000
vt 0.15000000 0.85000000
vt 0.15000000 0.85000000
vt 0.15000000 0.85000000
vt 0.15000000 0.85000000
vt 0.15000000 0.85000000
vt 0.15000000 0.85000000
vt 0.15000000 0.85000000
vt 0.15000000 0.85000000
vt 0.15000000 0.85000000
vt 0.15000000 0.85000000
vt 0.15000000 0.85000000
vt 0.15000000 0.85000000
vt 0.15000000 0.85000000
vt 0.15000000 0.85000000
vt 0.15000000 0.85000000
vt 0.15000000 0.85000000
vt 0.15000000 0.85000000
vt 0.15000000 0.85000000
vt 0.15000000 0.85000000
vt 0.15000000 0.85000000
vt 0.15000000 0.85000000
vt 0.15000000 0.85000000
vt 0.15000000 0.85000000
vt 0.15000000 0.85000000
vt 0.15000000 0.85000000
vt 0.15000000 0.85000000
vt 0.15000000 0.85000000
vt 0.15000000 0.85000000
vt 0.15000000 0.85000000
vt 0.15000000 0.85000000
vt 0.15000000 0.85000000
vt 0.15000000 0.85000000
vt 0.15000000 0.85000000
vt 0.15000000 0.85000000
vt 0.15000000 0.85000000
vt 0.15000000 0.85000000
vt 0.15000000 0.85000000
vt 0.15000000 0.85000000
vt 0.15000000 0.85000000
vt 0.15000000 0.85000000
vt 0.15000000 0.85000000
vt 0.15000000 0.85000000
vt 0.15000000 0.85000000
vt 0.15000000 0.85000000
vt 0.15000000 0.85000000
vt 0.15000000 0.85000000
vt 0.15000000 0.85000000
vt 0.15000000 0.85000000
vt 0.15000000 0.85000000
vt 0.15000000 0.85000000
vt 0.15000000 0.85000000
vt 0.15000000 0.85000000
vt 0.15000000 0.85000000
vt 0.15000000 0.85000000
vt 0.15000000 0.85000000
vt 0.15000000 0.85000000
vt 0.15000000 0.85000000
vt 0.15000000 0.85000000
vt 0.15000000 0.85000000
vt 0.15000000 0.85000000
vt 0.15000000 0.85000000
vt 0.15000000 0.85000000
vt 0.15000000 0.85000000
vt 0.15000000 0.85000000
vt 0.15000000 0.85000000
vt 0.15000000 0.85000000
vt 0.15000000 0.85000000
vt 0.15000000 0.85000000
vt 0.15000000 0.85000000
vt 0.15000000 0.85000000
vt 0.15000000 0.85000000
vt 0.15000000 0.85000000
vt 0.15000000 0.85000000
vt 0.15000000 0.85000000
vt 0.15000000 0.85000000
vt 0.15000000 0.85000000
vt 0.15000000 0.85000000
vt 0.15000000 0.85000000
vt 0.15000000 0.85000000
vt 0.15000000 0.85000000
vt 0.15000000 0.85000000
vt 0.15000000 0.85000000
vt 0.15000000 0.85000000
vt 0.15000000 0.85000000
vt 0.15000000 0.85000000
vt 0.15000000 0.85000000
vt 0.15000000 0.85000000
vt 0.15000000 0.85000000
vt 0.15000000 0.85000000
vt 0.15000000 0.85000000
vt 0.15000000 0.85000000
vt 0.15000000 0.85000000
vt 0.15000000 0.85000000
vt 0.15000000 0.85000000
vt 0.15000000 0.85000000
vt 0.15000000 0.85000000
vt 0.15000000 0.85000000
vt 0.15000000 0.85000000
vt 0.15000000 0.85000000
vt 0.15000000 0.85000000
vt 0.15000000 0.85000000
vt 0.15000000 0.85000000
vt 0.15000000 0.85000000
vt 0.15000000 0.85000000
vt 0.15000000 0.85000000
vt 0.15000000 0.85000000
vt 0.15000000 0.85000000
vt 0.15000000 0.85000000
vt 0.15000000 0.85000000
vt 0.15000000 0.85000000
vt 0.15000000 0.85000000
vt 0.15000000 0.85000000
vt 0.15000000 0.85000000
vt 0.15000000 0.85000000
vt 0.15000000 0.85000000
vt 0.15000000 0.85000000
vt 0.15000000 0.85000000
vt 0.15000000 0.85000000
vt 0.15000000 0.85000000
vt 0.15000000 0.85000000
vt 0.15000000 0.85000000
vt 0.15000000 0.85000000
vt 0.15000000 0.85000000
vt 0.15000000 0.85000000
vt 0.15000000 0.85000000
vt 0.15000000 0.85000000
vt 0.15000000 0.85000000
vt 0.15000000 0.85000000
vt 0.15000000 0.85000000
vt 0.15000000 0.85000000
vt 0.15000000 0.85000000
vt 0.15000000 0.85000000
vt 0.15000000 0.85000000
vt 0.15000000 0.85000000
vt 0.15000000 0.85000000
vt 0.15000000 0.85000000
vt 0.15000000 0.85000000
vt 0.15000000 0.85000000
vt 0.15000000 0.85000000
vt 0.15000000 0.85000000
vt 0.15000000 0.85000000
vt 0.15000000 0.85000000
vt 0.15000000 0.85000000
vt 0.15000000 0.85000000
vt 0.15000000 0.85000000
vt 0.15000000 0.85000000
vt 0.15000000 0.85000000
vt 0.15000000 0.85000000
vt 0.15000000 0.85000000
vt 0.15000000 0.85000000
vt 0.15000000 0.85000000
vt 0.15000000 0.85000000
vt 0.15000000 0.85000000
vt 0.15000000 0.85000000
vt 0.15000000 0.85000000
vt 0.15000000 0.85000000
vt 0.15000000 0.85000000
vt 0.15000000 0.85000000
vt 0.15000000 0.85000000
vt 0.15000000 0.85000000
vt 0.15000000 0.85000000
vt 0.15000000 0.85000000
vt 0.15000000 0.85000000
vt 0.15000000 0.85000000
vt 0.15000000 0.85000000
vt 0.15000000 0.85000000
vt 0.15000000 0.85000000
vt 0.15000000 0.85000000
vt 0.15000000 0.85000000
vt 0.15000000 0.85000000
vt 0.15000000 0.85000000
vt 0.15000000 0.85000000
vt 0.15000000 0.85000000
vt 0.15000000 0.85000000
vt 0.15000000 0.85000000
vt 0.15000000 0.85000000
vt 0.15000000 0.85000000
vt 0.15000000 0.85000000
vt 0.15000000 0.85000000
vt 0.15000000 0.85000000
vt 0.15000000 0.85000000
vt 0.15000000 0.85000000
vt 0.15000000 0.85000000
vt 0.15000000 0.85000000
vt 0.15000000 0.85000000
vt 0.15000000 0.85000000
vt 0.15000000 0.85000000
vt 0.15000000 0.85000000
vt 0.15000000 0.85000000
vt 0.15000000 0.85000000
vt 0.15000000 0.85000000
vt 0.15000000 0.85000000
vt 0.15000000 0.85000000
vt 0.15000000 0.85000000
vt 0.15000000 0.85000000
vt 0.15000000 0.85000000
vt 0.15000000 0.85000000
vt 0.15000000 0.85000000
vt 0.15000000 0.85000000
vt 0.15000000 0.85000000
vt 0.15000000 0.85000000
vt 0.15000000 0.85000000
vt 0.15000000 0.85000000
vt 0.15000000 0.85000000
vt 0.15000000 0.85000000
vt 0.15000000 0.85000000
vt 0.15000000 0.85000000
vt 0.15000000 0.85000000
vt 0.15000000 0.85000000
vt 0.15000000 0.85000000
vt 0.15000000 0.85000000
vt 0.15000000 0.85000000
vt 0.15000000 0.85000000
vt 0.15000000 0.85000000
vt 0.15000000 0.85000000
vt 0.15000000 0.85000000
vt 0.15000000 0.85000000
vt 0.15000000 0.85000000
vt 0.15000000 0.85000000
vt 0.15000000 0.85000000
vt 0.15000000 0.85000000
vt 0.15000000 0.85000000
vt 0.15000000 0.85000000
vt 0.15000000 0.85000000
vt 0.15000000 0.85000000
vt 0.15000000 0.85000000
vt 0.15000000 0.85000000
vt 0.15000000 0.85000000
vt 0.15000000 0.85000000
vt 0.15000000 0.85000000
vt 0.15000000 0.85000000
vt 0.15000000 0.85000000
vt 0.15000000 0.85000000
vt 0.15000000 0.85000000
vt 0.15000000 0.85000000
vt 0.15000000 0.85000000
vt 0.15000000 0.85000000
vt 0.15000000 0.85000000
vt 0.15000000 0.85000000
vt 0.15000000 0.85000000
vt 0.15000000 0.85000000
vt 0.15000000 0.85000000
vt 0.15000000 0.85000000
vt 0.15000000 0.85000000
vt 0.15000000 0.85000000
vt 0.15000000 0.85000000
vt 0.15000000 0.85000000
vt 0.15000000 0.85000000
vt 0.15000000 0.85000000
vt 0.15000000 0.85000000
vt 0.15000000 0.85000000
vt 0.15000000 0.85000000
vt 0.15000000 0.85000000
vt 0.15000000 0.85000000
vt 0.15000000 0.85000000
vt 0.15000000 0.85000000
vt 0.15000000 0.85000000
vt 0.15000000 0.85000000
vt 0.15000000 0.85000000
vt 0.15000000 0.85000000
vt 0.15000000 0.85000000
vt 0.15000000 0.85000000
vt 0.15000000 0.85000000
vt 0.15000000 0.85000000
vt 0.15000000 0.85000000
vt 0.15000000 0.85000000
vt 0.15000000 0.85000000
vt 0.15000000 0.85000000
vt 0.15000000 0.85000000
vt 0.15000000 0.85000000
vt 0.15000000 0.85000000
vt 0.15000000 0.85000000
vt 0.15000000 0.85000000
vt 0.15000000 0.85000000
vt 0.15000000 0.85000000
vt 0.15000000 0.85000000
vt 0.15000000 0.85000000
vt 0.15000000 0.85000000
vt 0.15000000 0.85000000
vt 0.15000000 0.85000000
vt 0.15000000 0.85000000
vt 0.15000000 0.85000000
vt 0.15000000 0.85000000
vt 0.15000000 0.85000000
vt 0.15000000 0.85000000
vt 0.15000000 0.85000000
vt 0.15000000 0.85000000
vt 0.15000000 0.85000000
vt 0.15000000 0.85000000
vt 0.15000000 0.85000000
vt 0.15000000 0.85000000
vt 0.15000000 0.85000000
vt 0.15000000 0.85000000
vt 0.15000000 0.85000000
vt 0.15000000 0.85000000
vt 0.15000000 0.85000000
vt 0.15000000 0.85000000
vt 0.15000000 0.85000000
vt 0.15000000 0.85000000
vt 0.15000000 0.85000000
vt 0.15000000 0.85000000
vt 0.15000000 0.85000000
vt 0.15000000 0.85000000
vt 0.15000000 0.85000000
vt 0.15000000 0.85000000
vt 0.15000000 0.85000000
vt 0.15000000 0.85000000
vt 0.15000000 0.85000000
vt 0.15000000 0.85000000
vt 0.15000000 0.85000000
vt 0.15000000 0.85000000
vt 0.15000000 0.85000000
vt 0.15000000 0.85000000
vt 0.15000000 0.85000000
vt 0.15000000 0.85000000
vt 0.15000000 0.85000000
vt 0.15000000 0.85000000
vt 0.15000000 0.85000000
vt 0.15000000 0.85000000
vt 0.15000000 0.85000000
vt 0.15000000 0.85000000
vt 0.15000000 0.85000000
vt 0.15000000 0.85000000
vt 0.15000000 0.85000000
vt 0.15000000 0.85000000
vt 0.15000000 0.85000000
vt 0.15000000 0.85000000
vt 0.15000000 0.85000000
vt 0.15000000 0.85000000
vt 0.15000000 0.85000000
vt 0.15000000 0.85000000
vt 0.15000000 0.85000000
vt 0.15000000 0.85000000
vt 0.15000000 0.85000000
vt 0.15000000 0.85000000
vt 0.15000000 0.85000000
vt 0.15000000 0.85000000
vt 0.15000000 0.85000000
vt 0.15000000 0.85000000
vt 0.15000000 0.85000000
vt 0.15000000 0.85000000
vt 0.15000000 0.85000000
vt 0.15000000 0.85000000
vt 0.15000000 0.85000000
vt 0.15000000 0.85000000
vt 0.15000000 0.85000000
vt 0.15000000 0.85000000
vt 0.15000000 0.85000000
vt 0.15000000 0.85000000
vt 0.15000000 0.85000000
vt 0.15000000 0.85000000
vt 0.15000000 0.85000000
vt 0.15000000 0.85000000
vt 0.15000000 0.85000000
vt 0.15000000 0.85000000
vt 0.15000000 0.85000000
vt 0.15000000 0.85000000
vt 0.15000000 0.85000000
vt 0.15000000 0.85000000
vt 0.15000000 0.85000000
vt 0.15000000 0.85000000
vt 0.15000000 0.85000000
vt 0.15000000 0.85000000
vt 0.15000000 0.85000000
vt 0.15000000 0.85000000
vt 0.15000000 0.85000000
vt 0.15000000 0.85000000
vt 0.15000000 0.85000000
vt 0.15000000 0.85000000
vt 0.15000000 0.85000000
vt 0.15000000 0.85000000
vt 0.15000000 0.85000000
vt 0.15000000 0.85000000
vt 0.15000000 0.85000000
vt 0.15000000 0.85000000
vt 0.15000000 0.85000000
vt 0.15000000 0.85000000
vt 0.15000000 0.85000000
vt 0.15000000 0.85000000
vt 0.15000000 0.85000000
vt 0.15000000 0.85000000
vt 0.15000000 0.85000000
vt 0.15000000 0.85000000
vt 0.15000000 0.85000000
vt 0.15000000 0.85000000
vt 0.15000000 0.85000000
vt 0.15000000 0.85000000
vt 0.15000000 0.85000000
vt 0.15000000 0.85000000
vt 0.15000000 0.85000000
vt 0.15000000 0.85000000
vt 0.15000000 0.85000000
vt 0.15000000 0.85000000
vt 0.15000000 0.85000000
vt 0.15000000 0.85000000
vt 0.15000000 0.85000000
vt 0.15000000 0.85000000
vt 0.15000000 0.85000000
vt 0.15000000 0.85000000
vt 0.15000000 0.85000000
vt 0.15000000 0.85000000
vt 0.15000000 0.85000000
vt 0.15000000 0.85000000
vt 0.15000000 0.85000000
vt 0.15000000 0.85000000
vt 0.15000000 0.85000000
vt 0.15000000 0.85000000
vt 0.15000000 0.85000000
vt 0.15000000 0.85000000
vt 0.15000000 0.85000000
vt 0.15000000 0.85000000
vt 0.15000000 0.85000000
vt 0.15000000 0.85000000
vt 0.15000000 0.85000000
vt 0.15000000 0.85000000
vt 0.15000000 0.85000000
vt 0.15000000 0.85000000
vt 0.15000000 0.85000000
vt 0.15000000 0.85000000
vt 0.15000000 0.85000000
vt 0.15000000 0.85000000
vt 0.15000000 0.85000000
vt 0.15000000 0.85000000
vt 0.15000000 0.85000000
vt 0.15000000 0.85000000
vt 0.15000000 0.85000000
vt 0.15000000 0.85000000
vt 0.15000000 0.85000000
vt 0.15000000 0.85000000
vt 0.15000000 0.85000000
vt 0.15000000 0.85000000
vt 0.15000000 0.85000000
vt 0.15000000 0.85000000
vt 0.15000000 0.85000000
vt 0.15000000 0.85000000
vt 0.15000000 0.85000000
vt 0.15000000 0.85000000
vt 0.15000000 0.85000000
vt 0.15000000 0.85000000
vt 0.15000000 0.85000000
vt 0.15000000 0.85000000
vt 0.15000000 0.85000000
vt 0.15000000 0.85000000
vt 0.15000000 0.85000000
vt 0.15000000 0.85000000
vt 0.15000000 0.85000000
vt 0.15000000 0.85000000
vt 0.15000000 0.85000000
vt 0.15000000 0.85000000
vt 0.15000000 0.85000000
vt 0.15000000 0.85000000
vt 0.15000000 0.85000000
vt 0.15000000 0.85000000
vt 0.15000000 0.85000000
vt 0.15000000 0.85000000
vt 0.15000000 0.85000000
vt 0.15000000 0.85000000
vt 0.15000000 0.85000000
vt 0.15000000 0.85000000
vt 0.15000000 0.85000000
vt 0.15000000 0.85000000
vt 0.15000000 0.85000000
vt 0.15000000 0.85000000
vt 0.15000000 0.85000000
vt 0.15000000 0.85000000
vt 0.15000000 0.85000000
vt 0.15000000 0.85000000
vt 0.15000000 0.85000000
vt 0.15000000 0.85000000
vt 0.15000000 0.85000000
vt 0.15000000 0.85000000
vt 0.15000000 0.85000000
vt 0.15000000 0.85000000
vt 0.15000000 0.85000000
vt 0.15000000 0.85000000
vt 0.15000000 0.85000000
vt 0.15000000 0.85000000
vt 0.15000000 0.85000000
vt 0.15000000 0.85000000
vt 0.15000000 0.85000000
vt 0.15000000 0.85000000
vt 0.15000000 0.85000000
vt 0.15000000 0.85000000
vt 0.15000000 0.85000000
vt 0.15000000 0.85000000
vt 0.15000000 0.85000000
vt 0.15000000 0.85000000
vt 0.15000000 0.85000000
vt 0.15000000 0.85000000
vt 0.15000000 0.85000000
vt 0.15000000 0.85000000
vt 0.15000000 0.85000000
vt 0.15000000 0.85000000
vt 0.15000000 0.85000000
vt 0.15000000 0.85000000
vt 0.15000000 0.85000000
vt 0.15000000 0.85000000
vt 0.15000000 0.85000000
vt 0.15000000 0.85000000
vt 0.15000000 0.85000000
vt 0.15000000 0.85000000
vt 0.15000000 0.85000000
vt 0.15000000 0.85000000
vt 0.15000000 0.85000000
vt 0.15000000 0.85000000
vt 0.15000000 0.85000000
vt 0.15000000 0.85000000
vt 0.15000000 0.85000000
vt 0.15000000 0.85000000
vt 0.15000000 0.85000000
vt 0.15000000 0.85000000
vt 0.15000000 0.85000000
vt 0.15000000 0.85000000
vt 0.15000000 0.85000000
vt 0.15000000 0.85000000
vt 0.15000000 0.85000000
vt 0.15000000 0.85000000
vt 0.15000000 0.85000000
vt 0.15000000 0.85000000
vt 0.15000000 0.85000000
vt 0.15000000 0.85000000
vt 0.15000000 0.85000000
vt 0.15000000 0.85000000
vt 0.15000000 0.85000000
vt 0.15000000 0.85000000
vt 0.15000000 0.85000000
vt 0.15000000 0.85000000
vt 0.15000000 0.85000000
vt 0.15000000 0.85000000
vt 0.15000000 0.85000000
vt 0.15000000 0.85000000
vt 0.15000000 0.85000000
vt 0.15000000 0.85000000
vt 0.15000000 0.85000000
vt 0.15000000 0.85000000
vt 0.15000000 0.85000000
vt 0.15000000 0.85000000
vt 0.15000000 0.85000000
vt 0.15000000 0.85000000
vt 0.15000000 0.85000000
vt 0.15000000 0.85000000
vt 0.15000000 0.85000000
vt 0.15000000 0.85000000
vt 0.15000000 0.85000000
vt 0.15000000 0.85000000
vt 0.15000000 0.85000000
vt 0.15000000 0.85000000
vt 0.15000000 0.85000000
vt 0.15000000 0.85000000
vt 0.15000000 0.85000000
vt 0.15000000 0.85000000
vt 0.15000000 0.85000000
vt 0.15000000 0.85000000
vt 0.15000000 0.85000000
vt 0.15000000 0.85000000
vt 0.15000000 0.85000000
vt 0.15000000 0.85000000
vt 0.15000000 0.85000000
vt 0.15000000 0.85000000
vt 0.15000000 0.85000000
vt 0.15000000 0.85000000
vt 0.15000000 0.85000000
vt 0.15000000 0.85000000
vt 0.15000000 0.85000000
vt 0.15000000 0.85000000
vt 0.15000000 0.85000000
vt 0.15000000 0.85000000
vt 0.15000000 0.85000000
vt 0.15000000 0.85000000
vt 0.15000000 0.85000000
vt 0.15000000 0.85000000
vt 0.15000000 0.85000000
vt 0.15000000 0.85000000
vt 0.15000000 0.85000000
vt 0.15000000 0.85000000
vt 0.15000000 0.85000000
vt 0.15000000 0.85000000
vt 0.15000000 0.85000000
vt 0.15000000 0.85000000
vt 0.15000000 0.85000000
vt 0.15000000 0.85000000
vt 0.15000000 0.85000000
vt 0.15000000 0.85000000
vt 0.15000000 0.85000000
vt 0.15000000 0.85000000
vt 0.15000000 0.85000000
vt 0.15000000 0.85000000
vt 0.15000000 0.85000000
vt 0.15000000 0.85000000
vt 0.15000000 0.85000000
vt 0.15000000 0.85000000
vt 0.15000000 0.85000000
vt 0.15000000 0.85000000
vt 0.15000000 0.85000000
vt 0.15000000 0.85000000
vt 0.15000000 0.85000000
vt 0.15000000 0.85000000
vt 0.15000000 0.85000000
vt 0.15000000 0.85000000
vt 0.15000000 0.85000000
vt 0.15000000 0.85000000
vt 0.15000000 0.85000000
vt 0.15000000 0.85000000
vt 0.15000000 0.85000000
vt 0.15000000 0.85000000
vt 0.15000000 0.85000000
vt 0.15000000 0.85000000
vt 0.15000000 0.85000000
vt 0.15000000 0.85000000
vt 0.15000000 0.85000000
vt 0.15000000 0.85000000
vt 0.15000000 0.85000000
vt 0.15000000 0.85000000
vt 0.15000000 0.85000000
vt 0.15000000 0.85000000
vt 0.15000000 0.85000000
vt 0.15000000 0.85000000
vt 0.15000000 0.85000000
vt 0.15000000 0.85000000
vt 0.15000000 0.85000000
vt 0.15000000 0.85000000
vt 0.15000000 0.85000000
vt 0.15000000 0.85000000
vt 0.15000000 0.85000000
vt 0.15000000 0.85000000
vt 0.15000000 0.85000000
vt 0.15000000 0.85000000
vt 0.15000000 0.85000000
vt 0.15000000 0.85000000
vt 0.15000000 0.85000000
vt 0.15000000 0.85000000
vt 0.15000000 0.85000000
vt 0.15000000 0.85000000
vt 0.15000000 0.85000000
vt 0.15000000 0.85000000
vt 0.15000000 0.85000000
vt 0.15000000 0.85000000
vt 0.15000000 0.85000000
vt 0.15000000 0.85000000
vt 0.15000000 0.85000000
vt 0.15000000 0.85000000
vt 0.15000000 0.85000000
vt 0.15000000 0.85000000
vt 0.15000000 0.85000000
vt 0.15000000 0.85000000
vt 0.15000000 0.85000000
vt 0.15000000 0.85000000
vt 0.15000000 0.85000000
vt 0.15000000 0.85000000
vt 0.15000000 0.85000000
vt 0.15000000 0.85000000
vt 0.15000000 0.85000000
vt 0.15000000 0.85000000
vt 0.15000000 0.85000000
vt 0.15000000 0.85000000
vt 0.15000000 0.85000000
vt 0.15000000 0.85000000
vt 0.15000000 0.85000000
vt 0.15000000 0.85000000
vt 0.15000000 0.85000000
vt 0.15000000 0.85000000
vt 0.15000000 0.85000000
vt 0.15000000 0.85000000
vt 0.15000000 0.85000000
vt 0.15000000 0.85000000
vt 0.15000000 0.85000000
vt 0.15000000 0.85000000
vt 0.15000000 0.85000000
vt 0.15000000 0.85000000
vt 0.15000000 0.85000000
vt 0.15000000 0.85000000
vt 0.15000000 0.85000000
vt 0.15000000 0.85000000
vt 0.15000000 0.85000000
vt 0.15000000 0.85000000
vt 0.15000000 0.85000000
vt 0.15000000 0.85000000
vt 0.15000000 0.85000000
vt 0.15000000 0.85000000
vt 0.15000000 0.85000000
vt 0.15000000 0.85000000
vt 0.15000000 0.85000000
vt 0.15000000 0.85000000
vt 0.15000000 0.85000000
vt 0.15000000 0.85000000
vt 0.15000000 0.85000000
vt 0.15000000 0.85000000
vt 0.15000000 0.85000000
vt 0.15000000 0.85000000
vt 0.15000000 0.85000000
vt 0.15000000 0.85000000
vt 0.15000000 0.85000000
vt 0.15000000 0.85000000
vt 0.15000000 0.85000000
vt 0.15000000 0.85000000
vt 0.15000000 0.85000000
vt 0.15000000 0.85000000
vt 0.15000000 0.85000000
vt 0.15000000 0.85000000
vt 0.15000000 0.85000000
vt 0.15000000 0.85000000
vt 0.15000000 0.85000000
vt 0.15000000 0.85000000
vt 0.15000000 0.85000000
vt 0.15000000 0.85000000
vt 0.15000000 0.85000000
vt 0.15000000 0.85000000
vt 0.15000000 0.85000000
vt 0.15000000 0.85000000
vt 0.15000000 0.85000000
vt 0.15000000 0.85000000
vt 0.15000000 0.85000000
vt 0.15000000 0.85000000
vt 0.15000000 0.85000000
vt 0.15000000 0.85000000
vt 0.15000000 0.85000000
vt 0.15000000 0.85000000
vt 0.15000000 0.85000000
vt 0.15000000 0.85000000
vt 0.15000000 0.85000000
vt 0.15000000 0.85000000
vt 0.15000000 0.85000000
vt 0.15000000 0.85000000
vt 0.15000000 0.85000000
vt 0.15000000 0.85000000
vt 0.15000000 0.85000000
vt 0.15000000 0.85000000
vt 0.15000000 0.85000000
vt 0.15000000 0.85000000
vt 0.15000000 0.85000000
vt 0.15000000 0.85000000
vt 0.15000000 0.85000000
vt 0.15000000 0.85000000
vt 0.15000000 0.85000000
vt 0.15000000 0.85000000
vt 0.15000000 0.85000000
vt 0.15000000 0.85000000
vt 0.15000000 0.85000000
vt 0.15000000 0.85000000
vt 0.15000000 0.85000000
vt 0.15000000 0.85000000
vt 0.15000000 0.85000000
vt 0.15000000 0.85000000
vt 0.15000000 0.85000000
vt 0.15000000 0.85000000
vt 0.15000000 0.85000000
vt 0.15000000 0.85000000
vt 0.15000000 0.85000000
vt 0.15000000 0.85000000
vt 0.15000000 0.85000000
vt 0.15000000 0.85000000
vt 0.15000000 0.85000000
vt 0.15000000 0.85000000
vt 0.15000000 0.85000000
vt 0.15000000 0.85000000
vt 0.15000000 0.85000000
vt 0.15000000 0.85000000
vt 0.15000000 0.85000000
vt 0.15000000 0.85000000
vt 0.15000000 0.85000000
vt 0.15000000 0.85000000
vt 0.15000000 0.85000000
vt 0.15000000 0.85000000
vt 0.15000000 0.85000000
vt 0.15000000 0.85000000
vt 0.15000000 0.85000000
vt 0.15000000 0.85000000
vt 0.15000000 0.85000000
vt 0.15000000 0.85000000
vt 0.15000000 0.85000000
vt 0.15000000 0.85000000
vt 0.15000000 0.85000000
vt 0.15000000 0.85000000
vt 0.15000000 0.85000000
vt 0.15000000 0.85000000
vt 0.15000000 0.85000000
vt 0.15000000 0.85000000
vt 0.15000000 0.85000000
vt 0.15000000 0.85000000
vt 0.15000000 0.85000000
vt 0.15000000 0.85000000
vt 0.15000000 0.85000000
vt 0.15000000 0.85000000
vt 0.15000000 0.85000000
vt 0.15000000 0.85000000
vt 0.15000000 0.85000000
vt 0.15000000 0.85000000
vt 0.15000000 0.85000000
vt 0.15000000 0.85000000
vt 0.15000000 0.85000000
vt 0.15000000 0.85000000
vt 0.15000000 0.85000000
vt 0.15000000 0.85000000
vt 0.15000000 0.85000000
vt 0.15000000 0.85000000
vt 0.15000000 0.85000000
vt 0.15000000 0.85000000
vt 0.15000000 0.85000000
vt 0.15000000 0.85000000
vt 0.15000000 0.85000000
vt 0.15000000 0.85000000
vt 0.15000000 0.85000000
vt 0.15000000 0.85000000
vt 0.15000000 0.85000000
vt 0.15000000 0.85000000
vt 0.15000000 0.85000000
vt 0.15000000 0.85000000
vt 0.15000000 0.85000000
vt 0.15000000 0.85000000
vt 0.15000000 0.85000000
vt 0.15000000 0.85000000
vt 0.15000000 0.85000000
vt 0.15000000 0.85000000
vt 0.15000000 0.85000000
vt 0.15000000 0.85000000
vt 0.15000000 0.85000000
vt 0.15000000 0.85000000
vt 0.15000000 0.85000000
vt 0.15000000 0.85000000
vt 0.15000000 0.85000000
vt 0.15000000 0.85000000
vt 0.15000000 0.85000000
vt 0.15000000 0.85000000
vt 0.15000000 0.85000000
vt 0.15000000 0.85000000
vt 0.15000000 0.85000000
vt 0.15000000 0.85000000
vt 0.15000000 0.85000000
vt 0.15000000 0.85000000
vt 0.15000000 0.85000000
vt 0.15000000 0.85000000
vt 0.15000000 0.85000000
vt 0.15000000 0.85000000
vt 0.15000000 0.85000000
vt 0.15000000 0.85000000
vt 0.15000000 0.85000000
vt 0.15000000 0.85000000
vt 0.15000000 0.85000000
vt 0.15000000 0.85000000
vt 0.15000000 0.85000000
vt 0.15000000 0.85000000
vt 0.15000000 0.85000000
vt 0.15000000 0.85000000
vt 0.15000000 0.85000000
vt 0.15000000 0.85000000
vt 0.15000000 0.85000000
vt 0.15000000 0.85000000
vt 0.15000000 0.85000000
vt 0.15000000 0.85000000
vt 0.15000000 0.85000000
vt 0.15000000 0.85000000
vt 0.15000000 0.85000000
vt 0.15000000 0.85000000
vt 0.15000000 0.85000000
vt 0.15000000 0.85000000
vt 0.15000000 0.85000000
vt 0.15000000 0.85000000
vt 0.15000000 0.85000000
vt 0.15000000 0.85000000
vt 0.15000000 0.85000000
vt 0.15000000 0.85000000
vt 0.15000000 0.85000000
vt 0.15000000 0.85000000
vt 0.15000000 0.85000000
vt 0.15000000 0.85000000
vt 0.15000000 0.85000000
vt 0.15000000 0.85000000
vt 0.15000000 0.85000000
vt 0.15000000 0.85000000
vt 0.15000000 0.85000000
vt 0.15000000 0.85000000
vt 0.15000000 0.85000000
vt 0.15000000 0.85000000
vt 0.15000000 0.85000000
vt 0.15000000 0.85000000
vt 0.15000000 0.85000000
vt 0.15000000 0.85000000
vt 0.15000000 0.85000000
vt 0.15000000 0.85000000
vt 0.15000000 0.85000000
vt 0.15000000 0.85000000
vt 0.15000000 0.85000000
vt 0.15000000 0.85000000
vt 0.15000000 0.85000000
vt 0.15000000 0.85000000
vt 0.15000000 0.85000000
vt 0.15000000 0.85000000
vt 0.15000000 0.85000000
vt 0.15000000 0.85000000
vt 0.15000000 0.85000000
vt 0.15000000 0.85000000
vt 0.15000000 0.85000000
vt 0.15000000 0.85000000
vt 0.15000000 0.85000000
vt 0.15000000 0.85000000
vt 0.15000000 0.85000000
vt 0.15000000 0.85000000
vt 0.15000000 0.85000000
vt 0.15000000 0.85000000
vt 0.15000000 0.85000000
vt 0.15000000 0.85000000
vt 0.15000000 0.85000000
vt 0.15000000 0.85000000
vt 0.15000000 0.85000000
vt 0.15000000 0.85000000
vt 0.15000000 0.85000000
vt 0.15000000 0.85000000
vt 0.15000000 0.85000000
vt 0.15000000 0.85000000
vt 0.15000000 0.85000000
vt 0.15000000 0.85000000
vt 0.15000000 0.85000000
vt 0.15000000 0.85000000
vt 0.15000000 0.85000000
vt 0.15000000 0.85000000
vt 0.15000000 0.85000000
vt 0.15000000 0.85000000
vt 0.15000000 0.85000000
vt 0.15000000 0.85000000
vt 0.15000000 0.85000000
vt 0.15000000 0.85000000
vt 0.15000000 0.85000000
vt 0.15000000 0.85000000
vt 0.15000000 0.85000000
vt 0.15000000 0.85000000
vt 0.15000000 0.85000000
vt 0.15000000 0.85000000
vt 0.15000000 0.85000000
vt 0.15000000 0.85000000
vt 0.15000000 0.85000000
vt 0.15000000 0.85000000
vt 0.15000000 0.85000000
vt 0.15000000 0.85000000
vt 0.15000000 0.85000000
vt 0.15000000 0.85000000
vt 0.15000000 0.85000000
vt 0.15000000 0.85000000
vt 0.15000000 0.85000000
vt 0.15000000 0.85000000
vt 0.15000000 0.85000000
vt 0.15000000 0.85000000
vt 0.15000000 0.85000000
vt 0.15000000 0.85000000
vt 0.15000000 0.85000000
vt 0.15000000 0.85000000
vt 0.15000000 0.85000000
vt 0.15000000 0.85000000
vt 0.15000000 0.85000000
vt 0.15000000 0.85000000
vt 0.15000000 0.85000000
vt 0.15000000 0.85000000
vt 0.15000000 0.85000000
vt 0.15000000 0.85000000
vt 0.15000000 0.85000000
vt 0.15000000 0.85000000
vt 0.15000000 0.85000000
vt 0.15000000 0.85000000
vt 0.15000000 0.85000000
vt 0.15000000 0.85000000
vt 0.15000000 0.85000000
vt 0.15000000 0.85000000
vt 0.15000000 0.85000000
vt 0.15000000 0.85000000
vt 0.15000000 0.85000000
vt 0.15000000 0.85000000
vt 0.15000000 0.85000000
vt 0.15000000 0.85000000
vt 0.15000000 0.85000000
vt 0.15000000 0.85000000
vt 0.15000000 0.85000000
vt 0.15000000 0.85000000
vt 0.15000000 0.85000000
vt 0.15000000 0.85000000
vt 0.15000000 0.85000000
vt 0.15000000 0.85000000
vt 0.15000000 0.85000000
vt 0.15000000 0.85000000
vt 0.15000000 0.85000000
vt 0.15000000 0.85000000
vt 0.15000000 0.85000000
vt 0.15000000 0.85000000
vt 0.15000000 0.85000000
vt 0.15000000 0.85000000
vt 0.15000000 0.85000000
vt 0.15000000 0.85000000
vt 0.15000000 0.85000000
vt 0.15000000 0.85000000
vt 0.15000000 0.85000000
vt 0.15000000 0.85000000
vt 0.15000000 0.85000000
vt 0.15000000 0.85000000
vt 0.15000000 0.85000000
vt 0.15000000 0.85000000
vt 0.15000000 0.85000000
vt 0.15000000 0.85000000
vt 0.15000000 0.85000000
vt 0.15000000 0.85000000
vt 0.15000000 0.85000000
vt 0.15000000 0.85000000
vt 0.15000000 0.85000000
vt 0.15000000 0.85000000
vt 0.15000000 0.85000000
vt 0.15000000 0.85000000
vt 0.15000000 0.85000000
vt 0.15000000 0.85000000
vt 0.15000000 0.85000000
vt 0.15000000 0.85000000
vt 0.15000000 0.85000000
vt 0.15000000 0.85000000
vt 0.15000000 0.85000000
vt 0.15000000 0.85000000
vt 0.15000000 0.85000000
vt 0.15000000 0.85000000
vt 0.15000000 0.85000000
vt 0.15000000 0.85000000
vt 0.15000000 0.85000000
vt 0.15000000 0.85000000
vt 0.15000000 0.85000000
vt 0.15000000 0.85000000
vt 0.15000000 0.85000000
vt 0.15000000 0.85000000
vt 0.15000000 0.85000000
vt 0.15000000 0.85000000
vt 0.15000000 0.85000000
vt 0.15000000 0.85000000
vt 0.15000000 0.85000000
vt 0.15000000 0.85000000
vt 0.15000000 0.85000000
vt 0.15000000 0.85000000
vt 0.15000000 0.85000000
vt 0.15000000 0.85000000
vt 0.15000000 0.85000000
vt 0.15000000 0.85000000
vt 0.15000000 0.85000000
vt 0.15000000 0.85000000
vt 0.15000000 0.85000000
vt 0.15000000 0.85000000
vt 0.15000000 0.85000000
vt 0.15000000 0.85000000
vt 0.15000000 0.85000000
vt 0.15000000 0.85000000
vt 0.15000000 0.85000000
vt 0.15000000 0.85000000
vt 0.15000000 0.85000000
vt 0.15000000 0.85000000
vt 0.15000000 0.85000000
vt 0.15000000 0.85000000
vt 0.15000000 0.85000000
vt 0.15000000 0.85000000
vt 0.15000000 0.85000000
vt 0.15000000 0.85000000
vt 0.15000000 0.85000000
vt 0.15000000 0.85000000
vt 0.15000000 0.85000000
vt 0.15000000 0.85000000
vt 0.15000000 0.85000000
vt 0.15000000 0.85000000
vt 0.15000000 0.85000000
vt 0.15000000 0.85000000
vt 0.15000000 0.85000000
vt 0.15000000 0.85000000
vt 0.15000000 0.85000000
vt 0.15000000 0.85000000
vt 0.15000000 0.85000000
vt 0.15000000 0.85000000
vt 0.15000000 0.85000000
vt 0.15000000 0.85000000
vt 0.15000000 0.85000000
vt 0.15000000 0.85000000
vt 0.15000000 0.85000000
vt 0.15000000 0.85000000
vt 0.15000000 0.85000000
vt 0.15000000 0.85000000
vt 0.15000000 0.85000000
vt 0.15000000 0.85000000
vt 0.15000000 0.85000000
vt 0.15000000 0.85000000
vt 0.15000000 0.85000000
vt 0.15000000 0.85000000
vt 0.15000000 0.85000000
vt 0.15000000 0.85000000
vt 0.15000000 0.85000000
vt 0.15000000 0.85000000
vt 0.15000000 0.85000000
vt 0.15000000 0.85000000
vt 0.15000000 0.85000000
vt 0.15000000 0.85000000
vt 0.15000000 0.85000000
vt 0.15000000 0.85000000
vt 0.15000000 0.85000000
vt 0.15000000 0.85000000
vt 0.15000000 0.85000000
vt 0.15000000 0.85000000
vt 0.15000000 0.85000000
vt 0.15000000 0.85000000
vt 0.15000000 0.85000000
vt 0.15000000 0.85000000
vt 0.15000000 0.85000000
vt 0.15000000 0.85000000
vt 0.15000000 0.85000000
vt 0.15000000 0.85000000
vt 0.15000000 0.85000000
vt 0.15000000 0.85000000
vt 0.15000000 0.85000000
vt 0.15000000 0.85000000
vt 0.15000000 0.85000000
vt 0.15000000 0.85000000
vt 0.15000000 0.85000000
vt 0.15000000 0.85000000
vt 0.15000000 0.85000000
vt 0.15000000 0.85000000
vt 0.15000000 0.85000000
vt 0.15000000 0.85000000
vt 0.15000000 0.85000000
vt 0.15000000 0.85000000
vt 0.15000000 0.85000000
vt 0.15000000 0.85000000
vt 0.15000000 0.85000000
vt 0.15000000 0.85000000
vt 0.15000000 0.85000000
vt 0.15000000 0.85000000
vt 0.15000000 0.85000000
vt 0.15000000 0.85000000
vt 0.15000000 0.85000000
vt 0.15000000 0.85000000
vt 0.15000000 0.85000000
vt 0.15000000 0.85000000
vt 0.15000000 0.85000000
vt 0.15000000 0.85000000
vt 0.15000000 0.85000000
vt 0.15000000 0.85000000
vt 0.15000000 0.85000000
vt 0.15000000 0.85000000
vt 0.15000000 0.85000000
vt 0.15000000 0.85000000
vt 0.15000000 0.85000000
vt 0.15000000 0.85000000
vt 0.15000000 0.85000000
vt 0.15000000 0.85000000
vt 0.15000000 0.85000000
vt 0.15000000 0.85000000
vt 0.15000000 0.85000000
vt 0.15000000 0.85000000
vt 0.15000000 0.85000000
vt 0.15000000 0.85000000
vt 0.15000000 0.85000000
vt 0.15000000 0.85000000
vt 0.15000000 0.85000000
vt 0.15000000 0.85000000
vt 0.15000000 0.85000000
vt 0.15000000 0.85000000
vt 0.15000000 0.85000000
vt 0.15000000 0.85000000
vt 0.15000000 0.85000000
vt 0.15000000 0.85000000
vt 0.15000000 0.85000000
vt 0.15000000 0.85000000
vt 0.15000000 0.85000000
vt 0.15000000 0.85000000
vt 0.15000000 0.85000000
vt 0.15000000 0.85000000
vt 0.15000000 0.85000000
vt 0.15000000 0.85000000
vt 0.15000000 0.85000000
vt 0.15000000 0.85000000
vt 0.15000000 0.85000000
vt 0.15000000 0.85000000
vt 0.15000000 0.85000000
vt 0.15000000 0.85000000
vt 0.15000000 0.85000000
vt 0.15000000 0.85000000
vt 0.15000000 0.85000000
vt 0.15000000 0.85000000
vt 0.15000000 0.85000000
vt 0.15000000 0.85000000
vt 0.15000000 0.85000000
vt 0.15000000 0.85000000
vt 0.15000000 0.85000000
vt 0.15000000 0.85000000
vt 0.15000000 0.85000000
vt 0.15000000 0.85000000
vt 0.15000000 0.85000000
vt 0.15000000 0.85000000
vt 0.15000000 0.85000000
vt 0.15000000 0.85000000
vt 0.15000000 0.85000000
vt 0.15000000 0.85000000
vt 0.15000000 0.85000000
vt 0.15000000 0.85000000
vt 0.15000000 0.85000000
vt 0.15000000 0.85000000
vt 0.15000000 0.85000000
vt 0.15000000 0.85000000
vt 0.15000000 0.85000000
vt 0.15000000 0.85000000
vt 0.15000000 0.85000000
vt 0.15000000 0.85000000
vt 0.15000000 0.85000000
vt 0.15000000 0.85000000
vt 0.15000000 0.85000000
vt 0.15000000 0.85000000
vt 0.15000000 0.85000000
vt 0.15000000 0.85000000
vt 0.15000000 0.85000000
vt 0.15000000 0.85000000
vt 0.15000000 0.85000000
vt 0.15000000 0.85000000
vt 0.15000000 0.85000000
vt 0.15000000 0.85000000
vt 0.15000000 0.85000000
vt 0.15000000 0.85000000
vt 0.15000000 0.85000000
vt 0.15000000 0.85000000
vt 0.15000000 0.85000000
vt 0.15000000 0.85000000
vt 0.15000000 0.85000000
vt 0.15000000 0.85000000
vt 0.15000000 0.85000000
vt 0.15000000 0.85000000
vt 0.15000000 0.85000000
vt 0.15000000 0.85000000
vt 0.15000000 0.85000000
vt 0.15000000 0.85000000
vt 0.15000000 0.85000000
vt 0.15000000 0.85000000
vt 0.15000000 0.85000000
vt 0.15000000 0.85000000
vt 0.15000000 0.85000000
vt 0.15000000 0.85000000
vt 0.15000000 0.85000000
vt 0.15000000 0.85000000
vt 0.15000000 0.85000000
vt 0.15000000 0.85000000
vt 0.15000000 0.85000000
vt 0.15000000 0.85000000
vt 0.15000000 0.85000000
vt 0.15000000 0.85000000
vt 0.15000000 0.85000000
vt 0.15000000 0.85000000
vt 0.15000000 0.85000000
vt 0.15000000 0.85000000
vt 0.15000000 0.85000000
vt 0.15000000 0.85000000
vt 0.15000000 0.85000000
vt 0.15000000 0.85000000
vt 0.15000000 0.85000000
vt 0.15000000 0.85000000
vt 0.15000000 0.85000000
vt 0.15000000 0.85000000
vt 0.15000000 0.85000000
vt 0.15000000 0.85000000
vt 0.15000000 0.85000000
vt 0.15000000 0.85000000
vt 0.15000000 0.85000000
vt 0.15000000 0.85000000
vt 0.15000000 0.85000000
vt 0.15000000 0.85000000
vt 0.15000000 0.85000000
vt 0.15000000 0.85000000
vt 0.15000000 0.85000000
vt 0.15000000 0.85000000
vt 0.15000000 0.85000000
vt 0.15000000 0.85000000
vt 0.15000000 0.85000000
vt 0.15000000 0.85000000
vt 0.15000000 0.85000000
vt 0.15000000 0.85000000
vt 0.15000000 0.85000000
vt 0.15000000 0.85000000
vt 0.15000000 0.85000000
vt 0.15000000 0.85000000
vt 0.15000000 0.85000000
vt 0.15000000 0.85000000
vt 0.15000000 0.85000000
vt 0.15000000 0.85000000
vt 0.15000000 0.85000000
vt 0.15000000 0.85000000
vt 0.15000000 0.85000000
vt 0.15000000 0.85000000
vt 0.15000000 0.85000000
vt 0.15000000 0.85000000
vt 0.15000000 0.85000000
vt 0.15000000 0.85000000
vt 0.15000000 0.85000000
vt 0.15000000 0.85000000
vt 0.15000000 0.85000000
vt 0.15000000 0.85000000
vt 0.15000000 0.85000000
vt 0.15000000 0.85000000
vt 0.15000000 0.85000000
vt 0.15000000 0.85000000
vt 0.15000000 0.85000000
vt 0.15000000 0.85000000
vt 0.15000000 0.85000000
vt 0.15000000 0.85000000
vt 0.15000000 0.85000000
vt 0.15000000 0.85000000
vt 0.15000000 0.85000000
vt 0.15000000 0.85000000
vt 0.15000000 0.85000000
vt 0.15000000 0.85000000
vt 0.15000000 0.85000000
vt 0.15000000 0.85000000
vt 0.15000000 0.85000000
vt 0.15000000 0.85000000
vt 0.15000000 0.85000000
vt 0.15000000 0.85000000
vt 0.15000000 0.85000000
vt 0.15000000 0.85000000
vt 0.15000000 0.85000000
vt 0.15000000 0.85000000
vt 0.15000000 0.85000000
vt 0.15000000 0.85000000
vt 0.15000000 0.85000000
vt 0.15000000 0.85000000
vt 0.15000000 0.85000000
vt 0.15000000 0.85000000
vt 0.15000000 0.85000000
vt 0.15000000 0.85000000
vt 0.15000000 0.85000000
vt 0.15000000 0.85000000
vt 0.15000000 0.85000000
vt 0.15000000 0.85000000
vt 0.15000000 0.85000000
vt 0.15000000 0.85000000
vt 0.15000000 0.85000000
vt 0.15000000 0.85000000
vt 0.15000000 0.85000000
vt 0.15000000 0.85000000
vt 0.15000000 0.85000000
vt 0.15000000 0.85000000
vt 0.15000000 0.85000000
vt 0.15000000 0.85000000
vt 0.15000000 0.85000000
vt 0.15000000 0.85000000
vt 0.15000000 0.85000000
vt 0.15000000 0.85000000
vt 0.15000000 0.85000000
vt 0.15000000 0.85000000
vt 0.67000000 0.50000000
vt 0.67000000 0.50000000
vt 0.67000000 0.50000000
vt 0.67000000 0.50000000
vt 0.67000000 0.50000000
vt 0.67000000 0.50000000
vt 0.67000000 0.50000000
vt 0.67000000 0.50000000
vt 0.67000000 0.50000000
vt 0.67000000 0.50000000
vt 0.67000000 0.50000000
vt 0.67000000 0.50000000
vt 0.67000000 0.50000000
vt 0.67000000 0.50000000
vt 0.67000000 0.50000000
vt 0.67000000 0.50000000
vt 0.67000000 0.50000000
vt 0.67000000 0.50000000
vt 0.67000000 0.50000000
vt 0.67000000 0.50000000
vt 0.67000000 0.50000000
vt 0.67000000 0.50000000
vt 0.67000000 0.50000000
vt 0.67000000 0.50000000
vt 0.67000000 0.50000000
vt 0.67000000 0.50000000
vt 0.67000000 0.50000000
vt 0.67000000 0.50000000
vt 0.67000000 0.50000000
vt 0.67000000 0.50000000
vt 0.67000000 0.50000000
vt 0.67000000 0.50000000
vt 0.67000000 0.50000000
vt 0.67000000 0.50000000
vt 0.67000000 0.50000000
vt 0.67000000 0.50000000
vt 0.67000000 0.50000000
vt 0.67000000 0.50000000
vt 0.67000000 0.50000000
vt 0.67000000 0.50000000
vt 0.67000000 0.50000000
vt 0.67000000 0.50000000
vt 0.67000000 0.50000000
vt 0.67000000 0.50000000
vt 0.67000000 0.50000000
vt 0.67000000 0.50000000
vt 0.67000000 0.50000000
vt 0.67000000 0.50000000
vt 0.67000000 0.50000000
vt 0.67000000 0.50000000
vt 0.67000000 0.50000000
vt 0.67000000 0.50000000
vt 0.67000000 0.50000000
vt 0.67000000 0.50000000
vt 0.67000000 0.50000000
vt 0.67000000 0.50000000
vt 0.67000000 0.50000000
vt 0.67000000 0.50000000
vt 0.67000000 0.50000000
vt 0.67000000 0.50000000
vt 0.67000000 0.50000000
vt 0.67000000 0.50000000
vt 0.67000000 0.50000000
vt 0.67000000 0.50000000
vt 0.67000000 0.50000000
vt 0.67000000 0.50000000
vt 0.67000000 0.50000000
vt 0.67000000 0.50000000
vt 0.67000000 0.50000000
vt 0.67000000 0.50000000
vt 0.67000000 0.50000000
vt 0.67000000 0.50000000
vt 0.67000000 0.50000000
vt 0.67000000 0.50000000
vt 0.67000000 0.50000000
vt 0.67000000 0.50000000
vt 0.67000000 0.50000000
vt 0.67000000 0.50000000
vt 0.67000000 0.50000000
vt 0.67000000 0.50000000
vt 0.67000000 0.50000000
vt 0.67000000 0.50000000
vt 0.67000000 0.50000000
vt 0.67000000 0.50000000
vt 0.67000000 0.50000000
vt 0.67000000 0.50000000
vt 0.67000000 0.50000000
vt 0.67000000 0.50000000
vt 0.67000000 0.50000000
vt 0.67000000 0.50000000
vt 0.67000000 0.50000000
vt 0.67000000 0.50000000
vt 0.67000000 0.50000000
vt 0.67000000 0.50000000
vt 0.67000000 0.50000000
vt 0.67000000 0.50000000
vt 0.67000000 0.50000000
vt 0.67000000 0.50000000
vt 0.67000000 0.50000000
vt 0.67000000 0.50000000
vt 0.67000000 0.50000000
vt 0.67000000 0.50000000
vt 0.67000000 0.50000000
vt 0.67000000 0.50000000
vt 0.67000000 0.50000000
vt 0.67000000 0.50000000
vt 0.67000000 0.50000000
vt 0.67000000 0.50000000
vt 0.67000000 0.50000000
vt 0.67000000 0.50000000
vt 0.67000000 0.50000000
vt 0.67000000 0.50000000
vt 0.67000000 0.50000000
vt 0.67000000 0.50000000
vt 0.67000000 0.50000000
vt 0.67000000 0.50000000
vt 0.67000000 0.50000000
vt 0.67000000 0.50000000
vt 0.67000000 0.50000000
vt 0.67000000 0.50000000
vt 0.67000000 0.50000000
vt 0.67000000 0.50000000
vt 0.67000000 0.50000000
vt 0.67000000 0.50000000
vt 0.67000000 0.50000000
vt 0.67000000 0.50000000
vt 0.67000000 0.50000000
vt 0.67000000 0.50000000
vt 0.67000000 0.50000000
vt 0.67000000 0.50000000
vt 0.67000000 0.50000000
vt 0.67000000 0.50000000
vt 0.67000000 0.50000000
vt 0.67000000 0.50000000
vt 0.67000000 0.50000000
vt 0.67000000 0.50000000
vt 0.67000000 0.50000000
vt 0.67000000 0.50000000
vt 0.67000000 0.50000000
vt 0.67000000 0.50000000
vt 0.67000000 0.50000000
vt 0.67000000 0.50000000
vt 0.67000000 0.50000000
vt 0.67000000 0.50000000
vt 0.67000000 0.50000000
vt 0.67000000 0.50000000
vt 0.67000000 0.50000000
vt 0.67000000 0.50000000
vt 0.67000000 0.50000000
vt 0.67000000 0.50000000
vt 0.67000000 0.50000000
vt 0.67000000 0.50000000
vt 0.67000000 0.50000000
vt 0.67000000 0.50000000
vt 0.67000000 0.50000000
vt 0.67000000 0.50000000
vt 0.67000000 0.50000000
vt 0.67000000 0.50000000
vt 0.67000000 0.50000000
vt 0.67000000 0.50000000
vt 0.67000000 0.50000000
vt 0.67000000 0.50000000
vt 0.67000000 0.50000000
vt 0.67000000 0.50000000
vt 0.67000000 0.50000000
vt 0.67000000 0.50000000
vt 0.67000000 0.50000000
vt 0.67000000 0.50000000
vt 0.67000000 0.50000000
vt 0.67000000 0.50000000
vt 0.67000000 0.50000000
vt 0.67000000 0.50000000
vt 0.67000000 0.50000000
vt 0.67000000 0.50000000
vt 0.67000000 0.50000000
vt 0.67000000 0.50000000
vt 0.67000000 0.50000000
vt 0.67000000 0.50000000
vt 0.67000000 0.50000000
vt 0.67000000 0.50000000
vt 0.67000000 0.50000000
vt 0.67000000 0.50000000
vt 0.67000000 0.50000000
vt 0.67000000 0.50000000
vt 0.67000000 0.50000000
vt 0.67000000 0.50000000
vt 0.67000000 0.50000000
vt 0.67000000 0.50000000
vt 0.67000000 0.50000000
vt 0.67000000 0.50000000
vt 0.67000000 0.50000000
vt 0.67000000 0.50000000
vt 0.67000000 0.50000000
vt 0.67000000 0.50000000
vt 0.67000000 0.50000000
vt 0.67000000 0.50000000
vt 0.67000000 0.50000000
vt 0.67000000 0.50000000
vt 0.67000000 0.50000000
vt 0.67000000 0.50000000
vt 0.67000000 0.50000000
vt 0.67000000 0.50000000
vt 0.67000000 0.50000000
vt 0.67000000 0.50000000
vt 0.67000000 0.50000000
vt 0.67000000 0.50000000
vt 0.67000000 0.50000000
vt 0.67000000 0.50000000
vt 0.67000000 0.50000000
vt 0.67000000 0.50000000
vt 0.67000000 0.50000000
vt 0.67000000 0.50000000
vt 0.67000000 0.50000000
vt 0.67000000 0.50000000
vt 0.67000000 0.50000000
vt 0.67000000 0.50000000
vt 0.67000000 0.50000000
vt 0.67000000 0.50000000
vt 0.67000000 0.50000000
vt 0.67000000 0.50000000
vt 0.67000000 0.50000000
vt 0.67000000 0.50000000
vt 0.67000000 0.50000000
vt 0.67000000 0.50000000
vt 0.67000000 0.50000000
vt 0.67000000 0.50000000
vt 0.67000000 0.50000000
vt 0.67000000 0.50000000
vt 0.67000000 0.50000000
vt 0.67000000 0.50000000
vt 0.67000000 0.50000000
vt 0.67000000 0.50000000
vt 0.67000000 0.50000000
vt 0.67000000 0.50000000
vt 0.67000000 0.50000000
vt 0.67000000 0.50000000
vt 0.67000000 0.50000000
vt 0.67000000 0.50000000
vt 0.67000000 0.50000000
vt 0.67000000 0.50000000
vt 0.15000000 0.85000000
vt 0.15000000 0.85000000
vt 0.15000000 0.85000000
vt 0.15000000 0.85000000
vt 0.15000000 0.85000000
vt 0.15000000 0.85000000
vt 0.15000000 0.85000000
vt 0.15000000 0.85000000
vt 0.15000000 0.85000000
vt 0.15000000 0.85000000
vt 0.15000000 0.85000000
vt 0.15000000 0.85000000
vt 0.15000000 0.85000000
vt 0.15000000 0.85000000
vt 0.15000000 0.85000000
vt 0.15000000 0.85000000
vt 0.15000000 0.85000000
vt 0.15000000 0.85000000
vt 0.15000000 0.85000000
vt 0.15000000 0.85000000
vt 0.15000000 0.85000000
vt 0.15000000 0.85000000
vt 0.15000000 0.85000000
vt 0.15000000 0.85000000
vt 0.15000000 0.85000000
vt 0.15000000 0.85000000
vt 0.15000000 0.85000000
vt 0.15000000 0.85000000
vt 0.15000000 0.85000000
vt 0.15000000 0.85000000
vt 0.15000000 0.85000000
vt 0.15000000 0.85000000
vt 0.15000000 0.85000000
vt 0.15000000 0.85000000
vt 0.15000000 0.85000000
vt 0.15000000 0.85000000
vt 0.15000000 0.85000000
vt 0.15000000 0.85000000
vt 0.15000000 0.85000000
vt 0.15000000 0.85000000
vt 0.15000000 0.85000000
vt 0.15000000 0.85000000
vt 0.15000000 0.85000000
vt 0.15000000 0.85000000
vt 0.15000000 0.85000000
vt 0.15000000 0.85000000
vt 0.15000000 0.85000000
vt 0.15000000 0.85000000
vt 0.15000000 0.85000000
vt 0.15000000 0.85000000
vt 0.15000000 0.85000000
vt 0.15000000 0.85000000
vt 0.15000000 0.85000000
vt 0.15000000 0.85000000
vt 0.15000000 0.85000000
vt 0.15000000 0.85000000
vt 0.15000000 0.85000000
vt 0.15000000 0.85000000
vt 0.15000000 0.85000000
vt 0.15000000 0.85000000
vt 0.15000000 0.85000000
vt 0.15000000 0.85000000
vt 0.15000000 0.85000000
vt 0.15000000 0.85000000
vt 0.15000000 0.85000000
vt 0.15000000 0.85000000
vt 0.15000000 0.85000000
vt 0.15000000 0.85000000
vt 0.15000000 0.85000000
vt 0.15000000 0.85000000
vt 0.15000000 0.85000000
vt 0.15000000 0.85000000
vt 0.15000000 0.85000000
vt 0.15000000 0.85000000
vt 0.15000000 0.85000000
vt 0.15000000 0.85000000
vt 0.15000000 0.85000000
vt 0.15000000 0.85000000
vt 0.15000000 0.85000000
vt 0.15000000 0.85000000
vt 0.15000000 0.85000000
vt 0.15000000 0.85000000
vt 0.15000000 0.85000000
vt 0.15000000 0.85000000
vt 0.15000000 0.85000000
vt 0.15000000 0.85000000
vt 0.15000000 0.85000000
vt 0.15000000 0.85000000
vt 0.15000000 0.85000000
vt 0.15000000 0.85000000
vt 0.15000000 0.85000000
vt 0.15000000 0.85000000
vt 0.15000000 0.85000000
vt 0.15000000 0.85000000
vt 0.15000000 0.85000000
vt 0.15000000 0.85000000
vt 0.15000000 0.85000000
vt 0.15000000 0.85000000
vt 0.15000000 0.85000000
vt 0.15000000 0.85000000
vt 0.15000000 0.85000000
vt 0.15000000 0.85000000
vt 0.15000000 0.85000000
vt 0.15000000 0.85000000
vt 0.15000000 0.85000000
vt 0.15000000 0.85000000
vt 0.15000000 0.85000000
vt 0.15000000 0.85000000
vt 0.15000000 0.85000000
vt 0.15000000 0.85000000
vt 0.15000000 0.85000000
vt 0.15000000 0.85000000
vt 0.15000000 0.85000000
vt 0.15000000 0.85000000
vt 0.15000000 0.85000000
vt 0.15000000 0.85000000
vt 0.15000000 0.85000000
vt 0.15000000 0.85000000
vt 0.15000000 0.85000000
vt 0.15000000 0.85000000
vt 0.15000000 0.85000000
vt 0.15000000 0.85000000
vt 0.15000000 0.85000000
vt 0.15000000 0.85000000
vt 0.15000000 0.85000000
vt 0.15000000 0.85000000
vt 0.15000000 0.85000000
vt 0.15000000 0.85000000
vt 0.15000000 0.85000000
vt 0.15000000 0.85000000
vt 0.15000000 0.85000000
vt 0.15000000 0.85000000
vt 0.15000000 0.85000000
vt 0.15000000 0.85000000
vt 0.15000000 0.85000000
vt 0.15000000 0.85000000
vt 0.15000000 0.85000000
vt 0.15000000 0.85000000
vt 0.15000000 0.85000000
vt 0.15000000 0.85000000
vt 0.15000000 0.85000000
vt 0.15000000 0.85000000
vt 0.15000000 0.85000000
vt 0.15000000 0.85000000
vt 0.15000000 0.85000000
vt 0.15000000 0.85000000
vt 0.15000000 0.85000000
vt 0.15000000 0.85000000
vt 0.15000000 0.85000000
vt 0.15000000 0.85000000
vt 0.15000000 0.85000000
vt 0.15000000 0.85000000
vt 0.15000000 0.85000000
vt 0.15000000 0.85000000
vt 0.15000000 0.85000000
vt 0.15000000 0.85000000
vt 0.15000000 0.85000000
vt 0.15000000 0.85000000
vt 0.15000000 0.85000000
vt 0.15000000 0.85000000
vt 0.15000000 0.85000000
vt 0.15000000 0.85000000
vt 0.15000000 0.85000000
vt 0.15000000 0.85000000
vt 0.15000000 0.85000000
vt 0.15000000 0.85000000
vt 0.15000000 0.85000000
vt 0.15000000 0.85000000
vt 0.15000000 0.85000000
vt 0.15000000 0.85000000
vt 0.15000000 0.85000000
vt 0.15000000 0.85000000
vt 0.15000000 0.85000000
vt 0.15000000 0.85000000
vt 0.15000000 0.85000000
vt 0.15000000 0.85000000
vt 0.15000000 0.85000000
vt 0.15000000 0.85000000
vt 0.15000000 0.85000000
vt 0.15000000 0.85000000
vt 0.15000000 0.85000000
vt 0.15000000 0.85000000
vt 0.15000000 0.85000000
vt 0.15000000 0.85000000
vt 0.15000000 0.85000000
vt 0.15000000 0.85000000
vt 0.15000000 0.85000000
vt 0.15000000 0.85000000
vt 0.15000000 0.85000000
vt 0.15000000 0.85000000
vt 0.15000000 0.85000000
vt 0.15000000 0.85000000
vt 0.15000000 0.85000000
vt 0.15000000 0.85000000
vt 0.15000000 0.85000000
vt 0.15000000 0.85000000
vt 0.15000000 0.85000000
vt 0.15000000 0.85000000
vt 0.15000000 0.85000000
vt 0.15000000 0.85000000
vt 0.15000000 0.85000000
vt 0.15000000 0.85000000
vt 0.15000000 0.85000000
vt 0.15000000 0.85000000
vt 0.15000000 0.85000000
vt 0.15000000 0.85000000
vt 0.15000000 0.85000000
vt 0.15000000 0.85000000
vt 0.15000000 0.85000000
vt 0.15000000 0.85000000
vt 0.15000000 0.85000000
vt 0.15000000 0.85000000
vt 0.15000000 0.85000000
vt 0.15000000 0.85000000
vt 0.15000000 0.85000000
vt 0.15000000 0.85000000
vt 0.15000000 0.85000000
vt 0.15000000 0.85000000
vt 0.15000000 0.85000000
vt 0.15000000 0.85000000
vt 0.15000000 0.85000000
vt 0.15000000 0.85000000
vt 0.15000000 0.85000000
vt 0.15000000 0.85000000
vt 0.15000000 0.85000000
vt 0.15000000 0.85000000
vt 0.15000000 0.85000000
vt 0.15000000 0.85000000
vt 0.15000000 0.85000000
vt 0.15000000 0.85000000
vt 0.15000000 0.85000000
vt 0.15000000 0.85000000
vt 0.15000000 0.85000000
vt 0.15000000 0.85000000
vt 0.15000000 0.85000000
vt 0.15000000 0.85000000
vt 0.15000000 0.85000000
vt 0.15000000 0.85000000
vt 0.15000000 0.85000000
vt 0.15000000 0.85000000
vt 0.15000000 0.85000000
vt 0.15000000 0.85000000
vt 0.15000000 0.85000000
vt 0.15000000 0.85000000
vt 0.15000000 0.85000000
vt 0.15000000 0.85000000
vt 0.15000000 0.85000000
vt 0.15000000 0.85000000
vt 0.15000000 0.85000000
vt 0.15000000 0.85000000
vt 0.15000000 0.85000000
vt 0.15000000 0.85000000
vt 0.15000000 0.85000000
vt 0.15000000 0.85000000
vt 0.15000000 0.85000000
vt 0.15000000 0.85000000
vt 0.15000000 0.85000000
vt 0.15000000 0.85000000
vt 0.15000000 0.85000000
vt 0.15000000 0.85000000
vt 0.15000000 0.85000000
vt 0.15000000 0.85000000
vt 0.15000000 0.85000000
vt 0.15000000 0.85000000
vt 0.15000000 0.85000000
vt 0.15000000 0.85000000
vt 0.15000000 0.85000000
vt 0.15000000 0.85000000
vt 0.15000000 0.85000000
vt 0.15000000 0.85000000
vt 0.15000000 0.85000000
vt 0.15000000 0.85000000
vt 0.15000000 0.85000000
vt 0.15000000 0.85000000
vt 0.15000000 0.85000000
vt 0.15000000 0.85000000
vt 0.15000000 0.85000000
vt 0.15000000 0.85000000
vt 0.15000000 0.85000000
vt 0.15000000 0.85000000
vt 0.15000000 0.85000000
vt 0.15000000 0.85000000
vt 0.15000000 0.85000000
vt 0.15000000 0.85000000
vt 0.15000000 0.85000000
vt 0.15000000 0.85000000
vt 0.15000000 0.85000000
vt 0.15000000 0.85000000
vt 0.15000000 0.85000000
vt 0.15000000 0.85000000
vt 0.15000000 0.85000000
vt 0.15000000 0.85000000
vt 0.15000000 0.85000000
vt 0.15000000 0.85000000
vt 0.15000000 0.85000000
vt 0.15000000 0.85000000
vt 0.15000000 0.85000000
vt 0.15000000 0.85000000
vt 0.15000000 0.85000000
vt 0.15000000 0.85000000
vt 0.15000000 0.85000000
vt 0.15000000 0.85000000
vt 0.15000000 0.85000000
vt 0.15000000 0.85000000
vt 0.15000000 0.85000000
vt 0.15000000 0.85000000
vt 0.15000000 0.85000000
vt 0.15000000 0.85000000
vt 0.15000000 0.85000000
vt 0.15000000 0.85000000
vt 0.15000000 0.85000000
vt 0.15000000 0.85000000
vt 0.15000000 0.85000000
vt 0.15000000 0.85000000
vt 0.15000000 0.85000000
vt 0.15000000 0.85000000
vt 0.15000000 0.85000000
vt 0.15000000 0.85000000
vt 0.15000000 0.85000000
vt 0.15000000 0.85000000
vt 0.15000000 0.85000000
vt 0.15000000 0.85000000
vt 0.15000000 0.85000000
vt 0.15000000 0.85000000
vt 0.15000000 0.85000000
vt 0.15000000 0.85000000
vt 0.15000000 0.85000000
vt 0.15000000 0.85000000
vt 0.15000000 0.85000000
vt 0.15000000 0.85000000
vt 0.15000000 0.85000000
vt 0.15000000 0.85000000
vt 0.15000000 0.85000000
vt 0.15000000 0.85000000
vt 0.15000000 0.85000000
vt 0.15000000 0.85000000
vt 0.15000000 0.85000000
vt 0.15000000 0.85000000
vt 0.15000000 0.85000000
vt 0.15000000 0.85000000
vt 0.15000000 0.85000000
vt 0.15000000 0.85000000
vt 0.15000000 0.85000000
vt 0.15000000 0.85000000
vt 0.15000000 0.85000000
vt 0.15000000 0.85000000
vt 0.15000000 0.85000000
vt 0.15000000 0.85000000
vt 0.15000000 0.85000000
vt 0.15000000 0.85000000
vt 0.15000000 0.85000000
vt 0.15000000 0.85000000
vt 0.15000000 0.85000000
vt 0.15000000 0.85000000
vt 0.15000000 0.85000000
vt 0.15000000 0.85000000
vt 0.15000000 0.85000000
vt 0.15000000 0.85000000
vt 0.15000000 0.85000000
vt 0.15000000 0.85000000
vt 0.15000000 0.85000000
vt 0.15000000 0.85000000
vt 0.15000000 0.85000000
vt 0.15000000 0.85000000
vt 0.15000000 0.85000000
vt 0.15000000 0.85000000
vt 0.15000000 0.85000000
vt 0.15000000 0.85000000
vt 0.15000000 0.85000000
vt 0.15000000 0.85000000
vt 0.15000000 0.85000000
vt 0.15000000 0.85000000
vt 0.15000000 0.85000000
vt 0.15000000 0.85000000
vt 0.15000000 0.85000000
vt 0.15000000 0.85000000
vt 0.15000000 0.85000000
vt 0.15000000 0.85000000
vt 0.15000000 0.85000000
vt 0.15000000 0.85000000
vt 0.15000000 0.85000000
vt 0.15000000 0.85000000
vt 0.15000000 0.85000000
vt 0.15000000 0.85000000
vt 0.15000000 0.85000000
vt 0.15000000 0.85000000
vt 0.15000000 0.85000000
vt 0.15000000 0.85000000
vt 0.15000000 0.85000000
vt 0.15000000 0.85000000
vt 0.15000000 0.85000000
vt 0.15000000 0.85000000
vt 0.15000000 0.85000000
vt 0.15000000 0.85000000
vt 0.15000000 0.85000000
vt 0.15000000 0.85000000
vt 0.15000000 0.85000000
vt 0.15000000 0.85000000
vt 0.15000000 0.85000000
vt 0.15000000 0.85000000
vt 0.15000000 0.85000000
vt 0.15000000 0.85000000
vt 0.15000000 0.85000000
vt 0.15000000 0.85000000
vt 0.15000000 0.85000000
vt 0.15000000 0.85000000
vt 0.15000000 0.85000000
vt 0.15000000 0.85000000
vt 0.15000000 0.85000000
vt 0.15000000 0.85000000
vt 0.15000000 0.85000000
vt 0.15000000 0.85000000
vt 0.15000000 0.85000000
vt 0.15000000 0.85000000
vt 0.15000000 0.85000000
vt 0.15000000 0.85000000
vt 0.15000000 0.85000000
vt 0.15000000 0.85000000
vt 0.15000000 0.85000000
vt 0.15000000 0.85000000
vt 0.15000000 0.85000000
vt 0.15000000 0.85000000
vt 0.15000000 0.85000000
vt 0.15000000 0.85000000
vt 0.15000000 0.85000000
vt 0.15000000 0.85000000
vt 0.15000000 0.85000000
vt 0.15000000 0.85000000
vt 0.15000000 0.85000000
vt 0.15000000 0.85000000
vt 0.15000000 0.85000000
vt 0.15000000 0.85000000
vt 0.15000000 0.85000000
vt 0.15000000 0.85000000
vt 0.15000000 0.85000000
vt 0.15000000 0.85000000
vt 0.15000000 0.85000000
vt 0.15000000 0.85000000
vt 0.15000000 0.85000000
vt 0.15000000 0.85000000
vt 0.15000000 0.85000000
vt 0.15000000 0.85000000
vt 0.15000000 0.85000000
vt 0.15000000 0.85000000
vt 0.15000000 0.85000000
vt 0.15000000 0.85000000
vt 0.15000000 0.85000000
vt 0.15000000 0.85000000
vt 0.15000000 0.85000000
vt 0.15000000 0.85000000
vt 0.15000000 0.85000000
vt 0.15000000 0.85000000
vt 0.15000000 0.85000000
vt 0.15000000 0.85000000
vt 0.15000000 0.85000000
vt 0.15000000 0.85000000
vt 0.15000000 0.85000000
vt 0.15000000 0.85000000
vt 0.15000000 0.85000000
vt 0.15000000 0.85000000
vt 0.15000000 0.85000000
vt 0.15000000 0.85000000
vt 0.15000000 0.85000000
vt 0.15000000 0.85000000
vt 0.15000000 0.85000000
vt 0.15000000 0.85000000
vt 0.15000000 0.85000000
vt 0.15000000 0.85000000
vt 0.15000000 0.85000000
vt 0.15000000 0.85000000
vt 0.15000000 0.85000000
vt 0.15000000 0.85000000
vt 0.15000000 0.85000000
vt 0.15000000 0.85000000
vt 0.15000000 0.85000000
vt 0.15000000 0.85000000
vt 0.15000000 0.85000000
vt 0.15000000 0.85000000
vt 0.15000000 0.85000000
vt 0.15000000 0.85000000
vt 0.15000000 0.85000000
vt 0.15000000 0.85000000
vt 0.15000000 0.85000000
vt 0.15000000 0.85000000
vt 0.15000000 0.85000000
vt 0.15000000 0.85000000
vt 0.15000000 0.85000000
vt 0.15000000 0.85000000
vt 0.15000000 0.85000000
vt 0.15000000 0.85000000
vt 0.15000000 0.85000000
vt 0.15000000 0.85000000
vt 0.15000000 0.85000000
vt 0.15000000 0.85000000
vt 0.15000000 0.85000000
vt 0.15000000 0.85000000
vt 0.15000000 0.85000000
vt 0.15000000 0.85000000
vt 0.15000000 0.85000000
vt 0.15000000 0.85000000
vt 0.15000000 0.85000000
vt 0.15000000 0.85000000
vt 0.15000000 0.85000000
vt 0.15000000 0.85000000
vt 0.15000000 0.85000000
vt 0.15000000 0.85000000
vt 0.15000000 0.85000000
vt 0.15000000 0.85000000
vt 0.15000000 0.85000000
vt 0.15000000 0.85000000
vt 0.15000000 0.85000000
vt 0.15000000 0.85000000
vt 0.15000000 0.85000000
vt 0.15000000 0.85000000
vt 0.15000000 0.85000000
vt 0.15000000 0.85000000
vt 0.15000000 0.85000000
vt 0.15000000 0.85000000
vt 0.15000000 0.85000000
vt 0.15000000 0.85000000
vt 0.15000000 0.85000000
vt 0.15000000 0.85000000
vt 0.15000000 0.85000000
vt 0.15000000 0.85000000
vt 0.15000000 0.85000000
vt 0.15000000 0.85000000
vt 0.15000000 0.85000000
vt 0.15000000 0.85000000
vt 0.15000000 0.85000000
vt 0.15000000 0.85000000
vt 0.15000000 0.85000000
vt 0.15000000 0.85000000
vt 0.15000000 0.85000000
vt 0.15000000 0.85000000
vt 0.15000000 0.85000000
vt 0.15000000 0.85000000
vt 0.15000000 0.85000000
vt 0.15000000 0.85000000
vt 0.15000000 0.85000000
vt 0.15000000 0.85000000
vt 0.15000000 0.85000000
vt 0.15000000 0.85000000
vt 0.15000000 0.85000000
vt 0.15000000 0.85000000
vt 0.15000000 0.85000000
vt 0.15000000 0.85000000
vt 0.15000000 0.85000000
vt 0.15000000 0.85000000
vt 0.15000000 0.85000000
vt 0.15000000 0.85000000
vt 0.15000000 0.85000000
vt 0.15000000 0.85000000
vt 0.15000000 0.85000000
vt 0.15000000 0.85000000
vt 0.15000000 0.85000000
vt 0.15000000 0.85000000
vt 0.15000000 0.85000000
vt 0.15000000 0.85000000
vt 0.15000000 0.85000000
vt 0.15000000 0.85000000
vt 0.15000000 0.85000000
vt 0.15000000 0.85000000
vt 0.15000000 0.85000000
vt 0.15000000 0.85000000
vt 0.15000000 0.85000000
vt 0.15000000 0.85000000
vt 0.15000000 0.85000000
vt 0.15000000 0.85000000
vt 0.15000000 0.85000000
vt 0.15000000 0.85000000
vt 0.15000000 0.85000000
vt 0.15000000 0.85000000
vt 0.15000000 0.85000000
vt 0.15000000 0.85000000
vt 0.15000000 0.85000000
vt 0.15000000 0.85000000
vt 0.15000000 0.85000000
vt 0.15000000 0.85000000
vt 0.15000000 0.85000000
vt 0.15000000 0.85000000
vt 0.15000000 0.85000000
vt 0.15000000 0.85000000
vt 0.15000000 0.85000000
vt 0.15000000 0.85000000
vt 0.15000000 0.85000000
vt 0.15000000 0.85000000
vt 0.15000000 0.85000000
vt 0.15000000 0.85000000
vt 0.15000000 0.85000000
vt 0.15000000 0.85000000
vt 0.15000000 0.85000000
vt 0.15000000 0.85000000
vt 0.15000000 0.85000000
vt 0.15000000 0.85000000
vt 0.15000000 0.85000000
vt 0.15000000 0.85000000
vt 0.15000000 0.85000000
vt 0.15000000 0.85000000
vt 0.15000000 0.85000000
vt 0.15000000 0.85000000
vt 0.15000000 0.85000000
vt 0.15000000 0.85000000
vt 0.15000000 0.85000000
vt 0.15000000 0.85000000
vt 0.15000000 0.85000000
vt 0.15000000 0.85000000
vt 0.15000000 0.85000000
vt 0.15000000 0.85000000
vt 0.15000000 0.85000000
vt 0.15000000 0.85000000
vt 0.15000000 0.85000000
vt 0.15000000 0.85000000
vt 0.15000000 0.85000000
vt 0.15000000 0.85000000
vt 0.15000000 0.85000000
vt 0.15000000 0.85000000
vt 0.15000000 0.85000000
vt 0.15000000 0.85000000
vt 0.15000000 0.85000000
vt 0.15000000 0.85000000
vt 0.15000000 0.85000000
vt 0.15000000 0.85000000
vt 0.15000000 0.85000000
vt 0.15000000 0.85000000
vt 0.15000000 0.85000000
vt 0.15000000 0.85000000
vt 0.15000000 0.85000000
vt 0.15000000 0.85000000
vt 0.15000000 0.85000000
vt 0.15000000 0.85000000
vt 0.15000000 0.85000000
vt 0.15000000 0.85000000
vt 0.15000000 0.85000000
vt 0.15000000 0.85000000
vt 0.15000000 0.85000000
vt 0.15000000 0.85000000
vt 0.15000000 0.85000000
vt 0.15000000 0.85000000
vt 0.15000000 0.85000000
vt 0.15000000 0.85000000
vt 0.15000000 0.85000000
vt 0.15000000 0.85000000
vt 0.15000000 0.85000000
vt 0.15000000 0.85000000
vt 0.15000000 0.85000000
vt 0.15000000 0.85000000
vt 0.15000000 0.85000000
vt 0.15000000 0.85000000
vt 0.15000000 0.85000000
vt 0.15000000 0.85000000
vt 0.15000000 0.85000000
vt 0.15000000 0.85000000
vt 0.15000000 0.85000000
vt 0.15000000 0.85000000
vt 0.15000000 0.85000000
vt 0.15000000 0.85000000
vt 0.15000000 0.85000000
vt 0.15000000 0.85000000
vt 0.15000000 0.85000000
vt 0.15000000 0.85000000
vt 0.15000000 0.85000000
vt 0.15000000 0.85000000
vt 0.15000000 0.85000000
vt 0.15000000 0.85000000
vt 0.15000000 0.85000000
vt 0.15000000 0.85000000
vt 0.15000000 0.85000000
vt 0.15000000 0.85000000
vt 0.15000000 0.85000000
vt 0.15000000 0.85000000
vt 0.15000000 0.85000000
vt 0.15000000 0.85000000
vt 0.15000000 0.85000000
vt 0.15000000 0.85000000
vt 0.15000000 0.85000000
vt 0.15000000 0.85000000
vt 0.15000000 0.85000000
vt 0.15000000 0.85000000
vt 0.15000000 0.85000000
vt 0.15000000 0.85000000
vt 0.15000000 0.85000000
vt 0.15000000 0.85000000
vt 0.15000000 0.85000000
vt 0.15000000 0.85000000
vt 0.15000000 0.85000000
vt 0.15000000 0.85000000
vt 0.15000000 0.85000000
vt 0.15000000 0.85000000
vt 0.15000000 0.85000000
vt 0.15000000 0.85000000
vt 0.15000000 0.85000000
vt 0.15000000 0.85000000
vt 0.15000000 0.85000000
vt 0.15000000 0.85000000
vt 0.15000000 0.85000000
vt 0.15000000 0.85000000
vt 0.15000000 0.85000000
vt 0.15000000 0.85000000
vt 0.15000000 0.85000000
vt 0.15000000 0.85000000
vt 0.15000000 0.85000000
vt 0.15000000 0.85000000
vt 0.15000000 0.85000000
vt 0.15000000 0.85000000
vt 0.15000000 0.85000000
vt 0.15000000 0.85000000
vt 0.15000000 0.85000000
vt 0.15000000 0.85000000
vt 0.15000000 0.85000000
vt 0.15000000 0.85000000
vt 0.15000000 0.85000000
vt 0.15000000 0.85000000
vt 0.15000000 0.85000000
vt 0.15000000 0.85000000
vt 0.15000000 0.85000000
vt 0.15000000 0.85000000
vt 0.15000000 0.85000000
vt 0.15000000 0.85000000
vt 0.15000000 0.85000000
vt 0.15000000 0.85000000
vt 0.15000000 0.85000000
vt 0.15000000 0.85000000
vt 0.15000000 0.85000000
vt 0.15000000 0.85000000
vt 0.15000000 0.85000000
vt 0.15000000 0.85000000
vt 0.15000000 0.85000000
vt 0.15000000 0.85000000
vt 0.15000000 0.85000000
vt 0.15000000 0.85000000
vt 0.15000000 0.85000000
vt 0.15000000 0.85000000
vt 0.15000000 0.85000000
vt 0.15000000 0.85000000
vt 0.15000000 0.85000000
vt 0.15000000 0.85000000
vt 0.15000000 0.85000000
vt 0.15000000 0.85000000
vt 0.15000000 0.85000000
vt 0.15000000 0.85000000
vt 0.15000000 0.85000000
vt 0.15000000 0.85000000
vt 0.15000000 0.85000000
vt 0.15000000 0.85000000
vt 0.15000000 0.85000000
vt 0.15000000 0.85000000
vt 0.15000000 0.85000000
vt 0.15000000 0.85000000
vt 0.15000000 0.85000000
vt 0.15000000 0.85000000
vt 0.15000000 0.85000000
vt 0.15000000 0.85000000
vt 0.15000000 0.85000000
vt 0.15000000 0.85000000
vt 0.15000000 0.85000000
vt 0.15000000 0.85000000
vt 0.15000000 0.85000000
vt 0.15000000 0.85000000
vt 0.15000000 0.85000000
vt 0.15000000 0.85000000
vt 0.15000000 0.85000000
vt 0.15000000 0.85000000
vt 0.15000000 0.85000000
vt 0.15000000 0.85000000
vt 0.15000000 0.85000000
vt 0.15000000 0.85000000
vt 0.15000000 0.85000000
vt 0.15000000 0.85000000
vt 0.15000000 0.85000000
vt 0.15000000 0.85000000
vt 0.15000000 0.85000000
vt 0.15000000 0.85000000
vt 0.15000000 0.85000000
vt 0.15000000 0.85000000
vt 0.15000000 0.85000000
vt 0.15000000 0.85000000
vt 0.15000000 0.85000000
vt 0.15000000 0.85000000
vt 0.15000000 0.85000000
vt 0.15000000 0.85000000
vt 0.15000000 0.85000000
vt 0.15000000 0.85000000
vt 0.15000000 0.85000000
vt 0.15000000 0.85000000
vt 0.15000000 0.85000000
vt 0.15000000 0.85000000
vt 0.15000000 0.85000000
vt 0.15000000 0.85000000
vt 0.15000000 0.85000000
vt 0.15000000 0.85000000
vt 0.15000000 0.85000000
vt 0.15000000 0.85000000
vt 0.15000000 0.85000000
vt 0.15000000 0.85000000
vt 0.15000000 0.85000000
vt 0.15000000 0.85000000
vt 0.15000000 0.85000000
vt 0.15000000 0.85000000
vt 0.15000000 0.85000000
vt 0.15000000 0.85000000
vt 0.15000000 0.85000000
vt 0.15000000 0.85000000
vt 0.15000000 0.85000000
vt 0.15000000 0.85000000
vt 0.15000000 0.85000000
vt 0.15000000 0.85000000
vt 0.15000000 0.85000000
vt 0.15000000 0.85000000
vt 0.15000000 0.85000000
vt 0.15000000 0.85000000
vt 0.15000000 0.85000000
vt 0.15000000 0.85000000
vt 0.15000000 0.85000000
vt 0.15000000 0.85000000
vt 0.15000000 0.85000000
vt 0.15000000 0.85000000
vt 0.15000000 0.85000000
vt 0.15000000 0.85000000
vt 0.15000000 0.85000000
vt 0.15000000 0.85000000
vt 0.15000000 0.85000000
vt 0.15000000 0.85000000
vt 0.15000000 0.85000000
vt 0.15000000 0.85000000
vt 0.15000000 0.85000000
vt 0.15000000 0.85000000
vt 0.15000000 0.85000000
vt 0.15000000 0.85000000
vt 0.15000000 0.85000000
vt 0.15000000 0.85000000
vt 0.15000000 0.85000000
vt 0.15000000 0.85000000
vt 0.15000000 0.85000000
vt 0.15000000 0.85000000
vt 0.15000000 0.85000000
vt 0.15000000 0.85000000
vt 0.15000000 0.85000000
vt 0.15000000 0.85000000
vt 0.15000000 0.85000000
vt 0.15000000 0.85000000
vt 0.15000000 0.85000000
vt 0.15000000 0.85000000
vt 0.15000000 0.85000000
vt 0.15000000 0.85000000
vt 0.15000000 0.85000000
vt 0.15000000 0.85000000
vt 0.15000000 0.85000000
vt 0.15000000 0.85000000
vt 0.15000000 0.85000000
vt 0.15000000 0.85000000
vt 0.15000000 0.85000000
vt 0.15000000 0.85000000
vt 0.15000000 0.85000000
vt 0.15000000 0.85000000
vt 0.15000000 0.85000000
vt 0.15000000 0.85000000
vt 0.15000000 0.85000000
vt 0.15000000 0.85000000
vt 0.15000000 0.85000000
vt 0.15000000 0.85000000
vt 0.15000000 0.85000000
vt 0.15000000 0.85000000
vt 0.15000000 0.85000000
vt 0.15000000 0.85000000
vt 0.15000000 0.85000000
vt 0.15000000 0.85000000
vt 0.15000000 0.85000000
vt 0.15000000 0.85000000
vt 0.15000000 0.85000000
vt 0.15000000 0.85000000
vt 0.15000000 0.85000000
vt 0.15000000 0.85000000
vt 0.15000000 0.85000000
vt 0.15000000 0.85000000
vt 0.15000000 0.85000000
vt 0.15000000 0.85000000
vt 0.15000000 0.85000000
vt 0.15000000 0.85000000
vt 0.15000000 0.85000000
vt 0.15000000 0.85000000
vt 0.15000000 0.85000000
vt 0.15000000 0.85000000
vt 0.15000000 0.85000000
vt 0.15000000 0.85000000
vt 0.15000000 0.85000000
vt 0.15000000 0.85000000
vt 0.15000000 0.85000000
vt 0.15000000 0.85000000
vt 0.15000000 0.85000000
vt 0.15000000 0.85000000
vt 0.15000000 0.85000000
vt 0.15000000 0.85000000
vt 0.15000000 0.85000000
vt 0.15000000 0.85000000
vt 0.15000000 0.85000000
vt 0.15000000 0.85000000
vt 0.15000000 0.85000000
vt 0.15000000 0.85000000
vt 0.15000000 0.85000000
vt 0.15000000 0.85000000
vt 0.15000000 0.85000000
vt 0.15000000 0.85000000
vt 0.15000000 0.85000000
vt 0.15000000 0.85000000
vt 0.15000000 0.85000000
vt 0.15000000 0.85000000
vt 0.15000000 0.85000000
vt 0.15000000 0.85000000
vt 0.15000000 0.85000000
vt 0.15000000 0.85000000
vt 0.15000000 0.85000000
vt 0.15000000 0.85000000
vt 0.15000000 0.85000000
vt 0.15000000 0.85000000
vt 0.15000000 0.85000000
vt 0.15000000 0.85000000
vt 0.15000000 0.85000000
vt 0.15000000 0.85000000
vt 0.15000000 0.85000000
vt 0.15000000 0.85000000
vt 0.15000000 0.85000000
vt 0.15000000 0.85000000
vt 0.15000000 0.85000000
vt 0.15000000 0.85000000
vt 0.15000000 0.85000000
vt 0.15000000 0.85000000
vt 0.15000000 0.85000000
vt 0.15000000 0.85000000
vt 0.15000000 0.85000000
vt 0.15000000 0.85000000
vt 0.15000000 0.85000000
vt 0.15000000 0.85000000
vt 0.15000000 0.85000000
vt 0.15000000 0.85000000
vt 0.15000000 0.85000000
vt 0.15000000 0.85000000
vt 0.15000000 0.85000000
vt 0.15000000 0.85000000
vt 0.15000000 0.85000000
vt 0.15000000 0.85000000
vt 0.15000000 0.85000000
vt 0.15000000 0.85000000
vt 0.15000000 0.85000000
vt 0.15000000 0.85000000
vt 0.15000000 0.85000000
vt 0.15000000 0.85000000
vt 0.15000000 0.85000000
vt 0.15000000 0.85000000
vt 0.15000000 0.85000000
vt 0.15000000 0.85000000
vt 0.15000000 0.85000000
vt 0.15000000 0.85000000
vt 0.15000000 0.85000000
vt 0.15000000 0.85000000
vt 0.15000000 0.85000000
vt 0.15000000 0.85000000
vt 0.15000000 0.85000000
vt 0.15000000 0.85000000
vt 0.15000000 0.85000000
vt 0.15000000 0.85000000
vt 0.15000000 0.85000000
vt 0.15000000 0.85000000
vt 0.15000000 0.85000000
vt 0.15000000 0.85000000
vt 0.15000000 0.85000000
vt 0.15000000 0.85000000
vt 0.15000000 0.85000000
vt 0.15000000 0.85000000
vt 0.15000000 0.85000000
vt 0.15000000 0.85000000
vt 0.15000000 0.85000000
vt 0.15000000 0.85000000
vt 0.15000000 0.85000000
vt 0.15000000 0.85000000
vt 0.15000000 0.85000000
vt 0.15000000 0.85000000
vt 0.15000000 0.85000000
vt 0.15000000 0.85000000
vt 0.15000000 0.85000000
vt 0.15000000 0.85000000
vt 0.15000000 0.85000000
vt 0.15000000 0.85000000
vt 0.15000000 0.85000000
vt 0.15000000 0.85000000
vt 0.15000000 0.85000000
vt 0.15000000 0.85000000
vt 0.15000000 0.85000000
vt 0.15000000 0.85000000
vt 0.15000000 0.85000000
vt 0.15000000 0.85000000
vt 0.15000000 0.85000000
vt 0.15000000 0.85000000
vt 0.15000000 0.85000000
vt 0.15000000 0.85000000
vt 0.15000000 0.85000000
vt 0.15000000 0.85000000
vt 0.15000000 0.85000000
vt 0.15000000 0.85000000
vt 0.15000000 0.85000000
vt 0.15000000 0.85000000
vt 0.15000000 0.85000000
vt 0.15000000 0.85000000
vt 0.15000000 0.85000000
vt 0.15000000 0.85000000
vt 0.15000000 0.85000000
vt 0.15000000 0.85000000
vt 0.15000000 0.85000000
vt 0.15000000 0.85000000
vt 0.15000000 0.85000000
vt 0.15000000 0.85000000
vt 0.15000000 0.85000000
vt 0.15000000 0.85000000
vt 0.15000000 0.85000000
vt 0.15000000 0.85000000
vt 0.15000000 0.85000000
vt 0.15000000 0.85000000
vt 0.15000000 0.85000000
vt 0.15000000 0.85000000
vt 0.15000000 0.85000000
vt 0.15000000 0.85000000
vt 0.15000000 0.85000000
vt 0.15000000 0.85000000
vt 0.15000000 0.85000000
vt 0.15000000 0.85000000
vt 0.15000000 0.85000000
vt 0.15000000 0.85000000
vt 0.15000000 0.85000000
vt 0.15000000 0.85000000
vt 0.15000000 0.85000000
vt 0.15000000 0.85000000
vt 0.15000000 0.85000000
vt 0.15000000 0.85000000
vt 0.15000000 0.85000000
vt 0.15000000 0.85000000
vt 0.15000000 0.85000000
vt 0.15000000 0.85000000
vt 0.15000000 0.85000000
vt 0.15000000 0.85000000
vt 0.15000000 0.85000000
vt 0.15000000 0.85000000
vt 0.15000000 0.85000000
vt 0.15000000 0.85000000
vt 0.15000000 0.85000000
vt 0.15000000 0.85000000
vt 0.15000000 0.85000000
vt 0.15000000 0.85000000
vt 0.15000000 0.85000000
vt 0.15000000 0.85000000
vt 0.15000000 0.85000000
vt 0.15000000 0.85000000
vt 0.15000000 0.85000000
vt 0.15000000 0.85000000
vt 0.15000000 0.85000000
vt 0.15000000 0.85000000
vt 0.15000000 0.85000000
vt 0.15000000 0.85000000
vt 0.15000000 0.85000000
vt 0.15000000 0.85000000
vt 0.15000000 0.85000000
vt 0.15000000 0.85000000
vt 0.15000000 0.85000000
vt 0.15000000 0.85000000
vt 0.15000000 0.85000000
vt 0.15000000 0.85000000
vt 0.15000000 0.85000000
vt 0.15000000 0.85000000
vt 0.15000000 0.85000000
vt 0.15000000 0.85000000
vt 0.15000000 0.85000000
vt 0.15000000 0.85000000
vt 0.15000000 0.85000000
vt 0.15000000 0.85000000
vt 0.15000000 0.85000000
vt 0.15000000 0.85000000
vt 0.15000000 0.85000000
vt 0.15000000 0.85000000
vt 0.15000000 0.85000000
vt 0.15000000 0.85000000
vt 0.15000000 0.85000000
vt 0.15000000 0.85000000
vt 0.15000000 0.85000000
vt 0.15000000 0.85000000
vt 0.15000000 0.85000000
vt 0.15000000 0.85000000
vt 0.15000000 0.85000000
vt 0.15000000 0.85000000
vt 0.15000000 0.85000000
vt 0.15000000 0.85000000
vt 0.15000000 0.85000000
vt 0.15000000 0.85000000
vt 0.15000000 0.85000000
vt 0.15000000 0.85000000
vt 0.15000000 0.85000000
vt 0.15000000 0.85000000
vt 0.15000000 0.85000000
vt 0.15000000 0.85000000
vt 0.15000000 0.85000000
vt 0.15000000 0.85000000
vt 0.15000000 0.85000000
vt 0.15000000 0.85000000
vt 0.15000000 0.85000000
vt 0.15000000 0.85000000
vt 0.15000000 0.85000000
vt 0.15000000 0.85000000
vt 0.15000000 0.85000000
vt 0.15000000 0.85000000
vt 0.15000000 0.85000000
vt 0.15000000 0.85000000
vt 0.15000000 0.85000000
vt 0.15000000 0.85000000
vt 0.15000000 0.85000000
vt 0.15000000 0.85000000
vt 0.15000000 0.85000000
vt 0.15000000 0.85000000
vt 0.15000000 0.85000000
vt 0.15000000 0.85000000
vt 0.15000000 0.85000000
vt 0.15000000 0.85000000
vt 0.15000000 0.85000000
vt 0.15000000 0.85000000
vt 0.15000000 0.85000000
vt 0.15000000 0.85000000
vt 0.15000000 0.85000000
vt 0.15000000 0.85000000
vt 0.15000000 0.85000000
vt 0.15000000 0.85000000
vt 0.15000000 0.85000000
vt 0.15000000 0.85000000
vt 0.15000000 0.85000000
vt 0.15000000 0.85000000
vt 0.15000000 0.85000000
vt 0.15000000 0.85000000
vt 0.15000000 0.85000000
vt 0.15000000 0.85000000
vt 0.15000000 0.85000000
vt 0.15000000 0.85000000
vt 0.15000000 0.85000000
vt 0.15000000 0.85000000
vt 0.15000000 0.85000000
vt 0.15000000 0.85000000
vt 0.15000000 0.85000000
vt 0.15000000 0.85000000
vt 0.15000000 0.85000000
vt 0.15000000 0.85000000
vt 0.15000000 0.85000000
vt 0.15000000 0.85000000
vt 0.15000000 0.85000000
vt 0.15000000 0.85000000
vt 0.15000000 0.85000000
vt 0.15000000 0.85000000
vt 0.15000000 0.85000000
vt 0.15000000 0.85000000
vt 0.15000000 0.85000000
vt 0.15000000 0.85000000
vt 0.15000000 0.85000000
vt 0.15000000 0.85000000
vt 0.15000000 0.85000000
vt 0.15000000 0.85000000
vt 0.15000000 0.85000000
vt 0.15000000 0.85000000
vt 0.15000000 0.85000000
vt 0.15000000 0.85000000
vt 0.15000000 0.85000000
vt 0.15000000 0.85000000
vt 0.15000000 0.85000000
vt 0.15000000 0.85000000
vt 0.15000000 0.85000000
vt 0.15000000 0.85000000
vt 0.15000000 0.85000000
vt 0.15000000 0.85000000
vt 0.15000000 0.85000000
vt 0.15000000 0.85000000
vt 0.15000000 0.85000000
vt 0.15000000 0.85000000
vt 0.15000000 0.85000000
vt 0.15000000 0.85000000
vt 0.15000000 0.85000000
vt 0.15000000 0.85000000
vt 0.15000000 0.85000000
vt 0.15000000 0.85000000
vt 0.15000000 0.85000000
vt 0.15000000 0.85000000
vt 0.15000000 0.85000000
vt 0.15000000 0.85000000
vt 0.15000000 0.85000000
vt 0.15000000 0.85000000
vt 0.15000000 0.85000000
vt 0.15000000 0.85000000
vt 0.15000000 0.85000000
vt 0.15000000 0.85000000
vt 0.15000000 0.85000000
vt 0.15000000 0.85000000
vt 0.15000000 0.85000000
vt 0.15000000 0.85000000
vt 0.15000000 0.85000000
vt 0.15000000 0.85000000
vt 0.15000000 0.85000000
vt 0.15000000 0.85000000
vt 0.15000000 0.85000000
vt 0.15000000 0.85000000
vt 0.15000000 0.85000000
vt 0.15000000 0.85000000
vt 0.15000000 0.85000000
vt 0.15000000 0.85000000
vt 0.15000000 0.85000000
vt 0.15000000 0.85000000
vt 0.15000000 0.85000000
vt 0.15000000 0.85000000
vt 0.15000000 0.85000000
vt 0.15000000 0.85000000
vt 0.15000000 0.85000000
vt 0.15000000 0.85000000
vt 0.15000000 0.85000000
vt 0.15000000 0.85000000
vt 0.15000000 0.85000000
vt 0.15000000 0.85000000
vt 0.15000000 0.85000000
vt 0.15000000 0.85000000
vt 0.15000000 0.85000000
vt 0.15000000 0.85000000
vt 0.15000000 0.85000000
vt 0.15000000 0.85000000
vt 0.15000000 0.85000000
vt 0.15000000 0.85000000
vt 0.15000000 0.85000000
vt 0.15000000 0.85000000
vt 0.15000000 0.85000000
vt 0.15000000 0.85000000
vt 0.15000000 0.85000000
vt 0.15000000 0.85000000
vt 0.15000000 0.85000000
vt 0.15000000 0.85000000
vt 0.15000000 0.85000000
vt 0.15000000 0.85000000
vt 0.15000000 0.85000000
vt 0.15000000 0.85000000
vt 0.15000000 0.85000000
vt 0.15000000 0.85000000
vt 0.15000000 0.85000000
vt 0.15000000 0.85000000
vt 0.15000000 0.85000000
vt 0.15000000 0.85000000
vt 0.15000000 0.85000000
vt 0.15000000 0.85000000
vt 0.15000000 0.85000000
vt 0.15000000 0.85000000
vt 0.15000000 0.85000000
vt 0.15000000 0.85000000
vt 0.15000000 0.85000000
vt 0.15000000 0.85000000
vt 0.15000000 0.85000000
vt 0.15000000 0.85000000
vt 0.15000000 0.85000000
vt 0.15000000 0.85000000
vt 0.15000000 0.85000000
vt 0.15000000 0.85000000
vt 0.15000000 0.85000000
vt 0.15000000 0.85000000
vt 0.15000000 0.85000000
vt 0.15000000 0.85000000
vt 0.15000000 0.85000000
vt 0.15000000 0.85000000
vt 0.15000000 0.85000000
vt 0.15000000 0.85000000
vt 0.15000000 0.85000000
vt 0.15000000 0.85000000
vt 0.15000000 0.85000000
vt 0.15000000 0.85000000
vt 0.15000000 0.85000000
vt 0.15000000 0.85000000
vt 0.15000000 0.85000000
vt 0.15000000 0.85000000
vt 0.15000000 0.85000000
vt 0.15000000 0.85000000
vt 0.15000000 0.85000000
vt 0.15000000 0.85000000
vt 0.15000000 0.85000000
vt 0.15000000 0.85000000
vt 0.15000000 0.85000000
vt 0.15000000 0.85000000
vt 0.15000000 0.85000000
vt 0.15000000 0.85000000
vt 0.15000000 0.85000000
vt 0.15000000 0.85000000
vt 0.15000000 0.85000000
vt 0.15000000 0.85000000
vt 0.15000000 0.85000000
vt 0.15000000 0.85000000
vt 0.15000000 0.85000000
vt 0.15000000 0.85000000
vt 0.15000000 0.85000000
vt 0.15000000 0.85000000
vt 0.15000000 0.85000000
vt 0.15000000 0.85000000
vt 0.15000000 0.85000000
vt 0.15000000 0.85000000
vt 0.15000000 0.85000000
vt 0.15000000 0.85000000
vt 0.15000000 0.85000000
vt 0.15000000 0.85000000
vt 0.15000000 0.85000000
vt 0.15000000 0.85000000
vt 0.15000000 0.85000000
vt 0.15000000 0.85000000
vt 0.15000000 0.85000000
vt 0.15000000 0.85000000
vt 0.15000000 0.85000000
vt 0.15000000 0.85000000
vt 0.15000000 0.85000000
vt 0.15000000 0.85000000
vt 0.15000000 0.85000000
vt 0.15000000 0.85000000
vt 0.15000000 0.85000000
vt 0.15000000 0.85000000
vt 0.15000000 0.85000000
vt 0.15000000 0.85000000
vt 0.15000000 0.85000000
vt 0.15000000 0.85000000
vt 0.15000000 0.85000000
vt 0.15000000 0.85000000
vt 0.15000000 0.85000000
vt 0.15000000 0.85000000
vt 0.15000000 0.85000000
vt 0.15000000 0.85000000
vt 0.15000000 0.85000000
vt 0.15000000 0.85000000
vt 0.15000000 0.85000000
vt 0.15000000 0.85000000
vt 0.15000000 0.85000000
vt 0.15000000 0.85000000
vt 0.15000000 0.85000000
vt 0.15000000 0.85000000
vt 0.15000000 0.85000000
vt 0.15000000 0.85000000
vt 0.15000000 0.85000000
vt 0.15000000 0.85000000
vt 0.15000000 0.85000000
vt 0.15000000 0.85000000
vt 0.15000000 0.85000000
vt 0.15000000 0.85000000
vt 0.15000000 0.85000000
vt 0.15000000 0.85000000
vt 0.15000000 0.85000000
vt 0.15000000 0.85000000
vt 0.15000000 0.85000000
vt 0.15000000 0.85000000
vt 0.15000000 0.85000000
vt 0.15000000 0.85000000
vt 0.15000000 0.85000000
vt 0.15000000 0.85000000
vt 0.15000000 0.85000000
vt 0.15000000 0.85000000
vt 0.15000000 0.85000000
vt 0.15000000 0.85000000
vt 0.15000000 0.85000000
vt 0.15000000 0.85000000
vt 0.15000000 0.85000000
vt 0.15000000 0.85000000
vt 0.15000000 0.85000000
vt 0.15000000 0.85000000
vt 0.15000000 0.85000000
vt 0.15000000 0.85000000
vt 0.15000000 0.85000000
vt 0.15000000 0.85000000
vt 0.15000000 0.85000000
vt 0.15000000 0.85000000
vt 0.15000000 0.85000000
vt 0.15000000 0.85000000
vt 0.15000000 0.85000000
vt 0.15000000 0.85000000
vt 0.15000000 0.85000000
vt 0.15000000 0.85000000
vt 0.15000000 0.85000000
vt 0.15000000 0.85000000
vt 0.15000000 0.85000000
vt 0.15000000 0.85000000
vt 0.15000000 0.85000000
vt 0.15000000 0.85000000
vt 0.15000000 0.85000000
vt 0.15000000 0.85000000
vt 0.15000000 0.85000000
vt 0.15000000 0.85000000
vt 0.15000000 0.85000000
vt 0.15000000 0.85000000
vt 0.15000000 0.85000000
vt 0.15000000 0.85000000
vt 0.15000000 0.85000000
vt 0.15000000 0.85000000
vt 0.15000000 0.85000000
vt 0.15000000 0.85000000
vt 0.15000000 0.85000000
vt 0.15000000 0.85000000
vt 0.15000000 0.85000000
vt 0.15000000 0.85000000
vt 0.15000000 0.85000000
vt 0.15000000 0.85000000
vt 0.15000000 0.85000000
vt 0.15000000 0.85000000
vt 0.15000000 0.85000000
vt 0.15000000 0.85000000
vt 0.15000000 0.85000000
vt 0.15000000 0.85000000
vt 0.15000000 0.85000000
vt 0.15000000 0.85000000
vt 0.15000000 0.85000000
vt 0.15000000 0.85000000
vt 0.15000000 0.85000000
vt 0.15000000 0.85000000
vt 0.15000000 0.85000000
vt 0.15000000 0.85000000
vt 0.15000000 0.85000000
vt 0.15000000 0.85000000
vt 0.15000000 0.85000000
vt 0.15000000 0.85000000
vt 0.15000000 0.85000000
vt 0.15000000 0.85000000
vt 0.15000000 0.85000000
vt 0.15000000 0.85000000
vt 0.15000000 0.85000000
vt 0.15000000 0.85000000
vt 0.15000000 0.85000000
vt 0.15000000 0.85000000
vt 0.15000000 0.85000000
vt 0.15000000 0.85000000
vt 0.15000000 0.85000000
vt 0.15000000 0.85000000
vt 0.15000000 0.85000000
vt 0.15000000 0.85000000
vt 0.15000000 0.85000000
vt 0.15000000 0.85000000
vt 0.15000000 0.85000000
vt 0.15000000 0.85000000
vt 0.15000000 0.85000000
vt 0.15000000 0.85000000
vt 0.15000000 0.85000000
vt 0.15000000 0.85000000
vt 0.15000000 0.85000000
vt 0.15000000 0.85000000
vt 0.15000000 0.85000000
vt 0.15000000 0.85000000
vt 0.15000000 0.85000000
vt 0.15000000 0.85000000
vt 0.15000000 0.85000000
vt 0.15000000 0.85000000
vt 0.15000000 0.85000000
vt 0.15000000 0.85000000
vt 0.15000000 0.85000000
vt 0.15000000 0.85000000
vt 0.15000000 0.85000000
vt 0.15000000 0.85000000
vt 0.15000000 0.85000000
vt 0.15000000 0.85000000
vt 0.15000000 0.85000000
vt 0.15000000 0.85000000
vt 0.15000000 0.85000000
vt 0.15000000 0.85000000
vt 0.15000000 0.85000000
vt 0.15000000 0.85000000
vt 0.15000000 0.85000000
vt 0.15000000 0.85000000
vt 0.15000000 0.85000000
vt 0.15000000 0.85000000
vt 0.15000000 0.85000000
vt 0.15000000 0.85000000
vt 0.15000000 0.85000000
vt 0.15000000 0.85000000
vt 0.15000000 0.85000000
vt 0.15000000 0.85000000
vt 0.15000000 0.85000000
vt 0.15000000 0.85000000
vt 0.15000000 0.85000000
vt 0.15000000 0.85000000
vt 0.15000000 0.85000000
vt 0.15000000 0.85000000
vt 0.15000000 0.85000000
vt 0.15000000 0.85000000
vt 0.15000000 0.85000000
vt 0.15000000 0.85000000
vt 0.15000000 0.85000000
vt 0.15000000 0.85000000
vt 0.15000000 0.85000000
vt 0.15000000 0.85000000
vt 0.15000000 0.85000000
vt 0.15000000 0.85000000
vt 0.15000000 0.85000000
vt 0.15000000 0.85000000
vt 0.15000000 0.85000000
vt 0.15000000 0.85000000
vt 0.15000000 0.85000000
vt 0.15000000 0.85000000
vt 0.15000000 0.85000000
vt 0.15000000 0.85000000
vt 0.15000000 0.85000000
vt 0.15000000 0.85000000
vt 0.15000000 0.85000000
vt 0.15000000 0.85000000
vt 0.15000000 0.85000000
vt 0.15000000 0.85000000
vt 0.15000000 0.85000000
vt 0.15000000 0.85000000
vt 0.15000000 0.85000000
vt 0.15000000 0.85000000
vt 0.15000000 0.85000000
vt 0.15000000 0.85000000
vt 0.15000000 0.85000000
vt 0.15000000 0.85000000
vt 0.15000000 0.85000000
vt 0.15000000 0.85000000
vt 0.15000000 0.85000000
vt 0.15000000 0.85000000
vt 0.15000000 0.85000000
vt 0.15000000 0.85000000
vt 0.15000000 0.85000000
vt 0.15000000 0.85000000
vt 0.15000000 0.85000000
vt 0.15000000 0.85000000
vt 0.15000000 0.85000000
vt 0.15000000 0.85000000
vt 0.15000000 0.85000000
vt 0.15000000 0.85000000
vt 0.15000000 0.85000000
vt 0.15000000 0.85000000
vt 0.15000000 0.85000000
vt 0.15000000 0.85000000
vt 0.15000000 0.85000000
vt 0.15000000 0.85000000
vt 0.15000000 0.85000000
vt 0.15000000 0.85000000
vt 0.15000000 0.85000000
vt 0.15000000 0.85000000
vt 0.15000000 0.85000000
vt 0.15000000 0.85000000
vt 0.15000000 0.85000000
vt 0.15000000 0.85000000
vt 0.15000000 0.85000000
vt 0.15000000 0.85000000
vt 0.15000000 0.85000000
vt 0.15000000 0.85000000
vt 0.15000000 0.85000000
vt 0.15000000 0.85000000
vt 0.15000000 0.85000000
vt 0.15000000 0.85000000
vt 0.15000000 0.85000000
vt 0.15000000 0.85000000
vt 0.15000000 0.85000000
vt 0.15000000 0.85000000
vt 0.15000000 0.85000000
vt 0.15000000 0.85000000
vt 0.15000000 0.85000000
vt 0.15000000 0.85000000
vt 0.15000000 0.85000000
vt 0.15000000 0.85000000
vt 0.15000000 0.85000000
vt 0.15000000 0.85000000
vt 0.15000000 0.85000000
vt 0.15000000 0.85000000
vt 0.15000000 0.85000000
vt 0.15000000 0.85000000
vt 0.15000000 0.85000000
vt 0.15000000 0.85000000
vt 0.15000000 0.85000000
vt 0.15000000 0.85000000
vt 0.15000000 0.85000000
vt 0.15000000 0.85000000
vt 0.15000000 0.85000000
vt 0.15000000 0.85000000
vt 0.15000000 0.85000000
vt 0.15000000 0.85000000
vt 0.15000000 0.85000000
vt 0.15000000 0.85000000
vt 0.15000000 0.85000000
vt 0.15000000 0.85000000
vt 0.15000000 0.85000000
vt 0.15000000 0.85000000
vt 0.15000000 0.85000000
vt 0.15000000 0.85000000
vt 0.15000000 0.85000000
vt 0.15000000 0.85000000
vt 0.15000000 0.85000000
vt 0.15000000 0.85000000
vt 0.15000000 0.85000000
vt 0.15000000 0.85000000
vt 0.15000000 0.85000000
vt 0.15000000 0.85000000
vt 0.15000000 0.85000000
vt 0.15000000 0.85000000
vt 0.15000000 0.85000000
vt 0.15000000 0.85000000
vt 0.15000000 0.85000000
vt 0.15000000 0.85000000
vt 0.15000000 0.85000000
vt 0.15000000 0.85000000
vt 0.15000000 0.85000000
vt 0.15000000 0.85000000
vt 0.15000000 0.85000000
vt 0.15000000 0.85000000
vt 0.15000000 0.85000000
vt 0.15000000 0.85000000
vt 0.15000000 0.85000000
vt 0.15000000 0.85000000
vt 0.15000000 0.85000000
vt 0.15000000 0.85000000
vt 0.15000000 0.85000000
vt 0.15000000 0.85000000
vt 0.15000000 0.85000000
vt 0.15000000 0.85000000
vt 0.15000000 0.85000000
vt 0.15000000 0.85000000
vt 0.15000000 0.85000000
vt 0.15000000 0.85000000
vt 0.15000000 0.85000000
vt 0.15000000 0.85000000
vt 0.15000000 0.85000000
vt 0.15000000 0.85000000
vt 0.15000000 0.85000000
vt 0.15000000 0.85000000
vt 0.15000000 0.85000000
vt 0.15000000 0.85000000
vt 0.15000000 0.85000000
vt 0.15000000 0.85000000
vt 0.15000000 0.85000000
vt 0.15000000 0.85000000
vt 0.15000000 0.85000000
vt 0.15000000 0.85000000
vt 0.15000000 0.85000000
vt 0.15000000 0.85000000
vt 0.15000000 0.85000000
vt 0.15000000 0.85000000
vt 0.15000000 0.85000000
vt 0.15000000 0.85000000
vt 0.15000000 0.85000000
vt 0.15000000 0.85000000
vt 0.15000000 0.85000000
vt 0.15000000 0.85000000
vt 0.15000000 0.85000000
vt 0.15000000 0.85000000
vt 0.15000000 0.85000000
vt 0.15000000 0.85000000
vt 0.15000000 0.85000000
vt 0.15000000 0.85000000
vt 0.15000000 0.85000000
vt 0.15000000 0.85000000
vt 0.15000000 0.85000000
vt 0.15000000 0.85000000
vt 0.15000000 0.85000000
vt 0.15000000 0.85000000
vt 0.15000000 0.85000000
vt 0.15000000 0.85000000
vt 0.15000000 0.85000000
vt 0.15000000 0.85000000
vt 0.15000000 0.85000000
vt 0.15000000 0.85000000
vt 0.15000000 0.85000000
vt 0.15000000 0.85000000
vt 0.15000000 0.85000000
vt 0.15000000 0.85000000
vt 0.15000000 0.85000000
vt 0.15000000 0.85000000
vt 0.15000000 0.85000000
vt 0.15000000 0.85000000
vt 0.15000000 0.85000000
vt 0.15000000 0.85000000
vt 0.15000000 0.85000000
vt 0.15000000 0.85000000
vt 0.15000000 0.85000000
vt 0.15000000 0.85000000
vt 0.15000000 0.85000000
vt 0.15000000 0.85000000
vt 0.15000000 0.85000000
vt 0.15000000 0.85000000
vt 0.15000000 0.85000000
vt 0.15000000 0.85000000
vt 0.15000000 0.85000000
vt 0.15000000 0.85000000
vt 0.15000000 0.85000000
vt 0.15000000 0.85000000
vt 0.15000000 0.85000000
vt 0.15000000 0.85000000
vt 0.15000000 0.85000000
vt 0.15000000 0.85000000
vt 0.15000000 0.85000000
vt 0.15000000 0.85000000
vt 0.15000000 0.85000000
vt 0.15000000 0.85000000
vt 0.15000000 0.85000000
vt 0.15000000 0.85000000
vt 0.15000000 0.85000000
vt 0.15000000 0.85000000
vt 0.15000000 0.85000000
vt 0.15000000 0.85000000
vt 0.15000000 0.85000000
vt 0.15000000 0.85000000
vt 0.15000000 0.85000000
vt 0.15000000 0.85000000
vt 0.15000000 0.85000000
vt 0.15000000 0.85000000
vt 0.15000000 0.85000000
vt 0.15000000 0.85000000
vt 0.15000000 0.85000000
vt 0.15000000 0.85000000
vt 0.15000000 0.85000000
vt 0.15000000 0.85000000
vt 0.15000000 0.85000000
vt 0.15000000 0.85000000
vt 0.15000000 0.85000000
vt 0.15000000 0.85000000
vt 0.15000000 0.85000000
vt 0.15000000 0.85000000
vt 0.15000000 0.85000000
vt 0.15000000 0.85000000
vt 0.15000000 0.85000000
vt 0.15000000 0.85000000
vt 0.15000000 0.85000000
vt 0.15000000 0.85000000
vt 0.15000000 0.85000000
vt 0.15000000 0.85000000
vt 0.15000000 0.85000000
vt 0.15000000 0.85000000
vt 0.15000000 0.85000000
vt 0.15000000 0.85000000
vt 0.15000000 0.85000000
vt 0.15000000 0.85000000
vt 0.15000000 0.85000000
vt 0.15000000 0.85000000
vt 0.15000000 0.85000000
vt 0.15000000 0.85000000
vt 0.15000000 0.85000000
vt 0.15000000 0.85000000
vt 0.15000000 0.85000000
vt 0.15000000 0.85000000
vt 0.15000000 0.85000000
vt 0.15000000 0.85000000
vt 0.15000000 0.85000000
vt 0.15000000 0.85000000
vt 0.15000000 0.85000000
vt 0.15000000 0.85000000
vt 0.15000000 0.85000000
vt 0.15000000 0.85000000
vt 0.15000000 0.85000000
vt 0.15000000 0.85000000
vt 0.15000000 0.85000000
vt 0.15000000 0.85000000
vt 0.15000000 0.85000000
vt 0.15000000 0.85000000
vt 0.15000000 0.85000000
vt 0.15000000 0.85000000
vt 0.15000000 0.85000000
vt 0.15000000 0.85000000
vt 0.15000000 0.85000000
vt 0.15000000 0.85000000
vt 0.15000000 0.85000000
vt 0.15000000 0.85000000
vt 0.15000000 0.85000000
vt 0.15000000 0.85000000
vt 0.15000000 0.85000000
vt 0.15000000 0.85000000
vt 0.15000000 0.85000000
vt 0.15000000 0.85000000
vt 0.15000000 0.85000000
vt 0.15000000 0.85000000
vt 0.15000000 0.85000000
vt 0.15000000 0.85000000
vt 0.15000000 0.85000000
vt 0.15000000 0.85000000
vt 0.15000000 0.85000000
vt 0.15000000 0.85000000
vt 0.15000000 0.85000000
vt 0.15000000 0.85000000
vt 0.15000000 0.85000000
vt 0.15000000 0.85000000
vt 0.15000000 0.85000000
vt 0.15000000 0.85000000
vt 0.15000000 0.85000000
vt 0.15000000 0.85000000
vt 0.15000000 0.85000000
vt 0.15000000 0.85000000
vt 0.15000000 0.85000000
vt 0.15000000 0.85000000
vt 0.15000000 0.85000000
vt 0.15000000 0.85000000
vt 0.15000000 0.85000000
vt 0.15000000 0.85000000
vt 0.15000000 0.85000000
vt 0.15000000 0.85000000
vt 0.15000000 0.85000000
vt 0.15000000 0.85000000
vt 0.15000000 0.85000000
vt 0.15000000 0.85000000
vt 0.15000000 0.85000000
vt 0.15000000 0.85000000
vt 0.15000000 0.85000000
vt 0.15000000 0.85000000
vt 0.15000000 0.85000000
vt 0.15000000 0.85000000
vt 0.15000000 0.85000000
vt 0.15000000 0.85000000
vt 0.15000000 0.85000000
vt 0.15000000 0.85000000
vt 0.15000000 0.85000000
vt 0.15000000 0.85000000
vt 0.67000000 0.50000000
vt 0.67000000 0.50000000
vt 0.67000000 0.50000000
vt 0.67000000 0.50000000
vt 0.67000000 0.50000000
vt 0.67000000 0.50000000
vt 0.67000000 0.50000000
vt 0.67000000 0.50000000
vt 0.67000000 0.50000000
vt 0.67000000 0.50000000
vt 0.67000000 0.50000000
vt 0.67000000 0.50000000
vt 0.67000000 0.50000000
vt 0.67000000 0.50000000
vt 0.67000000 0.50000000
vt 0.67000000 0.50000000
vt 0.67000000 0.50000000
vt 0.67000000 0.50000000
vt 0.67000000 0.50000000
vt 0.67000000 0.50000000
vt 0.67000000 0.50000000
vt 0.67000000 0.50000000
vt 0.67000000 0.50000000
vt 0.67000000 0.50000000
vt 0.67000000 0.50000000
vt 0.67000000 0.50000000
vt 0.67000000 0.50000000
vt 0.67000000 0.50000000
vt 0.67000000 0.50000000
vt 0.67000000 0.50000000
vt 0.67000000 0.50000000
vt 0.67000000 0.50000000
vt 0.67000000 0.50000000
vt 0.67000000 0.50000000
vt 0.67000000 0.50000000
vt 0.67000000 0.50000000
vt 0.67000000 0.50000000
vt 0.67000000 0.50000000
vt 0.67000000 0.50000000
vt 0.67000000 0.50000000
vt 0.67000000 0.50000000
vt 0.67000000 0.50000000
vt 0.67000000 0.50000000
vt 0.67000000 0.50000000
vt 0.67000000 0.50000000
vt 0.67000000 0.50000000
vt 0.67000000 0.50000000
vt 0.67000000 0.50000000
vt 0.67000000 0.50000000
vt 0.67000000 0.50000000
vt 0.67000000 0.50000000
vt 0.67000000 0.50000000
vt 0.67000000 0.50000000
vt 0.67000000 0.50000000
vt 0.67000000 0.50000000
vt 0.67000000 0.50000000
vt 0.67000000 0.50000000
vt 0.67000000 0.50000000
vt 0.67000000 0.50000000
vt 0.67000000 0.50000000
vt 0.67000000 0.50000000
vt 0.67000000 0.50000000
vt 0.67000000 0.50000000
vt 0.67000000 0.50000000
vt 0.67000000 0.50000000
vt 0.67000000 0.50000000
vt 0.67000000 0.50000000
vt 0.67000000 0.50000000
vt 0.67000000 0.50000000
vt 0.67000000 0.50000000
vt 0.67000000 0.50000000
vt 0.67000000 0.50000000
vt 0.67000000 0.50000000
vt 0.67000000 0.50000000
vt 0.67000000 0.50000000
vt 0.67000000 0.50000000
vt 0.67000000 0.50000000
vt 0.67000000 0.50000000
vt 0.67000000 0.50000000
vt 0.67000000 0.50000000
vt 0.67000000 0.50000000
vt 0.67000000 0.50000000
vt 0.67000000 0.50000000
vt 0.67000000 0.50000000
vt 0.67000000 0.50000000
vt 0.67000000 0.50000000
vt 0.67000000 0.50000000
vt 0.67000000 0.50000000
vt 0.67000000 0.50000000
vt 0.67000000 0.50000000
vt 0.67000000 0.50000000
vt 0.67000000 0.50000000
vt 0.67000000 0.50000000
vt 0.67000000 0.50000000
vt 0.67000000 0.50000000
vt 0.67000000 0.50000000
vt 0.67000000 0.50000000
vt 0.67000000 0.50000000
vt 0.67000000 0.50000000
vt 0.67000000 0.50000000
vt 0.67000000 0.50000000
vt 0.67000000 0.50000000
vt 0.67000000 0.50000000
vt 0.67000000 0.50000000
vt 0.67000000 0.50000000
vt 0.67000000 0.50000000
vt 0.67000000 0.50000000
vt 0.67000000 0.50000000
vt 0.67000000 0.50000000
vt 0.67000000 0.50000000
vt 0.67000000 0.50000000
vt 0.67000000 0.50000000
vt 0.67000000 0.50000000
vt 0.67000000 0.50000000
vt 0.67000000 0.50000000
vt 0.67000000 0.50000000
vt 0.67000000 0.50000000
vt 0.67000000 0.50000000
vt 0.67000000 0.50000000
vt 0.67000000 0.50000000
vt 0.15000000 0.85000000
vt 0.15000000 0.85000000
vt 0.15000000 0.85000000
vt 0.15000000 0.85000000
vt 0.15000000 0.85000000
vt 0.15000000 0.85000000
vt 0.15000000 0.85000000
vt 0.15000000 0.85000000
vt 0.15000000 0.85000000
vt 0.15000000 0.85000000
vt 0.15000000 0.85000000
vt 0.15000000 0.85000000
vt 0.15000000 0.85000000
vt 0.15000000 0.85000000
vt 0.15000000 0.85000000
vt 0.15000000 0.85000000
vt 0.15000000 0.85000000
vt 0.15000000 0.85000000
vt 0.15000000 0.85000000
vt 0.15000000 0.85000000
vt 0.15000000 0.85000000
vt 0.15000000 0.85000000
vt 0.15000000 0.85000000
vt 0.15000000 0.85000000
vt 0.15000000 0.85000000
vt 0.15000000 0.85000000
vt 0.15000000 0.85000000
vt 0.15000000 0.85000000
vt 0.15000000 0.85000000
vt 0.15000000 0.85000000
vt 0.15000000 0.85000000
vt 0.15000000 0.85000000
vt 0.15000000 0.85000000
vt 0.15000000 0.85000000
vt 0.15000000 0.85000000
vt 0.15000000 0.85000000
vt 0.15000000 0.85000000
vt 0.15000000 0.85000000
vt 0.15000000 0.85000000
vt 0.15000000 0.85000000
vt 0.15000000 0.85000000
vt 0.15000000 0.85000000
vt 0.15000000 0.85000000
vt 0.15000000 0.85000000
vt 0.15000000 0.85000000
vt 0.15000000 0.85000000
vt 0.15000000 0.85000000
vt 0.15000000 0.85000000
vt 0.15000000 0.85000000
vt 0.15000000 0.85000000
vt 0.15000000 0.85000000
vt 0.15000000 0.85000000
vt 0.15000000 0.85000000
vt 0.15000000 0.85000000
vt 0.15000000 0.85000000
vt 0.15000000 0.85000000
vt 0.15000000 0.85000000
vt 0.15000000 0.85000000
vt 0.15000000 0.85000000
vt 0.15000000 0.85000000
vt 0.15000000 0.85000000
vt 0.15000000 0.85000000
vt 0.15000000 0.85000000
vt 0.15000000 0.85000000
vt 0.15000000 0.85000000
vt 0.15000000 0.85000000
vt 0.15000000 0.85000000
vt 0.15000000 0.85000000
vt 0.15000000 0.85000000
vt 0.15000000 0.85000000
vt 0.15000000 0.85000000
vt 0.15000000 0.85000000
vt 0.15000000 0.85000000
vt 0.15000000 0.85000000
vt 0.15000000 0.85000000
vt 0.15000000 0.85000000
vt 0.15000000 0.85000000
vt 0.15000000 0.85000000
vt 0.15000000 0.85000000
vt 0.15000000 0.85000000
vt 0.15000000 0.85000000
vt 0.15000000 0.85000000
vt 0.15000000 0.85000000
vt 0.15000000 0.85000000
vt 0.15000000 0.85000000
vt 0.15000000 0.85000000
vt 0.15000000 0.85000000
vt 0.15000000 0.85000000
vt 0.15000000 0.85000000
vt 0.15000000 0.85000000
vt 0.15000000 0.85000000
vt 0.15000000 0.85000000
vt 0.15000000 0.85000000
vt 0.15000000 0.85000000
vt 0.15000000 0.85000000
vt 0.15000000 0.85000000
vt 0.15000000 0.85000000
vt 0.15000000 0.85000000
vt 0.15000000 0.85000000
vt 0.15000000 0.85000000
vt 0.15000000 0.85000000
vt 0.15000000 0.85000000
vt 0.15000000 0.85000000
vt 0.15000000 0.85000000
vt 0.15000000 0.85000000
vt 0.15000000 0.85000000
vt 0.15000000 0.85000000
vt 0.15000000 0.85000000
vt 0.15000000 0.85000000
vt 0.15000000 0.85000000
vt 0.15000000 0.85000000
vt 0.15000000 0.85000000
vt 0.15000000 0.85000000
vt 0.15000000 0.85000000
vt 0.15000000 0.85000000
vt 0.15000000 0.85000000
vt 0.15000000 0.85000000
vt 0.15000000 0.85000000
vt 0.15000000 0.85000000
vt 0.15000000 0.85000000
vt 0.15000000 0.85000000
vt 0.15000000 0.85000000
vt 0.15000000 0.85000000
vt 0.15000000 0.85000000
vt 0.15000000 0.85000000
vt 0.15000000 0.85000000
vt 0.15000000 0.85000000
vt 0.15000000 0.85000000
vt 0.15000000 0.85000000
vt 0.15000000 0.85000000
vt 0.15000000 0.85000000
vt 0.15000000 0.85000000
vt 0.15000000 0.85000000
vt 0.15000000 0.85000000
vt 0.15000000 0.85000000
vt 0.15000000 0.85000000
vt 0.15000000 0.85000000
vt 0.15000000 0.85000000
vt 0.15000000 0.85000000
vt 0.15000000 0.85000000
vt 0.15000000 0.85000000
vt 0.15000000 0.85000000
vt 0.15000000 0.85000000
vt 0.15000000 0.85000000
vt 0.15000000 0.85000000
vt 0.15000000 0.85000000
vt 0.15000000 0.85000000
vt 0.15000000 0.85000000
vt 0.15000000 0.85000000
vt 0.15000000 0.85000000
vt 0.15000000 0.85000000
vt 0.15000000 0.85000000
vt 0.15000000 0.85000000
vt 0.15000000 0.85000000
vt 0.15000000 0.85000000
vt 0.15000000 0.85000000
vt 0.15000000 0.85000000
vt 0.15000000 0.85000000
vt 0.15000000 0.85000000
vt 0.15000000 0.85000000
vt 0.15000000 0.85000000
vt 0.15000000 0.85000000
vt 0.15000000 0.85000000
vt 0.15000000 0.85000000
vt 0.15000000 0.85000000
vt 0.15000000 0.85000000
vt 0.15000000 0.85000000
vt 0.15000000 0.85000000
vt 0.15000000 0.85000000
vt 0.15000000 0.85000000
vt 0.15000000 0.85000000
vt 0.15000000 0.85000000
vt 0.15000000 0.85000000
vt 0.15000000 0.85000000
vt 0.15000000 0.85000000
vt 0.15000000 0.85000000
vt 0.15000000 0.85000000
vt 0.15000000 0.85000000
vt 0.15000000 0.85000000
vt 0.15000000 0.85000000
vt 0.15000000 0.85000000
vt 0.15000000 0.85000000
vt 0.15000000 0.85000000
vt 0.15000000 0.85000000
vt 0.15000000 0.85000000
vt 0.15000000 0.85000000
vt 0.15000000 0.85000000
vt 0.15000000 0.85000000
vt 0.15000000 0.85000000
vt 0.15000000 0.85000000
vt 0.15000000 0.85000000
vt 0.15000000 0.85000000
vt 0.15000000 0.85000000
vt 0.15000000 0.85000000
vt 0.15000000 0.85000000
vt 0.15000000 0.85000000
vt 0.15000000 0.85000000
vt 0.15000000 0.85000000
vt 0.15000000 0.85000000
vt 0.15000000 0.85000000
vt 0.15000000 0.85000000
vt 0.15000000 0.85000000
vt 0.15000000 0.85000000
vt 0.15000000 0.85000000
vt 0.15000000 0.85000000
vt 0.15000000 0.85000000
vt 0.15000000 0.85000000
vt 0.15000000 0.85000000
vt 0.15000000 0.85000000
vt 0.15000000 0.85000000
vt 0.15000000 0.85000000
vt 0.15000000 0.85000000
vt 0.15000000 0.85000000
vt 0.15000000 0.85000000
vt 0.15000000 0.85000000
vt 0.15000000 0.85000000
vt 0.15000000 0.85000000
vt 0.15000000 0.85000000
vt 0.15000000 0.85000000
vt 0.15000000 0.85000000
vt 0.15000000 0.85000000
vt 0.15000000 0.85000000
vt 0.15000000 0.85000000
vt 0.15000000 0.85000000
vt 0.15000000 0.85000000
vt 0.15000000 0.85000000
vt 0.15000000 0.85000000
vt 0.15000000 0.85000000
vt 0.15000000 0.85000000
vt 0.15000000 0.85000000
vt 0.15000000 0.85000000
vt 0.15000000 0.85000000
vt 0.15000000 0.85000000
vt 0.15000000 0.85000000
vt 0.15000000 0.85000000
vt 0.15000000 0.85000000
vt 0.15000000 0.85000000
vt 0.15000000 0.85000000
vt 0.15000000 0.85000000
vt 0.15000000 0.85000000
vt 0.15000000 0.85000000
vt 0.15000000 0.85000000
vt 0.15000000 0.85000000
vt 0.15000000 0.85000000
vt 0.15000000 0.85000000
vt 0.15000000 0.85000000
vt 0.15000000 0.85000000
vt 0.15000000 0.85000000
vt 0.15000000 0.85000000
vt 0.15000000 0.85000000
vt 0.15000000 0.85000000
vt 0.15000000 0.85000000
vt 0.15000000 0.85000000
vt 0.15000000 0.85000000
vt 0.15000000 0.85000000
vt 0.15000000 0.85000000
vt 0.15000000 0.85000000
vt 0.15000000 0.85000000
vt 0.15000000 0.85000000
vt 0.15000000 0.85000000
vt 0.15000000 0.85000000
vt 0.15000000 0.85000000
vt 0.15000000 0.85000000
vt 0.15000000 0.85000000
vt 0.15000000 0.85000000
vt 0.15000000 0.85000000
vt 0.15000000 0.85000000
vt 0.15000000 0.85000000
vt 0.15000000 0.85000000
vt 0.15000000 0.85000000
vt 0.15000000 0.85000000
vt 0.15000000 0.85000000
vt 0.15000000 0.85000000
vt 0.15000000 0.85000000
vt 0.15000000 0.85000000
vt 0.15000000 0.85000000
vt 0.15000000 0.85000000
vt 0.15000000 0.85000000
vt 0.15000000 0.85000000
vt 0.15000000 0.85000000
vt 0.15000000 0.85000000
vt 0.15000000 0.85000000
vt 0.15000000 0.85000000
vt 0.15000000 0.85000000
vt 0.15000000 0.85000000
vt 0.15000000 0.85000000
vt 0.15000000 0.85000000
vt 0.15000000 0.85000000
vt 0.15000000 0.85000000
vt 0.15000000 0.85000000
vt 0.15000000 0.85000000
vt 0.15000000 0.85000000
vt 0.15000000 0.85000000
vt 0.15000000 0.85000000
vt 0.15000000 0.85000000
vt 0.15000000 0.85000000
vt 0.15000000 0.85000000
vt 0.15000000 0.85000000
vt 0.15000000 0.85000000
vt 0.15000000 0.85000000
vt 0.15000000 0.85000000
vt 0.15000000 0.85000000
vt 0.15000000 0.85000000
vt 0.15000000 0.85000000
vt 0.15000000 0.85000000
vt 0.15000000 0.85000000
vt 0.15000000 0.85000000
vt 0.15000000 0.85000000
vt 0.15000000 0.85000000
vt 0.15000000 0.85000000
vt 0.15000000 0.85000000
vt 0.15000000 0.85000000
vt 0.15000000 0.85000000
vt 0.15000000 0.85000000
vt 0.15000000 0.85000000
vt 0.15000000 0.85000000
vt 0.15000000 0.85000000
vt 0.15000000 0.85000000
vt 0.15000000 0.85000000
vt 0.15000000 0.85000000
vt 0.15000000 0.85000000
vt 0.15000000 0.85000000
vt 0.15000000 0.85000000
vt 0.15000000 0.85000000
vt 0.15000000 0.85000000
vt 0.15000000 0.85000000
vt 0.15000000 0.85000000
vt 0.15000000 0.85000000
vt 0.15000000 0.85000000
vt 0.15000000 0.85000000
vt 0.15000000 0.85000000
vt 0.15000000 0.85000000
vt 0.15000000 0.85000000
vt 0.15000000 0.85000000
vt 0.15000000 0.85000000
vt 0.15000000 0.85000000
vt 0.15000000 0.85000000
vt 0.15000000 0.85000000
vt 0.15000000 0.85000000
vt 0.15000000 0.85000000
vt 0.15000000 0.85000000
vt 0.15000000 0.85000000
vt 0.15000000 0.85000000
vt 0.15000000 0.85000000
vt 0.15000000 0.85000000
vt 0.15000000 0.85000000
vt 0.15000000 0.85000000
vt 0.15000000 0.85000000
vt 0.15000000 0.85000000
vt 0.15000000 0.85000000
vt 0.15000000 0.85000000
vt 0.15000000 0.85000000
vt 0.15000000 0.85000000
vt 0.15000000 0.85000000
vt 0.15000000 0.85000000
vt 0.15000000 0.85000000
vt 0.15000000 0.85000000
vt 0.15000000 0.85000000
vt 0.15000000 0.85000000
vt 0.15000000 0.85000000
vt 0.15000000 0.85000000
vt 0.15000000 0.85000000
vt 0.15000000 0.85000000
vt 0.15000000 0.85000000
vt 0.15000000 0.85000000
vt 0.15000000 0.85000000
vt 0.15000000 0.85000000
vt 0.15000000 0.85000000
vt 0.15000000 0.85000000
vt 0.15000000 0.85000000
vt 0.15000000 0.85000000
vt 0.15000000 0.85000000
vt 0.15000000 0.85000000
vt 0.15000000 0.85000000
vt 0.15000000 0.85000000
vt 0.15000000 0.85000000
vt 0.15000000 0.85000000
vt 0.15000000 0.85000000
vt 0.15000000 0.85000000
vt 0.15000000 0.85000000
vt 0.15000000 0.85000000
vt 0.15000000 0.85000000
vt 0.15000000 0.85000000
vt 0.15000000 0.85000000
vt 0.15000000 0.85000000
vt 0.15000000 0.85000000
vt 0.15000000 0.85000000
vt 0.15000000 0.85000000
vt 0.15000000 0.85000000
vt 0.15000000 0.85000000
vt 0.15000000 0.85000000
vt 0.15000000 0.85000000
vt 0.15000000 0.85000000
vt 0.15000000 0.85000000
vt 0.15000000 0.85000000
vt 0.15000000 0.85000000
vt 0.15000000 0.85000000
vt 0.15000000 0.85000000
vt 0.15000000 0.85000000
vt 0.15000000 0.85000000
vt 0.15000000 0.85000000
vt 0.15000000 0.85000000
vt 0.15000000 0.85000000
vt 0.15000000 0.85000000
vt 0.15000000 0.85000000
vt 0.15000000 0.85000000
vt 0.15000000 0.85000000
vt 0.15000000 0.85000000
vt 0.15000000 0.85000000
vt 0.15000000 0.85000000
vt 0.15000000 0.85000000
vt 0.15000000 0.85000000
vt 0.15000000 0.85000000
vt 0.15000000 0.85000000
vt 0.15000000 0.85000000
vt 0.15000000 0.85000000
vt 0.15000000 0.85000000
vt 0.15000000 0.85000000
vt 0.15000000 0.85000000
vt 0.15000000 0.85000000
vt 0.15000000 0.85000000
vt 0.15000000 0.85000000
vt 0.15000000 0.85000000
vt 0.15000000 0.85000000
vt 0.15000000 0.85000000
vt 0.15000000 0.85000000
vt 0.15000000 0.85000000
vt 0.15000000 0.85000000
vt 0.15000000 0.85000000
vt 0.15000000 0.85000000
vt 0.15000000 0.85000000
vt 0.15000000 0.85000000
vt 0.15000000 0.85000000
vt 0.15000000 0.85000000
vt 0.15000000 0.85000000
vt 0.15000000 0.85000000
vt 0.15000000 0.85000000
vt 0.15000000 0.85000000
vt 0.15000000 0.85000000
vt 0.15000000 0.85000000
vt 0.15000000 0.85000000
vt 0.15000000 0.85000000
vt 0.15000000 0.85000000
vt 0.15000000 0.85000000
vt 0.15000000 0.85000000
vt 0.15000000 0.85000000
vt 0.15000000 0.85000000
vt 0.15000000 0.85000000
vt 0.15000000 0.85000000
vt 0.15000000 0.85000000
vt 0.15000000 0.85000000
vt 0.15000000 0.85000000
vt 0.15000000 0.85000000
vt 0.15000000 0.85000000
vt 0.15000000 0.85000000
vt 0.15000000 0.85000000
vt 0.15000000 0.85000000
vt 0.15000000 0.85000000
vt 0.15000000 0.85000000
vt 0.15000000 0.85000000
vt 0.15000000 0.85000000
vt 0.15000000 0.85000000
vt 0.15000000 0.85000000
vt 0.15000000 0.85000000
vt 0.15000000 0.85000000
vt 0.15000000 0.85000000
vt 0.15000000 0.85000000
vt 0.15000000 0.85000000
vt 0.15000000 0.85000000
vt 0.15000000 0.85000000
vt 0.15000000 0.85000000
vt 0.15000000 0.85000000
vt 0.15000000 0.85000000
vt 0.15000000 0.85000000
vt 0.15000000 0.85000000
vt 0.15000000 0.85000000
vt 0.15000000 0.85000000
vt 0.15000000 0.85000000
vt 0.15000000 0.85000000
vt 0.15000000 0.85000000
vt 0.15000000 0.85000000
vt 0.15000000 0.85000000
vt 0.15000000 0.85000000
vt 0.15000000 0.85000000
vt 0.15000000 0.85000000
vt 0.15000000 0.85000000
vt 0.15000000 0.85000000
vt 0.15000000 0.85000000
vt 0.15000000 0.85000000
vt 0.15000000 0.85000000
vt 0.15000000 0.85000000
vt 0.15000000 0.85000000
vt 0.15000000 0.85000000
vt 0.15000000 0.85000000
vt 0.15000000 0.85000000
vt 0.15000000 0.85000000
vt 0.15000000 0.85000000
vt 0.15000000 0.85000000
vt 0.15000000 0.85000000
vt 0.15000000 0.85000000
vt 0.15000000 0.85000000
vt 0.15000000 0.85000000
vt 0.15000000 0.85000000
vt 0.15000000 0.85000000
vt 0.15000000 0.85000000
vt 0.15000000 0.85000000
vt 0.15000000 0.85000000
vt 0.15000000 0.85000000
vt 0.15000000 0.85000000
vt 0.15000000 0.85000000
vt 0.15000000 0.85000000
vt 0.15000000 0.85000000
vt 0.15000000 0.85000000
vt 0.15000000 0.85000000
vt 0.15000000 0.85000000
vt 0.15000000 0.85000000
vt 0.15000000 0.85000000
vt 0.15000000 0.85000000
vt 0.15000000 0.85000000
vt 0.15000000 0.85000000
vt 0.15000000 0.85000000
vt 0.15000000 0.85000000
vt 0.15000000 0.85000000
vt 0.15000000 0.85000000
vt 0.15000000 0.85000000
vt 0.15000000 0.85000000
vt 0.15000000 0.85000000
vt 0.15000000 0.85000000
vt 0.15000000 0.85000000
vt 0.15000000 0.85000000
vt 0.15000000 0.85000000
vt 0.15000000 0.85000000
vt 0.15000000 0.85000000
vt 0.15000000 0.85000000
vt 0.15000000 0.85000000
vt 0.15000000 0.85000000
vt 0.15000000 0.85000000
vt 0.15000000 0.85000000
vt 0.15000000 0.85000000
vt 0.15000000 0.85000000
vt 0.15000000 0.85000000
vt 0.15000000 0.85000000
vt 0.15000000 0.85000000
vt 0.15000000 0.85000000
vt 0.15000000 0.85000000
vt 0.15000000 0.85000000
vt 0.15000000 0.85000000
vt 0.15000000 0.85000000
vt 0.15000000 0.85000000
vt 0.15000000 0.85000000
vt 0.15000000 0.85000000
vt 0.15000000 0.85000000
vt 0.15000000 0.85000000
vt 0.15000000 0.85000000
vt 0.15000000 0.85000000
vt 0.15000000 0.85000000
vt 0.15000000 0.85000000
vt 0.15000000 0.85000000
vt 0.15000000 0.85000000
vt 0.15000000 0.85000000
vt 0.15000000 0.85000000
vt 0.15000000 0.85000000
vt 0.15000000 0.85000000
vt 0.15000000 0.85000000
vt 0.15000000 0.85000000
vt 0.15000000 0.85000000
vt 0.15000000 0.85000000
vt 0.15000000 0.85000000
vt 0.15000000 0.85000000
vt 0.15000000 0.85000000
vt 0.15000000 0.85000000
vt 0.15000000 0.85000000
vt 0.15000000 0.85000000
vt 0.15000000 0.85000000
vt 0.15000000 0.85000000
vt 0.15000000 0.85000000
vt 0.15000000 0.85000000
vt 0.15000000 0.85000000
vt 0.15000000 0.85000000
vt 0.15000000 0.85000000
vt 0.15000000 0.85000000
vt 0.15000000 0.85000000
vt 0.15000000 0.85000000
vt 0.15000000 0.85000000
vt 0.15000000 0.85000000
vt 0.15000000 0.85000000
vt 0.15000000 0.85000000
vt 0.15000000 0.85000000
vt 0.15000000 0.85000000
vt 0.15000000 0.85000000
vt 0.15000000 0.85000000
vt 0.15000000 0.85000000
vt 0.15000000 0.85000000
vt 0.15000000 0.85000000
vt 0.15000000 0.85000000
vt 0.15000000 0.85000000
vt 0.15000000 0.85000000
vt 0.15000000 0.85000000
vt 0.15000000 0.85000000
vt 0.15000000 0.85000000
vt 0.15000000 0.85000000
vt 0.15000000 0.85000000
vt 0.15000000 0.85000000
vt 0.15000000 0.85000000
vt 0.15000000 0.85000000
vt 0.15000000 0.85000000
vt 0.15000000 0.85000000
vt 0.15000000 0.85000000
vt 0.15000000 0.85000000
vt 0.15000000 0.85000000
vt 0.15000000 0.85000000
vt 0.15000000 0.85000000
vt 0.15000000 0.85000000
vt 0.15000000 0.85000000
vt 0.15000000 0.85000000
vt 0.15000000 0.85000000
vt 0.15000000 0.85000000
vt 0.15000000 0.85000000
vt 0.15000000 0.85000000
vt 0.15000000 0.85000000
vt 0.15000000 0.85000000
vt 0.15000000 0.85000000
vt 0.15000000 0.85000000
vt 0.15000000 0.85000000
vt 0.15000000 0.85000000
vt 0.15000000 0.85000000
vt 0.15000000 0.85000000
vt 0.15000000 0.85000000
vt 0.15000000 0.85000000
vt 0.15000000 0.85000000
vt 0.15000000 0.85000000
vt 0.15000000 0.85000000
vt 0.15000000 0.85000000
vt 0.15000000 0.85000000
vt 0.15000000 0.85000000
vt 0.15000000 0.85000000
vt 0.15000000 0.85000000
vt 0.15000000 0.85000000
vt 0.15000000 0.85000000
vt 0.15000000 0.85000000
vt 0.15000000 0.85000000
vt 0.15000000 0.85000000
vt 0.15000000 0.85000000
vt 0.15000000 0.85000000
vt 0.15000000 0.85000000
vt 0.15000000 0.85000000
vt 0.15000000 0.85000000
vt 0.15000000 0.85000000
vt 0.15000000 0.85000000
vt 0.15000000 0.85000000
vt 0.15000000 0.85000000
vt 0.15000000 0.85000000
vt 0.15000000 0.85000000
vt 0.15000000 0.85000000
vt 0.15000000 0.85000000
vt 0.15000000 0.85000000
vt 0.15000000 0.85000000
vt 0.15000000 0.85000000
vt 0.15000000 0.85000000
vt 0.15000000 0.85000000
vt 0.15000000 0.85000000
vt 0.15000000 0.85000000
vt 0.15000000 0.85000000
vt 0.15000000 0.85000000
vt 0.15000000 0.85000000
vt 0.15000000 0.85000000
vt 0.15000000 0.85000000
vt 0.15000000 0.85000000
vt 0.15000000 0.85000000
vt 0.15000000 0.85000000
vt 0.15000000 0.85000000
vt 0.15000000 0.85000000
vt 0.15000000 0.85000000
vt 0.15000000 0.85000000
vt 0.15000000 0.85000000
vt 0.15000000 0.85000000
vt 0.15000000 0.85000000
vt 0.15000000 0.85000000
vt 0.15000000 0.85000000
vt 0.15000000 0.85000000
vt 0.15000000 0.85000000
vt 0.15000000 0.85000000
vt 0.15000000 0.85000000
vt 0.15000000 0.85000000
vt 0.15000000 0.85000000
vt 0.15000000 0.85000000
vt 0.15000000 0.85000000
vt 0.15000000 0.85000000
vt 0.15000000 0.85000000
vt 0.15000000 0.85000000
vt 0.15000000 0.85000000
vt 0.15000000 0.85000000
vt 0.15000000 0.85000000
vt 0.15000000 0.85000000
vt 0.15000000 0.85000000
vt 0.15000000 0.85000000
vt 0.15000000 0.85000000
vt 0.15000000 0.85000000
vt 0.15000000 0.85000000
vt 0.15000000 0.85000000
vt 0.15000000 0.85000000
vt 0.15000000 0.85000000
vt 0.15000000 0.85000000
vt 0.15000000 0.85000000
vt 0.15000000 0.85000000
vt 0.15000000 0.85000000
vt 0.15000000 0.85000000
vt 0.15000000 0.85000000
vt 0.15000000 0.85000000
vt 0.15000000 0.85000000
vt 0.15000000 0.85000000
vt 0.15000000 0.85000000
vt 0.15000000 0.85000000
vt 0.15000000 0.85000000
vt 0.15000000 0.85000000
vt 0.15000000 0.85000000
vt 0.15000000 0.85000000
vt 0.15000000 0.85000000
vt 0.15000000 0.85000000
vt 0.15000000 0.85000000
vt 0.15000000 0.85000000
vt 0.15000000 0.85000000
vt 0.15000000 0.85000000
vt 0.15000000 0.85000000
vt 0.15000000 0.85000000
vt 0.15000000 0.85000000
vt 0.15000000 0.85000000
vt 0.15000000 0.85000000
vt 0.15000000 0.85000000
vt 0.15000000 0.85000000
vt 0.15000000 0.85000000
vt 0.15000000 0.85000000
vt 0.15000000 0.85000000
vt 0.15000000 0.85000000
vt 0.15000000 0.85000000
vt 0.15000000 0.85000000
vt 0.15000000 0.85000000
vt 0.15000000 0.85000000
vt 0.15000000 0.85000000
vt 0.15000000 0.85000000
vt 0.15000000 0.85000000
vt 0.15000000 0.85000000
vt 0.15000000 0.85000000
vt 0.15000000 0.85000000
vt 0.15000000 0.85000000
vt 0.15000000 0.85000000
vt 0.15000000 0.85000000
vt 0.15000000 0.85000000
vt 0.15000000 0.85000000
vt 0.15000000 0.85000000
vt 0.15000000 0.85000000
vt 0.15000000 0.85000000
vt 0.15000000 0.85000000
vt 0.15000000 0.85000000
vt 0.15000000 0.85000000
vt 0.15000000 0.85000000
vt 0.15000000 0.85000000
vt 0.15000000 0.85000000
vt 0.15000000 0.85000000
vt 0.15000000 0.85000000
vt 0.15000000 0.85000000
vt 0.15000000 0.85000000
vt 0.15000000 0.85000000
vt 0.15000000 0.85000000
vt 0.15000000 0.85000000
vt 0.15000000 0.85000000
vt 0.15000000 0.85000000
vt 0.15000000 0.85000000
vt 0.15000000 0.85000000
vt 0.15000000 0.85000000
vt 0.15000000 0.85000000
vt 0.15000000 0.85000000
vt 0.15000000 0.85000000
vt 0.15000000 0.85000000
vt 0.15000000 0.85000000
vt 0.15000000 0.85000000
vt 0.15000000 0.85000000
vt 0.15000000 0.85000000
vt 0.15000000 0.85000000
vt 0.15000000 0.85000000
vt 0.15000000 0.85000000
vt 0.15000000 0.85000000
vt 0.15000000 0.85000000
vt 0.15000000 0.85000000
vt 0.15000000 0.85000000
vt 0.15000000 0.85000000
vt 0.15000000 0.85000000
vt 0.15000000 0.85000000
vt 0.15000000 0.85000000
vt 0.15000000 0.85000000
vt 0.15000000 0.85000000
vt 0.15000000 0.85000000
vt 0.15000000 0.85000000
vt 0.15000000 0.85000000
vt 0.15000000 0.85000000
vt 0.15000000 0.85000000
vt 0.15000000 0.85000000
vt 0.15000000 0.85000000
vt 0.15000000 0.85000000
vt 0.15000000 0.85000000
vt 0.15000000 0.85000000
vt 0.15000000 0.85000000
vt 0.15000000 0.85000000
vt 0.15000000 0.85000000
vt 0.15000000 0.85000000
vt 0.15000000 0.85000000
vt 0.15000000 0.85000000
vt 0.15000000 0.85000000
vt 0.15000000 0.85000000
vt 0.15000000 0.85000000
vt 0.15000000 0.85000000
vt 0.15000000 0.85000000
vt 0.15000000 0.85000000
vt 0.15000000 0.85000000
vt 0.15000000 0.85000000
vt 0.15000000 0.85000000
vt 0.15000000 0.85000000
vt 0.15000000 0.85000000
vt 0.15000000 0.85000000
vt 0.15000000 0.85000000
vt 0.15000000 0.85000000
vt 0.15000000 0.85000000
vt 0.15000000 0.85000000
vt 0.15000000 0.85000000
vt 0.15000000 0.85000000
vt 0.15000000 0.85000000
vt 0.15000000 0.85000000
vt 0.15000000 0.85000000
vt 0.15000000 0.85000000
vt 0.15000000 0.85000000
vt 0.15000000 0.85000000
vt 0.15000000 0.85000000
vt 0.15000000 0.85000000
vt 0.15000000 0.85000000
vt 0.15000000 0.85000000
vt 0.15000000 0.85000000
vt 0.15000000 0.85000000
vt 0.15000000 0.85000000
vt 0.15000000 0.85000000
vt 0.15000000 0.85000000
vt 0.15000000 0.85000000
vt 0.15000000 0.85000000
vt 0.15000000 0.85000000
vt 0.15000000 0.85000000
vt 0.15000000 0.85000000
vt 0.15000000 0.85000000
vt 0.15000000 0.85000000
vt 0.15000000 0.85000000
vt 0.15000000 0.85000000
vt 0.15000000 0.85000000
vt 0.15000000 0.85000000
vt 0.15000000 0.85000000
vt 0.15000000 0.85000000
vt 0.15000000 0.85000000
vt 0.15000000 0.85000000
vt 0.15000000 0.85000000
vt 0.15000000 0.85000000
vt 0.15000000 0.85000000
vt 0.15000000 0.85000000
vt 0.15000000 0.85000000
vt 0.15000000 0.85000000
vt 0.15000000 0.85000000
vt 0.15000000 0.85000000
vt 0.15000000 0.85000000
vt 0.15000000 0.85000000
vt 0.15000000 0.85000000
vt 0.15000000 0.85000000
vt 0.15000000 0.85000000
vt 0.15000000 0.85000000
vt 0.15000000 0.85000000
vt 0.15000000 0.85000000
vt 0.15000000 0.85000000
vt 0.15000000 0.85000000
vt 0.15000000 0.85000000
vt 0.15000000 0.85000000
vt 0.15000000 0.85000000
vt 0.15000000 0.85000000
vt 0.15000000 0.85000000
vt 0.15000000 0.85000000
vt 0.15000000 0.85000000
vt 0.15000000 0.85000000
vt 0.15000000 0.85000000
vt 0.15000000 0.85000000
vt 0.15000000 0.85000000
vt 0.15000000 0.85000000
vt 0.15000000 0.85000000
vt 0.15000000 0.85000000
vt 0.15000000 0.85000000
vt 0.15000000 0.85000000
vt 0.15000000 0.85000000
vt 0.15000000 0.85000000
vt 0.15000000 0.85000000
vt 0.15000000 0.85000000
vt 0.15000000 0.85000000
vt 0.15000000 0.85000000
vt 0.15000000 0.85000000
vt 0.15000000 0.85000000
vt 0.15000000 0.85000000
vt 0.15000000 0.85000000
vt 0.15000000 0.85000000
vt 0.15000000 0.85000000
vt 0.15000000 0.85000000
vt 0.15000000 0.85000000
vt 0.15000000 0.85000000
vt 0.15000000 0.85000000
vt 0.15000000 0.85000000
vt 0.15000000 0.85000000
vt 0.15000000 0.85000000
vt 0.15000000 0.85000000
vt 0.15000000 0.85000000
vt 0.15000000 0.85000000
vt 0.15000000 0.85000000
vt 0.15000000 0.85000000
vt 0.15000000 0.85000000
vt 0.15000000 0.85000000
vt 0.15000000 0.85000000
vt 0.15000000 0.85000000
vt 0.15000000 0.85000000
vt 0.15000000 0.85000000
vt 0.15000000 0.85000000
vt 0.15000000 0.85000000
vt 0.15000000 0.85000000
vt 0.15000000 0.85000000
vt 0.15000000 0.85000000
vt 0.15000000 0.85000000
vt 0.15000000 0.85000000
vt 0.15000000 0.85000000
vt 0.15000000 0.85000000
vt 0.15000000 0.85000000
vt 0.15000000 0.85000000
vt 0.15000000 0.85000000
vt 0.15000000 0.85000000
vt 0.15000000 0.85000000
vt 0.15000000 0.85000000
vt 0.15000000 0.85000000
vt 0.15000000 0.85000000
vt 0.15000000 0.85000000
vt 0.15000000 0.85000000
vt 0.15000000 0.85000000
vt 0.15000000 0.85000000
vt 0.15000000 0.85000000
vt 0.15000000 0.85000000
vt 0.15000000 0.85000000
vt 0.15000000 0.85000000
vt 0.15000000 0.85000000
vt 0.15000000 0.85000000
vt 0.15000000 0.85000000
vt 0.15000000 0.85000000
vt 0.15000000 0.85000000
vt 0.15000000 0.85000000
vt 0.15000000 0.85000000
vt 0.15000000 0.85000000
vt 0.15000000 0.85000000
vt 0.15000000 0.85000000
vt 0.15000000 0.85000000
vt 0.15000000 0.85000000
vt 0.15000000 0.85000000
vt 0.15000000 0.85000000
vt 0.15000000 0.85000000
vt 0.15000000 0.85000000
vt 0.15000000 0.85000000
vt 0.15000000 0.85000000
vt 0.15000000 0.85000000
vt 0.15000000 0.85000000
vt 0.15000000 0.85000000
vt 0.15000000 0.85000000
vt 0.15000000 0.85000000
vt 0.15000000 0.85000000
vt 0.15000000 0.85000000
vt 0.15000000 0.85000000
vt 0.15000000 0.85000000
vt 0.15000000 0.85000000
vt 0.15000000 0.85000000
vt 0.15000000 0.85000000
vt 0.15000000 0.85000000
vt 0.15000000 0.85000000
vt 0.15000000 0.85000000
vt 0.15000000 0.85000000
vt 0.15000000 0.85000000
vt 0.15000000 0.85000000
vt 0.15000000 0.85000000
vt 0.15000000 0.85000000
vt 0.15000000 0.85000000
vt 0.15000000 0.85000000
vt 0.15000000 0.85000000
vt 0.15000000 0.85000000
vt 0.15000000 0.85000000
vt 0.15000000 0.85000000
vt 0.15000000 0.85000000
vt 0.15000000 0.85000000
vt 0.15000000 0.85000000
vt 0.15000000 0.85000000
vt 0.15000000 0.85000000
vt 0.15000000 0.85000000
vt 0.15000000 0.85000000
vt 0.15000000 0.85000000
vt 0.15000000 0.85000000
vt 0.15000000 0.85000000
vt 0.15000000 0.85000000
vt 0.15000000 0.85000000
vt 0.15000000 0.85000000
vt 0.15000000 0.85000000
vt 0.15000000 0.85000000
vt 0.15000000 0.85000000
vt 0.15000000 0.85000000
vt 0.15000000 0.85000000
vt 0.15000000 0.85000000
vt 0.15000000 0.85000000
vt 0.15000000 0.85000000
vt 0.15000000 0.85000000
vt 0.15000000 0.85000000
vt 0.15000000 0.85000000
vt 0.15000000 0.85000000
vt 0.15000000 0.85000000
vt 0.15000000 0.85000000
vt 0.15000000 0.85000000
vt 0.15000000 0.85000000
vt 0.15000000 0.85000000
vt 0.15000000 0.85000000
vt 0.15000000 0.85000000
vt 0.15000000 0.85000000
vt 0.15000000 0.85000000
vt 0.15000000 0.85000000
vt 0.15000000 0.85000000
vt 0.15000000 0.85000000
vt 0.15000000 0.85000000
vt 0.15000000 0.85000000
vt 0.15000000 0.85000000
vt 0.15000000 0.85000000
vt 0.15000000 0.85000000
vt 0.15000000 0.85000000
vt 0.15000000 0.85000000
vt 0.15000000 0.85000000
vt 0.15000000 0.85000000
vt 0.15000000 0.85000000
vt 0.15000000 0.85000000
vt 0.15000000 0.85000000
vt 0.15000000 0.85000000
vt 0.15000000 0.85000000
vt 0.15000000 0.85000000
vt 0.15000000 0.85000000
vt 0.15000000 0.85000000
vt 0.15000000 0.85000000
vt 0.15000000 0.85000000
vt 0.15000000 0.85000000
vt 0.15000000 0.85000000
vt 0.15000000 0.85000000
vt 0.15000000 0.85000000
vt 0.15000000 0.85000000
vt 0.15000000 0.85000000
vt 0.15000000 0.85000000
vt 0.15000000 0.85000000
vt 0.15000000 0.85000000
vt 0.15000000 0.85000000
vt 0.15000000 0.85000000
vt 0.15000000 0.85000000
vt 0.15000000 0.85000000
vt 0.15000000 0.85000000
vt 0.15000000 0.85000000
vt 0.15000000 0.85000000
vt 0.15000000 0.85000000
vt 0.15000000 0.85000000
vt 0.15000000 0.85000000
vt 0.15000000 0.85000000
vt 0.15000000 0.85000000
vt 0.15000000 0.85000000
vt 0.15000000 0.85000000
vt 0.15000000 0.85000000
vt 0.15000000 0.85000000
vt 0.15000000 0.85000000
vt 0.15000000 0.85000000
vt 0.15000000 0.85000000
vt 0.15000000 0.85000000
vt 0.15000000 0.85000000
vt 0.15000000 0.85000000
vt 0.15000000 0.85000000
vt 0.15000000 0.85000000
vt 0.15000000 0.85000000
vt 0.15000000 0.85000000
vt 0.15000000 0.85000000
vt 0.15000000 0.85000000
vt 0.15000000 0.85000000
vt 0.15000000 0.85000000
vt 0.15000000 0.85000000
vt 0.15000000 0.85000000
vt 0.15000000 0.85000000
vt 0.15000000 0.85000000
vt 0.15000000 0.85000000
vt 0.15000000 0.85000000
vt 0.15000000 0.85000000
vt 0.15000000 0.85000000
vt 0.15000000 0.85000000
vt 0.15000000 0.85000000
vt 0.15000000 0.85000000
vt 0.15000000 0.85000000
vt 0.15000000 0.85000000
vt 0.15000000 0.85000000
vt 0.15000000 0.85000000
vt 0.15000000 0.85000000
vt 0.15000000 0.85000000
vt 0.15000000 0.85000000
vt 0.15000000 0.85000000
vt 0.15000000 0.85000000
vt 0.15000000 0.85000000
vt 0.15000000 0.85000000
vt 0.15000000 0.85000000
vt 0.15000000 0.85000000
vt 0.15000000 0.85000000
vt 0.15000000 0.85000000
vt 0.15000000 0.85000000
vt 0.15000000 0.85000000
vt 0.15000000 0.85000000
vt 0.15000000 0.85000000
vt 0.15000000 0.85000000
vt 0.15000000 0.85000000
vt 0.15000000 0.85000000
vt 0.15000000 0.85000000
vt 0.15000000 0.85000000
vt 0.15000000 0.85000000
vt 0.15000000 0.85000000
vt 0.15000000 0.85000000
vt 0.15000000 0.85000000
vt 0.15000000 0.85000000
vt 0.15000000 0.85000000
vt 0.15000000 0.85000000
vt 0.15000000 0.85000000
vt 0.15000000 0.85000000
vt 0.15000000 0.85000000
vt 0.15000000 0.85000000
vt 0.15000000 0.85000000
vt 0.15000000 0.85000000
vt 0.15000000 0.85000000
vt 0.15000000 0.85000000
vt 0.15000000 0.85000000
vt 0.15000000 0.85000000
vt 0.15000000 0.85000000
vt 0.15000000 0.85000000
vt 0.15000000 0.85000000
vt 0.15000000 0.85000000
vt 0.15000000 0.85000000
vt 0.15000000 0.85000000
vt 0.15000000 0.85000000
vt 0.15000000 0.85000000
vt 0.15000000 0.85000000
vt 0.15000000 0.85000000
vt 0.15000000 0.85000000
vt 0.15000000 0.85000000
vt 0.15000000 0.85000000
vt 0.15000000 0.85000000
vt 0.15000000 0.85000000
vt 0.15000000 0.85000000
vt 0.15000000 0.85000000
vt 0.15000000 0.85000000
vt 0.15000000 0.85000000
vt 0.15000000 0.85000000
vt 0.15000000 0.85000000
vt 0.15000000 0.85000000
vt 0.15000000 0.85000000
vt 0.15000000 0.85000000
vt 0.15000000 0.85000000
vt 0.15000000 0.85000000
vt 0.15000000 0.85000000
vt 0.15000000 0.85000000
vt 0.15000000 0.85000000
vt 0.15000000 0.85000000
vt 0.15000000 0.85000000
vt 0.15000000 0.85000000
vt 0.15000000 0.85000000
vt 0.15000000 0.85000000
vt 0.15000000 0.85000000
vt 0.15000000 0.85000000
vt 0.15000000 0.85000000
vt 0.15000000 0.85000000
vt 0.15000000 0.85000000
vt 0.15000000 0.85000000
vt 0.15000000 0.85000000
vt 0.15000000 0.85000000
vt 0.15000000 0.85000000
vt 0.15000000 0.85000000
vt 0.15000000 0.85000000
vt 0.15000000 0.85000000
vt 0.15000000 0.85000000
vt 0.15000000 0.85000000
vt 0.15000000 0.85000000
vt 0.15000000 0.85000000
vt 0.15000000 0.85000000
vt 0.15000000 0.85000000
vt 0.15000000 0.85000000
vt 0.15000000 0.85000000
vt 0.15000000 0.85000000
vt 0.15000000 0.85000000
vt 0.15000000 0.85000000
vt 0.15000000 0.85000000
vt 0.15000000 0.85000000
vt 0.15000000 0.85000000
vt 0.15000000 0.85000000
vt 0.15000000 0.85000000
vt 0.15000000 0.85000000
vt 0.15000000 0.85000000
vt 0.15000000 0.85000000
vt 0.15000000 0.85000000
vt 0.15000000 0.85000000
vt 0.15000000 0.85000000
vt 0.15000000 0.85000000
vt 0.15000000 0.85000000
vt 0.15000000 0.85000000
vt 0.15000000 0.85000000
vt 0.15000000 0.85000000
vt 0.15000000 0.85000000
vt 0.15000000 0.85000000
vt 0.15000000 0.85000000
vt 0.15000000 0.85000000
vt 0.15000000 0.85000000
vt 0.15000000 0.85000000
vt 0.15000000 0.85000000
vt 0.15000000 0.85000000
vt 0.15000000 0.85000000
vt 0.15000000 0.85000000
vt 0.15000000 0.85000000
vt 0.15000000 0.85000000
vt 0.15000000 0.85000000
vt 0.15000000 0.85000000
vt 0.15000000 0.85000000
vt 0.15000000 0.85000000
vt 0.15000000 0.85000000
vt 0.15000000 0.85000000
vt 0.15000000 0.85000000
vt 0.15000000 0.85000000
vt 0.15000000 0.85000000
vt 0.15000000 0.85000000
vt 0.15000000 0.85000000
vt 0.15000000 0.85000000
vt 0.15000000 0.85000000
vt 0.15000000 0.85000000
vt 0.15000000 0.85000000
vt 0.15000000 0.85000000
vt 0.15000000 0.85000000
vt 0.15000000 0.85000000
vt 0.15000000 0.85000000
vt 0.15000000 0.85000000
vt 0.15000000 0.85000000
vt 0.15000000 0.85000000
vt 0.15000000 0.85000000
vt 0.15000000 0.85000000
vt 0.15000000 0.85000000
vt 0.15000000 0.85000000
vt 0.15000000 0.85000000
vt 0.15000000 0.85000000
vt 0.15000000 0.85000000
vt 0.15000000 0.85000000
vt 0.15000000 0.85000000
vt 0.15000000 0.85000000
vt 0.15000000 0.85000000
vt 0.15000000 0.85000000
vt 0.15000000 0.85000000
vt 0.15000000 0.85000000
vt 0.15000000 0.85000000
vt 0.15000000 0.85000000
vt 0.15000000 0.85000000
vt 0.15000000 0.85000000
vt 0.15000000 0.85000000
vt 0.15000000 0.85000000
vt 0.15000000 0.85000000
vt 0.15000000 0.85000000
vt 0.15000000 0.85000000
vt 0.15000000 0.85000000
vt 0.15000000 0.85000000
vt 0.15000000 0.85000000
vt 0.15000000 0.85000000
vt 0.15000000 0.85000000
vt 0.15000000 0.85000000
vt 0.15000000 0.85000000
vt 0.15000000 0.85000000
vt 0.15000000 0.85000000
vt 0.15000000 0.85000000
vt 0.15000000 0.85000000
vt 0.15000000 0.85000000
vt 0.15000000 0.85000000
vt 0.15000000 0.85000000
vt 0.15000000 0.85000000
vt 0.15000000 0.85000000
vt 0.15000000 0.85000000
vt 0.15000000 0.85000000
vt 0.15000000 0.85000000
vt 0.15000000 0.85000000
vt 0.15000000 0.85000000
vt 0.15000000 0.85000000
vt 0.15000000 0.85000000
vt 0.15000000 0.85000000
vt 0.15000000 0.85000000
vt 0.15000000 0.85000000
vt 0.15000000 0.85000000
vt 0.15000000 0.85000000
vt 0.15000000 0.85000000
vt 0.15000000 0.85000000
vt 0.15000000 0.85000000
vt 0.15000000 0.85000000
vt 0.15000000 0.85000000
vt 0.15000000 0.85000000
vt 0.15000000 0.85000000
vt 0.15000000 0.85000000
vt 0.15000000 0.85000000
vt 0.15000000 0.85000000
vt 0.15000000 0.85000000
vt 0.15000000 0.85000000
vt 0.15000000 0.85000000
vt 0.15000000 0.85000000
vt 0.15000000 0.85000000
vt 0.15000000 0.85000000
vt 0.15000000 0.85000000
vt 0.15000000 0.85000000
vt 0.15000000 0.85000000
vt 0.15000000 0.85000000
vt 0.15000000 0.85000000
vt 0.15000000 0.85000000
vt 0.15000000 0.85000000
vt 0.15000000 0.85000000
vt 0.15000000 0.85000000
vt 0.15000000 0.85000000
vt 0.15000000 0.85000000
vt 0.15000000 0.85000000
vt 0.15000000 0.85000000
vt 0.15000000 0.85000000
vt 0.15000000 0.85000000
vt 0.15000000 0.85000000
vt 0.15000000 0.85000000
vt 0.15000000 0.85000000
vt 0.15000000 0.85000000
vt 0.15000000 0.85000000
vt 0.15000000 0.85000000
vt 0.15000000 0.85000000
vt 0.15000000 0.85000000
vt 0.15000000 0.85000000
vt 0.15000000 0.85000000
vt 0.15000000 0.85000000
vt 0.15000000 0.85000000
vt 0.15000000 0.85000000
vt 0.15000000 0.85000000
vt 0.15000000 0.85000000
vt 0.15000000 0.85000000
vt 0.15000000 0.85000000
vt 0.15000000 0.85000000
vt 0.15000000 0.85000000
vt 0.15000000 0.85000000
vt 0.15000000 0.85000000
vt 0.15000000 0.85000000
vt 0.15000000 0.85000000
vt 0.15000000 0.85000000
vt 0.15000000 0.85000000
vt 0.15000000 0.85000000
vt 0.15000000 0.85000000
vt 0.15000000 0.85000000
vt 0.15000000 0.85000000
vt 0.15000000 0.85000000
vt 0.15000000 0.85000000
vt 0.15000000 0.85000000
vt 0.15000000 0.85000000
vt 0.15000000 0.85000000
vt 0.15000000 0.85000000
vt 0.15000000 0.85000000
vt 0.15000000 0.85000000
vt 0.15000000 0.85000000
vt 0.15000000 0.85000000
vt 0.15000000 0.85000000
vt 0.15000000 0.85000000
vt 0.15000000 0.85000000
vt 0.15000000 0.85000000
vt 0.15000000 0.85000000
vt 0.15000000 0.85000000
vt 0.15000000 0.85000000
vt 0.15000000 0.85000000
vt 0.15000000 0.85000000
vt 0.15000000 0.85000000
vt 0.15000000 0.85000000
vt 0.15000000 0.85000000
vt 0.15000000 0.85000000
vt 0.15000000 0.85000000
vt 0.15000000 0.85000000
vt 0.15000000 0.85000000
vt 0.15000000 0.85000000
vt 0.15000000 0.85000000
vt 0.15000000 0.85000000
vt 0.15000000 0.85000000
vt 0.15000000 0.85000000
vt 0.15000000 0.85000000
vt 0.15000000 0.85000000
vt 0.15000000 0.85000000
vt 0.15000000 0.85000000
vt 0.15000000 0.85000000
vt 0.15000000 0.85000000
vt 0.15000000 0.85000000
vt 0.15000000 0.85000000
vt 0.15000000 0.85000000
vt 0.15000000 0.85000000
vt 0.15000000 0.85000000
vt 0.15000000 0.85000000
vt 0.15000000 0.85000000
vt 0.15000000 0.85000000
vt 0.15000000 0.85000000
vt 0.15000000 0.85000000
vt 0.15000000 0.85000000
vt 0.15000000 0.85000000
vt 0.15000000 0.85000000
vt 0.15000000 0.85000000
vt 0.15000000 0.85000000
vt 0.15000000 0.85000000
vt 0.15000000 0.85000000
vt 0.15000000 0.85000000
vt 0.15000000 0.85000000
vt 0.15000000 0.85000000
vt 0.15000000 0.85000000
vt 0.15000000 0.85000000
vt 0.15000000 0.85000000
vt 0.15000000 0.85000000
vt 0.15000000 0.85000000
vt 0.15000000 0.85000000
vt 0.15000000 0.85000000
vt 0.15000000 0.85000000
vt 0.15000000 0.85000000
vt 0.15000000 0.85000000
vt 0.15000000 0.85000000
vt 0.15000000 0.85000000
vt 0.15000000 0.85000000
vt 0.15000000 0.85000000
vt 0.15000000 0.85000000
vt 0.15000000 0.85000000
vt 0.15000000 0.85000000
vt 0.15000000 0.85000000
vt 0.15000000 0.85000000
vt 0.15000000 0.85000000
vt 0.15000000 0.85000000
vt 0.15000000 0.85000000
vt 0.15000000 0.85000000
vt 0.15000000 0.85000000
vt 0.15000000 0.85000000
vt 0.15000000 0.85000000
vt 0.15000000 0.85000000
vt 0.15000000 0.85000000
vt 0.15000000 0.85000000
vt 0.15000000 0.85000000
vt 0.15000000 0.85000000
vt 0.15000000 0.85000000
vt 0.15000000 0.85000000
vt 0.15000000 0.85000000
vt 0.15000000 0.85000000
vt 0.15000000 0.85000000
vt 0.15000000 0.85000000
vt 0.15000000 0.85000000
vt 0.15000000 0.85000000
vt 0.15000000 0.85000000
vt 0.15000000 0.85000000
vt 0.15000000 0.85000000
vt 0.15000000 0.85000000
vt 0.15000000 0.85000000
vt 0.15000000 0.85000000
vt 0.15000000 0.85000000
vt 0.15000000 0.85000000
vt 0.15000000 0.85000000
vt 0.15000000 0.85000000
vt 0.15000000 0.85000000
vt 0.15000000 0.85000000
vt 0.15000000 0.85000000
vt 0.15000000 0.85000000
vt 0.15000000 0.85000000
vt 0.15000000 0.85000000
vt 0.15000000 0.85000000
vt 0.15000000 0.85000000
vt 0.15000000 0.85000000
vt 0.15000000 0.85000000
vt 0.15000000 0.85000000
vt 0.15000000 0.85000000
vt 0.15000000 0.85000000
vt 0.15000000 0.85000000
vt 0.15000000 0.85000000
vt 0.15000000 0.85000000
vt 0.15000000 0.85000000
vt 0.15000000 0.85000000
vt 0.15000000 0.85000000
vt 0.15000000 0.85000000
vt 0.15000000 0.85000000
vt 0.15000000 0.85000000
vt 0.15000000 0.85000000
vt 0.15000000 0.85000000
vt 0.15000000 0.85000000
vt 0.15000000 0.85000000
vt 0.15000000 0.85000000
vt 0.15000000 0.85000000
vt 0.15000000 0.85000000
vt 0.15000000 0.85000000
vt 0.15000000 0.85000000
vt 0.15000000 0.85000000
vt 0.15000000 0.85000000
vt 0.15000000 0.85000000
vt 0.15000000 0.85000000
vt 0.15000000 0.85000000
vt 0.15000000 0.85000000
vt 0.15000000 0.85000000
vt 0.15000000 0.85000000
vt 0.15000000 0.85000000
vt 0.15000000 0.85000000
vt 0.15000000 0.85000000
vt 0.15000000 0.85000000
vt 0.15000000 0.85000000
vt 0.15000000 0.85000000
vt 0.15000000 0.85000000
vt 0.15000000 0.85000000
vt 0.15000000 0.85000000
vt 0.15000000 0.85000000
vt 0.15000000 0.85000000
vt 0.15000000 0.85000000
vt 0.15000000 0.85000000
vt 0.15000000 0.85000000
vt 0.15000000 0.85000000
vt 0.15000000 0.85000000
vt 0.15000000 0.85000000
vt 0.15000000 0.85000000
vt 0.15000000 0.85000000
vt 0.15000000 0.85000000
vt 0.15000000 0.85000000
vt 0.15000000 0.85000000
vt 0.15000000 0.85000000
vt 0.15000000 0.85000000
vt 0.15000000 0.85000000
vt 0.15000000 0.85000000
vt 0.15000000 0.85000000
vt 0.15000000 0.85000000
vt 0.15000000 0.85000000
vt 0.15000000 0.85000000
vt 0.15000000 0.85000000
vt 0.15000000 0.85000000
vt 0.15000000 0.85000000
vt 0.15000000 0.85000000
vt 0.15000000 0.85000000
vt 0.15000000 0.85000000
vt 0.15000000 0.85000000
vt 0.15000000 0.85000000
vt 0.15000000 0.85000000
vt 0.15000000 0.85000000
vt 0.15000000 0.85000000
vt 0.15000000 0.85000000
vt 0.15000000 0.85000000
vt 0.15000000 0.85000000
vt 0.15000000 0.85000000
vt 0.15000000 0.85000000
vt 0.15000000 0.85000000
vt 0.15000000 0.85000000
vt 0.15000000 0.85000000
vt 0.15000000 0.85000000
vt 0.15000000 0.85000000
vt 0.15000000 0.85000000
vt 0.15000000 0.85000000
vt 0.15000000 0.85000000
vt 0.15000000 0.85000000
vt 0.15000000 0.85000000
vt 0.15000000 0.85000000
vt 0.15000000 0.85000000
vt 0.15000000 0.85000000
vt 0.15000000 0.85000000
vt 0.15000000 0.85000000
vt 0.15000000 0.85000000
vt 0.15000000 0.85000000
vt 0.15000000 0.85000000
vt 0.15000000 0.85000000
vt 0.15000000 0.85000000
vt 0.15000000 0.85000000
vt 0.15000000 0.85000000
vt 0.15000000 0.85000000
vt 0.15000000 0.85000000
vt 0.15000000 0.85000000
vt 0.15000000 0.85000000
vt 0.15000000 0.85000000
vt 0.15000000 0.85000000
vt 0.15000000 0.85000000
vt 0.15000000 0.85000000
vt 0.15000000 0.85000000
vt 0.15000000 0.85000000
vt 0.15000000 0.85000000
vt 0.15000000 0.85000000
vt 0.15000000 0.85000000
vt 0.15000000 0.85000000
vt 0.15000000 0.85000000
vt 0.15000000 0.85000000
vt 0.15000000 0.85000000
vt 0.15000000 0.85000000
vt 0.15000000 0.85000000
vt 0.15000000 0.85000000
vt 0.15000000 0.85000000
vt 0.15000000 0.85000000
vt 0.15000000 0.85000000
vt 0.15000000 0.85000000
vt 0.15000000 0.85000000
vt 0.15000000 0.85000000
vt 0.15000000 0.85000000
vt 0.15000000 0.85000000
vt 0.15000000 0.85000000
vt 0.15000000 0.85000000
vt 0.15000000 0.85000000
vt 0.15000000 0.85000000
vt 0.15000000 0.85000000
vt 0.15000000 0.85000000
vt 0.15000000 0.85000000
vt 0.15000000 0.85000000
vt 0.15000000 0.85000000
vt 0.15000000 0.85000000
vt 0.15000000 0.85000000
vt 0.15000000 0.85000000
vt 0.15000000 0.85000000
vt 0.15000000 0.85000000
vt 0.15000000 0.85000000
vt 0.15000000 0.85000000
vt 0.15000000 0.85000000
vt 0.15000000 0.85000000
vt 0.15000000 0.85000000
vt 0.15000000 0.85000000
vt 0.15000000 0.85000000
vt 0.15000000 0.85000000
vt 0.15000000 0.85000000
vt 0.15000000 0.85000000
vt 0.15000000 0.85000000
vt 0.15000000 0.85000000
vt 0.15000000 0.85000000
vt 0.15000000 0.85000000
vt 0.15000000 0.85000000
vt 0.15000000 0.85000000
vt 0.15000000 0.85000000
vt 0.15000000 0.85000000
vt 0.15000000 0.85000000
vt 0.15000000 0.85000000
vt 0.15000000 0.85000000
vt 0.15000000 0.85000000
vt 0.15000000 0.85000000
vt 0.15000000 0.85000000
vt 0.15000000 0.85000000
vt 0.15000000 0.85000000
vt 0.15000000 0.85000000
vt 0.15000000 0.85000000
vt 0.15000000 0.85000000
vt 0.15000000 0.85000000
vt 0.15000000 0.85000000
vt 0.15000000 0.85000000
vt 0.15000000 0.85000000
vt 0.15000000 0.85000000
vt 0.15000000 0.85000000
vt 0.15000000 0.85000000
vt 0.15000000 0.85000000
vt 0.15000000 0.85000000
vt 0.15000000 0.85000000
vt 0.15000000 0.85000000
vt 0.15000000 0.85000000
vt 0.15000000 0.85000000
vt 0.15000000 0.85000000
vt 0.15000000 0.85000000
vt 0.15000000 0.85000000
vt 0.15000000 0.85000000
vt 0.15000000 0.85000000
vt 0.15000000 0.85000000
vt 0.15000000 0.85000000
vt 0.15000000 0.85000000
vt 0.15000000 0.85000000
vt 0.15000000 0.85000000
vt 0.15000000 0.85000000
vt 0.15000000 0.85000000
vt 0.15000000 0.85000000
vt 0.15000000 0.85000000
vt 0.15000000 0.85000000
vt 0.15000000 0.85000000
vt 0.15000000 0.85000000
vt 0.15000000 0.85000000
vt 0.15000000 0.85000000
vt 0.15000000 0.85000000
vt 0.15000000 0.85000000
vt 0.15000000 0.85000000
vt 0.15000000 0.85000000
vt 0.15000000 0.85000000
vt 0.15000000 0.85000000
vt 0.15000000 0.85000000
vt 0.15000000 0.85000000
vt 0.15000000 0.85000000
vt 0.15000000 0.85000000
vt 0.15000000 0.85000000
vt 0.15000000 0.85000000
vt 0.15000000 0.85000000
vt 0.15000000 0.85000000
vt 0.15000000 0.85000000
vt 0.15000000 0.85000000
vt 0.15000000 0.85000000
vt 0.15000000 0.85000000
vt 0.15000000 0.85000000
vt 0.15000000 0.85000000
vt 0.15000000 0.85000000
vt 0.15000000 0.85000000
vt 0.15000000 0.85000000
vt 0.15000000 0.85000000
vt 0.15000000 0.85000000
vt 0.15000000 0.85000000
vt 0.15000000 0.85000000
vt 0.15000000 0.85000000
vt 0.15000000 0.85000000
vt 0.15000000 0.85000000
vt 0.15000000 0.85000000
vt 0.15000000 0.85000000
vt 0.15000000 0.85000000
vt 0.15000000 0.85000000
vt 0.15000000 0.85000000
vt 0.15000000 0.85000000
vt 0.15000000 0.85000000
vt 0.15000000 0.85000000
vt 0.15000000 0.85000000
vt 0.15000000 0.85000000
vt 0.15000000 0.85000000
vt 0.15000000 0.85000000
vt 0.15000000 0.85000000
vt 0.15000000 0.85000000
vt 0.15000000 0.85000000
vt 0.15000000 0.85000000
vt 0.15000000 0.85000000
vt 0.15000000 0.85000000
vt 0.15000000 0.85000000
vt 0.15000000 0.85000000
vt 0.15000000 0.85000000
vt 0.15000000 0.85000000
vt 0.15000000 0.85000000
vt 0.15000000 0.85000000
vt 0.15000000 0.85000000
vt 0.15000000 0.85000000
vt 0.15000000 0.85000000
vt 0.15000000 0.85000000
vt 0.15000000 0.85000000
vt 0.15000000 0.85000000
vt 0.15000000 0.85000000
vt 0.15000000 0.85000000
vt 0.15000000 0.85000000
vt 0.15000000 0.85000000
vt 0.15000000 0.85000000
vt 0.15000000 0.85000000
vt 0.15000000 0.85000000
vt 0.15000000 0.85000000
vt 0.15000000 0.85000000
vt 0.15000000 0.85000000
vt 0.15000000 0.85000000
vt 0.15000000 0.85000000
vt 0.15000000 0.85000000
vt 0.15000000 0.85000000
vt 0.15000000 0.85000000
vt 0.15000000 0.85000000
vt 0.15000000 0.85000000
vt 0.15000000 0.85000000
vt 0.15000000 0.85000000
vt 0.15000000 0.85000000
vt 0.15000000 0.85000000
vt 0.15000000 0.85000000
vt 0.15000000 0.85000000
vt 0.15000000 0.85000000
vt 0.15000000 0.85000000
vt 0.15000000 0.85000000
vt 0.15000000 0.85000000
vt 0.15000000 0.85000000
vt 0.15000000 0.85000000
vt 0.15000000 0.85000000
vt 0.15000000 0.85000000
vt 0.15000000 0.85000000
vt 0.15000000 0.85000000
vt 0.15000000 0.85000000
vt 0.15000000 0.85000000
vt 0.15000000 0.85000000
vt 0.15000000 0.85000000
vt 0.15000000 0.85000000
vt 0.15000000 0.85000000
vt 0.15000000 0.85000000
vt 0.15000000 0.85000000
vt 0.15000000 0.85000000
vt 0.15000000 0.85000000
vt 0.15000000 0.85000000
vt 0.15000000 0.85000000
vt 0.15000000 0.85000000
vt 0.15000000 0.85000000
vt 0.15000000 0.85000000
vt 0.15000000 0.85000000
vt 0.15000000 0.85000000
vt 0.15000000 0.85000000
vt 0.15000000 0.85000000
vt 0.15000000 0.85000000
vt 0.15000000 0.85000000
vt 0.15000000 0.85000000
vt 0.15000000 0.85000000
vt 0.15000000 0.85000000
vt 0.15000000 0.85000000
vt 0.15000000 0.85000000
vt 0.15000000 0.85000000
vt 0.15000000 0.85000000
vt 0.15000000 0.85000000
vt 0.15000000 0.85000000
vt 0.15000000 0.85000000
vt 0.15000000 0.85000000
vt 0.15000000 0.85000000
vt 0.15000000 0.85000000
vt 0.15000000 0.85000000
vt 0.15000000 0.85000000
vt 0.15000000 0.85000000
vt 0.15000000 0.85000000
vn 0.98936966 0.02259394 -0.14365648
vn 0.97687899 0.15782760 -0.14421475
vn 0.98858894 0.13618219 0.06439195
vn 0.98936966 0.02259394 -0.14365648
vn 0.98858894 0.13618219 0.06439195
vn 0.99794854 -0.00030750 0.06402042
vn 0.97687899 0.15782760 -0.14421475
vn 0.94533026 0.29181444 -0.14558517
vn 0.96019343 0.27164586 0.06509302
vn 0.97687899 0.15782760 -0.14421475
vn 0.96019343 0.27164586 0.06509302
vn 0.98858894 0.13618219 0.06439195
vn 0.94533026 0.29181444 -0.14558517
vn 0.89395232 0.42312552 -0.14769576
vn 0.91203215 0.40475950 0.06608404
vn 0.94533026 0.29181444 -0.14558517
vn 0.91203215 0.40475950 0.06608404
vn 0.96019343 0.27164586 0.06509302
vn 0.89395232 0.42312552 -0.14769576
vn 0.82171470 0.54968992 -0.15041924
vn 0.84305918 0.53359341 0.06730002
vn 0.89395232 0.42312552 -0.14769576
vn 0.84305918 0.53359341 0.06730002
vn 0.91203215 0.40475950 0.06608404
vn 0.82171470 0.54968992 -0.15041924
vn 0.72765316 0.66853580 -0.15356027
vn 0.75221309 0.65533442 0.06864595
vn 0.82171470 0.54968992 -0.15041924
vn 0.75221309 0.65533442 0.06864595
vn 0.84305918 0.53359341 0.06730002
vn 0.72765316 0.66853580 -0.15356027
vn 0.61137103 0.77564457 -0.15684694
vn 0.63889546 0.76610260 0.06999571
vn 0.72765316 0.66853580 -0.15356027
vn 0.63889546 0.76610260 0.06999571
vn 0.75221309 0.65533442 0.06864595
vn 0.61137103 0.77564457 -0.15684694
vn 0.47368932 0.86604764 -0.15993723
vn 0.50361721 0.86098805 0.07119891
vn 0.61137103 0.77564457 -0.15684694
vn 0.50361721 0.86098805 0.07119891
vn 0.63889546 0.76610260 0.06999571
vn 0.47368932 0.86604764 -0.15993723
vn 0.31730360 0.93430605 -0.16245197
vn 0.34869433 0.93445914 0.07209981
vn 0.47368932 0.86604764 -0.15993723
vn 0.34869433 0.93445914 0.07209981
vn 0.50361721 0.86098805 0.07119891
vn 0.31730360 0.93430605 -0.16245197
vn 0.14716783 0.97541422 -0.16403881
vn 0.17872746 0.98121885 0.07256769
vn 0.31730360 0.93430605 -0.16245197
vn 0.17872746 0.98121885 0.07256769
vn 0.34869433 0.93445914 0.07209981
vn 0.14716783 0.97541422 -0.16403881
vn -0.02971266 0.98593709 -0.16445431
vn 0.00052562 0.99736610 0.07252989
vn 0.14716783 0.97541422 -0.16403881
vn 0.00052562 0.99736610 0.07252989
vn 0.17872746 0.98121885 0.07256769
vn -0.02971266 0.98593709 -0.16445431
vn -0.20520243 0.96494379 -0.16363206
vn -0.17771589 0.98144489 0.07199294
vn -0.02971266 0.98593709 -0.16445431
vn -0.17771589 0.98144489 0.07199294
vn 0.00052562 0.99736610 0.07252989
vn -0.20520243 0.96494379 -0.16363206
vn -0.37140907 0.91427978 -0.16170275
vn -0.34779096 0.93487684 0.07104047
vn -0.20520243 0.96494379 -0.16363206
vn -0.34779096 0.93487684 0.07104047
vn -0.17771589 0.98144489 0.07199294
vn -0.37140907 0.91427978 -0.16170275
vn -0.52195440 0.83803155 -0.15895509
vn -0.50286375 0.86154209 0.06980888
vn -0.37140907 0.91427978 -0.16170275
vn -0.50286375 0.86154209 0.06980888
vn -0.34779096 0.93487684 0.07104047
vn -0.52195440 0.83803155 -0.15895509
vn -0.65265941 0.74146806 -0.15575883
vn -0.63830362 0.76673499 0.06845397
vn -0.52195440 0.83803155 -0.15895509
vn -0.63830362 0.76673499 0.06845397
vn -0.50286375 0.86154209 0.06980888
vn -0.65265941 0.74146806 -0.15575883
vn -0.76152178 0.62994645 -0.15248619
vn -0.75177194 0.65599814 0.06712228
vn -0.65265941 0.74146806 -0.15575883
vn -0.75177194 0.65599814 0.06712228
vn -0.63830362 0.76673499 0.06845397
vn -0.76152178 0.62994645 -0.15248619
vn -0.84820423 0.50814559 -0.14945783
vn -0.84274616 0.53425792 0.06593470
vn -0.76152178 0.62994645 -0.15248619
vn -0.84274616 0.53425792 0.06593470
vn -0.75177194 0.65599814 0.06712228
vn -0.84820423 0.50814559 -0.14945783
vn -0.91335717 0.37972781 -0.14691993
vn -0.91182252 0.40540983 0.06498125
vn -0.84820423 0.50814559 -0.14945783
vn -0.91182252 0.40540983 0.06498125
vn -0.84274616 0.53425792 0.06593470
vn -0.91335717 0.37972781 -0.14691993
vn -0.95801121 0.24733942 -0.14504390
vn -0.96006604 0.27227877 0.06432312
vn -0.91335717 0.37972781 -0.14691993
vn -0.96006604 0.27227877 0.06432312
vn -0.91182252 0.40540983 0.06498125
vn -0.95801121 0.24733942 -0.14504390
vn -0.98313628 0.11280554 -0.14393735
vn -0.98852900 0.13680198 0.06399721
vn -0.95801121 0.24733942 -0.14504390
vn -0.98852900 0.13680198 0.06399721
vn -0.96006604 0.27227877 0.06432312
vn -0.98313628 0.11280554 -0.14393735
vn -0.98936966 -0.02259394 -0.14365648
vn -0.99794854 0.00030750 0.06402042
vn -0.98313628 0.11280554 -0.14393735
vn -0.99794854 0.00030750 0.06402042
vn -0.98852900 0.13680198 0.06399721
vn -0.98936966 -0.02259394 -0.14365648
vn -0.97687899 -0.15782760 -0.14421475
vn -0.98858894 -0.13618219 0.06439195
vn -0.98936966 -0.02259394 -0.14365648
vn -0.98858894 -0.13618219 0.06439195
vn -0.99794854 0.00030750 0.06402042
vn -0.97687899 -0.15782760 -0.14421475
vn -0.94533026 -0.29181444 -0.14558517
vn -0.96019343 -0.27164586 0.06509302
vn -0.97687899 -0.15782760 -0.14421475
vn -0.96019343 -0.27164586 0.06509302
vn -0.98858894 -0.13618219 0.06439195
vn -0.94533026 -0.29181444 -0.14558517
vn -0.89395232 -0.42312552 -0.14769576
vn -0.91203215 -0.40475950 0.06608404
vn -0.94533026 -0.29181444 -0.14558517
vn -0.91203215 -0.40475950 0.06608404
vn -0.96019343 -0.27164586 0.06509302
vn -0.89395232 -0.42312552 -0.14769576
vn -0.82171470 -0.54968992 -0.15041924
vn -0.84305918 -0.53359341 0.06730002
vn -0.89395232 -0.42312552 -0.14769576
vn -0.84305918 -0.53359341 0.06730002
vn -0.91203215 -0.40475950 0.06608404
vn -0.82171470 -0.54968992 -0.15041924
vn -0.72765316 -0.66853580 -0.15356027
vn -0.75221309 -0.65533442 0.06864595
vn -0.82171470 -0.54968992 -0.15041924
vn -0.75221309 -0.65533442 0.06864595
vn -0.84305918 -0.53359341 0.06730002
vn -0.72765316 -0.66853580 -0.15356027
vn -0.61137103 -0.77564457 -0.15684694
vn -0.63889546 -0.76610260 0.06999571
vn -0.72765316 -0.66853580 -0.15356027
vn -0.63889546 -0.76610260 0.06999571
vn -0.75221309 -0.65533442 0.06864595
vn -0.61137103 -0.77564457 -0.15684694
vn -0.47368932 -0.86604764 -0.15993723
vn -0.50361721 -0.86098805 0.07119891
vn -0.61137103 -0.77564457 -0.15684694
vn -0.50361721 -0.86098805 0.07119891
vn -0.63889546 -0.76610260 0.06999571
vn -0.47368932 -0.86604764 -0.15993723
vn -0.31730360 -0.93430605 -0.16245197
vn -0.34869433 -0.93445914 0.07209981
vn -0.47368932 -0.86604764 -0.15993723
vn -0.34869433 -0.93445914 0.07209981
vn -0.50361721 -0.86098805 0.07119891
vn -0.31730360 -0.93430605 -0.16245197
vn -0.14716783 -0.97541422 -0.16403881
vn -0.17872746 -0.98121885 0.07256769
vn -0.31730360 -0.93430605 -0.16245197
vn -0.17872746 -0.98121885 0.07256769
vn -0.34869433 -0.93445914 0.07209981
vn -0.14716783 -0.97541422 -0.16403881
vn 0.02971266 -0.98593709 -0.16445431
vn -0.00052562 -0.99736610 0.07252989
vn -0.14716783 -0.97541422 -0.16403881
vn -0.00052562 -0.99736610 0.07252989
vn -0.17872746 -0.98121885 0.07256769
vn 0.02971266 -0.98593709 -0.16445431
vn 0.20520243 -0.96494379 -0.16363206
vn 0.17771589 -0.98144489 0.07199294
vn 0.02971266 -0.98593709 -0.16445431
vn 0.17771589 -0.98144489 0.07199294
vn -0.00052562 -0.99736610 0.07252989
vn 0.20520243 -0.96494379 -0.16363206
vn 0.37140907 -0.91427978 -0.16170275
vn 0.34779096 -0.93487684 0.07104047
vn 0.20520243 -0.96494379 -0.16363206
vn 0.34779096 -0.93487684 0.07104047
vn 0.17771589 -0.98144489 0.07199294
vn 0.37140907 -0.91427978 -0.16170275
vn 0.52195440 -0.83803155 -0.15895509
vn 0.50286375 -0.86154209 0.06980888
vn 0.37140907 -0.91427978 -0.16170275
vn 0.50286375 -0.86154209 0.06980888
vn 0.34779096 -0.93487684 0.07104047
vn 0.52195440 -0.83803155 -0.15895509
vn 0.65265941 -0.74146806 -0.15575883
vn 0.63830362 -0.76673499 0.06845397
vn 0.52195440 -0.83803155 -0.15895509
vn 0.63830362 -0.76673499 0.06845397
vn 0.50286375 -0.86154209 0.06980888
vn 0.65265941 -0.74146806 -0.15575883
vn 0.76152178 -0.62994645 -0.15248619
vn 0.75177194 -0.65599814 0.06712228
vn 0.65265941 -0.74146806 -0.15575883
vn 0.75177194 -0.65599814 0.06712228
vn 0.63830362 -0.76673499 0.06845397
vn 0.76152178 -0.62994645 -0.15248619
vn 0.84820423 -0.50814559 -0.14945783
vn 0.84274616 -0.53425792 0.06593470
vn 0.76152178 -0.62994645 -0.15248619
vn 0.84274616 -0.53425792 0.06593470
vn 0.75177194 -0.65599814 0.06712228
vn 0.84820423 -0.50814559 -0.14945783
vn 0.91335717 -0.37972781 -0.14691993
vn 0.91182252 -0.40540983 0.06498125
vn 0.84820423 -0.50814559 -0.14945783
vn 0.91182252 -0.40540983 0.06498125
vn 0.84274616 -0.53425792 0.06593470
vn 0.91335717 -0.37972781 -0.14691993
vn 0.95801121 -0.24733942 -0.14504390
vn 0.96006604 -0.27227877 0.06432312
vn 0.91335717 -0.37972781 -0.14691993
vn 0.96006604 -0.27227877 0.06432312
vn 0.91182252 -0.40540983 0.06498125
vn 0.95801121 -0.24733942 -0.14504390
vn 0.98313628 -0.11280554 -0.14393735
vn 0.98852900 -0.13680198 0.06399721
vn 0.95801121 -0.24733942 -0.14504390
vn 0.98852900 -0.13680198 0.06399721
vn 0.96006604 -0.27227877 0.06432312
vn 0.98313628 -0.11280554 -0.14393735
vn 0.98936966 0.02259394 -0.14365648
vn 0.99794854 -0.00030750 0.06402042
vn 0.98313628 -0.11280554 -0.14393735
vn 0.99794854 -0.00030750 0.06402042
vn 0.98852900 -0.13680198 0.06399721
vn 0.99794854 -0.00030750 0.06402042
vn 0.98858894 0.13618219 0.06439195
vn 0.97050921 0.13433131 0.20016735
vn 0.99794854 -0.00030750 0.06402042
vn 0.97050921 0.13433131 0.20016735
vn 0.97986436 0.00032413 0.19966404
vn 0.98858894 0.13618219 0.06439195
vn 0.96019343 0.27164586 0.06509302
vn 0.94226333 0.26725483 0.20177879
vn 0.98858894 0.13618219 0.06439195
vn 0.94226333 0.26725483 0.20177879
vn 0.97050921 0.13433131 0.20016735
vn 0.96019343 0.27164586 0.06509302
vn 0.91203215 0.40475950 0.06608404
vn 0.89444906 0.39771349 0.20441345
vn 0.96019343 0.27164586 0.06509302
vn 0.89444906 0.39771349 0.20441345
vn 0.94226333 0.26725483 0.20177879
vn 0.91203215 0.40475950 0.06608404
vn 0.84305918 0.53359341 0.06730002
vn 0.82611241 0.52374600 0.20791444
vn 0.91203215 0.40475950 0.06608404
vn 0.82611241 0.52374600 0.20791444
vn 0.89444906 0.39771349 0.20441345
vn 0.84305918 0.53359341 0.06730002
vn 0.75221309 0.65533442 0.06864595
vn 0.73631852 0.64255382 0.21203686
vn 0.84305918 0.53359341 0.06730002
vn 0.73631852 0.64255382 0.21203686
vn 0.82611241 0.52374600 0.20791444
vn 0.75221309 0.65533442 0.06864595
vn 0.63889546 0.76610260 0.06999571
vn 0.62461363 0.75034220 0.21643566
vn 0.75221309 0.65533442 0.06864595
vn 0.62461363 0.75034220 0.21643566
vn 0.73631852 0.64255382 0.21203686
vn 0.63889546 0.76610260 0.06999571
vn 0.50361721 0.86098805 0.07119891
vn 0.49163614 0.84237673 0.22067022
vn 0.63889546 0.76610260 0.06999571
vn 0.49163614 0.84237673 0.22067022
vn 0.62461363 0.75034220 0.21643566
vn 0.50361721 0.86098805 0.07119891
vn 0.34869433 0.93445914 0.07209981
vn 0.33975744 0.91338985 0.22424063
vn 0.50361721 0.86098805 0.07119891
vn 0.33975744 0.91338985 0.22424063
vn 0.49163614 0.84237673 0.22067022
vn 0.34869433 0.93445914 0.07209981
vn 0.17872746 0.98121885 0.07256769
vn 0.17350305 0.95839454 0.22666405
vn 0.34869433 0.93445914 0.07209981
vn 0.17350305 0.95839454 0.22666405
vn 0.33975744 0.91338985 0.22424063
vn 0.17872746 0.98121885 0.07256769
vn 0.00052562 0.99736610 0.07252989
vn -0.00055124 0.97375939 0.22757931
vn 0.17872746 0.98121885 0.07256769
vn -0.00055124 0.97375939 0.22757931
vn 0.17350305 0.95839454 0.22666405
vn 0.00052562 0.99736610 0.07252989
vn -0.17771589 0.98144489 0.07199294
vn -0.17456445 0.95815945 0.22684294
vn 0.00052562 0.99736610 0.07252989
vn -0.17456445 0.95815945 0.22684294
vn -0.00055124 0.97375939 0.22757931
vn -0.17771589 0.98144489 0.07199294
vn -0.34779096 0.93487684 0.07104047
vn -0.34070670 0.91295494 0.22457120
vn -0.17771589 0.98144489 0.07199294
vn -0.34070670 0.91295494 0.22457120
vn -0.17456445 0.95815945 0.22684294
vn -0.34779096 0.93487684 0.07104047
vn -0.50286375 0.86154209 0.06980888
vn -0.49242964 0.84179887 0.22110564
vn -0.34779096 0.93487684 0.07104047
vn -0.49242964 0.84179887 0.22110564
vn -0.34070670 0.91295494 0.22457120
vn -0.50286375 0.86154209 0.06980888
vn -0.63830362 0.76673499 0.06845397
vn -0.62523865 0.74968127 0.21692076
vn -0.50286375 0.86154209 0.06980888
vn -0.62523865 0.74968127 0.21692076
vn -0.49242964 0.84179887 0.22110564
vn -0.63830362 0.76673499 0.06845397
vn -0.75177194 0.65599814 0.06712228
vn -0.73678584 0.64185865 0.21251846
vn -0.63830362 0.76673499 0.06845397
vn -0.73678584 0.64185865 0.21251846
vn -0.62523865 0.74968127 0.21692076
vn -0.75177194 0.65599814 0.06712228
vn -0.84274616 0.53425792 0.06593470
vn -0.82644503 0.52304857 0.20834780
vn -0.75177194 0.65599814 0.06712228
vn -0.82644503 0.52304857 0.20834780
vn -0.73678584 0.64185865 0.21251846
vn -0.84274616 0.53425792 0.06593470
vn -0.91182252 0.40540983 0.06498125
vn -0.89467245 0.39702973 0.20476472
vn -0.84274616 0.53425792 0.06593470
vn -0.89467245 0.39702973 0.20476472
vn -0.82644503 0.52304857 0.20834780
vn -0.91182252 0.40540983 0.06498125
vn -0.96006604 0.27227877 0.06432312
vn -0.94239940 0.26658848 0.20202466
vn -0.91182252 0.40540983 0.06498125
vn -0.94239940 0.26658848 0.20202466
vn -0.89467245 0.39702973 0.20476472
vn -0.96006604 0.27227877 0.06432312
vn -0.98852900 0.13680198 0.06399721
vn -0.97057334 0.13367820 0.20029361
vn -0.96006604 0.27227877 0.06432312
vn -0.97057334 0.13367820 0.20029361
vn -0.94239940 0.26658848 0.20202466
vn -0.98852900 0.13680198 0.06399721
vn -0.99794854 0.00030750 0.06402042
vn -0.97986436 -0.00032413 0.19966404
vn -0.98852900 0.13680198 0.06399721
vn -0.97986436 -0.00032413 0.19966404
vn -0.97057334 0.13367820 0.20029361
vn -0.99794854 0.00030750 0.06402042
vn -0.98858894 -0.13618219 0.06439195
vn -0.97050921 -0.13433131 0.20016735
vn -0.99794854 0.00030750 0.06402042
vn -0.97050921 -0.13433131 0.20016735
vn -0.97986436 -0.00032413 0.19966404
vn -0.98858894 -0.13618219 0.06439195
vn -0.96019343 -0.27164586 0.06509302
vn -0.94226333 -0.26725483 0.20177879
vn -0.98858894 -0.13618219 0.06439195
vn -0.94226333 -0.26725483 0.20177879
vn -0.97050921 -0.13433131 0.20016735
vn -0.96019343 -0.27164586 0.06509302
vn -0.91203215 -0.40475950 0.06608404
vn -0.89444906 -0.39771349 0.20441345
vn -0.96019343 -0.27164586 0.06509302
vn -0.89444906 -0.39771349 0.20441345
vn -0.94226333 -0.26725483 0.20177879
vn -0.91203215 -0.40475950 0.06608404
vn -0.84305918 -0.53359341 0.06730002
vn -0.82611241 -0.52374600 0.20791444
vn -0.91203215 -0.40475950 0.06608404
vn -0.82611241 -0.52374600 0.20791444
vn -0.89444906 -0.39771349 0.20441345
vn -0.84305918 -0.53359341 0.06730002
vn -0.75221309 -0.65533442 0.06864595
vn -0.73631852 -0.64255382 0.21203686
vn -0.84305918 -0.53359341 0.06730002
vn -0.73631852 -0.64255382 0.21203686
vn -0.82611241 -0.52374600 0.20791444
vn -0.75221309 -0.65533442 0.06864595
vn -0.63889546 -0.76610260 0.06999571
vn -0.62461363 -0.75034220 0.21643566
vn -0.75221309 -0.65533442 0.06864595
vn -0.62461363 -0.75034220 0.21643566
vn -0.73631852 -0.64255382 0.21203686
vn -0.63889546 -0.76610260 0.06999571
vn -0.50361721 -0.86098805 0.07119891
vn -0.49163614 -0.84237673 0.22067022
vn -0.63889546 -0.76610260 0.06999571
vn -0.49163614 -0.84237673 0.22067022
vn -0.62461363 -0.75034220 0.21643566
vn -0.50361721 -0.86098805 0.07119891
vn -0.34869433 -0.93445914 0.07209981
vn -0.33975744 -0.91338985 0.22424063
vn -0.50361721 -0.86098805 0.07119891
vn -0.33975744 -0.91338985 0.22424063
vn -0.49163614 -0.84237673 0.22067022
vn -0.34869433 -0.93445914 0.07209981
vn -0.17872746 -0.98121885 0.07256769
vn -0.17350305 -0.95839454 0.22666405
vn -0.34869433 -0.93445914 0.07209981
vn -0.17350305 -0.95839454 0.22666405
vn -0.33975744 -0.91338985 0.22424063
vn -0.17872746 -0.98121885 0.07256769
vn -0.00052562 -0.99736610 0.07252989
vn 0.00055124 -0.97375939 0.22757931
vn -0.17872746 -0.98121885 0.07256769
vn 0.00055124 -0.97375939 0.22757931
vn -0.17350305 -0.95839454 0.22666405
vn -0.00052562 -0.99736610 0.07252989
vn 0.17771589 -0.98144489 0.07199294
vn 0.17456445 -0.95815945 0.22684294
vn -0.00052562 -0.99736610 0.07252989
vn 0.17456445 -0.95815945 0.22684294
vn 0.00055124 -0.97375939 0.22757931
vn 0.17771589 -0.98144489 0.07199294
vn 0.34779096 -0.93487684 0.07104047
vn 0.34070670 -0.91295494 0.22457120
vn 0.17771589 -0.98144489 0.07199294
vn 0.34070670 -0.91295494 0.22457120
vn 0.17456445 -0.95815945 0.22684294
vn 0.34779096 -0.93487684 0.07104047
vn 0.50286375 -0.86154209 0.06980888
vn 0.49242964 -0.84179887 0.22110564
vn 0.34779096 -0.93487684 0.07104047
vn 0.49242964 -0.84179887 0.22110564
vn 0.34070670 -0.91295494 0.22457120
vn 0.50286375 -0.86154209 0.06980888
vn 0.63830362 -0.76673499 0.06845397
vn 0.62523865 -0.74968127 0.21692076
vn 0.50286375 -0.86154209 0.06980888
vn 0.62523865 -0.74968127 0.21692076
vn 0.49242964 -0.84179887 0.22110564
vn 0.63830362 -0.76673499 0.06845397
vn 0.75177194 -0.65599814 0.06712228
vn 0.73678584 -0.64185865 0.21251846
vn 0.63830362 -0.76673499 0.06845397
vn 0.73678584 -0.64185865 0.21251846
vn 0.62523865 -0.74968127 0.21692076
vn 0.75177194 -0.65599814 0.06712228
vn 0.84274616 -0.53425792 0.06593470
vn 0.82644503 -0.52304857 0.20834780
vn 0.75177194 -0.65599814 0.06712228
vn 0.82644503 -0.52304857 0.20834780
vn 0.73678584 -0.64185865 0.21251846
vn 0.84274616 -0.53425792 0.06593470
vn 0.91182252 -0.40540983 0.06498125
vn 0.89467245 -0.39702973 0.20476472
vn 0.84274616 -0.53425792 0.06593470
vn 0.89467245 -0.39702973 0.20476472
vn 0.82644503 -0.52304857 0.20834780
vn 0.91182252 -0.40540983 0.06498125
vn 0.96006604 -0.27227877 0.06432312
vn 0.94239940 -0.26658848 0.20202466
vn 0.91182252 -0.40540983 0.06498125
vn 0.94239940 -0.26658848 0.20202466
vn 0.89467245 -0.39702973 0.20476472
vn 0.96006604 -0.27227877 0.06432312
vn 0.98852900 -0.13680198 0.06399721
vn 0.97057334 -0.13367820 0.20029361
vn 0.96006604 -0.27227877 0.06432312
vn 0.97057334 -0.13367820 0.20029361
vn 0.94239940 -0.26658848 0.20202466
vn 0.98852900 -0.13680198 0.06399721
vn 0.99794854 -0.00030750 0.06402042
vn 0.97986436 0.00032413 0.19966404
vn 0.98852900 -0.13680198 0.06399721
vn 0.97986436 0.00032413 0.19966404
vn 0.97057334 -0.13367820 0.20029361
vn 0.97986436 0.00032413 0.19966404
vn 0.97050921 0.13433131 0.20016735
vn 0.98849653 0.13658897 0.06494659
vn 0.97986436 0.00032413 0.19966404
vn 0.98849653 0.13658897 0.06494659
vn 0.99789706 0.00009570 0.06481859
vn 0.97050921 0.13433131 0.20016735
vn 0.94226333 0.26725483 0.20177879
vn 0.96005174 0.27206039 0.06545074
vn 0.97050921 0.13433131 0.20016735
vn 0.96005174 0.27206039 0.06545074
vn 0.98849653 0.13658897 0.06494659
vn 0.94226333 0.26725483 0.20177879
vn 0.89444906 0.39771349 0.20441345
vn 0.91182853 0.40518178 0.06630569
vn 0.94226333 0.26725483 0.20177879
vn 0.91182853 0.40518178 0.06630569
vn 0.96005174 0.27206039 0.06545074
vn 0.89444906 0.39771349 0.20441345
vn 0.82611241 0.52374600 0.20791444
vn 0.84277801 0.53401685 0.06746282
vn 0.89444906 0.39771349 0.20441345
vn 0.84277801 0.53401685 0.06746282
vn 0.91182853 0.40518178 0.06630569
vn 0.82611241 0.52374600 0.20791444
vn 0.73631852 0.64255382 0.21203686
vn 0.75183862 0.65574319 0.06884441
vn 0.82611241 0.52374600 0.20791444
vn 0.75183862 0.65574319 0.06884441
vn 0.84277801 0.53401685 0.06746282
vn 0.73631852 0.64255382 0.21203686
vn 0.62461363 0.75034220 0.21643566
vn 0.63841701 0.76646996 0.07033854
vn 0.73631852 0.64255382 0.21203686
vn 0.63841701 0.76646996 0.07033854
vn 0.75183862 0.65574319 0.06884441
vn 0.62461363 0.75034220 0.21643566
vn 0.49163614 0.84237673 0.22067022
vn 0.50303633 0.86127776 0.07179889
vn 0.62461363 0.75034220 0.21643566
vn 0.50303633 0.86127776 0.07179889
vn 0.63841701 0.76646996 0.07033854
vn 0.49163614 0.84237673 0.22067022
vn 0.33975744 0.91338985 0.22424063
vn 0.34803143 0.93463205 0.07305515
vn 0.49163614 0.84237673 0.22067022
vn 0.34803143 0.93463205 0.07305515
vn 0.50303633 0.86127776 0.07179889
vn 0.33975744 0.91338985 0.22424063
vn 0.17350305 0.95839454 0.22666405
vn 0.17802342 0.98124456 0.07393769
vn 0.33975744 0.91338985 0.22424063
vn 0.17802342 0.98124456 0.07393769
vn 0.34803143 0.93463205 0.07305515
vn 0.17350305 0.95839454 0.22666405
vn -0.00055124 0.97375939 0.22757931
vn -0.00016554 0.99723489 0.07431382
vn 0.17350305 0.95839454 0.22666405
vn -0.00016554 0.99723489 0.07431382
vn 0.17802342 0.98124456 0.07393769
vn -0.00055124 0.97375939 0.22757931
vn -0.17456445 0.95815945 0.22684294
vn -0.17834176 0.98117273 0.07412344
vn -0.00055124 0.97375939 0.22757931
vn -0.17834176 0.98117273 0.07412344
vn -0.00016554 0.99723489 0.07431382
vn -0.17456445 0.95815945 0.22684294
vn -0.34070670 0.91295494 0.22457120
vn -0.34831512 0.93449956 0.07339717
vn -0.17456445 0.95815945 0.22684294
vn -0.34831512 0.93449956 0.07339717
vn -0.17834176 0.98117273 0.07412344
vn -0.34070670 0.91295494 0.22457120
vn -0.49242964 0.84179887 0.22110564
vn -0.50327217 0.86110249 0.07224700
vn -0.34070670 0.91295494 0.22457120
vn -0.50327217 0.86110249 0.07224700
vn -0.34831512 0.93449956 0.07339717
vn -0.49242964 0.84179887 0.22110564
vn -0.62523865 0.74968127 0.21692076
vn -0.63860151 0.76627055 0.07083469
vn -0.49242964 0.84179887 0.22110564
vn -0.63860151 0.76627055 0.07083469
vn -0.50327217 0.86110249 0.07224700
vn -0.62523865 0.74968127 0.21692076
vn -0.73678584 0.64185865 0.21251846
vn -0.75197554 0.65553460 0.06933386
vn -0.62523865 0.74968127 0.21692076
vn -0.75197554 0.65553460 0.06933386
vn -0.63860151 0.76627055 0.07083469
vn -0.73678584 0.64185865 0.21251846
vn -0.82644503 0.52304857 0.20834780
vn -0.84287473 0.53380867 0.06790066
vn -0.73678584 0.64185865 0.21251846
vn -0.84287473 0.53380867 0.06790066
vn -0.75197554 0.65553460 0.06933386
vn -0.82644503 0.52304857 0.20834780
vn -0.89467245 0.39702973 0.20476472
vn -0.91189305 0.40497860 0.06665885
vn -0.82644503 0.52304857 0.20834780
vn -0.91189305 0.40497860 0.06665885
vn -0.84287473 0.53380867 0.06790066
vn -0.89467245 0.39702973 0.20476472
vn -0.94239940 0.26658848 0.20202466
vn -0.96009081 0.27186307 0.06569704
vn -0.89467245 0.39702973 0.20476472
vn -0.96009081 0.27186307 0.06569704
vn -0.91189305 0.40497860 0.06665885
vn -0.94239940 0.26658848 0.20202466
vn -0.97057334 0.13367820 0.20029361
vn -0.98851488 0.13639599 0.06507279
vn -0.94239940 0.26658848 0.20202466
vn -0.98851488 0.13639599 0.06507279
vn -0.96009081 0.27186307 0.06569704
vn -0.97057334 0.13367820 0.20029361
vn -0.97986436 -0.00032413 0.19966404
vn -0.99789706 -0.00009570 0.06481859
vn -0.97057334 0.13367820 0.20029361
vn -0.99789706 -0.00009570 0.06481859
vn -0.98851488 0.13639599 0.06507279
vn -0.97986436 -0.00032413 0.19966404
vn -0.97050921 -0.13433131 0.20016735
vn -0.98849653 -0.13658897 0.06494659
vn -0.97986436 -0.00032413 0.19966404
vn -0.98849653 -0.13658897 0.06494659
vn -0.99789706 -0.00009570 0.06481859
vn -0.97050921 -0.13433131 0.20016735
vn -0.94226333 -0.26725483 0.20177879
vn -0.96005174 -0.27206039 0.06545074
vn -0.97050921 -0.13433131 0.20016735
vn -0.96005174 -0.27206039 0.06545074
vn -0.98849653 -0.13658897 0.06494659
vn -0.94226333 -0.26725483 0.20177879
vn -0.89444906 -0.39771349 0.20441345
vn -0.91182853 -0.40518178 0.06630569
vn -0.94226333 -0.26725483 0.20177879
vn -0.91182853 -0.40518178 0.06630569
vn -0.96005174 -0.27206039 0.06545074
vn -0.89444906 -0.39771349 0.20441345
vn -0.82611241 -0.52374600 0.20791444
vn -0.84277801 -0.53401685 0.06746282
vn -0.89444906 -0.39771349 0.20441345
vn -0.84277801 -0.53401685 0.06746282
vn -0.91182853 -0.40518178 0.06630569
vn -0.82611241 -0.52374600 0.20791444
vn -0.73631852 -0.64255382 0.21203686
vn -0.75183862 -0.65574319 0.06884441
vn -0.82611241 -0.52374600 0.20791444
vn -0.75183862 -0.65574319 0.06884441
vn -0.84277801 -0.53401685 0.06746282
vn -0.73631852 -0.64255382 0.21203686
vn -0.62461363 -0.75034220 0.21643566
vn -0.63841701 -0.76646996 0.07033854
vn -0.73631852 -0.64255382 0.21203686
vn -0.63841701 -0.76646996 0.07033854
vn -0.75183862 -0.65574319 0.06884441
vn -0.62461363 -0.75034220 0.21643566
vn -0.49163614 -0.84237673 0.22067022
vn -0.50303633 -0.86127776 0.07179889
vn -0.62461363 -0.75034220 0.21643566
vn -0.50303633 -0.86127776 0.07179889
vn -0.63841701 -0.76646996 0.07033854
vn -0.49163614 -0.84237673 0.22067022
vn -0.33975744 -0.91338985 0.22424063
vn -0.34803143 -0.93463205 0.07305515
vn -0.49163614 -0.84237673 0.22067022
vn -0.34803143 -0.93463205 0.07305515
vn -0.50303633 -0.86127776 0.07179889
vn -0.33975744 -0.91338985 0.22424063
vn -0.17350305 -0.95839454 0.22666405
vn -0.17802342 -0.98124456 0.07393769
vn -0.33975744 -0.91338985 0.22424063
vn -0.17802342 -0.98124456 0.07393769
vn -0.34803143 -0.93463205 0.07305515
vn -0.17350305 -0.95839454 0.22666405
vn 0.00055124 -0.97375939 0.22757931
vn 0.00016554 -0.99723489 0.07431382
vn -0.17350305 -0.95839454 0.22666405
vn 0.00016554 -0.99723489 0.07431382
vn -0.17802342 -0.98124456 0.07393769
vn 0.00055124 -0.97375939 0.22757931
vn 0.17456445 -0.95815945 0.22684294
vn 0.17834176 -0.98117273 0.07412344
vn 0.00055124 -0.97375939 0.22757931
vn 0.17834176 -0.98117273 0.07412344
vn 0.00016554 -0.99723489 0.07431382
vn 0.17456445 -0.95815945 0.22684294
vn 0.34070670 -0.91295494 0.22457120
vn 0.34831512 -0.93449956 0.07339717
vn 0.17456445 -0.95815945 0.22684294
vn 0.34831512 -0.93449956 0.07339717
vn 0.17834176 -0.98117273 0.07412344
vn 0.34070670 -0.91295494 0.22457120
vn 0.49242964 -0.84179887 0.22110564
vn 0.50327217 -0.86110249 0.07224700
vn 0.34070670 -0.91295494 0.22457120
vn 0.50327217 -0.86110249 0.07224700
vn 0.34831512 -0.93449956 0.07339717
vn 0.49242964 -0.84179887 0.22110564
vn 0.62523865 -0.74968127 0.21692076
vn 0.63860151 -0.76627055 0.07083469
vn 0.49242964 -0.84179887 0.22110564
vn 0.63860151 -0.76627055 0.07083469
vn 0.50327217 -0.86110249 0.07224700
vn 0.62523865 -0.74968127 0.21692076
vn 0.73678584 -0.64185865 0.21251846
vn 0.75197554 -0.65553460 0.06933386
vn 0.62523865 -0.74968127 0.21692076
vn 0.75197554 -0.65553460 0.06933386
vn 0.63860151 -0.76627055 0.07083469
vn 0.73678584 -0.64185865 0.21251846
vn 0.82644503 -0.52304857 0.20834780
vn 0.84287473 -0.53380867 0.06790066
vn 0.73678584 -0.64185865 0.21251846
vn 0.84287473 -0.53380867 0.06790066
vn 0.75197554 -0.65553460 0.06933386
vn 0.82644503 -0.52304857 0.20834780
vn 0.89467245 -0.39702973 0.20476472
vn 0.91189305 -0.40497860 0.06665885
vn 0.82644503 -0.52304857 0.20834780
vn 0.91189305 -0.40497860 0.06665885
vn 0.84287473 -0.53380867 0.06790066
vn 0.89467245 -0.39702973 0.20476472
vn 0.94239940 -0.26658848 0.20202466
vn 0.96009081 -0.27186307 0.06569704
vn 0.89467245 -0.39702973 0.20476472
vn 0.96009081 -0.27186307 0.06569704
vn 0.91189305 -0.40497860 0.06665885
vn 0.94239940 -0.26658848 0.20202466
vn 0.97057334 -0.13367820 0.20029361
vn 0.98851488 -0.13639599 0.06507279
vn 0.94239940 -0.26658848 0.20202466
vn 0.98851488 -0.13639599 0.06507279
vn 0.96009081 -0.27186307 0.06569704
vn 0.97057334 -0.13367820 0.20029361
vn 0.97986436 0.00032413 0.19966404
vn 0.99789706 0.00009570 0.06481859
vn 0.97057334 -0.13367820 0.20029361
vn 0.99789706 0.00009570 0.06481859
vn 0.98851488 -0.13639599 0.06507279
vn 0.99789706 0.00009570 0.06481859
vn 0.98849653 0.13658897 0.06494659
vn 0.99348118 0.11399627 0.00000000
vn 0.99789706 0.00009570 0.06481859
vn 0.99348118 0.11399627 0.00000000
vn 0.99973934 -0.02283075 0.00000000
vn 0.98849653 0.13658897 0.06494659
vn 0.96005174 0.27206039 0.06545074
vn 0.96824837 0.24999017 0.00000000
vn 0.98849653 0.13658897 0.06494659
vn 0.96824837 0.24999017 0.00000000
vn 0.99348118 0.11399627 0.00000000
vn 0.96005174 0.27206039 0.06545074
vn 0.91182853 0.40518178 0.06630569
vn 0.92337301 0.38390399 0.00000000
vn 0.96005174 0.27206039 0.06545074
vn 0.92337301 0.38390399 0.00000000
vn 0.96824837 0.24999017 0.00000000
vn 0.91182853 0.40518178 0.06630569
vn 0.84277801 0.53401685 0.06746282
vn 0.85783188 0.51393041 0.00000000
vn 0.91182853 0.40518178 0.06630569
vn 0.85783188 0.51393041 0.00000000
vn 0.92337301 0.38390399 0.00000000
vn 0.84277801 0.53401685 0.06746282
vn 0.75183862 0.65574319 0.06884441
vn 0.77052162 0.63741387 0.00000000
vn 0.84277801 0.53401685 0.06746282
vn 0.77052162 0.63741387 0.00000000
vn 0.85783188 0.51393041 0.00000000
vn 0.75183862 0.65574319 0.06884441
vn 0.63841701 0.76646996 0.07033854
vn 0.66070935 0.75064183 0.00000000
vn 0.75183862 0.65574319 0.06884441
vn 0.66070935 0.75064183 0.00000000
vn 0.77052162 0.63741387 0.00000000
vn 0.63841701 0.76646996 0.07033854
vn 0.50303633 0.86127776 0.07179889
vn 0.52866077 0.84883319 0.00000000
vn 0.63841701 0.76646996 0.07033854
vn 0.52866077 0.84883319 0.00000000
vn 0.66070935 0.75064183 0.00000000
vn 0.50303633 0.86127776 0.07179889
vn 0.34803143 0.93463205 0.07305515
vn 0.37634877 0.92647807 0.00000000
vn 0.50303633 0.86127776 0.07179889
vn 0.37634877 0.92647807 0.00000000
vn 0.52866077 0.84883319 0.00000000
vn 0.34803143 0.93463205 0.07305515
vn 0.17802342 0.98124456 0.07393769
vn 0.20799811 0.97812923 0.00000000
vn 0.34803143 0.93463205 0.07305515
vn 0.20799811 0.97812923 0.00000000
vn 0.37634877 0.92647807 0.00000000
vn 0.17802342 0.98124456 0.07393769
vn -0.00016554 0.99723489 0.07431382
vn 0.03012279 0.99954621 0.00000000
vn 0.17802342 0.98124456 0.07393769
vn 0.03012279 0.99954621 0.00000000
vn 0.20799811 0.97812923 0.00000000
vn -0.00016554 0.99723489 0.07431382
vn -0.17834176 0.98117273 0.07412344
vn -0.14918073 0.98880995 0.00000000
vn -0.00016554 0.99723489 0.07431382
vn -0.14918073 0.98880995 0.00000000
vn 0.03012279 0.99954621 0.00000000
vn -0.17834176 0.98117273 0.07412344
vn -0.34831512 0.93449956 0.07339717
vn -0.32156155 0.94688868 0.00000000
vn -0.17834176 0.98117273 0.07412344
vn -0.32156155 0.94688868 0.00000000
vn -0.14918073 0.98880995 0.00000000
vn -0.34831512 0.93449956 0.07339717
vn -0.50327217 0.86110249 0.07224700
vn -0.47985072 0.87735015 0.00000000
vn -0.34831512 0.93449956 0.07339717
vn -0.47985072 0.87735015 0.00000000
vn -0.32156155 0.94688868 0.00000000
vn -0.50327217 0.86110249 0.07224700
vn -0.63860151 0.76627055 0.07083469
vn -0.61901808 0.78537674 0.00000000
vn -0.50327217 0.86110249 0.07224700
vn -0.61901808 0.78537674 0.00000000
vn -0.47985072 0.87735015 0.00000000
vn -0.63860151 0.76627055 0.07083469
vn -0.75197554 0.65553460 0.06933386
vn -0.73637548 0.67657310 0.00000000
vn -0.63860151 0.76627055 0.07083469
vn -0.73637548 0.67657310 0.00000000
vn -0.61901808 0.78537674 0.00000000
vn -0.75197554 0.65553460 0.06933386
vn -0.84287473 0.53380867 0.06790066
vn -0.83116339 0.55602826 0.00000000
vn -0.75197554 0.65553460 0.06933386
vn -0.83116339 0.55602826 0.00000000
vn -0.73637548 0.67657310 0.00000000
vn -0.84287473 0.53380867 0.06790066
vn -0.91189305 0.40497860 0.06665885
vn -0.90386037 0.42782756 0.00000000
vn -0.84287473 0.53380867 0.06790066
vn -0.90386037 0.42782756 0.00000000
vn -0.83116339 0.55602826 0.00000000
vn -0.91189305 0.40497860 0.06665885
vn -0.96009081 0.27186307 0.06569704
vn -0.95550832 0.29496414 0.00000000
vn -0.91189305 0.40497860 0.06665885
vn -0.95550832 0.29496414 0.00000000
vn -0.90386037 0.42782756 0.00000000
vn -0.96009081 0.27186307 0.06569704
vn -0.98851488 0.13639599 0.06507279
vn -0.98719816 0.15949858 0.00000000
vn -0.96009081 0.27186307 0.06569704
vn -0.98719816 0.15949858 0.00000000
vn -0.95550832 0.29496414 0.00000000
vn -0.98851488 0.13639599 0.06507279
vn -0.99789706 -0.00009570 0.06481859
vn -0.99973934 0.02283075 0.00000000
vn -0.98851488 0.13639599 0.06507279
vn -0.99973934 0.02283075 0.00000000
vn -0.98719816 0.15949858 0.00000000
vn -0.99789706 -0.00009570 0.06481859
vn -0.98849653 -0.13658897 0.06494659
vn -0.99348118 -0.11399627 0.00000000
vn -0.99789706 -0.00009570 0.06481859
vn -0.99348118 -0.11399627 0.00000000
vn -0.99973934 0.02283075 0.00000000
vn -0.98849653 -0.13658897 0.06494659
vn -0.96005174 -0.27206039 0.06545074
vn -0.96824837 -0.24999017 0.00000000
vn -0.98849653 -0.13658897 0.06494659
vn -0.96824837 -0.24999017 0.00000000
vn -0.99348118 -0.11399627 0.00000000
vn -0.96005174 -0.27206039 0.06545074
vn -0.91182853 -0.40518178 0.06630569
vn -0.92337301 -0.38390399 0.00000000
vn -0.96005174 -0.27206039 0.06545074
vn -0.92337301 -0.38390399 0.00000000
vn -0.96824837 -0.24999017 0.00000000
vn -0.91182853 -0.40518178 0.06630569
vn -0.84277801 -0.53401685 0.06746282
vn -0.85783188 -0.51393041 0.00000000
vn -0.91182853 -0.40518178 0.06630569
vn -0.85783188 -0.51393041 0.00000000
vn -0.92337301 -0.38390399 0.00000000
vn -0.84277801 -0.53401685 0.06746282
vn -0.75183862 -0.65574319 0.06884441
vn -0.77052162 -0.63741387 0.00000000
vn -0.84277801 -0.53401685 0.06746282
vn -0.77052162 -0.63741387 0.00000000
vn -0.85783188 -0.51393041 0.00000000
vn -0.75183862 -0.65574319 0.06884441
vn -0.63841701 -0.76646996 0.07033854
vn -0.66070935 -0.75064183 0.00000000
vn -0.75183862 -0.65574319 0.06884441
vn -0.66070935 -0.75064183 0.00000000
vn -0.77052162 -0.63741387 0.00000000
vn -0.63841701 -0.76646996 0.07033854
vn -0.50303633 -0.86127776 0.07179889
vn -0.52866077 -0.84883319 0.00000000
vn -0.63841701 -0.76646996 0.07033854
vn -0.52866077 -0.84883319 0.00000000
vn -0.66070935 -0.75064183 0.00000000
vn -0.50303633 -0.86127776 0.07179889
vn -0.34803143 -0.93463205 0.07305515
vn -0.37634877 -0.92647807 0.00000000
vn -0.50303633 -0.86127776 0.07179889
vn -0.37634877 -0.92647807 0.00000000
vn -0.52866077 -0.84883319 0.00000000
vn -0.34803143 -0.93463205 0.07305515
vn -0.17802342 -0.98124456 0.07393769
vn -0.20799811 -0.97812923 0.00000000
vn -0.34803143 -0.93463205 0.07305515
vn -0.20799811 -0.97812923 0.00000000
vn -0.37634877 -0.92647807 0.00000000
vn -0.17802342 -0.98124456 0.07393769
vn 0.00016554 -0.99723489 0.07431382
vn -0.03012279 -0.99954621 0.00000000
vn -0.17802342 -0.98124456 0.07393769
vn -0.03012279 -0.99954621 0.00000000
vn -0.20799811 -0.97812923 0.00000000
vn 0.00016554 -0.99723489 0.07431382
vn 0.17834176 -0.98117273 0.07412344
vn 0.14918073 -0.98880995 0.00000000
vn 0.00016554 -0.99723489 0.07431382
vn 0.14918073 -0.98880995 0.00000000
vn -0.03012279 -0.99954621 0.00000000
vn 0.17834176 -0.98117273 0.07412344
vn 0.34831512 -0.93449956 0.07339717
vn 0.32156155 -0.94688868 0.00000000
vn 0.17834176 -0.98117273 0.07412344
vn 0.32156155 -0.94688868 0.00000000
vn 0.14918073 -0.98880995 0.00000000
vn 0.34831512 -0.93449956 0.07339717
vn 0.50327217 -0.86110249 0.07224700
vn 0.47985072 -0.87735015 0.00000000
vn 0.34831512 -0.93449956 0.07339717
vn 0.47985072 -0.87735015 0.00000000
vn 0.32156155 -0.94688868 0.00000000
vn 0.50327217 -0.86110249 0.07224700
vn 0.63860151 -0.76627055 0.07083469
vn 0.61901808 -0.78537674 0.00000000
vn 0.50327217 -0.86110249 0.07224700
vn 0.61901808 -0.78537674 0.00000000
vn 0.47985072 -0.87735015 0.00000000
vn 0.63860151 -0.76627055 0.07083469
vn 0.75197554 -0.65553460 0.06933386
vn 0.73637548 -0.67657310 0.00000000
vn 0.63860151 -0.76627055 0.07083469
vn 0.73637548 -0.67657310 0.00000000
vn 0.61901808 -0.78537674 0.00000000
vn 0.75197554 -0.65553460 0.06933386
vn 0.84287473 -0.53380867 0.06790066
vn 0.83116339 -0.55602826 0.00000000
vn 0.75197554 -0.65553460 0.06933386
vn 0.83116339 -0.55602826 0.00000000
vn 0.73637548 -0.67657310 0.00000000
vn 0.84287473 -0.53380867 0.06790066
vn 0.91189305 -0.40497860 0.06665885
vn 0.90386037 -0.42782756 0.00000000
vn 0.84287473 -0.53380867 0.06790066
vn 0.90386037 -0.42782756 0.00000000
vn 0.83116339 -0.55602826 0.00000000
vn 0.91189305 -0.40497860 0.06665885
vn 0.96009081 -0.27186307 0.06569704
vn 0.95550832 -0.29496414 0.00000000
vn 0.91189305 -0.40497860 0.06665885
vn 0.95550832 -0.29496414 0.00000000
vn 0.90386037 -0.42782756 0.00000000
vn 0.96009081 -0.27186307 0.06569704
vn 0.98851488 -0.13639599 0.06507279
vn 0.98719816 -0.15949858 0.00000000
vn 0.96009081 -0.27186307 0.06569704
vn 0.98719816 -0.15949858 0.00000000
vn 0.95550832 -0.29496414 0.00000000
vn 0.98851488 -0.13639599 0.06507279
vn 0.99789706 0.00009570 0.06481859
vn 0.99973934 -0.02283075 0.00000000
vn 0.98851488 -0.13639599 0.06507279
vn 0.99973934 -0.02283075 0.00000000
vn 0.98719816 -0.15949858 0.00000000
vn 0.99973934 0.02283075 0.00000000
vn 0.98719816 0.15949858 0.00000000
vn 0.70175734 0.08052263 0.70785079
vn 0.99973934 0.02283075 0.00000000
vn 0.70175734 0.08052263 0.70785079
vn 0.70618666 -0.01612698 0.70784201
vn 0.98719816 0.15949858 0.00000000
vn 0.95550832 0.29496414 0.00000000
vn 0.68390824 0.17657694 0.70787718
vn 0.98719816 0.15949858 0.00000000
vn 0.68390824 0.17657694 0.70787718
vn 0.70175734 0.08052263 0.70785079
vn 0.95550832 0.29496414 0.00000000
vn 0.90386037 0.42782756 0.00000000
vn 0.65217049 0.27114812 0.70792115
vn 0.95550832 0.29496414 0.00000000
vn 0.65217049 0.27114812 0.70792115
vn 0.68390824 0.17657694 0.70787718
vn 0.90386037 0.42782756 0.00000000
vn 0.83116339 0.55602826 0.00000000
vn 0.60582694 0.36295327 0.70798209
vn 0.90386037 0.42782756 0.00000000
vn 0.60582694 0.36295327 0.70798209
vn 0.65217049 0.27114812 0.70792115
vn 0.83116339 0.55602826 0.00000000
vn 0.73637548 0.67657310 0.00000000
vn 0.54410717 0.45011256 0.70805796
vn 0.83116339 0.55602826 0.00000000
vn 0.54410717 0.45011256 0.70805796
vn 0.60582694 0.36295327 0.70798209
vn 0.73637548 0.67657310 0.00000000
vn 0.61901808 0.78537674 0.00000000
vn 0.46650571 0.53000415 0.70814406
vn 0.73637548 0.67657310 0.00000000
vn 0.46650571 0.53000415 0.70814406
vn 0.54410717 0.45011256 0.70805796
vn 0.61901808 0.78537674 0.00000000
vn 0.47985072 0.87735015 0.00000000
vn 0.37322375 0.59925896 0.70823212
vn 0.61901808 0.78537674 0.00000000
vn 0.37322375 0.59925896 0.70823212
vn 0.46650571 0.53000415 0.70814406
vn 0.47985072 0.87735015 0.00000000
vn 0.32156155 0.94688868 0.00000000
vn 0.26566510 0.65400211 0.70831017
vn 0.47985072 0.87735015 0.00000000
vn 0.26566510 0.65400211 0.70831017
vn 0.37322375 0.59925896 0.70823212
vn 0.32156155 0.94688868 0.00000000
vn 0.14918073 0.98880995 0.00000000
vn 0.14681478 0.69040930 0.70836461
vn 0.32156155 0.94688868 0.00000000
vn 0.14681478 0.69040930 0.70836461
vn 0.26566510 0.65400211 0.70831017
vn 0.14918073 0.98880995 0.00000000
vn -0.03012279 0.99954621 0.00000000
vn 0.02126148 0.70550673 0.70838422
vn 0.14918073 0.98880995 0.00000000
vn 0.02126148 0.70550673 0.70838422
vn 0.14681478 0.69040930 0.70836461
vn -0.03012279 0.99954621 0.00000000
vn -0.20799811 0.97812923 0.00000000
vn -0.10529873 0.69794825 0.70836461
vn -0.03012279 0.99954621 0.00000000
vn -0.10529873 0.69794825 0.70836461
vn 0.02126148 0.70550673 0.70838422
vn -0.20799811 0.97812923 0.00000000
vn -0.37634877 0.92647807 0.00000000
vn -0.22699073 0.66840999 0.70831017
vn -0.20799811 0.97812923 0.00000000
vn -0.22699073 0.66840999 0.70831017
vn -0.10529873 0.69794825 0.70836461
vn -0.37634877 0.92647807 0.00000000
vn -0.52866077 0.84883319 0.00000000
vn -0.33876484 0.61939136 0.70823212
vn -0.37634877 0.92647807 0.00000000
vn -0.33876484 0.61939136 0.70823212
vn -0.22699073 0.66840999 0.70831017
vn -0.52866077 0.84883319 0.00000000
vn -0.66070935 0.75064183 0.00000000
vn -0.43706884 0.55452936 0.70814406
vn -0.52866077 0.84883319 0.00000000
vn -0.43706884 0.55452936 0.70814406
vn -0.33876484 0.61939136 0.70823212
vn -0.66070935 0.75064183 0.00000000
vn -0.77052162 0.63741387 0.00000000
vn -0.51999473 0.47776502 0.70805796
vn -0.66070935 0.75064183 0.00000000
vn -0.51999473 0.47776502 0.70805796
vn -0.43706884 0.55452936 0.70814406
vn -0.77052162 0.63741387 0.00000000
vn -0.85783188 0.51393041 0.00000000
vn -0.58699284 0.39268405 0.70798209
vn -0.77052162 0.63741387 0.00000000
vn -0.58699284 0.39268405 0.70798209
vn -0.51999473 0.47776502 0.70805796
vn -0.85783188 0.51393041 0.00000000
vn -0.92337301 0.38390399 0.00000000
vn -0.63838888 0.30217096 0.70792115
vn -0.85783188 0.51393041 0.00000000
vn -0.63838888 0.30217096 0.70792115
vn -0.58699284 0.39268405 0.70798209
vn -0.92337301 0.38390399 0.00000000
vn -0.96824837 0.24999017 0.00000000
vn -0.67490949 0.20834365 0.70787718
vn -0.92337301 0.38390399 0.00000000
vn -0.67490949 0.20834365 0.70787718
vn -0.63838888 0.30217096 0.70792115
vn -0.96824837 0.24999017 0.00000000
vn -0.99348118 0.11399627 0.00000000
vn -0.69731925 0.11266373 0.70785079
vn -0.96824837 0.24999017 0.00000000
vn -0.69731925 0.11266373 0.70785079
vn -0.67490949 0.20834365 0.70787718
vn -0.99348118 0.11399627 0.00000000
vn -0.99973934 -0.02283075 0.00000000
vn -0.70618666 0.01612698 0.70784201
vn -0.99348118 0.11399627 0.00000000
vn -0.70618666 0.01612698 0.70784201
vn -0.69731925 0.11266373 0.70785079
vn -0.99973934 -0.02283075 0.00000000
vn -0.98719816 -0.15949858 0.00000000
vn -0.70175734 -0.08052263 0.70785079
vn -0.99973934 -0.02283075 0.00000000
vn -0.70175734 -0.08052263 0.70785079
vn -0.70618666 0.01612698 0.70784201
vn -0.98719816 -0.15949858 0.00000000
vn -0.95550832 -0.29496414 0.00000000
vn -0.68390824 -0.17657694 0.70787718
vn -0.98719816 -0.15949858 0.00000000
vn -0.68390824 -0.17657694 0.70787718
vn -0.70175734 -0.08052263 0.70785079
vn -0.95550832 -0.29496414 0.00000000
vn -0.90386037 -0.42782756 0.00000000
vn -0.65217049 -0.27114812 0.70792115
vn -0.95550832 -0.29496414 0.00000000
vn -0.65217049 -0.27114812 0.70792115
vn -0.68390824 -0.17657694 0.70787718
vn -0.90386037 -0.42782756 0.00000000
vn -0.83116339 -0.55602826 0.00000000
vn -0.60582694 -0.36295327 0.70798209
vn -0.90386037 -0.42782756 0.00000000
vn -0.60582694 -0.36295327 0.70798209
vn -0.65217049 -0.27114812 0.70792115
vn -0.83116339 -0.55602826 0.00000000
vn -0.73637548 -0.67657310 0.00000000
vn -0.54410717 -0.45011256 0.70805796
vn -0.83116339 -0.55602826 0.00000000
vn -0.54410717 -0.45011256 0.70805796
vn -0.60582694 -0.36295327 0.70798209
vn -0.73637548 -0.67657310 0.00000000
vn -0.61901808 -0.78537674 0.00000000
vn -0.46650571 -0.53000415 0.70814406
vn -0.73637548 -0.67657310 0.00000000
vn -0.46650571 -0.53000415 0.70814406
vn -0.54410717 -0.45011256 0.70805796
vn -0.61901808 -0.78537674 0.00000000
vn -0.47985072 -0.87735015 0.00000000
vn -0.37322375 -0.59925896 0.70823212
vn -0.61901808 -0.78537674 0.00000000
vn -0.37322375 -0.59925896 0.70823212
vn -0.46650571 -0.53000415 0.70814406
vn -0.47985072 -0.87735015 0.00000000
vn -0.32156155 -0.94688868 0.00000000
vn -0.26566510 -0.65400211 0.70831017
vn -0.47985072 -0.87735015 0.00000000
vn -0.26566510 -0.65400211 0.70831017
vn -0.37322375 -0.59925896 0.70823212
vn -0.32156155 -0.94688868 0.00000000
vn -0.14918073 -0.98880995 0.00000000
vn -0.14681478 -0.69040930 0.70836461
vn -0.32156155 -0.94688868 0.00000000
vn -0.14681478 -0.69040930 0.70836461
vn -0.26566510 -0.65400211 0.70831017
vn -0.14918073 -0.98880995 0.00000000
vn 0.03012279 -0.99954621 0.00000000
vn -0.02126148 -0.70550673 0.70838422
vn -0.14918073 -0.98880995 0.00000000
vn -0.02126148 -0.70550673 0.70838422
vn -0.14681478 -0.69040930 0.70836461
vn 0.03012279 -0.99954621 0.00000000
vn 0.20799811 -0.97812923 0.00000000
vn 0.10529873 -0.69794825 0.70836461
vn 0.03012279 -0.99954621 0.00000000
vn 0.10529873 -0.69794825 0.70836461
vn -0.02126148 -0.70550673 0.70838422
vn 0.20799811 -0.97812923 0.00000000
vn 0.37634877 -0.92647807 0.00000000
vn 0.22699073 -0.66840999 0.70831017
vn 0.20799811 -0.97812923 0.00000000
vn 0.22699073 -0.66840999 0.70831017
vn 0.10529873 -0.69794825 0.70836461
vn 0.37634877 -0.92647807 0.00000000
vn 0.52866077 -0.84883319 0.00000000
vn 0.33876484 -0.61939136 0.70823212
vn 0.37634877 -0.92647807 0.00000000
vn 0.33876484 -0.61939136 0.70823212
vn 0.22699073 -0.66840999 0.70831017
vn 0.52866077 -0.84883319 0.00000000
vn 0.66070935 -0.75064183 0.00000000
vn 0.43706884 -0.55452936 0.70814406
vn 0.52866077 -0.84883319 0.00000000
vn 0.43706884 -0.55452936 0.70814406
vn 0.33876484 -0.61939136 0.70823212
vn 0.66070935 -0.75064183 0.00000000
vn 0.77052162 -0.63741387 0.00000000
vn 0.51999473 -0.47776502 0.70805796
vn 0.66070935 -0.75064183 0.00000000
vn 0.51999473 -0.47776502 0.70805796
vn 0.43706884 -0.55452936 0.70814406
vn 0.77052162 -0.63741387 0.00000000
vn 0.85783188 -0.51393041 0.00000000
vn 0.58699284 -0.39268405 0.70798209
vn 0.77052162 -0.63741387 0.00000000
vn 0.58699284 -0.39268405 0.70798209
vn 0.51999473 -0.47776502 0.70805796
vn 0.85783188 -0.51393041 0.00000000
vn 0.92337301 -0.38390399 0.00000000
vn 0.63838888 -0.30217096 0.70792115
vn 0.85783188 -0.51393041 0.00000000
vn 0.63838888 -0.30217096 0.70792115
vn 0.58699284 -0.39268405 0.70798209
vn 0.92337301 -0.38390399 0.00000000
vn 0.96824837 -0.24999017 0.00000000
vn 0.67490949 -0.20834365 0.70787718
vn 0.92337301 -0.38390399 0.00000000
vn 0.67490949 -0.20834365 0.70787718
vn 0.63838888 -0.30217096 0.70792115
vn 0.96824837 -0.24999017 0.00000000
vn 0.99348118 -0.11399627 0.00000000
vn 0.69731925 -0.11266373 0.70785079
vn 0.96824837 -0.24999017 0.00000000
vn 0.69731925 -0.11266373 0.70785079
vn 0.67490949 -0.20834365 0.70787718
vn 0.99348118 -0.11399627 0.00000000
vn 0.99973934 0.02283075 0.00000000
vn 0.70618666 -0.01612698 0.70784201
vn 0.99348118 -0.11399627 0.00000000
vn 0.70618666 -0.01612698 0.70784201
vn 0.69731925 -0.11266373 0.70785079
vn 0.70618666 -0.01612698 0.70784201
vn 0.70175734 0.08052263 0.70785079
vn -0.69731925 -0.11266373 0.70785079
vn 0.70618666 -0.01612698 0.70784201
vn -0.69731925 -0.11266373 0.70785079
vn -0.70618666 -0.01612698 0.70784201
vn 0.70175734 0.08052263 0.70785079
vn 0.68390824 0.17657694 0.70787718
vn -0.67490949 -0.20834365 0.70787718
vn 0.70175734 0.08052263 0.70785079
vn -0.67490949 -0.20834365 0.70787718
vn -0.69731925 -0.11266373 0.70785079
vn 0.68390824 0.17657694 0.70787718
vn 0.65217049 0.27114812 0.70792115
vn -0.63838888 -0.30217096 0.70792115
vn 0.68390824 0.17657694 0.70787718
vn -0.63838888 -0.30217096 0.70792115
vn -0.67490949 -0.20834365 0.70787718
vn 0.65217049 0.27114812 0.70792115
vn 0.60582694 0.36295327 0.70798209
vn -0.58699284 -0.39268405 0.70798209
vn 0.65217049 0.27114812 0.70792115
vn -0.58699284 -0.39268405 0.70798209
vn -0.63838888 -0.30217096 0.70792115
vn 0.60582694 0.36295327 0.70798209
vn 0.54410717 0.45011256 0.70805796
vn -0.51999473 -0.47776502 0.70805796
vn 0.60582694 0.36295327 0.70798209
vn -0.51999473 -0.47776502 0.70805796
vn -0.58699284 -0.39268405 0.70798209
vn 0.54410717 0.45011256 0.70805796
vn 0.46650571 0.53000415 0.70814406
vn -0.43706884 -0.55452936 0.70814406
vn 0.54410717 0.45011256 0.70805796
vn -0.43706884 -0.55452936 0.70814406
vn -0.51999473 -0.47776502 0.70805796
vn 0.46650571 0.53000415 0.70814406
vn 0.37322375 0.59925896 0.70823212
vn -0.33876484 -0.61939136 0.70823212
vn 0.46650571 0.53000415 0.70814406
vn -0.33876484 -0.61939136 0.70823212
vn -0.43706884 -0.55452936 0.70814406
vn 0.37322375 0.59925896 0.70823212
vn 0.26566510 0.65400211 0.70831017
vn -0.22699073 -0.66840999 0.70831017
vn 0.37322375 0.59925896 0.70823212
vn -0.22699073 -0.66840999 0.70831017
vn -0.33876484 -0.61939136 0.70823212
vn 0.26566510 0.65400211 0.70831017
vn 0.14681478 0.69040930 0.70836461
vn -0.10529873 -0.69794825 0.70836461
vn 0.26566510 0.65400211 0.70831017
vn -0.10529873 -0.69794825 0.70836461
vn -0.22699073 -0.66840999 0.70831017
vn 0.14681478 0.69040930 0.70836461
vn 0.02126148 0.70550673 0.70838422
vn 0.02126148 -0.70550673 0.70838422
vn 0.14681478 0.69040930 0.70836461
vn 0.02126148 -0.70550673 0.70838422
vn -0.10529873 -0.69794825 0.70836461
vn 0.02126148 0.70550673 0.70838422
vn -0.10529873 0.69794825 0.70836461
vn 0.14681478 -0.69040930 0.70836461
vn 0.02126148 0.70550673 0.70838422
vn 0.14681478 -0.69040930 0.70836461
vn 0.02126148 -0.70550673 0.70838422
vn -0.10529873 0.69794825 0.70836461
vn -0.22699073 0.66840999 0.70831017
vn 0.26566510 -0.65400211 0.70831017
vn -0.10529873 0.69794825 0.70836461
vn 0.26566510 -0.65400211 0.70831017
vn 0.14681478 -0.69040930 0.70836461
vn -0.22699073 0.66840999 0.70831017
vn -0.33876484 0.61939136 0.70823212
vn 0.37322375 -0.59925896 0.70823212
vn -0.22699073 0.66840999 0.70831017
vn 0.37322375 -0.59925896 0.70823212
vn 0.26566510 -0.65400211 0.70831017
vn -0.33876484 0.61939136 0.70823212
vn -0.43706884 0.55452936 0.70814406
vn 0.46650571 -0.53000415 0.70814406
vn -0.33876484 0.61939136 0.70823212
vn 0.46650571 -0.53000415 0.70814406
vn 0.37322375 -0.59925896 0.70823212
vn -0.43706884 0.55452936 0.70814406
vn -0.51999473 0.47776502 0.70805796
vn 0.54410717 -0.45011256 0.70805796
vn -0.43706884 0.55452936 0.70814406
vn 0.54410717 -0.45011256 0.70805796
vn 0.46650571 -0.53000415 0.70814406
vn -0.51999473 0.47776502 0.70805796
vn -0.58699284 0.39268405 0.70798209
vn 0.60582694 -0.36295327 0.70798209
vn -0.51999473 0.47776502 0.70805796
vn 0.60582694 -0.36295327 0.70798209
vn 0.54410717 -0.45011256 0.70805796
vn -0.58699284 0.39268405 0.70798209
vn -0.63838888 0.30217096 0.70792115
vn 0.65217049 -0.27114812 0.70792115
vn -0.58699284 0.39268405 0.70798209
vn 0.65217049 -0.27114812 0.70792115
vn 0.60582694 -0.36295327 0.70798209
vn -0.63838888 0.30217096 0.70792115
vn -0.67490949 0.20834365 0.70787718
vn 0.68390824 -0.17657694 0.70787718
vn -0.63838888 0.30217096 0.70792115
vn 0.68390824 -0.17657694 0.70787718
vn 0.65217049 -0.27114812 0.70792115
vn -0.67490949 0.20834365 0.70787718
vn -0.69731925 0.11266373 0.70785079
vn 0.70175734 -0.08052263 0.70785079
vn -0.67490949 0.20834365 0.70787718
vn 0.70175734 -0.08052263 0.70785079
vn 0.68390824 -0.17657694 0.70787718
vn -0.69731925 0.11266373 0.70785079
vn -0.70618666 0.01612698 0.70784201
vn 0.70618666 0.01612698 0.70784201
vn -0.69731925 0.11266373 0.70785079
vn 0.70618666 0.01612698 0.70784201
vn 0.70175734 -0.08052263 0.70785079
vn -0.70618666 0.01612698 0.70784201
vn -0.70175734 -0.08052263 0.70785079
vn 0.69731925 0.11266373 0.70785079
vn -0.70618666 0.01612698 0.70784201
vn 0.69731925 0.11266373 0.70785079
vn 0.70618666 0.01612698 0.70784201
vn -0.70175734 -0.08052263 0.70785079
vn -0.68390824 -0.17657694 0.70787718
vn 0.67490949 0.20834365 0.70787718
vn -0.70175734 -0.08052263 0.70785079
vn 0.67490949 0.20834365 0.70787718
vn 0.69731925 0.11266373 0.70785079
vn -0.68390824 -0.17657694 0.70787718
vn -0.65217049 -0.27114812 0.70792115
vn 0.63838888 0.30217096 0.70792115
vn -0.68390824 -0.17657694 0.70787718
vn 0.63838888 0.30217096 0.70792115
vn 0.67490949 0.20834365 0.70787718
vn -0.65217049 -0.27114812 0.70792115
vn -0.60582694 -0.36295327 0.70798209
vn 0.58699284 0.39268405 0.70798209
vn -0.65217049 -0.27114812 0.70792115
vn 0.58699284 0.39268405 0.70798209
vn 0.63838888 0.30217096 0.70792115
vn -0.60582694 -0.36295327 0.70798209
vn -0.54410717 -0.45011256 0.70805796
vn 0.51999473 0.47776502 0.70805796
vn -0.60582694 -0.36295327 0.70798209
vn 0.51999473 0.47776502 0.70805796
vn 0.58699284 0.39268405 0.70798209
vn -0.54410717 -0.45011256 0.70805796
vn -0.46650571 -0.53000415 0.70814406
vn 0.43706884 0.55452936 0.70814406
vn -0.54410717 -0.45011256 0.70805796
vn 0.43706884 0.55452936 0.70814406
vn 0.51999473 0.47776502 0.70805796
vn -0.46650571 -0.53000415 0.70814406
vn -0.37322375 -0.59925896 0.70823212
vn 0.33876484 0.61939136 0.70823212
vn -0.46650571 -0.53000415 0.70814406
vn 0.33876484 0.61939136 0.70823212
vn 0.43706884 0.55452936 0.70814406
vn -0.37322375 -0.59925896 0.70823212
vn -0.26566510 -0.65400211 0.70831017
vn 0.22699073 0.66840999 0.70831017
vn -0.37322375 -0.59925896 0.70823212
vn 0.22699073 0.66840999 0.70831017
vn 0.33876484 0.61939136 0.70823212
vn -0.26566510 -0.65400211 0.70831017
vn -0.14681478 -0.69040930 0.70836461
vn 0.10529873 0.69794825 0.70836461
vn -0.26566510 -0.65400211 0.70831017
vn 0.10529873 0.69794825 0.70836461
vn 0.22699073 0.66840999 0.70831017
vn -0.14681478 -0.69040930 0.70836461
vn -0.02126148 -0.70550673 0.70838422
vn -0.02126148 0.70550673 0.70838422
vn -0.14681478 -0.69040930 0.70836461
vn -0.02126148 0.70550673 0.70838422
vn 0.10529873 0.69794825 0.70836461
vn -0.02126148 -0.70550673 0.70838422
vn 0.10529873 -0.69794825 0.70836461
vn -0.14681478 0.69040930 0.70836461
vn -0.02126148 -0.70550673 0.70838422
vn -0.14681478 0.69040930 0.70836461
vn -0.02126148 0.70550673 0.70838422
vn 0.10529873 -0.69794825 0.70836461
vn 0.22699073 -0.66840999 0.70831017
vn -0.26566510 0.65400211 0.70831017
vn 0.10529873 -0.69794825 0.70836461
vn -0.26566510 0.65400211 0.70831017
vn -0.14681478 0.69040930 0.70836461
vn 0.22699073 -0.66840999 0.70831017
vn 0.33876484 -0.61939136 0.70823212
vn -0.37322375 0.59925896 0.70823212
vn 0.22699073 -0.66840999 0.70831017
vn -0.37322375 0.59925896 0.70823212
vn -0.26566510 0.65400211 0.70831017
vn 0.33876484 -0.61939136 0.70823212
vn 0.43706884 -0.55452936 0.70814406
vn -0.46650571 0.53000415 0.70814406
vn 0.33876484 -0.61939136 0.70823212
vn -0.46650571 0.53000415 0.70814406
vn -0.37322375 0.59925896 0.70823212
vn 0.43706884 -0.55452936 0.70814406
vn 0.51999473 -0.47776502 0.70805796
vn -0.54410717 0.45011256 0.70805796
vn 0.43706884 -0.55452936 0.70814406
vn -0.54410717 0.45011256 0.70805796
vn -0.46650571 0.53000415 0.70814406
vn 0.51999473 -0.47776502 0.70805796
vn 0.58699284 -0.39268405 0.70798209
vn -0.60582694 0.36295327 0.70798209
vn 0.51999473 -0.47776502 0.70805796
vn -0.60582694 0.36295327 0.70798209
vn -0.54410717 0.45011256 0.70805796
vn 0.58699284 -0.39268405 0.70798209
vn 0.63838888 -0.30217096 0.70792115
vn -0.65217049 0.27114812 0.70792115
vn 0.58699284 -0.39268405 0.70798209
vn -0.65217049 0.27114812 0.70792115
vn -0.60582694 0.36295327 0.70798209
vn 0.63838888 -0.30217096 0.70792115
vn 0.67490949 -0.20834365 0.70787718
vn -0.68390824 0.17657694 0.70787718
vn 0.63838888 -0.30217096 0.70792115
vn -0.68390824 0.17657694 0.70787718
vn -0.65217049 0.27114812 0.70792115
vn 0.67490949 -0.20834365 0.70787718
vn 0.69731925 -0.11266373 0.70785079
vn -0.70175734 0.08052263 0.70785079
vn 0.67490949 -0.20834365 0.70787718
vn -0.70175734 0.08052263 0.70785079
vn -0.68390824 0.17657694 0.70787718
vn 0.69731925 -0.11266373 0.70785079
vn 0.70618666 -0.01612698 0.70784201
vn -0.70618666 -0.01612698 0.70784201
vn 0.69731925 -0.11266373 0.70785079
vn -0.70618666 -0.01612698 0.70784201
vn -0.70175734 0.08052263 0.70785079
vn -0.70618666 -0.01612698 0.70784201
vn -0.69731925 -0.11266373 0.70785079
vn -0.99348118 -0.11399627 0.00000000
vn -0.70618666 -0.01612698 0.70784201
vn -0.99348118 -0.11399627 0.00000000
vn -0.99973934 0.02283075 0.00000000
vn -0.69731925 -0.11266373 0.70785079
vn -0.67490949 -0.20834365 0.70787718
vn -0.96824837 -0.24999017 0.00000000
vn -0.69731925 -0.11266373 0.70785079
vn -0.96824837 -0.24999017 0.00000000
vn -0.99348118 -0.11399627 0.00000000
vn -0.67490949 -0.20834365 0.70787718
vn -0.63838888 -0.30217096 0.70792115
vn -0.92337301 -0.38390399 0.00000000
vn -0.67490949 -0.20834365 0.70787718
vn -0.92337301 -0.38390399 0.00000000
vn -0.96824837 -0.24999017 0.00000000
vn -0.63838888 -0.30217096 0.70792115
vn -0.58699284 -0.39268405 0.70798209
vn -0.85783188 -0.51393041 0.00000000
vn -0.63838888 -0.30217096 0.70792115
vn -0.85783188 -0.51393041 0.00000000
vn -0.92337301 -0.38390399 0.00000000
vn -0.58699284 -0.39268405 0.70798209
vn -0.51999473 -0.47776502 0.70805796
vn -0.77052162 -0.63741387 0.00000000
vn -0.58699284 -0.39268405 0.70798209
vn -0.77052162 -0.63741387 0.00000000
vn -0.85783188 -0.51393041 0.00000000
vn -0.51999473 -0.47776502 0.70805796
vn -0.43706884 -0.55452936 0.70814406
vn -0.66070935 -0.75064183 0.00000000
vn -0.51999473 -0.47776502 0.70805796
vn -0.66070935 -0.75064183 0.00000000
vn -0.77052162 -0.63741387 0.00000000
vn -0.43706884 -0.55452936 0.70814406
vn -0.33876484 -0.61939136 0.70823212
vn -0.52866077 -0.84883319 0.00000000
vn -0.43706884 -0.55452936 0.70814406
vn -0.52866077 -0.84883319 0.00000000
vn -0.66070935 -0.75064183 0.00000000
vn -0.33876484 -0.61939136 0.70823212
vn -0.22699073 -0.66840999 0.70831017
vn -0.37634877 -0.92647807 0.00000000
vn -0.33876484 -0.61939136 0.70823212
vn -0.37634877 -0.92647807 0.00000000
vn -0.52866077 -0.84883319 0.00000000
vn -0.22699073 -0.66840999 0.70831017
vn -0.10529873 -0.69794825 0.70836461
vn -0.20799811 -0.97812923 0.00000000
vn -0.22699073 -0.66840999 0.70831017
vn -0.20799811 -0.97812923 0.00000000
vn -0.37634877 -0.92647807 0.00000000
vn -0.10529873 -0.69794825 0.70836461
vn 0.02126148 -0.70550673 0.70838422
vn -0.03012279 -0.99954621 0.00000000
vn -0.10529873 -0.69794825 0.70836461
vn -0.03012279 -0.99954621 0.00000000
vn -0.20799811 -0.97812923 0.00000000
vn 0.02126148 -0.70550673 0.70838422
vn 0.14681478 -0.69040930 0.70836461
vn 0.14918073 -0.98880995 0.00000000
vn 0.02126148 -0.70550673 0.70838422
vn 0.14918073 -0.98880995 0.00000000
vn -0.03012279 -0.99954621 0.00000000
vn 0.14681478 -0.69040930 0.70836461
vn 0.26566510 -0.65400211 0.70831017
vn 0.32156155 -0.94688868 0.00000000
vn 0.14681478 -0.69040930 0.70836461
vn 0.32156155 -0.94688868 0.00000000
vn 0.14918073 -0.98880995 0.00000000
vn 0.26566510 -0.65400211 0.70831017
vn 0.37322375 -0.59925896 0.70823212
vn 0.47985072 -0.87735015 0.00000000
vn 0.26566510 -0.65400211 0.70831017
vn 0.47985072 -0.87735015 0.00000000
vn 0.32156155 -0.94688868 0.00000000
vn 0.37322375 -0.59925896 0.70823212
vn 0.46650571 -0.53000415 0.70814406
vn 0.61901808 -0.78537674 0.00000000
vn 0.37322375 -0.59925896 0.70823212
vn 0.61901808 -0.78537674 0.00000000
vn 0.47985072 -0.87735015 0.00000000
vn 0.46650571 -0.53000415 0.70814406
vn 0.54410717 -0.45011256 0.70805796
vn 0.73637548 -0.67657310 0.00000000
vn 0.46650571 -0.53000415 0.70814406
vn 0.73637548 -0.67657310 0.00000000
vn 0.61901808 -0.78537674 0.00000000
vn 0.54410717 -0.45011256 0.70805796
vn 0.60582694 -0.36295327 0.70798209
vn 0.83116339 -0.55602826 0.00000000
vn 0.54410717 -0.45011256 0.70805796
vn 0.83116339 -0.55602826 0.00000000
vn 0.73637548 -0.67657310 0.00000000
vn 0.60582694 -0.36295327 0.70798209
vn 0.65217049 -0.27114812 0.70792115
vn 0.90386037 -0.42782756 0.00000000
vn 0.60582694 -0.36295327 0.70798209
vn 0.90386037 -0.42782756 0.00000000
vn 0.83116339 -0.55602826 0.00000000
vn 0.65217049 -0.27114812 0.70792115
vn 0.68390824 -0.17657694 0.70787718
vn 0.95550832 -0.29496414 0.00000000
vn 0.65217049 -0.27114812 0.70792115
vn 0.95550832 -0.29496414 0.00000000
vn 0.90386037 -0.42782756 0.00000000
vn 0.68390824 -0.17657694 0.70787718
vn 0.70175734 -0.08052263 0.70785079
vn 0.98719816 -0.15949858 0.00000000
vn 0.68390824 -0.17657694 0.70787718
vn 0.98719816 -0.15949858 0.00000000
vn 0.95550832 -0.29496414 0.00000000
vn 0.70175734 -0.08052263 0.70785079
vn 0.70618666 0.01612698 0.70784201
vn 0.99973934 -0.02283075 0.00000000
vn 0.70175734 -0.08052263 0.70785079
vn 0.99973934 -0.02283075 0.00000000
vn 0.98719816 -0.15949858 0.00000000
vn 0.70618666 0.01612698 0.70784201
vn 0.69731925 0.11266373 0.70785079
vn 0.99348118 0.11399627 0.00000000
vn 0.70618666 0.01612698 0.70784201
vn 0.99348118 0.11399627 0.00000000
vn 0.99973934 -0.02283075 0.00000000
vn 0.69731925 0.11266373 0.70785079
vn 0.67490949 0.20834365 0.70787718
vn 0.96824837 0.24999017 0.00000000
vn 0.69731925 0.11266373 0.70785079
vn 0.96824837 0.24999017 0.00000000
vn 0.99348118 0.11399627 0.00000000
vn 0.67490949 0.20834365 0.70787718
vn 0.63838888 0.30217096 0.70792115
vn 0.92337301 0.38390399 0.00000000
vn 0.67490949 0.20834365 0.70787718
vn 0.92337301 0.38390399 0.00000000
vn 0.96824837 0.24999017 0.00000000
vn 0.63838888 0.30217096 0.70792115
vn 0.58699284 0.39268405 0.70798209
vn 0.85783188 0.51393041 0.00000000
vn 0.63838888 0.30217096 0.70792115
vn 0.85783188 0.51393041 0.00000000
vn 0.92337301 0.38390399 0.00000000
vn 0.58699284 0.39268405 0.70798209
vn 0.51999473 0.47776502 0.70805796
vn 0.77052162 0.63741387 0.00000000
vn 0.58699284 0.39268405 0.70798209
vn 0.77052162 0.63741387 0.00000000
vn 0.85783188 0.51393041 0.00000000
vn 0.51999473 0.47776502 0.70805796
vn 0.43706884 0.55452936 0.70814406
vn 0.66070935 0.75064183 0.00000000
vn 0.51999473 0.47776502 0.70805796
vn 0.66070935 0.75064183 0.00000000
vn 0.77052162 0.63741387 0.00000000
vn 0.43706884 0.55452936 0.70814406
vn 0.33876484 0.61939136 0.70823212
vn 0.52866077 0.84883319 0.00000000
vn 0.43706884 0.55452936 0.70814406
vn 0.52866077 0.84883319 0.00000000
vn 0.66070935 0.75064183 0.00000000
vn 0.33876484 0.61939136 0.70823212
vn 0.22699073 0.66840999 0.70831017
vn 0.37634877 0.92647807 0.00000000
vn 0.33876484 0.61939136 0.70823212
vn 0.37634877 0.92647807 0.00000000
vn 0.52866077 0.84883319 0.00000000
vn 0.22699073 0.66840999 0.70831017
vn 0.10529873 0.69794825 0.70836461
vn 0.20799811 0.97812923 0.00000000
vn 0.22699073 0.66840999 0.70831017
vn 0.20799811 0.97812923 0.00000000
vn 0.37634877 0.92647807 0.00000000
vn 0.10529873 0.69794825 0.70836461
vn -0.02126148 0.70550673 0.70838422
vn 0.03012279 0.99954621 0.00000000
vn 0.10529873 0.69794825 0.70836461
vn 0.03012279 0.99954621 0.00000000
vn 0.20799811 0.97812923 0.00000000
vn -0.02126148 0.70550673 0.70838422
vn -0.14681478 0.69040930 0.70836461
vn -0.14918073 0.98880995 0.00000000
vn -0.02126148 0.70550673 0.70838422
vn -0.14918073 0.98880995 0.00000000
vn 0.03012279 0.99954621 0.00000000
vn -0.14681478 0.69040930 0.70836461
vn -0.26566510 0.65400211 0.70831017
vn -0.32156155 0.94688868 0.00000000
vn -0.14681478 0.69040930 0.70836461
vn -0.32156155 0.94688868 0.00000000
vn -0.14918073 0.98880995 0.00000000
vn -0.26566510 0.65400211 0.70831017
vn -0.37322375 0.59925896 0.70823212
vn -0.47985072 0.87735015 0.00000000
vn -0.26566510 0.65400211 0.70831017
vn -0.47985072 0.87735015 0.00000000
vn -0.32156155 0.94688868 0.00000000
vn -0.37322375 0.59925896 0.70823212
vn -0.46650571 0.53000415 0.70814406
vn -0.61901808 0.78537674 0.00000000
vn -0.37322375 0.59925896 0.70823212
vn -0.61901808 0.78537674 0.00000000
vn -0.47985072 0.87735015 0.00000000
vn -0.46650571 0.53000415 0.70814406
vn -0.54410717 0.45011256 0.70805796
vn -0.73637548 0.67657310 0.00000000
vn -0.46650571 0.53000415 0.70814406
vn -0.73637548 0.67657310 0.00000000
vn -0.61901808 0.78537674 0.00000000
vn -0.54410717 0.45011256 0.70805796
vn -0.60582694 0.36295327 0.70798209
vn -0.83116339 0.55602826 0.00000000
vn -0.54410717 0.45011256 0.70805796
vn -0.83116339 0.55602826 0.00000000
vn -0.73637548 0.67657310 0.00000000
vn -0.60582694 0.36295327 0.70798209
vn -0.65217049 0.27114812 0.70792115
vn -0.90386037 0.42782756 0.00000000
vn -0.60582694 0.36295327 0.70798209
vn -0.90386037 0.42782756 0.00000000
vn -0.83116339 0.55602826 0.00000000
vn -0.65217049 0.27114812 0.70792115
vn -0.68390824 0.17657694 0.70787718
vn -0.95550832 0.29496414 0.00000000
vn -0.65217049 0.27114812 0.70792115
vn -0.95550832 0.29496414 0.00000000
vn -0.90386037 0.42782756 0.00000000
vn -0.68390824 0.17657694 0.70787718
vn -0.70175734 0.08052263 0.70785079
vn -0.98719816 0.15949858 0.00000000
vn -0.68390824 0.17657694 0.70787718
vn -0.98719816 0.15949858 0.00000000
vn -0.95550832 0.29496414 0.00000000
vn -0.70175734 0.08052263 0.70785079
vn -0.70618666 -0.01612698 0.70784201
vn -0.99973934 0.02283075 0.00000000
vn -0.70175734 0.08052263 0.70785079
vn -0.99973934 0.02283075 0.00000000
vn -0.98719816 0.15949858 0.00000000
vn 0.00000000 0.00000000 1.00000000
vn 0.00000000 0.00000000 1.00000000
vn 0.00000000 0.00000000 1.00000000
vn 0.00000000 0.00000000 1.00000000
vn 0.00000000 0.00000000 1.00000000
vn 0.00000000 0.00000000 1.00000000
vn 0.00000000 0.00000000 1.00000000
vn 0.00000000 0.00000000 1.00000000
vn 0.00000000 0.00000000 1.00000000
vn 0.00000000 0.00000000 1.00000000
vn 0.00000000 0.00000000 1.00000000
vn 0.00000000 0.00000000 1.00000000
vn 0.00000000 0.00000000 1.00000000
vn 0.00000000 0.00000000 1.00000000
vn 0.00000000 0.00000000 1.00000000
vn 0.00000000 0.00000000 1.00000000
vn 0.00000000 0.00000000 1.00000000
vn 0.00000000 0.00000000 1.00000000
vn 0.00000000 0.00000000 1.00000000
vn 0.00000000 0.00000000 1.00000000
vn 0.00000000 0.00000000 1.00000000
vn 0.00000000 0.00000000 1.00000000
vn 0.00000000 0.00000000 1.00000000
vn 0.00000000 0.00000000 1.00000000
vn 0.00000000 0.00000000 1.00000000
vn 0.00000000 0.00000000 1.00000000
vn 0.00000000 0.00000000 1.00000000
vn 0.00000000 0.00000000 1.00000000
vn 0.00000000 0.00000000 1.00000000
vn 0.00000000 0.00000000 1.00000000
vn 0.00000000 0.00000000 1.00000000
vn 0.00000000 0.00000000 1.00000000
vn 0.00000000 0.00000000 1.00000000
vn 0.00000000 0.00000000 1.00000000
vn 0.00000000 0.00000000 1.00000000
vn 0.00000000 0.00000000 1.00000000
vn 0.00000000 0.00000000 1.00000000
vn 0.00000000 0.00000000 1.00000000
vn 0.00000000 0.00000000 1.00000000
vn 0.00000000 0.00000000 1.00000000
vn 0.00000000 0.00000000 1.00000000
vn 0.00000000 0.00000000 1.00000000
vn 0.00000000 0.00000000 1.00000000
vn 0.00000000 0.00000000 1.00000000
vn 0.00000000 0.00000000 1.00000000
vn 0.00000000 0.00000000 1.00000000
vn 0.00000000 0.00000000 1.00000000
vn 0.00000000 0.00000000 1.00000000
vn 0.00000000 0.00000000 1.00000000
vn 0.00000000 0.00000000 1.00000000
vn 0.00000000 0.00000000 1.00000000
vn 0.00000000 0.00000000 1.00000000
vn 0.00000000 0.00000000 1.00000000
vn 0.00000000 0.00000000 1.00000000
vn 0.00000000 0.00000000 1.00000000
vn 0.00000000 0.00000000 1.00000000
vn 0.00000000 0.00000000 1.00000000
vn 0.00000000 0.00000000 1.00000000
vn 0.00000000 0.00000000 1.00000000
vn 0.00000000 0.00000000 1.00000000
vn 0.00000000 0.00000000 1.00000000
vn 0.00000000 0.00000000 1.00000000
vn 0.00000000 0.00000000 1.00000000
vn 0.00000000 0.00000000 1.00000000
vn 0.00000000 0.00000000 1.00000000
vn 0.00000000 0.00000000 1.00000000
vn 0.00000000 0.00000000 1.00000000
vn 0.00000000 0.00000000 1.00000000
vn 0.00000000 0.00000000 1.00000000
vn 0.00000000 0.00000000 1.00000000
vn 0.00000000 0.00000000 1.00000000
vn 0.00000000 0.00000000 1.00000000
vn 0.00000000 0.00000000 1.00000000
vn 0.00000000 0.00000000 1.00000000
vn 0.00000000 0.00000000 1.00000000
vn 0.00000000 0.00000000 1.00000000
vn 0.00000000 0.00000000 1.00000000
vn 0.00000000 0.00000000 1.00000000
vn 0.00000000 0.00000000 1.00000000
vn 0.00000000 0.00000000 1.00000000
vn 0.00000000 0.00000000 1.00000000
vn 0.00000000 0.00000000 1.00000000
vn 0.00000000 0.00000000 1.00000000
vn 0.00000000 0.00000000 1.00000000
vn 0.00000000 0.00000000 1.00000000
vn 0.00000000 0.00000000 1.00000000
vn 0.00000000 0.00000000 1.00000000
vn 0.00000000 0.00000000 1.00000000
vn 0.00000000 0.00000000 1.00000000
vn 0.00000000 0.00000000 1.00000000
vn 0.00000000 0.00000000 1.00000000
vn 0.00000000 0.00000000 1.00000000
vn 0.00000000 0.00000000 1.00000000
vn 0.00000000 0.00000000 1.00000000
vn 0.00000000 0.00000000 1.00000000
vn 0.00000000 0.00000000 1.00000000
vn 0.00000000 0.00000000 1.00000000
vn 0.00000000 0.00000000 1.00000000
vn 0.00000000 0.00000000 1.00000000
vn 0.00000000 0.00000000 1.00000000
vn 0.00000000 0.00000000 1.00000000
vn 0.00000000 0.00000000 1.00000000
vn 0.00000000 0.00000000 1.00000000
vn 0.00000000 0.00000000 1.00000000
vn 0.00000000 0.00000000 1.00000000
vn 0.00000000 0.00000000 1.00000000
vn 0.00000000 0.00000000 1.00000000
vn 0.00000000 0.00000000 1.00000000
vn 0.00000000 0.00000000 1.00000000
vn 0.00000000 0.00000000 1.00000000
vn 0.00000000 0.00000000 1.00000000
vn 0.00000000 0.00000000 1.00000000
vn 0.00000000 0.00000000 1.00000000
vn 0.00000000 0.00000000 1.00000000
vn 0.00000000 0.00000000 1.00000000
vn 0.00000000 0.00000000 1.00000000
vn 0.00000000 0.00000000 1.00000000
vn 0.00000000 0.00000000 1.00000000
vn 0.00000000 0.00000000 1.00000000
vn 0.00000000 0.00000000 1.00000000
vn 0.00000000 0.00000000 1.00000000
vn 0.00000000 0.00000000 1.00000000
vn 0.00000000 0.00000000 1.00000000
vn 0.00000000 0.00000000 1.00000000
vn 0.00000000 0.00000000 1.00000000
vn 0.00000000 0.00000000 1.00000000
vn 0.00000000 0.00000000 1.00000000
vn 0.00000000 0.00000000 1.00000000
vn 0.00000000 0.00000000 1.00000000
vn 0.00000000 0.00000000 1.00000000
vn 0.00000000 0.00000000 1.00000000
vn 0.00000000 0.00000000 1.00000000
vn 0.00000000 0.00000000 1.00000000
vn 0.00000000 0.00000000 1.00000000
vn 0.00000000 0.00000000 1.00000000
vn 0.00000000 0.00000000 1.00000000
vn 0.00000000 0.00000000 1.00000000
vn 0.00000000 0.00000000 1.00000000
vn 0.00000000 0.00000000 1.00000000
vn 0.00000000 0.00000000 1.00000000
vn 0.00000000 0.00000000 1.00000000
vn 0.00000000 0.00000000 1.00000000
vn 0.00000000 0.00000000 1.00000000
vn 0.00000000 0.00000000 1.00000000
vn 0.00000000 0.00000000 1.00000000
vn 0.00000000 0.00000000 1.00000000
vn 0.00000000 0.00000000 1.00000000
vn 0.00000000 0.00000000 1.00000000
vn 0.00000000 0.00000000 1.00000000
vn 0.00000000 0.00000000 1.00000000
vn 0.00000000 0.00000000 1.00000000
vn 0.00000000 0.00000000 1.00000000
vn 0.00000000 0.00000000 1.00000000
vn 0.00000000 0.00000000 1.00000000
vn 0.00000000 0.00000000 1.00000000
vn 0.00000000 0.00000000 1.00000000
vn 0.00000000 0.00000000 1.00000000
vn 0.00000000 0.00000000 1.00000000
vn 0.00000000 0.00000000 1.00000000
vn 0.00000000 0.00000000 1.00000000
vn 0.00000000 0.00000000 1.00000000
vn 0.00000000 0.00000000 1.00000000
vn 0.00000000 0.00000000 1.00000000
vn 0.00000000 0.00000000 1.00000000
vn 0.00000000 0.00000000 1.00000000
vn 0.00000000 0.00000000 1.00000000
vn 0.00000000 0.00000000 1.00000000
vn 0.00000000 0.00000000 1.00000000
vn 0.00000000 0.00000000 1.00000000
vn 0.00000000 0.00000000 1.00000000
vn 0.00000000 0.00000000 1.00000000
vn 0.00000000 0.00000000 1.00000000
vn 0.00000000 0.00000000 1.00000000
vn 0.00000000 0.00000000 1.00000000
vn 0.00000000 0.00000000 1.00000000
vn 0.00000000 0.00000000 1.00000000
vn 0.00000000 0.00000000 1.00000000
vn 0.00000000 0.00000000 1.00000000
vn 0.00000000 0.00000000 1.00000000
vn 0.00000000 0.00000000 1.00000000
vn 0.00000000 0.00000000 1.00000000
vn 0.00000000 0.00000000 1.00000000
vn 0.00000000 0.00000000 1.00000000
vn 0.00000000 0.00000000 1.00000000
vn 0.00000000 0.00000000 1.00000000
vn 0.00000000 0.00000000 1.00000000
vn 0.00000000 0.00000000 1.00000000
vn 0.00000000 0.00000000 1.00000000
vn 0.00000000 0.00000000 1.00000000
vn 0.00000000 0.00000000 1.00000000
vn 0.00000000 0.00000000 1.00000000
vn 0.00000000 0.00000000 1.00000000
vn 0.00000000 0.00000000 1.00000000
vn 0.00000000 0.00000000 1.00000000
vn 0.00000000 0.00000000 1.00000000
vn 0.00000000 0.00000000 1.00000000
vn 0.00000000 0.00000000 1.00000000
vn 0.00000000 0.00000000 1.00000000
vn 0.00000000 0.00000000 1.00000000
vn 0.00000000 0.00000000 1.00000000
vn 0.00000000 0.00000000 1.00000000
vn 0.00000000 0.00000000 1.00000000
vn 0.00000000 0.00000000 1.00000000
vn 0.00000000 0.00000000 1.00000000
vn 0.00000000 0.00000000 1.00000000
vn 0.00000000 0.00000000 1.00000000
vn 0.00000000 0.00000000 1.00000000
vn 0.00000000 0.00000000 1.00000000
vn 0.00000000 0.00000000 1.00000000
vn 0.00000000 0.00000000 1.00000000
vn 0.00000000 0.00000000 1.00000000
vn 0.00000000 0.00000000 1.00000000
vn 0.00000000 0.00000000 1.00000000
vn 0.00000000 0.00000000 1.00000000
vn 0.00000000 0.00000000 1.00000000
vn 0.00000000 0.00000000 1.00000000
vn 0.00000000 0.00000000 1.00000000
vn 0.00000000 0.00000000 1.00000000
vn 0.00000000 0.00000000 1.00000000
vn 0.00000000 0.00000000 1.00000000
vn 0.00000000 0.00000000 1.00000000
vn 0.00000000 0.00000000 1.00000000
vn 0.00000000 0.00000000 1.00000000
vn 0.00000000 0.00000000 1.00000000
vn 0.00000000 0.00000000 1.00000000
vn 0.00000000 0.00000000 1.00000000
vn 0.00000000 0.00000000 1.00000000
vn 0.00000000 0.00000000 1.00000000
vn 0.00000000 0.00000000 1.00000000
vn 0.00000000 0.00000000 1.00000000
vn 0.00000000 0.00000000 1.00000000
vn 0.00000000 0.00000000 1.00000000
vn 0.00000000 0.00000000 1.00000000
vn 0.00000000 0.00000000 1.00000000
vn 0.00000000 0.00000000 1.00000000
vn 0.00000000 0.00000000 1.00000000
vn 0.00000000 0.00000000 1.00000000
vn 0.00000000 0.00000000 1.00000000
vn 0.00000000 0.00000000 1.00000000
vn 0.00000000 0.00000000 1.00000000
vn 0.89694818 0.01943291 0.44170842
vn 0.88589561 0.13580042 0.44356195
vn 0.74292198 0.09333816 0.66283854
vn 0.89694818 0.01943291 0.44170842
vn 0.74292198 0.09333816 0.66283854
vn 0.74988961 -0.00388284 0.66155159
vn 0.88589561 0.13580042 0.44356195
vn 0.85793253 0.25127972 0.44811860
vn 0.72096168 0.18951474 0.66655713
vn 0.88589561 0.13580042 0.44356195
vn 0.72096168 0.18951474 0.66655713
vn 0.74292198 0.09333816 0.66283854
vn 0.85793253 0.25127972 0.44811860
vn 0.81225969 0.36478323 0.45515644
vn 0.68369236 0.28346004 0.67246945
vn 0.85793253 0.25127972 0.44811860
vn 0.68369236 0.28346004 0.67246945
vn 0.72096168 0.18951474 0.66655713
vn 0.81225969 0.36478323 0.45515644
vn 0.74777752 0.47463405 0.46427503
vn 0.63067611 0.37365562 0.68016845
vn 0.81225969 0.36478323 0.45515644
vn 0.63067611 0.37365562 0.68016845
vn 0.68369236 0.28346004 0.67246945
vn 0.74777752 0.47463405 0.46427503
vn 0.66338482 0.57831057 0.47484468
vn 0.56154308 0.45810601 0.68906332
vn 0.74777752 0.47463405 0.46427503
vn 0.56154308 0.45810601 0.68906332
vn 0.63067611 0.37365562 0.68016845
vn 0.66338482 0.57831057 0.47484468
vn 0.55845811 0.67228023 0.48596690
vn 0.47627890 0.53425427 0.69837725
vn 0.66338482 0.57831057 0.47484468
vn 0.47627890 0.53425427 0.69837725
vn 0.56154308 0.45810601 0.68906332
vn 0.55845811 0.67228023 0.48596690
vn 0.43350083 0.75205079 0.49648429
vn 0.37559746 0.59902119 0.70717760
vn 0.55845811 0.67228023 0.48596690
vn 0.37559746 0.59902119 0.70717760
vn 0.47627890 0.53425427 0.69837725
vn 0.43350083 0.75205079 0.49648429
vn 0.29083121 0.81259150 0.50508640
vn 0.26133096 0.64904095 0.71445922
vn 0.43350083 0.75205079 0.49648429
vn 0.26133096 0.64904095 0.71445922
vn 0.37559746 0.59902119 0.70717760
vn 0.29083121 0.81259150 0.50508640
vn 0.13502023 0.84919017 0.51053461
vn 0.13669461 0.68112955 0.71928932
vn 0.29083121 0.81259150 0.50508640
vn 0.13669461 0.68112955 0.71928932
vn 0.26133096 0.64904095 0.71445922
vn 0.13502023 0.84919017 0.51053461
vn -0.02727302 0.85857443 0.51196302
vn 0.00624344 0.69291557 0.72099170
vn 0.13502023 0.84919017 0.51053461
vn 0.00624344 0.69291557 0.72099170
vn 0.13669461 0.68112955 0.71928932
vn -0.02727302 0.85857443 0.51196302
vn -0.18822590 0.83985311 0.50913433
vn -0.12458946 0.68342491 0.71931068
vn -0.02727302 0.85857443 0.51196302
vn -0.12458946 0.68342491 0.71931068
vn 0.00624344 0.69291557 0.72099170
vn -0.18822590 0.83985311 0.50913433
vn -0.34026748 0.79479301 0.50251579
vn -0.25028494 0.65335498 0.71448213
vn -0.18822590 0.83985311 0.50913433
vn -0.25028494 0.65335498 0.71448213
vn -0.12458946 0.68342491 0.71931068
vn -0.34026748 0.79479301 0.50251579
vn -0.47738190 0.72727451 0.49313113
vn -0.36607009 0.60489388 0.70717472
vn -0.34026748 0.79479301 0.50251579
vn -0.36607009 0.60489388 0.70717472
vn -0.25028494 0.65335498 0.71448213
vn -0.47738190 0.72727451 0.49313113
vn -0.59577839 0.64223086 0.48227340
vn -0.46847115 0.54117560 0.69832926
vn -0.47738190 0.72727451 0.49313113
vn -0.46847115 0.54117560 0.69832926
vn -0.36607009 0.60489388 0.70717472
vn -0.59577839 0.64223086 0.48227340
vn -0.69381748 0.54458133 0.47122021
vn -0.55544049 0.46562694 0.68896837
vn -0.59577839 0.64223086 0.48227340
vn -0.55544049 0.46562694 0.68896837
vn -0.46847115 0.54117560 0.69832926
vn -0.69381748 0.54458133 0.47122021
vn -0.77145048 0.43851868 0.46104829
vn -0.62613218 0.38144616 0.68004215
vn -0.69381748 0.54458133 0.47122021
vn -0.62613218 0.38144616 0.68004215
vn -0.55544049 0.46562694 0.68896837
vn -0.77145048 0.43851868 0.46104829
vn -0.82952268 0.32722727 0.45256429
vn -0.68051083 0.29131811 0.67233829
vn -0.77145048 0.43851868 0.46104829
vn -0.68051083 0.29131811 0.67233829
vn -0.62613218 0.38144616 0.68004215
vn -0.82952268 0.32722727 0.45256429
vn -0.86917572 0.21292108 0.44631624
vn -0.71895708 0.19734580 0.66644981
vn -0.82952268 0.32722727 0.45256429
vn -0.71895708 0.19734580 0.66644981
vn -0.68051083 0.29131811 0.67233829
vn -0.86917572 0.21292108 0.44631624
vn -0.89143197 0.09705024 0.44264015
vn -0.74195603 0.10112376 0.66277842
vn -0.86917572 0.21292108 0.44631624
vn -0.74195603 0.10112376 0.66277842
vn -0.71895708 0.19734580 0.66644981
vn -0.89143197 0.09705024 0.44264015
vn -0.89694818 -0.01943291 0.44170842
vn -0.74988961 0.00388284 0.66155159
vn -0.89143197 0.09705024 0.44264015
vn -0.74988961 0.00388284 0.66155159
vn -0.74195603 0.10112376 0.66277842
vn -0.89694818 -0.01943291 0.44170842
vn -0.88589561 -0.13580042 0.44356195
vn -0.74292198 -0.09333816 0.66283854
vn -0.89694818 -0.01943291 0.44170842
vn -0.74292198 -0.09333816 0.66283854
vn -0.74988961 0.00388284 0.66155159
vn -0.88589561 -0.13580042 0.44356195
vn -0.85793253 -0.25127972 0.44811860
vn -0.72096168 -0.18951474 0.66655713
vn -0.88589561 -0.13580042 0.44356195
vn -0.72096168 -0.18951474 0.66655713
vn -0.74292198 -0.09333816 0.66283854
vn -0.85793253 -0.25127972 0.44811860
vn -0.81225969 -0.36478323 0.45515644
vn -0.68369236 -0.28346004 0.67246945
vn -0.85793253 -0.25127972 0.44811860
vn -0.68369236 -0.28346004 0.67246945
vn -0.72096168 -0.18951474 0.66655713
vn -0.81225969 -0.36478323 0.45515644
vn -0.74777752 -0.47463405 0.46427503
vn -0.63067611 -0.37365562 0.68016845
vn -0.81225969 -0.36478323 0.45515644
vn -0.63067611 -0.37365562 0.68016845
vn -0.68369236 -0.28346004 0.67246945
vn -0.74777752 -0.47463405 0.46427503
vn -0.66338482 -0.57831057 0.47484468
vn -0.56154308 -0.45810601 0.68906332
vn -0.74777752 -0.47463405 0.46427503
vn -0.56154308 -0.45810601 0.68906332
vn -0.63067611 -0.37365562 0.68016845
vn -0.66338482 -0.57831057 0.47484468
vn -0.55845811 -0.67228023 0.48596690
vn -0.47627890 -0.53425427 0.69837725
vn -0.66338482 -0.57831057 0.47484468
vn -0.47627890 -0.53425427 0.69837725
vn -0.56154308 -0.45810601 0.68906332
vn -0.55845811 -0.67228023 0.48596690
vn -0.43350083 -0.75205079 0.49648429
vn -0.37559746 -0.59902119 0.70717760
vn -0.55845811 -0.67228023 0.48596690
vn -0.37559746 -0.59902119 0.70717760
vn -0.47627890 -0.53425427 0.69837725
vn -0.43350083 -0.75205079 0.49648429
vn -0.29083121 -0.81259150 0.50508640
vn -0.26133096 -0.64904095 0.71445922
vn -0.43350083 -0.75205079 0.49648429
vn -0.26133096 -0.64904095 0.71445922
vn -0.37559746 -0.59902119 0.70717760
vn -0.29083121 -0.81259150 0.50508640
vn -0.13502023 -0.84919017 0.51053461
vn -0.13669461 -0.68112955 0.71928932
vn -0.29083121 -0.81259150 0.50508640
vn -0.13669461 -0.68112955 0.71928932
vn -0.26133096 -0.64904095 0.71445922
vn -0.13502023 -0.84919017 0.51053461
vn 0.02727302 -0.85857443 0.51196302
vn -0.00624344 -0.69291557 0.72099170
vn -0.13502023 -0.84919017 0.51053461
vn -0.00624344 -0.69291557 0.72099170
vn -0.13669461 -0.68112955 0.71928932
vn 0.02727302 -0.85857443 0.51196302
vn 0.18822590 -0.83985311 0.50913433
vn 0.12458946 -0.68342491 0.71931068
vn 0.02727302 -0.85857443 0.51196302
vn 0.12458946 -0.68342491 0.71931068
vn -0.00624344 -0.69291557 0.72099170
vn 0.18822590 -0.83985311 0.50913433
vn 0.34026748 -0.79479301 0.50251579
vn 0.25028494 -0.65335498 0.71448213
vn 0.18822590 -0.83985311 0.50913433
vn 0.25028494 -0.65335498 0.71448213
vn 0.12458946 -0.68342491 0.71931068
vn 0.34026748 -0.79479301 0.50251579
vn 0.47738190 -0.72727451 0.49313113
vn 0.36607009 -0.60489388 0.70717472
vn 0.34026748 -0.79479301 0.50251579
vn 0.36607009 -0.60489388 0.70717472
vn 0.25028494 -0.65335498 0.71448213
vn 0.47738190 -0.72727451 0.49313113
vn 0.59577839 -0.64223086 0.48227340
vn 0.46847115 -0.54117560 0.69832926
vn 0.47738190 -0.72727451 0.49313113
vn 0.46847115 -0.54117560 0.69832926
vn 0.36607009 -0.60489388 0.70717472
vn 0.59577839 -0.64223086 0.48227340
vn 0.69381748 -0.54458133 0.47122021
vn 0.55544049 -0.46562694 0.68896837
vn 0.59577839 -0.64223086 0.48227340
vn 0.55544049 -0.46562694 0.68896837
vn 0.46847115 -0.54117560 0.69832926
vn 0.69381748 -0.54458133 0.47122021
vn 0.77145048 -0.43851868 0.46104829
vn 0.62613218 -0.38144616 0.68004215
vn 0.69381748 -0.54458133 0.47122021
vn 0.62613218 -0.38144616 0.68004215
vn 0.55544049 -0.46562694 0.68896837
vn 0.77145048 -0.43851868 0.46104829
vn 0.82952268 -0.32722727 0.45256429
vn 0.68051083 -0.29131811 0.67233829
vn 0.77145048 -0.43851868 0.46104829
vn 0.68051083 -0.29131811 0.67233829
vn 0.62613218 -0.38144616 0.68004215
vn 0.82952268 -0.32722727 0.45256429
vn 0.86917572 -0.21292108 0.44631624
vn 0.71895708 -0.19734580 0.66644981
vn 0.82952268 -0.32722727 0.45256429
vn 0.71895708 -0.19734580 0.66644981
vn 0.68051083 -0.29131811 0.67233829
vn 0.86917572 -0.21292108 0.44631624
vn 0.89143197 -0.09705024 0.44264015
vn 0.74195603 -0.10112376 0.66277842
vn 0.86917572 -0.21292108 0.44631624
vn 0.74195603 -0.10112376 0.66277842
vn 0.71895708 -0.19734580 0.66644981
vn 0.89143197 -0.09705024 0.44264015
vn 0.89694818 0.01943291 0.44170842
vn 0.74988961 -0.00388284 0.66155159
vn 0.89143197 -0.09705024 0.44264015
vn 0.74988961 -0.00388284 0.66155159
vn 0.74195603 -0.10112376 0.66277842
vn 0.74988961 -0.00388284 0.66155159
vn 0.74292198 0.09333816 0.66283854
vn 0.44845236 0.05647522 0.89202076
vn 0.74988961 -0.00388284 0.66155159
vn 0.44845236 0.05647522 0.89202076
vn 0.45328479 -0.00217842 0.89136309
vn 0.74292198 0.09333816 0.66283854
vn 0.72096168 0.18951474 0.66655713
vn 0.43328781 0.11400949 0.89401539
vn 0.74292198 0.09333816 0.66283854
vn 0.43328781 0.11400949 0.89401539
vn 0.44845236 0.05647522 0.89202076
vn 0.72096168 0.18951474 0.66655713
vn 0.68369236 0.28346004 0.67246945
vn 0.40795263 0.16925057 0.89717830
vn 0.72096168 0.18951474 0.66655713
vn 0.40795263 0.16925057 0.89717830
vn 0.43328781 0.11400949 0.89401539
vn 0.68369236 0.28346004 0.67246945
vn 0.63067611 0.37365562 0.68016845
vn 0.37275171 0.22097938 0.90123486
vn 0.68369236 0.28346004 0.67246945
vn 0.37275171 0.22097938 0.90123486
vn 0.40795263 0.16925057 0.89717830
vn 0.63067611 0.37365562 0.68016845
vn 0.56154308 0.45810601 0.68906332
vn 0.32818644 0.26792903 0.90581880
vn 0.63067611 0.37365562 0.68016845
vn 0.32818644 0.26792903 0.90581880
vn 0.37275171 0.22097938 0.90123486
vn 0.56154308 0.45810601 0.68906332
vn 0.47627890 0.53425427 0.69837725
vn 0.27501685 0.30880777 0.91049629
vn 0.56154308 0.45810601 0.68906332
vn 0.27501685 0.30880777 0.91049629
vn 0.32818644 0.26792903 0.90581880
vn 0.47627890 0.53425427 0.69837725
vn 0.37559746 0.59902119 0.70717760
vn 0.21431836 0.34235215 0.91480197
vn 0.47627890 0.53425427 0.69837725
vn 0.21431836 0.34235215 0.91480197
vn 0.27501685 0.30880777 0.91049629
vn 0.37559746 0.59902119 0.70717760
vn 0.26133096 0.64904095 0.71445922
vn 0.14751459 0.36740938 0.91828634
vn 0.37559746 0.59902119 0.70717760
vn 0.14751459 0.36740938 0.91828634
vn 0.21431836 0.34235215 0.91480197
vn 0.26133096 0.64904095 0.71445922
vn 0.13669461 0.68112955 0.71928932
vn 0.07636797 0.38303869 0.92057009
vn 0.26133096 0.64904095 0.71445922
vn 0.07636797 0.38303869 0.92057009
vn 0.14751459 0.36740938 0.91828634
vn 0.13669461 0.68112955 0.71928932
vn 0.00624344 0.69291557 0.72099170
vn 0.00291645 0.38861288 0.92139651
vn 0.13669461 0.68112955 0.71928932
vn 0.00291645 0.38861288 0.92139651
vn 0.07636797 0.38303869 0.92057009
vn 0.00624344 0.69291557 0.72099170
vn -0.12458946 0.68342491 0.71931068
vn -0.07064174 0.38389564 0.92067034
vn 0.00624344 0.69291557 0.72099170
vn -0.07064174 0.38389564 0.92067034
vn 0.00291645 0.38861288 0.92139651
vn -0.12458946 0.68342491 0.71931068
vn -0.25028494 0.65335498 0.71448213
vn -0.14209677 0.36907359 0.91847329
vn -0.12458946 0.68342491 0.71931068
vn -0.14209677 0.36907359 0.91847329
vn -0.07064174 0.38389564 0.92067034
vn -0.25028494 0.65335498 0.71448213
vn -0.36607009 0.60489388 0.70717472
vn -0.20937912 0.34473343 0.91505150
vn -0.25028494 0.65335498 0.71448213
vn -0.20937912 0.34473343 0.91505150
vn -0.14209677 0.36907359 0.91847329
vn -0.36607009 0.60489388 0.70717472
vn -0.46847115 0.54117560 0.69832926
vn -0.27068278 0.31179057 0.91077850
vn -0.36607009 0.60489388 0.70717472
vn -0.27068278 0.31179057 0.91077850
vn -0.20937912 0.34473343 0.91505150
vn -0.46847115 0.54117560 0.69832926
vn -0.55544049 0.46562694 0.68896837
vn -0.32453830 0.27138909 0.90610311
vn -0.46847115 0.54117560 0.69832926
vn -0.32453830 0.27138909 0.90610311
vn -0.27068278 0.31179057 0.91077850
vn -0.55544049 0.46562694 0.68896837
vn -0.62613218 0.38144616 0.68004215
vn -0.36983059 0.22479757 0.90149397
vn -0.55544049 0.46562694 0.68896837
vn -0.36983059 0.22479757 0.90149397
vn -0.32453830 0.27138909 0.90610311
vn -0.62613218 0.38144616 0.68004215
vn -0.68051083 0.29131811 0.67233829
vn -0.40577094 0.17332166 0.89739041
vn -0.62613218 0.38144616 0.68004215
vn -0.40577094 0.17332166 0.89739041
vn -0.36983059 0.22479757 0.90149397
vn -0.68051083 0.29131811 0.67233829
vn -0.71895708 0.19734580 0.66644981
vn -0.43184168 0.11824521 0.89416488
vn -0.68051083 0.29131811 0.67233829
vn -0.43184168 0.11824521 0.89416488
vn -0.40577094 0.17332166 0.89739041
vn -0.71895708 0.19734580 0.66644981
vn -0.74195603 0.10112376 0.66277842
vn -0.44773261 0.06080270 0.89209783
vn -0.71895708 0.19734580 0.66644981
vn -0.44773261 0.06080270 0.89209783
vn -0.43184168 0.11824521 0.89416488
vn -0.74195603 0.10112376 0.66277842
vn -0.74988961 0.00388284 0.66155159
vn -0.45328479 0.00217842 0.89136309
vn -0.74195603 0.10112376 0.66277842
vn -0.45328479 0.00217842 0.89136309
vn -0.44773261 0.06080270 0.89209783
vn -0.74988961 0.00388284 0.66155159
vn -0.74292198 -0.09333816 0.66283854
vn -0.44845236 -0.05647522 0.89202076
vn -0.74988961 0.00388284 0.66155159
vn -0.44845236 -0.05647522 0.89202076
vn -0.45328479 0.00217842 0.89136309
vn -0.74292198 -0.09333816 0.66283854
vn -0.72096168 -0.18951474 0.66655713
vn -0.43328781 -0.11400949 0.89401539
vn -0.74292198 -0.09333816 0.66283854
vn -0.43328781 -0.11400949 0.89401539
vn -0.44845236 -0.05647522 0.89202076
vn -0.72096168 -0.18951474 0.66655713
vn -0.68369236 -0.28346004 0.67246945
vn -0.40795263 -0.16925057 0.89717830
vn -0.72096168 -0.18951474 0.66655713
vn -0.40795263 -0.16925057 0.89717830
vn -0.43328781 -0.11400949 0.89401539
vn -0.68369236 -0.28346004 0.67246945
vn -0.63067611 -0.37365562 0.68016845
vn -0.37275171 -0.22097938 0.90123486
vn -0.68369236 -0.28346004 0.67246945
vn -0.37275171 -0.22097938 0.90123486
vn -0.40795263 -0.16925057 0.89717830
vn -0.63067611 -0.37365562 0.68016845
vn -0.56154308 -0.45810601 0.68906332
vn -0.32818644 -0.26792903 0.90581880
vn -0.63067611 -0.37365562 0.68016845
vn -0.32818644 -0.26792903 0.90581880
vn -0.37275171 -0.22097938 0.90123486
vn -0.56154308 -0.45810601 0.68906332
vn -0.47627890 -0.53425427 0.69837725
vn -0.27501685 -0.30880777 0.91049629
vn -0.56154308 -0.45810601 0.68906332
vn -0.27501685 -0.30880777 0.91049629
vn -0.32818644 -0.26792903 0.90581880
vn -0.47627890 -0.53425427 0.69837725
vn -0.37559746 -0.59902119 0.70717760
vn -0.21431836 -0.34235215 0.91480197
vn -0.47627890 -0.53425427 0.69837725
vn -0.21431836 -0.34235215 0.91480197
vn -0.27501685 -0.30880777 0.91049629
vn -0.37559746 -0.59902119 0.70717760
vn -0.26133096 -0.64904095 0.71445922
vn -0.14751459 -0.36740938 0.91828634
vn -0.37559746 -0.59902119 0.70717760
vn -0.14751459 -0.36740938 0.91828634
vn -0.21431836 -0.34235215 0.91480197
vn -0.26133096 -0.64904095 0.71445922
vn -0.13669461 -0.68112955 0.71928932
vn -0.07636797 -0.38303869 0.92057009
vn -0.26133096 -0.64904095 0.71445922
vn -0.07636797 -0.38303869 0.92057009
vn -0.14751459 -0.36740938 0.91828634
vn -0.13669461 -0.68112955 0.71928932
vn -0.00624344 -0.69291557 0.72099170
vn -0.00291645 -0.38861288 0.92139651
vn -0.13669461 -0.68112955 0.71928932
vn -0.00291645 -0.38861288 0.92139651
vn -0.07636797 -0.38303869 0.92057009
vn -0.00624344 -0.69291557 0.72099170
vn 0.12458946 -0.68342491 0.71931068
vn 0.07064174 -0.38389564 0.92067034
vn -0.00624344 -0.69291557 0.72099170
vn 0.07064174 -0.38389564 0.92067034
vn -0.00291645 -0.38861288 0.92139651
vn 0.12458946 -0.68342491 0.71931068
vn 0.25028494 -0.65335498 0.71448213
vn 0.14209677 -0.36907359 0.91847329
vn 0.12458946 -0.68342491 0.71931068
vn 0.14209677 -0.36907359 0.91847329
vn 0.07064174 -0.38389564 0.92067034
vn 0.25028494 -0.65335498 0.71448213
vn 0.36607009 -0.60489388 0.70717472
vn 0.20937912 -0.34473343 0.91505150
vn 0.25028494 -0.65335498 0.71448213
vn 0.20937912 -0.34473343 0.91505150
vn 0.14209677 -0.36907359 0.91847329
vn 0.36607009 -0.60489388 0.70717472
vn 0.46847115 -0.54117560 0.69832926
vn 0.27068278 -0.31179057 0.91077850
vn 0.36607009 -0.60489388 0.70717472
vn 0.27068278 -0.31179057 0.91077850
vn 0.20937912 -0.34473343 0.91505150
vn 0.46847115 -0.54117560 0.69832926
vn 0.55544049 -0.46562694 0.68896837
vn 0.32453830 -0.27138909 0.90610311
vn 0.46847115 -0.54117560 0.69832926
vn 0.32453830 -0.27138909 0.90610311
vn 0.27068278 -0.31179057 0.91077850
vn 0.55544049 -0.46562694 0.68896837
vn 0.62613218 -0.38144616 0.68004215
vn 0.36983059 -0.22479757 0.90149397
vn 0.55544049 -0.46562694 0.68896837
vn 0.36983059 -0.22479757 0.90149397
vn 0.32453830 -0.27138909 0.90610311
vn 0.62613218 -0.38144616 0.68004215
vn 0.68051083 -0.29131811 0.67233829
vn 0.40577094 -0.17332166 0.89739041
vn 0.62613218 -0.38144616 0.68004215
vn 0.40577094 -0.17332166 0.89739041
vn 0.36983059 -0.22479757 0.90149397
vn 0.68051083 -0.29131811 0.67233829
vn 0.71895708 -0.19734580 0.66644981
vn 0.43184168 -0.11824521 0.89416488
vn 0.68051083 -0.29131811 0.67233829
vn 0.43184168 -0.11824521 0.89416488
vn 0.40577094 -0.17332166 0.89739041
vn 0.71895708 -0.19734580 0.66644981
vn 0.74195603 -0.10112376 0.66277842
vn 0.44773261 -0.06080270 0.89209783
vn 0.71895708 -0.19734580 0.66644981
vn 0.44773261 -0.06080270 0.89209783
vn 0.43184168 -0.11824521 0.89416488
vn 0.74195603 -0.10112376 0.66277842
vn 0.74988961 -0.00388284 0.66155159
vn 0.45328479 -0.00217842 0.89136309
vn 0.74195603 -0.10112376 0.66277842
vn 0.45328479 -0.00217842 0.89136309
vn 0.44773261 -0.06080270 0.89209783
vn 0.45328479 -0.00217842 0.89136309
vn 0.44845236 0.05647522 0.89202076
vn 0.29082799 0.03679878 0.95606743
vn 0.45328479 -0.00217842 0.89136309
vn 0.29082799 0.03679878 0.95606743
vn 0.29412431 -0.00123314 0.95576638
vn 0.44845236 0.05647522 0.89202076
vn 0.43328781 0.11400949 0.89401539
vn 0.28055917 0.07399745 0.95698011
vn 0.44845236 0.05647522 0.89202076
vn 0.28055917 0.07399745 0.95698011
vn 0.29082799 0.03679878 0.95606743
vn 0.43328781 0.11400949 0.89401539
vn 0.40795263 0.16925057 0.89717830
vn 0.26351168 0.10951035 0.95842010
vn 0.43328781 0.11400949 0.89401539
vn 0.26351168 0.10951035 0.95842010
vn 0.28055917 0.07399745 0.95698011
vn 0.40795263 0.16925057 0.89717830
vn 0.37275171 0.22097938 0.90123486
vn 0.24001810 0.14249788 0.96025292
vn 0.40795263 0.16925057 0.89717830
vn 0.24001810 0.14249788 0.96025292
vn 0.26351168 0.10951035 0.95842010
vn 0.37275171 0.22097938 0.90123486
vn 0.32818644 0.26792903 0.90581880
vn 0.21055968 0.17214614 0.96230470
vn 0.37275171 0.22097938 0.90123486
vn 0.21055968 0.17214614 0.96230470
vn 0.24001810 0.14249788 0.96025292
vn 0.32818644 0.26792903 0.90581880
vn 0.27501685 0.30880777 0.91049629
vn 0.17577517 0.19768665 0.96437704
vn 0.32818644 0.26792903 0.90581880
vn 0.17577517 0.19768665 0.96437704
vn 0.21055968 0.17214614 0.96230470
vn 0.27501685 0.30880777 0.91049629
vn 0.21431836 0.34235215 0.91480197
vn 0.13646426 0.21842279 0.96626549
vn 0.27501685 0.30880777 0.91049629
vn 0.13646426 0.21842279 0.96626549
vn 0.17577517 0.19768665 0.96437704
vn 0.21431836 0.34235215 0.91480197
vn 0.14751459 0.36740938 0.91828634
vn 0.09358113 0.23376134 0.96778004
vn 0.21431836 0.34235215 0.91480197
vn 0.09358113 0.23376134 0.96778004
vn 0.13646426 0.21842279 0.96626549
vn 0.14751459 0.36740938 0.91828634
vn 0.07636797 0.38303869 0.92057009
vn 0.04821502 0.24324529 0.96876573
vn 0.14751459 0.36740938 0.91828634
vn 0.04821502 0.24324529 0.96876573
vn 0.09358113 0.23376134 0.96778004
vn 0.07636797 0.38303869 0.92057009
vn 0.00291645 0.38861288 0.92139651
vn 0.00155659 0.24658315 0.96912039
vn 0.07636797 0.38303869 0.92057009
vn 0.00155659 0.24658315 0.96912039
vn 0.04821502 0.24324529 0.96876573
vn 0.00291645 0.38861288 0.92139651
vn -0.07064174 0.38389564 0.92067034
vn -0.04514767 0.24366968 0.96880688
vn 0.00291645 0.38861288 0.92139651
vn -0.04514767 0.24366968 0.96880688
vn 0.00155659 0.24658315 0.96912039
vn -0.07064174 0.38389564 0.92067034
vn -0.14209677 0.36907359 0.91847329
vn -0.09064842 0.23459384 0.96785774
vn -0.07064174 0.38389564 0.92067034
vn -0.09064842 0.23459384 0.96785774
vn -0.04514767 0.24366968 0.96880688
vn -0.14209677 0.36907359 0.91847329
vn -0.20937912 0.34473343 0.91505150
vn -0.13374685 0.21963262 0.96637120
vn -0.14209677 0.36907359 0.91847329
vn -0.13374685 0.21963262 0.96637120
vn -0.09064842 0.23459384 0.96785774
vn -0.20937912 0.34473343 0.91505150
vn -0.27068278 0.31179057 0.91077850
vn -0.17334180 0.19923175 0.96449952
vn -0.20937912 0.34473343 0.91505150
vn -0.17334180 0.19923175 0.96449952
vn -0.13374685 0.21963262 0.96637120
vn -0.27068278 0.31179057 0.91077850
vn -0.32453830 0.27138909 0.90610311
vn -0.20846521 0.17397702 0.96243143
vn -0.27068278 0.31179057 0.91077850
vn -0.20846521 0.17397702 0.96243143
vn -0.17334180 0.19923175 0.96449952
vn -0.32453830 0.27138909 0.90610311
vn -0.36983059 0.22479757 0.90149397
vn -0.23830350 0.14456128 0.96037153
vn -0.32453830 0.27138909 0.90610311
vn -0.23830350 0.14456128 0.96037153
vn -0.20846521 0.17397702 0.96243143
vn -0.36983059 0.22479757 0.90149397
vn -0.40577094 0.17332166 0.89739041
vn -0.26220548 0.11175224 0.95851955
vn -0.36983059 0.22479757 0.90149397
vn -0.26220548 0.11175224 0.95851955
vn -0.23830350 0.14456128 0.96037153
vn -0.40577094 0.17332166 0.89739041
vn -0.43184168 0.11824521 0.89416488
vn -0.27967973 0.07636484 0.95705154
vn -0.40577094 0.17332166 0.89739041
vn -0.27967973 0.07636484 0.95705154
vn -0.26220548 0.11175224 0.95851955
vn -0.43184168 0.11824521 0.89416488
vn -0.44773261 0.06080270 0.89209783
vn -0.29038589 0.03924048 0.95610471
vn -0.43184168 0.11824521 0.89416488
vn -0.29038589 0.03924048 0.95610471
vn -0.27967973 0.07636484 0.95705154
vn -0.44773261 0.06080270 0.89209783
vn -0.45328479 0.00217842 0.89136309
vn -0.29412431 0.00123314 0.95576638
vn -0.44773261 0.06080270 0.89209783
vn -0.29412431 0.00123314 0.95576638
vn -0.29038589 0.03924048 0.95610471
vn -0.45328479 0.00217842 0.89136309
vn -0.44845236 -0.05647522 0.89202076
vn -0.29082799 -0.03679878 0.95606743
vn -0.45328479 0.00217842 0.89136309
vn -0.29082799 -0.03679878 0.95606743
vn -0.29412431 0.00123314 0.95576638
vn -0.44845236 -0.05647522 0.89202076
vn -0.43328781 -0.11400949 0.89401539
vn -0.28055917 -0.07399745 0.95698011
vn -0.44845236 -0.05647522 0.89202076
vn -0.28055917 -0.07399745 0.95698011
vn -0.29082799 -0.03679878 0.95606743
vn -0.43328781 -0.11400949 0.89401539
vn -0.40795263 -0.16925057 0.89717830
vn -0.26351168 -0.10951035 0.95842010
vn -0.43328781 -0.11400949 0.89401539
vn -0.26351168 -0.10951035 0.95842010
vn -0.28055917 -0.07399745 0.95698011
vn -0.40795263 -0.16925057 0.89717830
vn -0.37275171 -0.22097938 0.90123486
vn -0.24001810 -0.14249788 0.96025292
vn -0.40795263 -0.16925057 0.89717830
vn -0.24001810 -0.14249788 0.96025292
vn -0.26351168 -0.10951035 0.95842010
vn -0.37275171 -0.22097938 0.90123486
vn -0.32818644 -0.26792903 0.90581880
vn -0.21055968 -0.17214614 0.96230470
vn -0.37275171 -0.22097938 0.90123486
vn -0.21055968 -0.17214614 0.96230470
vn -0.24001810 -0.14249788 0.96025292
vn -0.32818644 -0.26792903 0.90581880
vn -0.27501685 -0.30880777 0.91049629
vn -0.17577517 -0.19768665 0.96437704
vn -0.32818644 -0.26792903 0.90581880
vn -0.17577517 -0.19768665 0.96437704
vn -0.21055968 -0.17214614 0.96230470
vn -0.27501685 -0.30880777 0.91049629
vn -0.21431836 -0.34235215 0.91480197
vn -0.13646426 -0.21842279 0.96626549
vn -0.27501685 -0.30880777 0.91049629
vn -0.13646426 -0.21842279 0.96626549
vn -0.17577517 -0.19768665 0.96437704
vn -0.21431836 -0.34235215 0.91480197
vn -0.14751459 -0.36740938 0.91828634
vn -0.09358113 -0.23376134 0.96778004
vn -0.21431836 -0.34235215 0.91480197
vn -0.09358113 -0.23376134 0.96778004
vn -0.13646426 -0.21842279 0.96626549
vn -0.14751459 -0.36740938 0.91828634
vn -0.07636797 -0.38303869 0.92057009
vn -0.04821502 -0.24324529 0.96876573
vn -0.14751459 -0.36740938 0.91828634
vn -0.04821502 -0.24324529 0.96876573
vn -0.09358113 -0.23376134 0.96778004
vn -0.07636797 -0.38303869 0.92057009
vn -0.00291645 -0.38861288 0.92139651
vn -0.00155659 -0.24658315 0.96912039
vn -0.07636797 -0.38303869 0.92057009
vn -0.00155659 -0.24658315 0.96912039
vn -0.04821502 -0.24324529 0.96876573
vn -0.00291645 -0.38861288 0.92139651
vn 0.07064174 -0.38389564 0.92067034
vn 0.04514767 -0.24366968 0.96880688
vn -0.00291645 -0.38861288 0.92139651
vn 0.04514767 -0.24366968 0.96880688
vn -0.00155659 -0.24658315 0.96912039
vn 0.07064174 -0.38389564 0.92067034
vn 0.14209677 -0.36907359 0.91847329
vn 0.09064842 -0.23459384 0.96785774
vn 0.07064174 -0.38389564 0.92067034
vn 0.09064842 -0.23459384 0.96785774
vn 0.04514767 -0.24366968 0.96880688
vn 0.14209677 -0.36907359 0.91847329
vn 0.20937912 -0.34473343 0.91505150
vn 0.13374685 -0.21963262 0.96637120
vn 0.14209677 -0.36907359 0.91847329
vn 0.13374685 -0.21963262 0.96637120
vn 0.09064842 -0.23459384 0.96785774
vn 0.20937912 -0.34473343 0.91505150
vn 0.27068278 -0.31179057 0.91077850
vn 0.17334180 -0.19923175 0.96449952
vn 0.20937912 -0.34473343 0.91505150
vn 0.17334180 -0.19923175 0.96449952
vn 0.13374685 -0.21963262 0.96637120
vn 0.27068278 -0.31179057 0.91077850
vn 0.32453830 -0.27138909 0.90610311
vn 0.20846521 -0.17397702 0.96243143
vn 0.27068278 -0.31179057 0.91077850
vn 0.20846521 -0.17397702 0.96243143
vn 0.17334180 -0.19923175 0.96449952
vn 0.32453830 -0.27138909 0.90610311
vn 0.36983059 -0.22479757 0.90149397
vn 0.23830350 -0.14456128 0.96037153
vn 0.32453830 -0.27138909 0.90610311
vn 0.23830350 -0.14456128 0.96037153
vn 0.20846521 -0.17397702 0.96243143
vn 0.36983059 -0.22479757 0.90149397
vn 0.40577094 -0.17332166 0.89739041
vn 0.26220548 -0.11175224 0.95851955
vn 0.36983059 -0.22479757 0.90149397
vn 0.26220548 -0.11175224 0.95851955
vn 0.23830350 -0.14456128 0.96037153
vn 0.40577094 -0.17332166 0.89739041
vn 0.43184168 -0.11824521 0.89416488
vn 0.27967973 -0.07636484 0.95705154
vn 0.40577094 -0.17332166 0.89739041
vn 0.27967973 -0.07636484 0.95705154
vn 0.26220548 -0.11175224 0.95851955
vn 0.43184168 -0.11824521 0.89416488
vn 0.44773261 -0.06080270 0.89209783
vn 0.29038589 -0.03924048 0.95610471
vn 0.43184168 -0.11824521 0.89416488
vn 0.29038589 -0.03924048 0.95610471
vn 0.27967973 -0.07636484 0.95705154
vn 0.44773261 -0.06080270 0.89209783
vn 0.45328479 -0.00217842 0.89136309
vn 0.29412431 -0.00123314 0.95576638
vn 0.44773261 -0.06080270 0.89209783
vn 0.29412431 -0.00123314 0.95576638
vn 0.29038589 -0.03924048 0.95610471
vn 0.29412431 -0.00123314 0.95576638
vn 0.29082799 0.03679878 0.95606743
vn 0.19723967 0.02498065 0.98003698
vn 0.29412431 -0.00123314 0.95576638
vn 0.19723967 0.02498065 0.98003698
vn 0.19951398 -0.00081078 0.97989464
vn 0.29082799 0.03679878 0.95606743
vn 0.28055917 0.07399745 0.95698011
vn 0.19016716 0.05017961 0.98046849
vn 0.29082799 0.03679878 0.95606743
vn 0.19016716 0.05017961 0.98046849
vn 0.19723967 0.02498065 0.98003698
vn 0.28055917 0.07399745 0.95698011
vn 0.26351168 0.10951035 0.95842010
vn 0.17845200 0.07418520 0.98114802
vn 0.28055917 0.07399745 0.95698011
vn 0.17845200 0.07418520 0.98114802
vn 0.19016716 0.05017961 0.98046849
vn 0.26351168 0.10951035 0.95842010
vn 0.24001810 0.14249788 0.96025292
vn 0.16235537 0.09641681 0.98201045
vn 0.26351168 0.10951035 0.95842010
vn 0.16235537 0.09641681 0.98201045
vn 0.17845200 0.07418520 0.98114802
vn 0.24001810 0.14249788 0.96025292
vn 0.21055968 0.17214614 0.96230470
vn 0.14224347 0.11632617 0.98297254
vn 0.24001810 0.14249788 0.96025292
vn 0.14224347 0.11632617 0.98297254
vn 0.16235537 0.09641681 0.98201045
vn 0.21055968 0.17214614 0.96230470
vn 0.17577517 0.19768665 0.96437704
vn 0.11858502 0.13341089 0.98394061
vn 0.21055968 0.17214614 0.96230470
vn 0.11858502 0.13341089 0.98394061
vn 0.14224347 0.11632617 0.98297254
vn 0.17577517 0.19768665 0.96437704
vn 0.13646426 0.21842279 0.96626549
vn 0.09194550 0.14722939 0.98481954
vn 0.17577517 0.19768665 0.96437704
vn 0.09194550 0.14722939 0.98481954
vn 0.11858502 0.13341089 0.98394061
vn 0.13646426 0.21842279 0.96626549
vn 0.09358113 0.23376134 0.96778004
vn 0.06297713 0.15741626 0.98552220
vn 0.13646426 0.21842279 0.96626549
vn 0.06297713 0.15741626 0.98552220
vn 0.09194550 0.14722939 0.98481954
vn 0.09358113 0.23376134 0.96778004
vn 0.04821502 0.24324529 0.96876573
vn 0.03240370 0.16369677 0.98597838
vn 0.09358113 0.23376134 0.96778004
vn 0.03240370 0.16369677 0.98597838
vn 0.06297713 0.15741626 0.98552220
vn 0.04821502 0.24324529 0.96876573
vn 0.00155659 0.24658315 0.96912039
vn 0.00100058 0.16589895 0.98614225
vn 0.04821502 0.24324529 0.96876573
vn 0.00100058 0.16589895 0.98614225
vn 0.03240370 0.16369677 0.98597838
vn 0.00155659 0.24658315 0.96912039
vn -0.04514767 0.24366968 0.96880688
vn -0.03042936 0.16396176 0.98599726
vn 0.00155659 0.24658315 0.96912039
vn -0.03042936 0.16396176 0.98599726
vn 0.00100058 0.16589895 0.98614225
vn -0.04514767 0.24366968 0.96880688
vn -0.09064842 0.23459384 0.96785774
vn -0.06108211 0.15793806 0.98555799
vn -0.04514767 0.24366968 0.96880688
vn -0.06108211 0.15793806 0.98555799
vn -0.03042936 0.16396176 0.98599726
vn -0.09064842 0.23459384 0.96785774
vn -0.13374685 0.21963262 0.96637120
vn -0.09017899 0.14799219 0.98486855
vn -0.09064842 0.23459384 0.96785774
vn -0.09017899 0.14799219 0.98486855
vn -0.06108211 0.15793806 0.98555799
vn -0.13374685 0.21963262 0.96637120
vn -0.17334180 0.19923175 0.96449952
vn -0.11699113 0.13439233 0.98399785
vn -0.13374685 0.21963262 0.96637120
vn -0.11699113 0.13439233 0.98399785
vn -0.09017899 0.14799219 0.98486855
vn -0.17334180 0.19923175 0.96449952
vn -0.20846521 0.17397702 0.96243143
vn -0.14086004 0.11749870 0.98303230
vn -0.17334180 0.19923175 0.96449952
vn -0.14086004 0.11749870 0.98303230
vn -0.11699113 0.13439233 0.98399785
vn -0.20846521 0.17397702 0.96243143
vn -0.23830350 0.14456128 0.96037153
vn -0.16121336 0.09774908 0.98206689
vn -0.20846521 0.17397702 0.96243143
vn -0.16121336 0.09774908 0.98206689
vn -0.14086004 0.11749870 0.98303230
vn -0.23830350 0.14456128 0.96037153
vn -0.26220548 0.11175224 0.95851955
vn -0.17757546 0.07564337 0.98119572
vn -0.23830350 0.14456128 0.96037153
vn -0.17757546 0.07564337 0.98119572
vn -0.16121336 0.09774908 0.98206689
vn -0.26220548 0.11175224 0.95851955
vn -0.27967973 0.07636484 0.95705154
vn -0.18957349 0.05172839 0.98050297
vn -0.26220548 0.11175224 0.95851955
vn -0.18957349 0.05172839 0.98050297
vn -0.17757546 0.07564337 0.98119572
vn -0.27967973 0.07636484 0.95705154
vn -0.29038589 0.03924048 0.95610471
vn -0.19694009 0.02658399 0.98005505
vn -0.27967973 0.07636484 0.95705154
vn -0.19694009 0.02658399 0.98005505
vn -0.18957349 0.05172839 0.98050297
vn -0.29038589 0.03924048 0.95610471
vn -0.29412431 0.00123314 0.95576638
vn -0.19951398 0.00081078 0.97989464
vn -0.29038589 0.03924048 0.95610471
vn -0.19951398 0.00081078 0.97989464
vn -0.19694009 0.02658399 0.98005505
vn -0.29412431 0.00123314 0.95576638
vn -0.29082799 -0.03679878 0.95606743
vn -0.19723967 -0.02498065 0.98003698
vn -0.29412431 0.00123314 0.95576638
vn -0.19723967 -0.02498065 0.98003698
vn -0.19951398 0.00081078 0.97989464
vn -0.29082799 -0.03679878 0.95606743
vn -0.28055917 -0.07399745 0.95698011
vn -0.19016716 -0.05017961 0.98046849
vn -0.29082799 -0.03679878 0.95606743
vn -0.19016716 -0.05017961 0.98046849
vn -0.19723967 -0.02498065 0.98003698
vn -0.28055917 -0.07399745 0.95698011
vn -0.26351168 -0.10951035 0.95842010
vn -0.17845200 -0.07418520 0.98114802
vn -0.28055917 -0.07399745 0.95698011
vn -0.17845200 -0.07418520 0.98114802
vn -0.19016716 -0.05017961 0.98046849
vn -0.26351168 -0.10951035 0.95842010
vn -0.24001810 -0.14249788 0.96025292
vn -0.16235537 -0.09641681 0.98201045
vn -0.26351168 -0.10951035 0.95842010
vn -0.16235537 -0.09641681 0.98201045
vn -0.17845200 -0.07418520 0.98114802
vn -0.24001810 -0.14249788 0.96025292
vn -0.21055968 -0.17214614 0.96230470
vn -0.14224347 -0.11632617 0.98297254
vn -0.24001810 -0.14249788 0.96025292
vn -0.14224347 -0.11632617 0.98297254
vn -0.16235537 -0.09641681 0.98201045
vn -0.21055968 -0.17214614 0.96230470
vn -0.17577517 -0.19768665 0.96437704
vn -0.11858502 -0.13341089 0.98394061
vn -0.21055968 -0.17214614 0.96230470
vn -0.11858502 -0.13341089 0.98394061
vn -0.14224347 -0.11632617 0.98297254
vn -0.17577517 -0.19768665 0.96437704
vn -0.13646426 -0.21842279 0.96626549
vn -0.09194550 -0.14722939 0.98481954
vn -0.17577517 -0.19768665 0.96437704
vn -0.09194550 -0.14722939 0.98481954
vn -0.11858502 -0.13341089 0.98394061
vn -0.13646426 -0.21842279 0.96626549
vn -0.09358113 -0.23376134 0.96778004
vn -0.06297713 -0.15741626 0.98552220
vn -0.13646426 -0.21842279 0.96626549
vn -0.06297713 -0.15741626 0.98552220
vn -0.09194550 -0.14722939 0.98481954
vn -0.09358113 -0.23376134 0.96778004
vn -0.04821502 -0.24324529 0.96876573
vn -0.03240370 -0.16369677 0.98597838
vn -0.09358113 -0.23376134 0.96778004
vn -0.03240370 -0.16369677 0.98597838
vn -0.06297713 -0.15741626 0.98552220
vn -0.04821502 -0.24324529 0.96876573
vn -0.00155659 -0.24658315 0.96912039
vn -0.00100058 -0.16589895 0.98614225
vn -0.04821502 -0.24324529 0.96876573
vn -0.00100058 -0.16589895 0.98614225
vn -0.03240370 -0.16369677 0.98597838
vn -0.00155659 -0.24658315 0.96912039
vn 0.04514767 -0.24366968 0.96880688
vn 0.03042936 -0.16396176 0.98599726
vn -0.00155659 -0.24658315 0.96912039
vn 0.03042936 -0.16396176 0.98599726
vn -0.00100058 -0.16589895 0.98614225
vn 0.04514767 -0.24366968 0.96880688
vn 0.09064842 -0.23459384 0.96785774
vn 0.06108211 -0.15793806 0.98555799
vn 0.04514767 -0.24366968 0.96880688
vn 0.06108211 -0.15793806 0.98555799
vn 0.03042936 -0.16396176 0.98599726
vn 0.09064842 -0.23459384 0.96785774
vn 0.13374685 -0.21963262 0.96637120
vn 0.09017899 -0.14799219 0.98486855
vn 0.09064842 -0.23459384 0.96785774
vn 0.09017899 -0.14799219 0.98486855
vn 0.06108211 -0.15793806 0.98555799
vn 0.13374685 -0.21963262 0.96637120
vn 0.17334180 -0.19923175 0.96449952
vn 0.11699113 -0.13439233 0.98399785
vn 0.13374685 -0.21963262 0.96637120
vn 0.11699113 -0.13439233 0.98399785
vn 0.09017899 -0.14799219 0.98486855
vn 0.17334180 -0.19923175 0.96449952
vn 0.20846521 -0.17397702 0.96243143
vn 0.14086004 -0.11749870 0.98303230
vn 0.17334180 -0.19923175 0.96449952
vn 0.14086004 -0.11749870 0.98303230
vn 0.11699113 -0.13439233 0.98399785
vn 0.20846521 -0.17397702 0.96243143
vn 0.23830350 -0.14456128 0.96037153
vn 0.16121336 -0.09774908 0.98206689
vn 0.20846521 -0.17397702 0.96243143
vn 0.16121336 -0.09774908 0.98206689
vn 0.14086004 -0.11749870 0.98303230
vn 0.23830350 -0.14456128 0.96037153
vn 0.26220548 -0.11175224 0.95851955
vn 0.17757546 -0.07564337 0.98119572
vn 0.23830350 -0.14456128 0.96037153
vn 0.17757546 -0.07564337 0.98119572
vn 0.16121336 -0.09774908 0.98206689
vn 0.26220548 -0.11175224 0.95851955
vn 0.27967973 -0.07636484 0.95705154
vn 0.18957349 -0.05172839 0.98050297
vn 0.26220548 -0.11175224 0.95851955
vn 0.18957349 -0.05172839 0.98050297
vn 0.17757546 -0.07564337 0.98119572
vn 0.27967973 -0.07636484 0.95705154
vn 0.29038589 -0.03924048 0.95610471
vn 0.19694009 -0.02658399 0.98005505
vn 0.27967973 -0.07636484 0.95705154
vn 0.19694009 -0.02658399 0.98005505
vn 0.18957349 -0.05172839 0.98050297
vn 0.29038589 -0.03924048 0.95610471
vn 0.29412431 -0.00123314 0.95576638
vn 0.19951398 -0.00081078 0.97989464
vn 0.29038589 -0.03924048 0.95610471
vn 0.19951398 -0.00081078 0.97989464
vn 0.19694009 -0.02658399 0.98005505
vn 0.19951398 -0.00081078 0.97989464
vn 0.19723967 0.02498065 0.98003698
vn 0.13265592 0.01674166 0.99102075
vn 0.19951398 -0.00081078 0.97989464
vn 0.13265592 0.01674166 0.99102075
vn 0.13418502 -0.00060327 0.99095611
vn 0.19723967 0.02498065 0.98003698
vn 0.19016716 0.05017961 0.98046849
vn 0.12787846 0.03368130 0.99121777
vn 0.19723967 0.02498065 0.98003698
vn 0.12787846 0.03368130 0.99121777
vn 0.13265592 0.01674166 0.99102075
vn 0.19016716 0.05017961 0.98046849
vn 0.17845200 0.07418520 0.98114802
vn 0.11996453 0.04980456 0.99152812
vn 0.19016716 0.05017961 0.98046849
vn 0.11996453 0.04980456 0.99152812
vn 0.12787846 0.03368130 0.99121777
vn 0.17845200 0.07418520 0.98114802
vn 0.16235537 0.09641681 0.98201045
vn 0.10910054 0.06471767 0.99192172
vn 0.17845200 0.07418520 0.98114802
vn 0.10910054 0.06471767 0.99192172
vn 0.11996453 0.04980456 0.99152812
vn 0.16235537 0.09641681 0.98201045
vn 0.14224347 0.11632617 0.98297254
vn 0.09554473 0.07805312 0.99236028
vn 0.16235537 0.09641681 0.98201045
vn 0.09554473 0.07805312 0.99236028
vn 0.10910054 0.06471767 0.99192172
vn 0.14224347 0.11632617 0.98297254
vn 0.11858502 0.13341089 0.98394061
vn 0.07962273 0.08947879 0.99280097
vn 0.14224347 0.11632617 0.98297254
vn 0.07962273 0.08947879 0.99280097
vn 0.09554473 0.07805312 0.99236028
vn 0.11858502 0.13341089 0.98394061
vn 0.09194550 0.14722939 0.98481954
vn 0.06172138 0.09870694 0.99320059
vn 0.11858502 0.13341089 0.98394061
vn 0.06172138 0.09870694 0.99320059
vn 0.07962273 0.08947879 0.99280097
vn 0.09194550 0.14722939 0.98481954
vn 0.06297713 0.15741626 0.98552220
vn 0.04228037 0.10550264 0.99351979
vn 0.09194550 0.14722939 0.98481954
vn 0.04228037 0.10550264 0.99351979
vn 0.06172138 0.09870694 0.99320059
vn 0.06297713 0.15741626 0.98552220
vn 0.03240370 0.16369677 0.98597838
vn 0.02178162 0.10969128 0.99372702
vn 0.06297713 0.15741626 0.98552220
vn 0.02178162 0.10969128 0.99372702
vn 0.04228037 0.10550264 0.99351979
vn 0.03240370 0.16369677 0.98597838
vn 0.00100058 0.16589895 0.98614225
vn 0.00073677 0.11116446 0.99380175
vn 0.03240370 0.16369677 0.98597838
vn 0.00073677 0.11116446 0.99380175
vn 0.02178162 0.10969128 0.99372702
vn 0.00100058 0.16589895 0.98614225
vn -0.03042936 0.16396176 0.98599726
vn -0.02032695 0.10988380 0.99373657
vn 0.00100058 0.16589895 0.98614225
vn -0.02032695 0.10988380 0.99373657
vn 0.00073677 0.11116446 0.99380175
vn -0.03042936 0.16396176 0.98599726
vn -0.06108211 0.15793806 0.98555799
vn -0.04088167 0.10588238 0.99353793
vn -0.03042936 0.16396176 0.98599726
vn -0.04088167 0.10588238 0.99353793
vn -0.02032695 0.10988380 0.99373657
vn -0.06108211 0.15793806 0.98555799
vn -0.09017899 0.14799219 0.98486855
vn -0.06041395 0.09926359 0.99322550
vn -0.06108211 0.15793806 0.98555799
vn -0.06041395 0.09926359 0.99322550
vn -0.04088167 0.10588238 0.99353793
vn -0.09017899 0.14799219 0.98486855
vn -0.11699113 0.13439233 0.98399785
vn -0.07843897 0.09019745 0.99283017
vn -0.09017899 0.14799219 0.98486855
vn -0.07843897 0.09019745 0.99283017
vn -0.06041395 0.09926359 0.99322550
vn -0.11699113 0.13439233 0.98399785
vn -0.14086004 0.11749870 0.98303230
vn -0.09451333 0.07891496 0.99239088
vn -0.11699113 0.13439233 0.98399785
vn -0.09451333 0.07891496 0.99239088
vn -0.07843897 0.09019745 0.99283017
vn -0.14086004 0.11749870 0.98303230
vn -0.16121336 0.09774908 0.98206689
vn -0.10824588 0.06570064 0.99195073
vn -0.14086004 0.11749870 0.98303230
vn -0.10824588 0.06570064 0.99195073
vn -0.09451333 0.07891496 0.99239088
vn -0.16121336 0.09774908 0.98206689
vn -0.17757546 0.07564337 0.98119572
vn -0.11930627 0.05088410 0.99155273
vn -0.16121336 0.09774908 0.98206689
vn -0.11930627 0.05088410 0.99155273
vn -0.10824588 0.06570064 0.99195073
vn -0.17757546 0.07564337 0.98119572
vn -0.18957349 0.05172839 0.98050297
vn -0.12743141 0.03483102 0.99123561
vn -0.17757546 0.07564337 0.98119572
vn -0.12743141 0.03483102 0.99123561
vn -0.11930627 0.05088410 0.99155273
vn -0.18957349 0.05172839 0.98050297
vn -0.19694009 0.02658399 0.98005505
vn -0.13242994 0.01793395 0.99103011
vn -0.18957349 0.05172839 0.98050297
vn -0.13242994 0.01793395 0.99103011
vn -0.12743141 0.03483102 0.99123561
vn -0.19694009 0.02658399 0.98005505
vn -0.19951398 0.00081078 0.97989464
vn -0.13418502 0.00060327 0.99095611
vn -0.19694009 0.02658399 0.98005505
vn -0.13418502 0.00060327 0.99095611
vn -0.13242994 0.01793395 0.99103011
vn -0.19951398 0.00081078 0.97989464
vn -0.19723967 -0.02498065 0.98003698
vn -0.13265592 -0.01674166 0.99102075
vn -0.19951398 0.00081078 0.97989464
vn -0.13265592 -0.01674166 0.99102075
vn -0.13418502 0.00060327 0.99095611
vn -0.19723967 -0.02498065 0.98003698
vn -0.19016716 -0.05017961 0.98046849
vn -0.12787846 -0.03368130 0.99121777
vn -0.19723967 -0.02498065 0.98003698
vn -0.12787846 -0.03368130 0.99121777
vn -0.13265592 -0.01674166 0.99102075
vn -0.19016716 -0.05017961 0.98046849
vn -0.17845200 -0.07418520 0.98114802
vn -0.11996453 -0.04980456 0.99152812
vn -0.19016716 -0.05017961 0.98046849
vn -0.11996453 -0.04980456 0.99152812
vn -0.12787846 -0.03368130 0.99121777
vn -0.17845200 -0.07418520 0.98114802
vn -0.16235537 -0.09641681 0.98201045
vn -0.10910054 -0.06471767 0.99192172
vn -0.17845200 -0.07418520 0.98114802
vn -0.10910054 -0.06471767 0.99192172
vn -0.11996453 -0.04980456 0.99152812
vn -0.16235537 -0.09641681 0.98201045
vn -0.14224347 -0.11632617 0.98297254
vn -0.09554473 -0.07805312 0.99236028
vn -0.16235537 -0.09641681 0.98201045
vn -0.09554473 -0.07805312 0.99236028
vn -0.10910054 -0.06471767 0.99192172
vn -0.14224347 -0.11632617 0.98297254
vn -0.11858502 -0.13341089 0.98394061
vn -0.07962273 -0.08947879 0.99280097
vn -0.14224347 -0.11632617 0.98297254
vn -0.07962273 -0.08947879 0.99280097
vn -0.09554473 -0.07805312 0.99236028
vn -0.11858502 -0.13341089 0.98394061
vn -0.09194550 -0.14722939 0.98481954
vn -0.06172138 -0.09870694 0.99320059
vn -0.11858502 -0.13341089 0.98394061
vn -0.06172138 -0.09870694 0.99320059
vn -0.07962273 -0.08947879 0.99280097
vn -0.09194550 -0.14722939 0.98481954
vn -0.06297713 -0.15741626 0.98552220
vn -0.04228037 -0.10550264 0.99351979
vn -0.09194550 -0.14722939 0.98481954
vn -0.04228037 -0.10550264 0.99351979
vn -0.06172138 -0.09870694 0.99320059
vn -0.06297713 -0.15741626 0.98552220
vn -0.03240370 -0.16369677 0.98597838
vn -0.02178162 -0.10969128 0.99372702
vn -0.06297713 -0.15741626 0.98552220
vn -0.02178162 -0.10969128 0.99372702
vn -0.04228037 -0.10550264 0.99351979
vn -0.03240370 -0.16369677 0.98597838
vn -0.00100058 -0.16589895 0.98614225
vn -0.00073677 -0.11116446 0.99380175
vn -0.03240370 -0.16369677 0.98597838
vn -0.00073677 -0.11116446 0.99380175
vn -0.02178162 -0.10969128 0.99372702
vn -0.00100058 -0.16589895 0.98614225
vn 0.03042936 -0.16396176 0.98599726
vn 0.02032695 -0.10988380 0.99373657
vn -0.00100058 -0.16589895 0.98614225
vn 0.02032695 -0.10988380 0.99373657
vn -0.00073677 -0.11116446 0.99380175
vn 0.03042936 -0.16396176 0.98599726
vn 0.06108211 -0.15793806 0.98555799
vn 0.04088167 -0.10588238 0.99353793
vn 0.03042936 -0.16396176 0.98599726
vn 0.04088167 -0.10588238 0.99353793
vn 0.02032695 -0.10988380 0.99373657
vn 0.06108211 -0.15793806 0.98555799
vn 0.09017899 -0.14799219 0.98486855
vn 0.06041395 -0.09926359 0.99322550
vn 0.06108211 -0.15793806 0.98555799
vn 0.06041395 -0.09926359 0.99322550
vn 0.04088167 -0.10588238 0.99353793
vn 0.09017899 -0.14799219 0.98486855
vn 0.11699113 -0.13439233 0.98399785
vn 0.07843897 -0.09019745 0.99283017
vn 0.09017899 -0.14799219 0.98486855
vn 0.07843897 -0.09019745 0.99283017
vn 0.06041395 -0.09926359 0.99322550
vn 0.11699113 -0.13439233 0.98399785
vn 0.14086004 -0.11749870 0.98303230
vn 0.09451333 -0.07891496 0.99239088
vn 0.11699113 -0.13439233 0.98399785
vn 0.09451333 -0.07891496 0.99239088
vn 0.07843897 -0.09019745 0.99283017
vn 0.14086004 -0.11749870 0.98303230
vn 0.16121336 -0.09774908 0.98206689
vn 0.10824588 -0.06570064 0.99195073
vn 0.14086004 -0.11749870 0.98303230
vn 0.10824588 -0.06570064 0.99195073
vn 0.09451333 -0.07891496 0.99239088
vn 0.16121336 -0.09774908 0.98206689
vn 0.17757546 -0.07564337 0.98119572
vn 0.11930627 -0.05088410 0.99155273
vn 0.16121336 -0.09774908 0.98206689
vn 0.11930627 -0.05088410 0.99155273
vn 0.10824588 -0.06570064 0.99195073
vn 0.17757546 -0.07564337 0.98119572
vn 0.18957349 -0.05172839 0.98050297
vn 0.12743141 -0.03483102 0.99123561
vn 0.17757546 -0.07564337 0.98119572
vn 0.12743141 -0.03483102 0.99123561
vn 0.11930627 -0.05088410 0.99155273
vn 0.18957349 -0.05172839 0.98050297
vn 0.19694009 -0.02658399 0.98005505
vn 0.13242994 -0.01793395 0.99103011
vn 0.18957349 -0.05172839 0.98050297
vn 0.13242994 -0.01793395 0.99103011
vn 0.12743141 -0.03483102 0.99123561
vn 0.19694009 -0.02658399 0.98005505
vn 0.19951398 -0.00081078 0.97989464
vn 0.13418502 -0.00060327 0.99095611
vn 0.19694009 -0.02658399 0.98005505
vn 0.13418502 -0.00060327 0.99095611
vn 0.13242994 -0.01793395 0.99103011
vn 0.13418502 -0.00060327 0.99095611
vn 0.13265592 0.01674166 0.99102075
vn 0.08251766 0.01029199 0.99653646
vn 0.13418502 -0.00060327 0.99095611
vn 0.08251766 0.01029199 0.99653646
vn 0.08344906 -0.00049559 0.99651192
vn 0.13265592 0.01674166 0.99102075
vn 0.12787846 0.03368130 0.99121777
vn 0.07955902 0.02082788 0.99661254
vn 0.13265592 0.01674166 0.99102075
vn 0.07955902 0.02082788 0.99661254
vn 0.08251766 0.01029199 0.99653646
vn 0.12787846 0.03368130 0.99121777
vn 0.11996453 0.04980456 0.99152812
vn 0.07464454 0.03085419 0.99673277
vn 0.12787846 0.03368130 0.99121777
vn 0.07464454 0.03085419 0.99673277
vn 0.07955902 0.02082788 0.99661254
vn 0.11996453 0.04980456 0.99152812
vn 0.10910054 0.06471767 0.99192172
vn 0.06789308 0.04012488 0.99688541
vn 0.11996453 0.04980456 0.99152812
vn 0.06789308 0.04012488 0.99688541
vn 0.07464454 0.03085419 0.99673277
vn 0.10910054 0.06471767 0.99192172
vn 0.09554473 0.07805312 0.99236028
vn 0.05946854 0.04841161 0.99705557
vn 0.10910054 0.06471767 0.99192172
vn 0.05946854 0.04841161 0.99705557
vn 0.06789308 0.04012488 0.99688541
vn 0.09554473 0.07805312 0.99236028
vn 0.07962273 0.08947879 0.99280097
vn 0.04957626 0.05550939 0.99722661
vn 0.09554473 0.07805312 0.99236028
vn 0.04957626 0.05550939 0.99722661
vn 0.05946854 0.04841161 0.99705557
vn 0.07962273 0.08947879 0.99280097
vn 0.06172138 0.09870694 0.99320059
vn 0.03845849 0.06124182 0.99738176
vn 0.07962273 0.08947879 0.99280097
vn 0.03845849 0.06124182 0.99738176
vn 0.04957626 0.05550939 0.99722661
vn 0.06172138 0.09870694 0.99320059
vn 0.04228037 0.10550264 0.99351979
vn 0.02638870 0.06546582 0.99750582
vn 0.06172138 0.09870694 0.99320059
vn 0.02638870 0.06546582 0.99750582
vn 0.03845849 0.06124182 0.99738176
vn 0.04228037 0.10550264 0.99351979
vn 0.02178162 0.10969128 0.99372702
vn 0.01366489 0.06807552 0.99758659
vn 0.04228037 0.10550264 0.99351979
vn 0.01366489 0.06807552 0.99758659
vn 0.02638870 0.06546582 0.99750582
vn 0.02178162 0.10969128 0.99372702
vn 0.00073677 0.11116446 0.99380175
vn 0.00060208 0.06900531 0.99761611
vn 0.02178162 0.10969128 0.99372702
vn 0.00060208 0.06900531 0.99761611
vn 0.01366489 0.06807552 0.99758659
vn 0.00073677 0.11116446 0.99380175
vn -0.02032695 0.10988380 0.99373657
vn -0.01247578 0.06823177 0.99759149
vn 0.00073677 0.11116446 0.99380175
vn -0.01247578 0.06823177 0.99759149
vn 0.00060208 0.06900531 0.99761611
vn -0.02032695 0.10988380 0.99373657
vn -0.04088167 0.10588238 0.99353793
vn -0.02524434 0.06577431 0.99751514
vn -0.02032695 0.10988380 0.99373657
vn -0.02524434 0.06577431 0.99751514
vn -0.01247578 0.06823177 0.99759149
vn -0.04088167 0.10588238 0.99353793
vn -0.06041395 0.09926359 0.99322550
vn -0.03738733 0.06169464 0.99739459
vn -0.04088167 0.10588238 0.99353793
vn -0.03738733 0.06169464 0.99739459
vn -0.02524434 0.06577431 0.99751514
vn -0.06041395 0.09926359 0.99322550
vn -0.07843897 0.09019745 0.99283017
vn -0.04860473 0.05609501 0.99724166
vn -0.06041395 0.09926359 0.99322550
vn -0.04860473 0.05609501 0.99724166
vn -0.03738733 0.06169464 0.99739459
vn -0.07843897 0.09019745 0.99283017
vn -0.09451333 0.07891496 0.99239088
vn -0.05862043 0.04911526 0.99707138
vn -0.07843897 0.09019745 0.99283017
vn -0.05862043 0.04911526 0.99707138
vn -0.04860473 0.05609501 0.99724166
vn -0.09451333 0.07891496 0.99239088
vn -0.10824588 0.06570064 0.99195073
vn -0.06718895 0.04092896 0.99690043
vn -0.09451333 0.07891496 0.99239088
vn -0.06718895 0.04092896 0.99690043
vn -0.05862043 0.04911526 0.99707138
vn -0.10824588 0.06570064 0.99195073
vn -0.11930627 0.05088410 0.99155273
vn -0.07410128 0.03173878 0.99674553
vn -0.10824588 0.06570064 0.99195073
vn -0.07410128 0.03173878 0.99674553
vn -0.06718895 0.04092896 0.99690043
vn -0.11930627 0.05088410 0.99155273
vn -0.12743141 0.03483102 0.99123561
vn -0.07918957 0.02177126 0.99662181
vn -0.11930627 0.05088410 0.99155273
vn -0.07918957 0.02177126 0.99662181
vn -0.07410128 0.03173878 0.99674553
vn -0.12743141 0.03483102 0.99123561
vn -0.13242994 0.01793395 0.99103011
vn -0.08233074 0.01127116 0.99654132
vn -0.12743141 0.03483102 0.99123561
vn -0.08233074 0.01127116 0.99654132
vn -0.07918957 0.02177126 0.99662181
vn -0.13242994 0.01793395 0.99103011
vn -0.13418502 0.00060327 0.99095611
vn -0.08344906 0.00049559 0.99651192
vn -0.13242994 0.01793395 0.99103011
vn -0.08344906 0.00049559 0.99651192
vn -0.08233074 0.01127116 0.99654132
vn -0.13418502 0.00060327 0.99095611
vn -0.13265592 -0.01674166 0.99102075
vn -0.08251766 -0.01029199 0.99653646
vn -0.13418502 0.00060327 0.99095611
vn -0.08251766 -0.01029199 0.99653646
vn -0.08344906 0.00049559 0.99651192
vn -0.13265592 -0.01674166 0.99102075
vn -0.12787846 -0.03368130 0.99121777
vn -0.07955902 -0.02082788 0.99661254
vn -0.13265592 -0.01674166 0.99102075
vn -0.07955902 -0.02082788 0.99661254
vn -0.08251766 -0.01029199 0.99653646
vn -0.12787846 -0.03368130 0.99121777
vn -0.11996453 -0.04980456 0.99152812
vn -0.07464454 -0.03085419 0.99673277
vn -0.12787846 -0.03368130 0.99121777
vn -0.07464454 -0.03085419 0.99673277
vn -0.07955902 -0.02082788 0.99661254
vn -0.11996453 -0.04980456 0.99152812
vn -0.10910054 -0.06471767 0.99192172
vn -0.06789308 -0.04012488 0.99688541
vn -0.11996453 -0.04980456 0.99152812
vn -0.06789308 -0.04012488 0.99688541
vn -0.07464454 -0.03085419 0.99673277
vn -0.10910054 -0.06471767 0.99192172
vn -0.09554473 -0.07805312 0.99236028
vn -0.05946854 -0.04841161 0.99705557
vn -0.10910054 -0.06471767 0.99192172
vn -0.05946854 -0.04841161 0.99705557
vn -0.06789308 -0.04012488 0.99688541
vn -0.09554473 -0.07805312 0.99236028
vn -0.07962273 -0.08947879 0.99280097
vn -0.04957626 -0.05550939 0.99722661
vn -0.09554473 -0.07805312 0.99236028
vn -0.04957626 -0.05550939 0.99722661
vn -0.05946854 -0.04841161 0.99705557
vn -0.07962273 -0.08947879 0.99280097
vn -0.06172138 -0.09870694 0.99320059
vn -0.03845849 -0.06124182 0.99738176
vn -0.07962273 -0.08947879 0.99280097
vn -0.03845849 -0.06124182 0.99738176
vn -0.04957626 -0.05550939 0.99722661
vn -0.06172138 -0.09870694 0.99320059
vn -0.04228037 -0.10550264 0.99351979
vn -0.02638870 -0.06546582 0.99750582
vn -0.06172138 -0.09870694 0.99320059
vn -0.02638870 -0.06546582 0.99750582
vn -0.03845849 -0.06124182 0.99738176
vn -0.04228037 -0.10550264 0.99351979
vn -0.02178162 -0.10969128 0.99372702
vn -0.01366489 -0.06807552 0.99758659
vn -0.04228037 -0.10550264 0.99351979
vn -0.01366489 -0.06807552 0.99758659
vn -0.02638870 -0.06546582 0.99750582
vn -0.02178162 -0.10969128 0.99372702
vn -0.00073677 -0.11116446 0.99380175
vn -0.00060208 -0.06900531 0.99761611
vn -0.02178162 -0.10969128 0.99372702
vn -0.00060208 -0.06900531 0.99761611
vn -0.01366489 -0.06807552 0.99758659
vn -0.00073677 -0.11116446 0.99380175
vn 0.02032695 -0.10988380 0.99373657
vn 0.01247578 -0.06823177 0.99759149
vn -0.00073677 -0.11116446 0.99380175
vn 0.01247578 -0.06823177 0.99759149
vn -0.00060208 -0.06900531 0.99761611
vn 0.02032695 -0.10988380 0.99373657
vn 0.04088167 -0.10588238 0.99353793
vn 0.02524434 -0.06577431 0.99751514
vn 0.02032695 -0.10988380 0.99373657
vn 0.02524434 -0.06577431 0.99751514
vn 0.01247578 -0.06823177 0.99759149
vn 0.04088167 -0.10588238 0.99353793
vn 0.06041395 -0.09926359 0.99322550
vn 0.03738733 -0.06169464 0.99739459
vn 0.04088167 -0.10588238 0.99353793
vn 0.03738733 -0.06169464 0.99739459
vn 0.02524434 -0.06577431 0.99751514
vn 0.06041395 -0.09926359 0.99322550
vn 0.07843897 -0.09019745 0.99283017
vn 0.04860473 -0.05609501 0.99724166
vn 0.06041395 -0.09926359 0.99322550
vn 0.04860473 -0.05609501 0.99724166
vn 0.03738733 -0.06169464 0.99739459
vn 0.07843897 -0.09019745 0.99283017
vn 0.09451333 -0.07891496 0.99239088
vn 0.05862043 -0.04911526 0.99707138
vn 0.07843897 -0.09019745 0.99283017
vn 0.05862043 -0.04911526 0.99707138
vn 0.04860473 -0.05609501 0.99724166
vn 0.09451333 -0.07891496 0.99239088
vn 0.10824588 -0.06570064 0.99195073
vn 0.06718895 -0.04092896 0.99690043
vn 0.09451333 -0.07891496 0.99239088
vn 0.06718895 -0.04092896 0.99690043
vn 0.05862043 -0.04911526 0.99707138
vn 0.10824588 -0.06570064 0.99195073
vn 0.11930627 -0.05088410 0.99155273
vn 0.07410128 -0.03173878 0.99674553
vn 0.10824588 -0.06570064 0.99195073
vn 0.07410128 -0.03173878 0.99674553
vn 0.06718895 -0.04092896 0.99690043
vn 0.11930627 -0.05088410 0.99155273
vn 0.12743141 -0.03483102 0.99123561
vn 0.07918957 -0.02177126 0.99662181
vn 0.11930627 -0.05088410 0.99155273
vn 0.07918957 -0.02177126 0.99662181
vn 0.07410128 -0.03173878 0.99674553
vn 0.12743141 -0.03483102 0.99123561
vn 0.13242994 -0.01793395 0.99103011
vn 0.08233074 -0.01127116 0.99654132
vn 0.12743141 -0.03483102 0.99123561
vn 0.08233074 -0.01127116 0.99654132
vn 0.07918957 -0.02177126 0.99662181
vn 0.13242994 -0.01793395 0.99103011
vn 0.13418502 -0.00060327 0.99095611
vn 0.08344906 -0.00049559 0.99651192
vn 0.13242994 -0.01793395 0.99103011
vn 0.08344906 -0.00049559 0.99651192
vn 0.08233074 -0.01127116 0.99654132
vn 0.08344906 -0.00049559 0.99651192
vn 0.08251766 0.01029199 0.99653646
vn 0.04382639 0.00493550 0.99902697
vn 0.08344906 -0.00049559 0.99651192
vn 0.04382639 0.00493550 0.99902697
vn 0.04422137 -0.00078737 0.99902145
vn 0.08251766 0.01029199 0.99653646
vn 0.07955902 0.02082788 0.99661254
vn 0.04235309 0.01053712 0.99904714
vn 0.08251766 0.01029199 0.99653646
vn 0.04235309 0.01053712 0.99904714
vn 0.04382639 0.00493550 0.99902697
vn 0.07955902 0.02082788 0.99661254
vn 0.07464454 0.03085419 0.99673277
vn 0.03983749 0.01587985 0.99907998
vn 0.07955902 0.02082788 0.99661254
vn 0.03983749 0.01587985 0.99907998
vn 0.04235309 0.01053712 0.99904714
vn 0.07464454 0.03085419 0.99673277
vn 0.06789308 0.04012488 0.99688541
vn 0.03634118 0.02083229 0.99912228
vn 0.07464454 0.03085419 0.99673277
vn 0.03634118 0.02083229 0.99912228
vn 0.03983749 0.01587985 0.99907998
vn 0.06789308 0.04012488 0.99688541
vn 0.05946854 0.04841161 0.99705557
vn 0.03194980 0.02527250 0.99916991
vn 0.06789308 0.04012488 0.99688541
vn 0.03194980 0.02527250 0.99916991
vn 0.03634118 0.02083229 0.99912228
vn 0.05946854 0.04841161 0.99705557
vn 0.04957626 0.05550939 0.99722661
vn 0.02677114 0.02909097 0.99921821
vn 0.05946854 0.04841161 0.99705557
vn 0.02677114 0.02909097 0.99921821
vn 0.03194980 0.02527250 0.99916991
vn 0.04957626 0.05550939 0.99722661
vn 0.03845849 0.06124182 0.99738176
vn 0.02093244 0.03219341 0.99926244
vn 0.04957626 0.05550939 0.99722661
vn 0.02093244 0.03219341 0.99926244
vn 0.02677114 0.02909097 0.99921821
vn 0.03845849 0.06124182 0.99738176
vn 0.02638870 0.06546582 0.99750582
vn 0.01457742 0.03450308 0.99929827
vn 0.03845849 0.06124182 0.99738176
vn 0.01457742 0.03450308 0.99929827
vn 0.02093244 0.03219341 0.99926244
vn 0.02638870 0.06546582 0.99750582
vn 0.01366489 0.06807552 0.99758659
vn 0.00786269 0.03596278 0.99932220
vn 0.02638870 0.06546582 0.99750582
vn 0.00786269 0.03596278 0.99932220
vn 0.01457742 0.03450308 0.99929827
vn 0.01366489 0.06807552 0.99758659
vn 0.00060208 0.06900531 0.99761611
vn 0.00095389 0.03653632 0.99933187
vn 0.01366489 0.06807552 0.99758659
vn 0.00095389 0.03653632 0.99933187
vn 0.00786269 0.03596278 0.99932220
vn 0.00060208 0.06900531 0.99761611
vn -0.01247578 0.06823177 0.99759149
vn -0.00597847 0.03620948 0.99932634
vn 0.00060208 0.06900531 0.99761611
vn -0.00597847 0.03620948 0.99932634
vn 0.00095389 0.03653632 0.99933187
vn -0.01247578 0.06823177 0.99759149
vn -0.02524434 0.06577431 0.99751514
vn -0.01276327 0.03499035 0.99930615
vn -0.01247578 0.06823177 0.99759149
vn -0.01276327 0.03499035 0.99930615
vn -0.00597847 0.03620948 0.99932634
vn -0.02524434 0.06577431 0.99751514
vn -0.03738733 0.06169464 0.99739459
vn -0.01923311 0.03290916 0.99927327
vn -0.02524434 0.06577431 0.99751514
vn -0.01923311 0.03290916 0.99927327
vn -0.01276327 0.03499035 0.99930615
vn -0.03738733 0.06169464 0.99739459
vn -0.04860473 0.05609501 0.99724166
vn -0.02522849 0.03001746 0.99923094
vn -0.03738733 0.06169464 0.99739459
vn -0.02522849 0.03001746 0.99923094
vn -0.01923311 0.03290916 0.99927327
vn -0.04860473 0.05609501 0.99724166
vn -0.05862043 0.04911526 0.99707138
vn -0.03060179 0.02638682 0.99918330
vn -0.04860473 0.05609501 0.99724166
vn -0.03060179 0.02638682 0.99918330
vn -0.02522849 0.03001746 0.99923094
vn -0.05862043 0.04911526 0.99707138
vn -0.06718895 0.04092896 0.99690043
vn -0.03522088 0.02210693 0.99913501
vn -0.05862043 0.04911526 0.99707138
vn -0.03522088 0.02210693 0.99913501
vn -0.03060179 0.02638682 0.99918330
vn -0.06718895 0.04092896 0.99690043
vn -0.07410128 0.03173878 0.99674553
vn -0.03897238 0.01728338 0.99909081
vn -0.06718895 0.04092896 0.99690043
vn -0.03897238 0.01728338 0.99909081
vn -0.03522088 0.02210693 0.99913501
vn -0.07410128 0.03173878 0.99674553
vn -0.07918957 0.02177126 0.99662181
vn -0.04176433 0.01203500 0.99905500
vn -0.07410128 0.03173878 0.99674553
vn -0.04176433 0.01203500 0.99905500
vn -0.03897238 0.01728338 0.99909081
vn -0.07918957 0.02177126 0.99662181
vn -0.08233074 0.01127116 0.99654132
vn -0.04352837 0.00649090 0.99903111
vn -0.07918957 0.02177126 0.99662181
vn -0.04352837 0.00649090 0.99903111
vn -0.04176433 0.01203500 0.99905500
vn -0.08233074 0.01127116 0.99654132
vn -0.08344906 0.00049559 0.99651192
vn -0.04422137 0.00078737 0.99902145
vn -0.08233074 0.01127116 0.99654132
vn -0.04422137 0.00078737 0.99902145
vn -0.04352837 0.00649090 0.99903111
vn -0.08344906 0.00049559 0.99651192
vn -0.08251766 -0.01029199 0.99653646
vn -0.04382639 -0.00493550 0.99902697
vn -0.08344906 0.00049559 0.99651192
vn -0.04382639 -0.00493550 0.99902697
vn -0.04422137 0.00078737 0.99902145
vn -0.08251766 -0.01029199 0.99653646
vn -0.07955902 -0.02082788 0.99661254
vn -0.04235309 -0.01053712 0.99904714
vn -0.08251766 -0.01029199 0.99653646
vn -0.04235309 -0.01053712 0.99904714
vn -0.04382639 -0.00493550 0.99902697
vn -0.07955902 -0.02082788 0.99661254
vn -0.07464454 -0.03085419 0.99673277
vn -0.03983749 -0.01587985 0.99907998
vn -0.07955902 -0.02082788 0.99661254
vn -0.03983749 -0.01587985 0.99907998
vn -0.04235309 -0.01053712 0.99904714
vn -0.07464454 -0.03085419 0.99673277
vn -0.06789308 -0.04012488 0.99688541
vn -0.03634118 -0.02083229 0.99912228
vn -0.07464454 -0.03085419 0.99673277
vn -0.03634118 -0.02083229 0.99912228
vn -0.03983749 -0.01587985 0.99907998
vn -0.06789308 -0.04012488 0.99688541
vn -0.05946854 -0.04841161 0.99705557
vn -0.03194980 -0.02527250 0.99916991
vn -0.06789308 -0.04012488 0.99688541
vn -0.03194980 -0.02527250 0.99916991
vn -0.03634118 -0.02083229 0.99912228
vn -0.05946854 -0.04841161 0.99705557
vn -0.04957626 -0.05550939 0.99722661
vn -0.02677114 -0.02909097 0.99921821
vn -0.05946854 -0.04841161 0.99705557
vn -0.02677114 -0.02909097 0.99921821
vn -0.03194980 -0.02527250 0.99916991
vn -0.04957626 -0.05550939 0.99722661
vn -0.03845849 -0.06124182 0.99738176
vn -0.02093244 -0.03219341 0.99926244
vn -0.04957626 -0.05550939 0.99722661
vn -0.02093244 -0.03219341 0.99926244
vn -0.02677114 -0.02909097 0.99921821
vn -0.03845849 -0.06124182 0.99738176
vn -0.02638870 -0.06546582 0.99750582
vn -0.01457742 -0.03450308 0.99929827
vn -0.03845849 -0.06124182 0.99738176
vn -0.01457742 -0.03450308 0.99929827
vn -0.02093244 -0.03219341 0.99926244
vn -0.02638870 -0.06546582 0.99750582
vn -0.01366489 -0.06807552 0.99758659
vn -0.00786269 -0.03596278 0.99932220
vn -0.02638870 -0.06546582 0.99750582
vn -0.00786269 -0.03596278 0.99932220
vn -0.01457742 -0.03450308 0.99929827
vn -0.01366489 -0.06807552 0.99758659
vn -0.00060208 -0.06900531 0.99761611
vn -0.00095389 -0.03653632 0.99933187
vn -0.01366489 -0.06807552 0.99758659
vn -0.00095389 -0.03653632 0.99933187
vn -0.00786269 -0.03596278 0.99932220
vn -0.00060208 -0.06900531 0.99761611
vn 0.01247578 -0.06823177 0.99759149
vn 0.00597847 -0.03620948 0.99932634
vn -0.00060208 -0.06900531 0.99761611
vn 0.00597847 -0.03620948 0.99932634
vn -0.00095389 -0.03653632 0.99933187
vn 0.01247578 -0.06823177 0.99759149
vn 0.02524434 -0.06577431 0.99751514
vn 0.01276327 -0.03499035 0.99930615
vn 0.01247578 -0.06823177 0.99759149
vn 0.01276327 -0.03499035 0.99930615
vn 0.00597847 -0.03620948 0.99932634
vn 0.02524434 -0.06577431 0.99751514
vn 0.03738733 -0.06169464 0.99739459
vn 0.01923311 -0.03290916 0.99927327
vn 0.02524434 -0.06577431 0.99751514
vn 0.01923311 -0.03290916 0.99927327
vn 0.01276327 -0.03499035 0.99930615
vn 0.03738733 -0.06169464 0.99739459
vn 0.04860473 -0.05609501 0.99724166
vn 0.02522849 -0.03001746 0.99923094
vn 0.03738733 -0.06169464 0.99739459
vn 0.02522849 -0.03001746 0.99923094
vn 0.01923311 -0.03290916 0.99927327
vn 0.04860473 -0.05609501 0.99724166
vn 0.05862043 -0.04911526 0.99707138
vn 0.03060179 -0.02638682 0.99918330
vn 0.04860473 -0.05609501 0.99724166
vn 0.03060179 -0.02638682 0.99918330
vn 0.02522849 -0.03001746 0.99923094
vn 0.05862043 -0.04911526 0.99707138
vn 0.06718895 -0.04092896 0.99690043
vn 0.03522088 -0.02210693 0.99913501
vn 0.05862043 -0.04911526 0.99707138
vn 0.03522088 -0.02210693 0.99913501
vn 0.03060179 -0.02638682 0.99918330
vn 0.06718895 -0.04092896 0.99690043
vn 0.07410128 -0.03173878 0.99674553
vn 0.03897238 -0.01728338 0.99909081
vn 0.06718895 -0.04092896 0.99690043
vn 0.03897238 -0.01728338 0.99909081
vn 0.03522088 -0.02210693 0.99913501
vn 0.07410128 -0.03173878 0.99674553
vn 0.07918957 -0.02177126 0.99662181
vn 0.04176433 -0.01203500 0.99905500
vn 0.07410128 -0.03173878 0.99674553
vn 0.04176433 -0.01203500 0.99905500
vn 0.03897238 -0.01728338 0.99909081
vn 0.07918957 -0.02177126 0.99662181
vn 0.08233074 -0.01127116 0.99654132
vn 0.04352837 -0.00649090 0.99903111
vn 0.07918957 -0.02177126 0.99662181
vn 0.04352837 -0.00649090 0.99903111
vn 0.04176433 -0.01203500 0.99905500
vn 0.08233074 -0.01127116 0.99654132
vn 0.08344906 -0.00049559 0.99651192
vn 0.04422137 -0.00078737 0.99902145
vn 0.08233074 -0.01127116 0.99654132
vn 0.04422137 -0.00078737 0.99902145
vn 0.04352837 -0.00649090 0.99903111
vn 0.04422137 -0.00078737 0.99902145
vn 0.04382639 0.00493550 0.99902697
vn -0.00000000 -0.00000000 1.00000000
vn 0.04382639 0.00493550 0.99902697
vn 0.04235309 0.01053712 0.99904714
vn -0.00000000 -0.00000000 1.00000000
vn 0.04235309 0.01053712 0.99904714
vn 0.03983749 0.01587985 0.99907998
vn -0.00000000 -0.00000000 1.00000000
vn 0.03983749 0.01587985 0.99907998
vn 0.03634118 0.02083229 0.99912228
vn -0.00000000 -0.00000000 1.00000000
vn 0.03634118 0.02083229 0.99912228
vn 0.03194980 0.02527250 0.99916991
vn -0.00000000 -0.00000000 1.00000000
vn 0.03194980 0.02527250 0.99916991
vn 0.02677114 0.02909097 0.99921821
vn -0.00000000 -0.00000000 1.00000000
vn 0.02677114 0.02909097 0.99921821
vn 0.02093244 0.03219341 0.99926244
vn -0.00000000 -0.00000000 1.00000000
vn 0.02093244 0.03219341 0.99926244
vn 0.01457742 0.03450308 0.99929827
vn -0.00000000 -0.00000000 1.00000000
vn 0.01457742 0.03450308 0.99929827
vn 0.00786269 0.03596278 0.99932220
vn -0.00000000 -0.00000000 1.00000000
vn 0.00786269 0.03596278 0.99932220
vn 0.00095389 0.03653632 0.99933187
vn -0.00000000 -0.00000000 1.00000000
vn 0.00095389 0.03653632 0.99933187
vn -0.00597847 0.03620948 0.99932634
vn -0.00000000 -0.00000000 1.00000000
vn -0.00597847 0.03620948 0.99932634
vn -0.01276327 0.03499035 0.99930615
vn -0.00000000 -0.00000000 1.00000000
vn -0.01276327 0.03499035 0.99930615
vn -0.01923311 0.03290916 0.99927327
vn -0.00000000 -0.00000000 1.00000000
vn -0.01923311 0.03290916 0.99927327
vn -0.02522849 0.03001746 0.99923094
vn -0.00000000 -0.00000000 1.00000000
vn -0.02522849 0.03001746 0.99923094
vn -0.03060179 0.02638682 0.99918330
vn -0.00000000 -0.00000000 1.00000000
vn -0.03060179 0.02638682 0.99918330
vn -0.03522088 0.02210693 0.99913501
vn -0.00000000 -0.00000000 1.00000000
vn -0.03522088 0.02210693 0.99913501
vn -0.03897238 0.01728338 0.99909081
vn -0.00000000 -0.00000000 1.00000000
vn -0.03897238 0.01728338 0.99909081
vn -0.04176433 0.01203500 0.99905500
vn -0.00000000 -0.00000000 1.00000000
vn -0.04176433 0.01203500 0.99905500
vn -0.04352837 0.00649090 0.99903111
vn -0.00000000 -0.00000000 1.00000000
vn -0.04352837 0.00649090 0.99903111
vn -0.04422137 0.00078737 0.99902145
vn -0.00000000 -0.00000000 1.00000000
vn -0.04422137 0.00078737 0.99902145
vn -0.04382639 -0.00493550 0.99902697
vn -0.00000000 -0.00000000 1.00000000
vn -0.04382639 -0.00493550 0.99902697
vn -0.04235309 -0.01053712 0.99904714
vn -0.00000000 -0.00000000 1.00000000
vn -0.04235309 -0.01053712 0.99904714
vn -0.03983749 -0.01587985 0.99907998
vn -0.00000000 -0.00000000 1.00000000
vn -0.03983749 -0.01587985 0.99907998
vn -0.03634118 -0.02083229 0.99912228
vn -0.00000000 -0.00000000 1.00000000
vn -0.03634118 -0.02083229 0.99912228
vn -0.03194980 -0.02527250 0.99916991
vn -0.00000000 -0.00000000 1.00000000
vn -0.03194980 -0.02527250 0.99916991
vn -0.02677114 -0.02909097 0.99921821
vn -0.00000000 -0.00000000 1.00000000
vn -0.02677114 -0.02909097 0.99921821
vn -0.02093244 -0.03219341 0.99926244
vn -0.00000000 -0.00000000 1.00000000
vn -0.02093244 -0.03219341 0.99926244
vn -0.01457742 -0.03450308 0.99929827
vn -0.00000000 -0.00000000 1.00000000
vn -0.01457742 -0.03450308 0.99929827
vn -0.00786269 -0.03596278 0.99932220
vn -0.00000000 -0.00000000 1.00000000
vn -0.00786269 -0.03596278 0.99932220
vn -0.00095389 -0.03653632 0.99933187
vn -0.00000000 -0.00000000 1.00000000
vn -0.00095389 -0.03653632 0.99933187
vn 0.00597847 -0.03620948 0.99932634
vn -0.00000000 -0.00000000 1.00000000
vn 0.00597847 -0.03620948 0.99932634
vn 0.01276327 -0.03499035 0.99930615
vn -0.00000000 -0.00000000 1.00000000
vn 0.01276327 -0.03499035 0.99930615
vn 0.01923311 -0.03290916 0.99927327
vn -0.00000000 -0.00000000 1.00000000
vn 0.01923311 -0.03290916 0.99927327
vn 0.02522849 -0.03001746 0.99923094
vn -0.00000000 -0.00000000 1.00000000
vn 0.02522849 -0.03001746 0.99923094
vn 0.03060179 -0.02638682 0.99918330
vn -0.00000000 -0.00000000 1.00000000
vn 0.03060179 -0.02638682 0.99918330
vn 0.03522088 -0.02210693 0.99913501
vn -0.00000000 -0.00000000 1.00000000
vn 0.03522088 -0.02210693 0.99913501
vn 0.03897238 -0.01728338 0.99909081
vn -0.00000000 -0.00000000 1.00000000
vn 0.03897238 -0.01728338 0.99909081
vn 0.04176433 -0.01203500 0.99905500
vn -0.00000000 -0.00000000 1.00000000
vn 0.04176433 -0.01203500 0.99905500
vn 0.04352837 -0.00649090 0.99903111
vn -0.00000000 -0.00000000 1.00000000
vn 0.04352837 -0.00649090 0.99903111
vn 0.04422137 -0.00078737 0.99902145
vn -0.00000000 -0.00000000 1.00000000
vn 0.00000000 0.00000000 1.00000000
vn 0.00000000 0.00000000 1.00000000
vn 0.00000000 0.00000000 1.00000000
vn 0.00000000 0.00000000 1.00000000
vn 0.00000000 0.00000000 1.00000000
vn 0.00000000 0.00000000 1.00000000
vn 0.00000000 0.00000000 1.00000000
vn 0.00000000 0.00000000 1.00000000
vn 0.00000000 0.00000000 1.00000000
vn 0.00000000 0.00000000 1.00000000
vn 0.00000000 0.00000000 1.00000000
vn 0.00000000 0.00000000 1.00000000
vn 0.00000000 0.00000000 1.00000000
vn 0.00000000 0.00000000 1.00000000
vn 0.00000000 0.00000000 1.00000000
vn 0.00000000 0.00000000 1.00000000
vn 0.00000000 0.00000000 1.00000000
vn 0.00000000 0.00000000 1.00000000
vn 0.00000000 0.00000000 1.00000000
vn 0.00000000 0.00000000 1.00000000
vn 0.00000000 0.00000000 1.00000000
vn 0.00000000 0.00000000 1.00000000
vn 0.00000000 0.00000000 1.00000000
vn 0.00000000 0.00000000 1.00000000
vn 0.00000000 0.00000000 1.00000000
vn 0.00000000 0.00000000 1.00000000
vn 0.00000000 0.00000000 1.00000000
vn 0.00000000 0.00000000 1.00000000
vn 0.00000000 0.00000000 1.00000000
vn 0.00000000 0.00000000 1.00000000
vn 0.00000000 0.00000000 1.00000000
vn 0.00000000 0.00000000 1.00000000
vn 0.00000000 0.00000000 1.00000000
vn 0.00000000 0.00000000 1.00000000
vn 0.00000000 0.00000000 1.00000000
vn 0.00000000 0.00000000 1.00000000
vn 0.00000000 0.00000000 1.00000000
vn 0.00000000 0.00000000 1.00000000
vn 0.00000000 0.00000000 1.00000000
vn 0.00000000 0.00000000 1.00000000
vn 0.00000000 0.00000000 1.00000000
vn 0.00000000 0.00000000 1.00000000
vn 0.00000000 0.00000000 1.00000000
vn 0.00000000 0.00000000 1.00000000
vn 0.00000000 0.00000000 1.00000000
vn 0.00000000 0.00000000 1.00000000
vn 0.00000000 0.00000000 1.00000000
vn 0.00000000 0.00000000 1.00000000
vn 0.00000000 0.00000000 1.00000000
vn 0.00000000 0.00000000 1.00000000
vn 0.00000000 0.00000000 1.00000000
vn 0.00000000 0.00000000 1.00000000
vn 0.00000000 0.00000000 1.00000000
vn 0.00000000 0.00000000 1.00000000
vn 0.00000000 0.00000000 1.00000000
vn 0.00000000 0.00000000 1.00000000
vn 0.00000000 0.00000000 1.00000000
vn 0.00000000 0.00000000 1.00000000
vn 0.00000000 0.00000000 1.00000000
vn 0.00000000 0.00000000 1.00000000
vn 0.00000000 0.00000000 1.00000000
vn 0.00000000 0.00000000 1.00000000
vn 0.00000000 0.00000000 1.00000000
vn 0.00000000 0.00000000 1.00000000
vn 0.00000000 0.00000000 1.00000000
vn 0.00000000 0.00000000 1.00000000
vn 0.00000000 0.00000000 1.00000000
vn 0.00000000 0.00000000 1.00000000
vn 0.00000000 0.00000000 1.00000000
vn 0.00000000 0.00000000 1.00000000
vn 0.00000000 0.00000000 1.00000000
vn 0.00000000 0.00000000 1.00000000
vn 0.00000000 0.00000000 1.00000000
vn 0.00000000 0.00000000 1.00000000
vn 0.00000000 0.00000000 1.00000000
vn 0.00000000 0.00000000 1.00000000
vn 0.00000000 0.00000000 1.00000000
vn 0.00000000 0.00000000 1.00000000
vn 0.00000000 0.00000000 1.00000000
vn 0.00000000 0.00000000 1.00000000
vn 0.00000000 0.00000000 1.00000000
vn 0.00000000 0.00000000 1.00000000
vn 0.00000000 0.00000000 1.00000000
vn 0.00000000 0.00000000 1.00000000
vn 0.00000000 0.00000000 1.00000000
vn 0.00000000 0.00000000 1.00000000
vn 0.00000000 0.00000000 1.00000000
vn 0.00000000 0.00000000 1.00000000
vn 0.00000000 0.00000000 1.00000000
vn 0.00000000 0.00000000 1.00000000
vn 0.00000000 0.00000000 1.00000000
vn 0.00000000 0.00000000 1.00000000
vn 0.00000000 0.00000000 1.00000000
vn 0.00000000 0.00000000 1.00000000
vn 0.00000000 0.00000000 1.00000000
vn 0.00000000 0.00000000 1.00000000
vn 0.00000000 0.00000000 1.00000000
vn 0.00000000 0.00000000 1.00000000
vn 0.00000000 0.00000000 1.00000000
vn 0.00000000 0.00000000 1.00000000
vn 0.00000000 0.00000000 1.00000000
vn 0.00000000 0.00000000 1.00000000
vn 0.00000000 0.00000000 1.00000000
vn 0.00000000 0.00000000 1.00000000
vn 0.00000000 0.00000000 1.00000000
vn 0.00000000 0.00000000 1.00000000
vn 0.00000000 0.00000000 1.00000000
vn 0.00000000 0.00000000 1.00000000
vn 0.00000000 0.00000000 1.00000000
vn 0.00000000 0.00000000 1.00000000
vn 0.00000000 0.00000000 1.00000000
vn 0.00000000 0.00000000 1.00000000
vn 0.00000000 0.00000000 1.00000000
vn 0.00000000 0.00000000 1.00000000
vn 0.00000000 0.00000000 1.00000000
vn 0.00000000 0.00000000 1.00000000
vn 0.00000000 0.00000000 1.00000000
vn 0.00000000 0.00000000 1.00000000
vn 0.00000000 0.00000000 1.00000000
vn 0.00000000 0.00000000 1.00000000
vn 0.89695362 0.01911790 0.44171111
vn 0.88615676 0.13364892 0.44369378
vn 0.74303144 0.09184472 0.66292445
vn 0.89695362 0.01911790 0.44171111
vn 0.74303144 0.09184472 0.66292445
vn 0.74989284 -0.00382015 0.66154829
vn 0.88615676 0.13364892 0.44369378
vn 0.85879851 0.24747790 0.44857531
vn 0.72140891 0.18656888 0.66690422
vn 0.88615676 0.13364892 0.44369378
vn 0.72140891 0.18656888 0.66690422
vn 0.74303144 0.09184472 0.66292445
vn 0.85879851 0.24747790 0.44857531
vn 0.81398905 0.35966924 0.45613579
vn 0.68465471 0.27927075 0.67324273
vn 0.85879851 0.24747790 0.44857531
vn 0.68465471 0.27927075 0.67324273
vn 0.72140891 0.18656888 0.66690422
vn 0.81398905 0.35966924 0.45613579
vn 0.75047634 0.46867623 0.46596979
vn 0.63223815 0.36852208 0.68151772
vn 0.81398905 0.35966924 0.45613579
vn 0.63223815 0.36852208 0.68151772
vn 0.68465471 0.27927075 0.67324273
vn 0.75047634 0.46867623 0.46596979
vn 0.66694467 0.57205860 0.47742410
vn 0.56366074 0.45238800 0.69110901
vn 0.75047634 0.46867623 0.46596979
vn 0.56366074 0.45238800 0.69110901
vn 0.63223815 0.36852208 0.68151772
vn 0.66694467 0.57205860 0.47742410
vn 0.56251415 0.66627721 0.48954316
vn 0.47875622 0.52832317 0.70118978
vn 0.66694467 0.57205860 0.47742410
vn 0.47875622 0.52832317 0.70118978
vn 0.56366074 0.45238800 0.69110901
vn 0.56251415 0.66627721 0.48954316
vn 0.43744589 0.74670800 0.50106712
vn 0.37809294 0.59319207 0.71075235
vn 0.56251415 0.66627721 0.48954316
vn 0.37809294 0.59319207 0.71075235
vn 0.47875622 0.52832317 0.70118978
vn 0.43744589 0.74670800 0.50106712
vn 0.29392322 0.80805831 0.51053982
vn 0.26341154 0.64350017 0.71869457
vn 0.43744589 0.74670800 0.50106712
vn 0.26341154 0.64350017 0.71869457
vn 0.37809294 0.59319207 0.71075235
vn 0.29392322 0.80805831 0.51053982
vn 0.13658625 0.84528581 0.51656181
vn 0.13794166 0.67588827 0.72398007
vn 0.29392322 0.80805831 0.51053982
vn 0.13794166 0.67588827 0.72398007
vn 0.26341154 0.64350017 0.71869457
vn 0.13658625 0.84528581 0.51656181
vn -0.02760226 0.85484823 0.51814344
vn 0.00638380 0.68782392 0.72584951
vn 0.13658625 0.84528581 0.51656181
vn 0.00638380 0.68782392 0.72584951
vn 0.13794166 0.67588827 0.72398007
vn -0.02760226 0.85484823 0.51814344
vn -0.19037084 0.83577599 0.51501207
vn -0.12558482 0.67825761 0.72401317
vn -0.02760226 0.85484823 0.51814344
vn -0.12558482 0.67825761 0.72401317
vn 0.00638380 0.68782392 0.72584951
vn -0.19037084 0.83577599 0.51501207
vn -0.34373233 0.78999023 0.50770417
vn -0.25218896 0.64793489 0.71873577
vn -0.19037084 0.83577599 0.51501207
vn -0.25218896 0.64793489 0.71873577
vn -0.12558482 0.67825761 0.72401317
vn -0.34373233 0.78999023 0.50770417
vn -0.48144410 0.72167774 0.49738599
vn -0.36848230 0.59919191 0.71076708
vn -0.34373233 0.78999023 0.50770417
vn -0.36848230 0.59919191 0.71076708
vn -0.25218896 0.64793489 0.71873577
vn -0.48144410 0.72167774 0.49738599
vn -0.59972393 0.63608980 0.48551105
vn -0.47094866 0.53534234 0.70115329
vn -0.48144410 0.72167774 0.49738599
vn -0.47094866 0.53534234 0.70115329
vn -0.36848230 0.59919191 0.71076708
vn -0.59972393 0.63608980 0.48551105
vn -0.69711493 0.53836633 0.47348967
vn -0.55761524 0.45995648 0.69101757
vn -0.59972393 0.63608980 0.48551105
vn -0.55761524 0.45995648 0.69101757
vn -0.47094866 0.53534234 0.70115329
vn -0.69711493 0.53836633 0.47348967
vn -0.77382368 0.43278677 0.46248516
vn -0.62777771 0.37630458 0.68138830
vn -0.69711493 0.53836633 0.47348967
vn -0.62777771 0.37630458 0.68138830
vn -0.55761524 0.45995648 0.69101757
vn -0.77382368 0.43278677 0.46248516
vn -0.83094148 0.32250808 0.45334842
vn -0.68155689 0.28707125 0.67310498
vn -0.77382368 0.43278677 0.46248516
vn -0.68155689 0.28707125 0.67310498
vn -0.62777771 0.37630458 0.68138830
vn -0.83094148 0.32250808 0.45334842
vn -0.86980432 0.20964295 0.44664335
vn -0.71946950 0.19430497 0.66679024
vn -0.83094148 0.32250808 0.45334842
vn -0.71946950 0.19430497 0.66679024
vn -0.68155689 0.28707125 0.67310498
vn -0.86980432 0.20964295 0.44664335
vn -0.89156567 0.09550198 0.44270760
vn -0.74210074 0.09951255 0.66286028
vn -0.86980432 0.20964295 0.44664335
vn -0.74210074 0.09951255 0.66286028
vn -0.71946950 0.19430497 0.66679024
vn -0.89156567 0.09550198 0.44270760
vn -0.89695362 -0.01911790 0.44171111
vn -0.74989284 0.00382015 0.66154829
vn -0.89156567 0.09550198 0.44270760
vn -0.74989284 0.00382015 0.66154829
vn -0.74210074 0.09951255 0.66286028
vn -0.89695362 -0.01911790 0.44171111
vn -0.88615676 -0.13364892 0.44369378
vn -0.74303144 -0.09184472 0.66292445
vn -0.89695362 -0.01911790 0.44171111
vn -0.74303144 -0.09184472 0.66292445
vn -0.74989284 0.00382015 0.66154829
vn -0.88615676 -0.13364892 0.44369378
vn -0.85879851 -0.24747790 0.44857531
vn -0.72140891 -0.18656888 0.66690422
vn -0.88615676 -0.13364892 0.44369378
vn -0.72140891 -0.18656888 0.66690422
vn -0.74303144 -0.09184472 0.66292445
vn -0.85879851 -0.24747790 0.44857531
vn -0.81398905 -0.35966924 0.45613579
vn -0.68465471 -0.27927075 0.67324273
vn -0.85879851 -0.24747790 0.44857531
vn -0.68465471 -0.27927075 0.67324273
vn -0.72140891 -0.18656888 0.66690422
vn -0.81398905 -0.35966924 0.45613579
vn -0.75047634 -0.46867623 0.46596979
vn -0.63223815 -0.36852208 0.68151772
vn -0.81398905 -0.35966924 0.45613579
vn -0.63223815 -0.36852208 0.68151772
vn -0.68465471 -0.27927075 0.67324273
vn -0.75047634 -0.46867623 0.46596979
vn -0.66694467 -0.57205860 0.47742410
vn -0.56366074 -0.45238800 0.69110901
vn -0.75047634 -0.46867623 0.46596979
vn -0.56366074 -0.45238800 0.69110901
vn -0.63223815 -0.36852208 0.68151772
vn -0.66694467 -0.57205860 0.47742410
vn -0.56251415 -0.66627721 0.48954316
vn -0.47875622 -0.52832317 0.70118978
vn -0.66694467 -0.57205860 0.47742410
vn -0.47875622 -0.52832317 0.70118978
vn -0.56366074 -0.45238800 0.69110901
vn -0.56251415 -0.66627721 0.48954316
vn -0.43744589 -0.74670800 0.50106712
vn -0.37809294 -0.59319207 0.71075235
vn -0.56251415 -0.66627721 0.48954316
vn -0.37809294 -0.59319207 0.71075235
vn -0.47875622 -0.52832317 0.70118978
vn -0.43744589 -0.74670800 0.50106712
vn -0.29392322 -0.80805831 0.51053982
vn -0.26341154 -0.64350017 0.71869457
vn -0.43744589 -0.74670800 0.50106712
vn -0.26341154 -0.64350017 0.71869457
vn -0.37809294 -0.59319207 0.71075235
vn -0.29392322 -0.80805831 0.51053982
vn -0.13658625 -0.84528581 0.51656181
vn -0.13794166 -0.67588827 0.72398007
vn -0.29392322 -0.80805831 0.51053982
vn -0.13794166 -0.67588827 0.72398007
vn -0.26341154 -0.64350017 0.71869457
vn -0.13658625 -0.84528581 0.51656181
vn 0.02760226 -0.85484823 0.51814344
vn -0.00638380 -0.68782392 0.72584951
vn -0.13658625 -0.84528581 0.51656181
vn -0.00638380 -0.68782392 0.72584951
vn -0.13794166 -0.67588827 0.72398007
vn 0.02760226 -0.85484823 0.51814344
vn 0.19037084 -0.83577599 0.51501207
vn 0.12558482 -0.67825761 0.72401317
vn 0.02760226 -0.85484823 0.51814344
vn 0.12558482 -0.67825761 0.72401317
vn -0.00638380 -0.68782392 0.72584951
vn 0.19037084 -0.83577599 0.51501207
vn 0.34373233 -0.78999023 0.50770417
vn 0.25218896 -0.64793489 0.71873577
vn 0.19037084 -0.83577599 0.51501207
vn 0.25218896 -0.64793489 0.71873577
vn 0.12558482 -0.67825761 0.72401317
vn 0.34373233 -0.78999023 0.50770417
vn 0.48144410 -0.72167774 0.49738599
vn 0.36848230 -0.59919191 0.71076708
vn 0.34373233 -0.78999023 0.50770417
vn 0.36848230 -0.59919191 0.71076708
vn 0.25218896 -0.64793489 0.71873577
vn 0.48144410 -0.72167774 0.49738599
vn 0.59972393 -0.63608980 0.48551105
vn 0.47094866 -0.53534234 0.70115329
vn 0.48144410 -0.72167774 0.49738599
vn 0.47094866 -0.53534234 0.70115329
vn 0.36848230 -0.59919191 0.71076708
vn 0.59972393 -0.63608980 0.48551105
vn 0.69711493 -0.53836633 0.47348967
vn 0.55761524 -0.45995648 0.69101757
vn 0.59972393 -0.63608980 0.48551105
vn 0.55761524 -0.45995648 0.69101757
vn 0.47094866 -0.53534234 0.70115329
vn 0.69711493 -0.53836633 0.47348967
vn 0.77382368 -0.43278677 0.46248516
vn 0.62777771 -0.37630458 0.68138830
vn 0.69711493 -0.53836633 0.47348967
vn 0.62777771 -0.37630458 0.68138830
vn 0.55761524 -0.45995648 0.69101757
vn 0.77382368 -0.43278677 0.46248516
vn 0.83094148 -0.32250808 0.45334842
vn 0.68155689 -0.28707125 0.67310498
vn 0.77382368 -0.43278677 0.46248516
vn 0.68155689 -0.28707125 0.67310498
vn 0.62777771 -0.37630458 0.68138830
vn 0.83094148 -0.32250808 0.45334842
vn 0.86980432 -0.20964295 0.44664335
vn 0.71946950 -0.19430497 0.66679024
vn 0.83094148 -0.32250808 0.45334842
vn 0.71946950 -0.19430497 0.66679024
vn 0.68155689 -0.28707125 0.67310498
vn 0.86980432 -0.20964295 0.44664335
vn 0.89156567 -0.09550198 0.44270760
vn 0.74210074 -0.09951255 0.66286028
vn 0.86980432 -0.20964295 0.44664335
vn 0.74210074 -0.09951255 0.66286028
vn 0.71946950 -0.19430497 0.66679024
vn 0.89156567 -0.09550198 0.44270760
vn 0.89695362 0.01911790 0.44171111
vn 0.74989284 -0.00382015 0.66154829
vn 0.89156567 -0.09550198 0.44270760
vn 0.74989284 -0.00382015 0.66154829
vn 0.74210074 -0.09951255 0.66286028
vn 0.74989284 -0.00382015 0.66154829
vn 0.74303144 0.09184472 0.66292445
vn 0.44847623 0.05556389 0.89206599
vn 0.74989284 -0.00382015 0.66154829
vn 0.44847623 0.05556389 0.89206599
vn 0.45328544 -0.00214315 0.89136284
vn 0.74303144 0.09184472 0.66292445
vn 0.72140891 0.18656888 0.66690422
vn 0.43338382 0.11218818 0.89419924
vn 0.74303144 0.09184472 0.66292445
vn 0.43338382 0.11218818 0.89419924
vn 0.44847623 0.05556389 0.89206599
vn 0.72140891 0.18656888 0.66690422
vn 0.68465471 0.27927075 0.67324273
vn 0.40815427 0.16659148 0.89758419
vn 0.72140891 0.18656888 0.66690422
vn 0.40815427 0.16659148 0.89758419
vn 0.43338382 0.11218818 0.89419924
vn 0.68465471 0.27927075 0.67324273
vn 0.63223815 0.36852208 0.68151772
vn 0.37306865 0.21758389 0.90192962
vn 0.68465471 0.27927075 0.67324273
vn 0.37306865 0.21758389 0.90192962
vn 0.40815427 0.16659148 0.89758419
vn 0.63223815 0.36852208 0.68151772
vn 0.56366074 0.45238800 0.69110901
vn 0.32860010 0.26391850 0.90684563
vn 0.63223815 0.36852208 0.68151772
vn 0.32860010 0.26391850 0.90684563
vn 0.37306865 0.21758389 0.90192962
vn 0.56366074 0.45238800 0.69110901
vn 0.47875622 0.52832317 0.70118978
vn 0.27548138 0.30431264 0.91186831
vn 0.56366074 0.45238800 0.69110901
vn 0.27548138 0.30431264 0.91186831
vn 0.32860010 0.26391850 0.90684563
vn 0.47875622 0.52832317 0.70118978
vn 0.37809294 0.59319207 0.71075235
vn 0.21476791 0.33750103 0.91649757
vn 0.47875622 0.52832317 0.70118978
vn 0.21476791 0.33750103 0.91649757
vn 0.27548138 0.30431264 0.91186831
vn 0.37809294 0.59319207 0.71075235
vn 0.26341154 0.64350017 0.71869457
vn 0.14787636 0.36232043 0.92024806
vn 0.37809294 0.59319207 0.71075235
vn 0.14787636 0.36232043 0.92024806
vn 0.21476791 0.33750103 0.91649757
vn 0.26341154 0.64350017 0.71869457
vn 0.13794166 0.67588827 0.72398007
vn 0.07657863 0.37781569 0.92270852
vn 0.26341154 0.64350017 0.71869457
vn 0.07657863 0.37781569 0.92270852
vn 0.14787636 0.36232043 0.92024806
vn 0.13794166 0.67588827 0.72398007
vn 0.00638380 0.68782392 0.72584951
vn 0.00293768 0.38334703 0.92359971
vn 0.13794166 0.67588827 0.72398007
vn 0.00293768 0.38334703 0.92359971
vn 0.07657863 0.37781569 0.92270852
vn 0.00638380 0.68782392 0.72584951
vn -0.12558482 0.67825761 0.72401317
vn -0.07081334 0.37867254 0.92281774
vn 0.00638380 0.68782392 0.72584951
vn -0.07081334 0.37867254 0.92281774
vn 0.00293768 0.38334703 0.92359971
vn -0.12558482 0.67825761 0.72401317
vn -0.25218896 0.64793489 0.71873577
vn -0.14242875 0.36398241 0.92045144
vn -0.12558482 0.67825761 0.72401317
vn -0.14242875 0.36398241 0.92045144
vn -0.07081334 0.37867254 0.92281774
vn -0.25218896 0.64793489 0.71873577
vn -0.36848230 0.59919191 0.71076708
vn -0.20981159 0.33987459 0.91676844
vn -0.25218896 0.64793489 0.71873577
vn -0.20981159 0.33987459 0.91676844
vn -0.14242875 0.36398241 0.92045144
vn -0.36848230 0.59919191 0.71076708
vn -0.47094866 0.53534234 0.70115329
vn -0.27114331 0.30727873 0.91217382
vn -0.36848230 0.59919191 0.71076708
vn -0.27114331 0.30727873 0.91217382
vn -0.20981159 0.33987459 0.91676844
vn -0.47094866 0.53534234 0.70115329
vn -0.55761524 0.45995648 0.69101757
vn -0.32495871 0.26735028 0.90715250
vn -0.47094866 0.53534234 0.70115329
vn -0.32495871 0.26735028 0.90715250
vn -0.27114331 0.30727873 0.91217382
vn -0.55761524 0.45995648 0.69101757
vn -0.62777771 0.37630458 0.68138830
vn -0.37016091 0.22136124 0.90220846
vn -0.55761524 0.45995648 0.69101757
vn -0.37016091 0.22136124 0.90220846
vn -0.32495871 0.26735028 0.90715250
vn -0.62777771 0.37630458 0.68138830
vn -0.68155689 0.28707125 0.67310498
vn -0.40598787 0.17060990 0.89781184
vn -0.62777771 0.37630458 0.68138830
vn -0.40598787 0.17060990 0.89781184
vn -0.37016091 0.22136124 0.90220846
vn -0.68155689 0.28707125 0.67310498
vn -0.71946950 0.19430497 0.66679024
vn -0.43195060 0.11636167 0.89435935
vn -0.68155689 0.28707125 0.67310498
vn -0.43195060 0.11636167 0.89435935
vn -0.40598787 0.17060990 0.89781184
vn -0.71946950 0.19430497 0.66679024
vn -0.74210074 0.09951255 0.66286028
vn -0.44776378 0.05982296 0.89214842
vn -0.71946950 0.19430497 0.66679024
vn -0.44776378 0.05982296 0.89214842
vn -0.43195060 0.11636167 0.89435935
vn -0.74210074 0.09951255 0.66286028
vn -0.74989284 0.00382015 0.66154829
vn -0.45328544 0.00214315 0.89136284
vn -0.74210074 0.09951255 0.66286028
vn -0.45328544 0.00214315 0.89136284
vn -0.44776378 0.05982296 0.89214842
vn -0.74989284 0.00382015 0.66154829
vn -0.74303144 -0.09184472 0.66292445
vn -0.44847623 -0.05556389 0.89206599
vn -0.74989284 0.00382015 0.66154829
vn -0.44847623 -0.05556389 0.89206599
vn -0.45328544 0.00214315 0.89136284
vn -0.74303144 -0.09184472 0.66292445
vn -0.72140891 -0.18656888 0.66690422
vn -0.43338382 -0.11218818 0.89419924
vn -0.74303144 -0.09184472 0.66292445
vn -0.43338382 -0.11218818 0.89419924
vn -0.44847623 -0.05556389 0.89206599
vn -0.72140891 -0.18656888 0.66690422
vn -0.68465471 -0.27927075 0.67324273
vn -0.40815427 -0.16659148 0.89758419
vn -0.72140891 -0.18656888 0.66690422
vn -0.40815427 -0.16659148 0.89758419
vn -0.43338382 -0.11218818 0.89419924
vn -0.68465471 -0.27927075 0.67324273
vn -0.63223815 -0.36852208 0.68151772
vn -0.37306865 -0.21758389 0.90192962
vn -0.68465471 -0.27927075 0.67324273
vn -0.37306865 -0.21758389 0.90192962
vn -0.40815427 -0.16659148 0.89758419
vn -0.63223815 -0.36852208 0.68151772
vn -0.56366074 -0.45238800 0.69110901
vn -0.32860010 -0.26391850 0.90684563
vn -0.63223815 -0.36852208 0.68151772
vn -0.32860010 -0.26391850 0.90684563
vn -0.37306865 -0.21758389 0.90192962
vn -0.56366074 -0.45238800 0.69110901
vn -0.47875622 -0.52832317 0.70118978
vn -0.27548138 -0.30431264 0.91186831
vn -0.56366074 -0.45238800 0.69110901
vn -0.27548138 -0.30431264 0.91186831
vn -0.32860010 -0.26391850 0.90684563
vn -0.47875622 -0.52832317 0.70118978
vn -0.37809294 -0.59319207 0.71075235
vn -0.21476791 -0.33750103 0.91649757
vn -0.47875622 -0.52832317 0.70118978
vn -0.21476791 -0.33750103 0.91649757
vn -0.27548138 -0.30431264 0.91186831
vn -0.37809294 -0.59319207 0.71075235
vn -0.26341154 -0.64350017 0.71869457
vn -0.14787636 -0.36232043 0.92024806
vn -0.37809294 -0.59319207 0.71075235
vn -0.14787636 -0.36232043 0.92024806
vn -0.21476791 -0.33750103 0.91649757
vn -0.26341154 -0.64350017 0.71869457
vn -0.13794166 -0.67588827 0.72398007
vn -0.07657863 -0.37781569 0.92270852
vn -0.26341154 -0.64350017 0.71869457
vn -0.07657863 -0.37781569 0.92270852
vn -0.14787636 -0.36232043 0.92024806
vn -0.13794166 -0.67588827 0.72398007
vn -0.00638380 -0.68782392 0.72584951
vn -0.00293768 -0.38334703 0.92359971
vn -0.13794166 -0.67588827 0.72398007
vn -0.00293768 -0.38334703 0.92359971
vn -0.07657863 -0.37781569 0.92270852
vn -0.00638380 -0.68782392 0.72584951
vn 0.12558482 -0.67825761 0.72401317
vn 0.07081334 -0.37867254 0.92281774
vn -0.00638380 -0.68782392 0.72584951
vn 0.07081334 -0.37867254 0.92281774
vn -0.00293768 -0.38334703 0.92359971
vn 0.12558482 -0.67825761 0.72401317
vn 0.25218896 -0.64793489 0.71873577
vn 0.14242875 -0.36398241 0.92045144
vn 0.12558482 -0.67825761 0.72401317
vn 0.14242875 -0.36398241 0.92045144
vn 0.07081334 -0.37867254 0.92281774
vn 0.25218896 -0.64793489 0.71873577
vn 0.36848230 -0.59919191 0.71076708
vn 0.20981159 -0.33987459 0.91676844
vn 0.25218896 -0.64793489 0.71873577
vn 0.20981159 -0.33987459 0.91676844
vn 0.14242875 -0.36398241 0.92045144
vn 0.36848230 -0.59919191 0.71076708
vn 0.47094866 -0.53534234 0.70115329
vn 0.27114331 -0.30727873 0.91217382
vn 0.36848230 -0.59919191 0.71076708
vn 0.27114331 -0.30727873 0.91217382
vn 0.20981159 -0.33987459 0.91676844
vn 0.47094866 -0.53534234 0.70115329
vn 0.55761524 -0.45995648 0.69101757
vn 0.32495871 -0.26735028 0.90715250
vn 0.47094866 -0.53534234 0.70115329
vn 0.32495871 -0.26735028 0.90715250
vn 0.27114331 -0.30727873 0.91217382
vn 0.55761524 -0.45995648 0.69101757
vn 0.62777771 -0.37630458 0.68138830
vn 0.37016091 -0.22136124 0.90220846
vn 0.55761524 -0.45995648 0.69101757
vn 0.37016091 -0.22136124 0.90220846
vn 0.32495871 -0.26735028 0.90715250
vn 0.62777771 -0.37630458 0.68138830
vn 0.68155689 -0.28707125 0.67310498
vn 0.40598787 -0.17060990 0.89781184
vn 0.62777771 -0.37630458 0.68138830
vn 0.40598787 -0.17060990 0.89781184
vn 0.37016091 -0.22136124 0.90220846
vn 0.68155689 -0.28707125 0.67310498
vn 0.71946950 -0.19430497 0.66679024
vn 0.43195060 -0.11636167 0.89435935
vn 0.68155689 -0.28707125 0.67310498
vn 0.43195060 -0.11636167 0.89435935
vn 0.40598787 -0.17060990 0.89781184
vn 0.71946950 -0.19430497 0.66679024
vn 0.74210074 -0.09951255 0.66286028
vn 0.44776378 -0.05982296 0.89214842
vn 0.71946950 -0.19430497 0.66679024
vn 0.44776378 -0.05982296 0.89214842
vn 0.43195060 -0.11636167 0.89435935
vn 0.74210074 -0.09951255 0.66286028
vn 0.74989284 -0.00382015 0.66154829
vn 0.45328544 -0.00214315 0.89136284
vn 0.74210074 -0.09951255 0.66286028
vn 0.45328544 -0.00214315 0.89136284
vn 0.44776378 -0.05982296 0.89214842
vn 0.45328544 -0.00214315 0.89136284
vn 0.44847623 0.05556389 0.89206599
vn 0.29083443 0.03620326 0.95608821
vn 0.45328544 -0.00214315 0.89136284
vn 0.29083443 0.03620326 0.95608821
vn 0.29412445 -0.00121315 0.95576636
vn 0.44847623 0.05556389 0.89206599
vn 0.43338382 0.11218818 0.89419924
vn 0.28058483 0.07280487 0.95706405
vn 0.44847623 0.05556389 0.89206599
vn 0.28058483 0.07280487 0.95706405
vn 0.29083443 0.03620326 0.95608821
vn 0.43338382 0.11218818 0.89419924
vn 0.40815427 0.16659148 0.89758419
vn 0.26356502 0.10775721 0.95860412
vn 0.43338382 0.11218818 0.89419924
vn 0.26356502 0.10775721 0.95860412
vn 0.28058483 0.07280487 0.95706405
vn 0.40815427 0.16659148 0.89758419
vn 0.37306865 0.21758389 0.90192962
vn 0.24010098 0.14023639 0.96056508
vn 0.40815427 0.16659148 0.89758419
vn 0.24010098 0.14023639 0.96056508
vn 0.26356502 0.10775721 0.95860412
vn 0.37306865 0.21758389 0.90192962
vn 0.32860010 0.26391850 0.90684563
vn 0.21066647 0.16944112 0.96276131
vn 0.37306865 0.21758389 0.90192962
vn 0.21066647 0.16944112 0.96276131
vn 0.24010098 0.14023639 0.96056508
vn 0.32860010 0.26391850 0.90684563
vn 0.27548138 0.30431264 0.91186831
vn 0.17589352 0.19461191 0.96498066
vn 0.32860010 0.26391850 0.90684563
vn 0.17589352 0.19461191 0.96498066
vn 0.21066647 0.16944112 0.96276131
vn 0.27548138 0.30431264 0.91186831
vn 0.21476791 0.33750103 0.91649757
vn 0.13657733 0.21505770 0.96700404
vn 0.27548138 0.30431264 0.91186831
vn 0.13657733 0.21505770 0.96700404
vn 0.17589352 0.19461191 0.96498066
vn 0.21476791 0.33750103 0.91649757
vn 0.14787636 0.36232043 0.92024806
vn 0.09367104 0.23018790 0.96862752
vn 0.21476791 0.33750103 0.91649757
vn 0.09367104 0.23018790 0.96862752
vn 0.13657733 0.21505770 0.96700404
vn 0.14787636 0.36232043 0.92024806
vn 0.07657863 0.37781569 0.92270852
vn 0.04826670 0.23954618 0.96968446
vn 0.14787636 0.36232043 0.92024806
vn 0.04826670 0.23954618 0.96968446
vn 0.09367104 0.23018790 0.96862752
vn 0.07657863 0.37781569 0.92270852
vn 0.00293768 0.38334703 0.92359971
vn 0.00156116 0.24284089 0.97006488
vn 0.07657863 0.37781569 0.92270852
vn 0.00156116 0.24284089 0.97006488
vn 0.04826670 0.23954618 0.96968446
vn 0.00293768 0.38334703 0.92359971
vn -0.07081334 0.37867254 0.92281774
vn -0.04519089 0.23996648 0.96972876
vn 0.00293768 0.38334703 0.92359971
vn -0.04519089 0.23996648 0.96972876
vn 0.00156116 0.24284089 0.97006488
vn -0.07081334 0.37867254 0.92281774
vn -0.14242875 0.36398241 0.92045144
vn -0.09073172 0.23101195 0.96871112
vn -0.07081334 0.37867254 0.92281774
vn -0.09073172 0.23101195 0.96871112
vn -0.04519089 0.23996648 0.96972876
vn -0.14242875 0.36398241 0.92045144
vn -0.20981159 0.33987459 0.91676844
vn -0.13385593 0.21625435 0.96711770
vn -0.14242875 0.36398241 0.92045144
vn -0.13385593 0.21625435 0.96711770
vn -0.09073172 0.23101195 0.96871112
vn -0.20981159 0.33987459 0.91676844
vn -0.27114331 0.30727873 0.91217382
vn -0.17345897 0.19613872 0.96511221
vn -0.20981159 0.33987459 0.91676844
vn -0.17345897 0.19613872 0.96511221
vn -0.13385593 0.21625435 0.96711770
vn -0.27114331 0.30727873 0.91217382
vn -0.32495871 0.26735028 0.90715250
vn -0.20857327 0.17124841 0.96289728
vn -0.27114331 0.30727873 0.91217382
vn -0.20857327 0.17124841 0.96289728
vn -0.17345897 0.19613872 0.96511221
vn -0.32495871 0.26735028 0.90715250
vn -0.37016091 0.22136124 0.90220846
vn -0.23838927 0.14227108 0.96069220
vn -0.32495871 0.26735028 0.90715250
vn -0.23838927 0.14227108 0.96069220
vn -0.20857327 0.17124841 0.96289728
vn -0.37016091 0.22136124 0.90220846
vn -0.40598787 0.17060990 0.89781184
vn -0.26226229 0.10996582 0.95871060
vn -0.37016091 0.22136124 0.90220846
vn -0.26226229 0.10996582 0.95871060
vn -0.23838927 0.14227108 0.96069220
vn -0.40598787 0.17060990 0.89781184
vn -0.43195060 0.11636167 0.89435935
vn -0.27970840 0.07513539 0.95714047
vn -0.40598787 0.17060990 0.89781184
vn -0.27970840 0.07513539 0.95714047
vn -0.26226229 0.10996582 0.95871060
vn -0.43195060 0.11636167 0.89435935
vn -0.44776378 0.05982296 0.89214842
vn -0.29039406 0.03860579 0.95612807
vn -0.43195060 0.11636167 0.89435935
vn -0.29039406 0.03860579 0.95612807
vn -0.27970840 0.07513539 0.95714047
vn -0.44776378 0.05982296 0.89214842
vn -0.45328544 0.00214315 0.89136284
vn -0.29412445 0.00121315 0.95576636
vn -0.44776378 0.05982296 0.89214842
vn -0.29412445 0.00121315 0.95576636
vn -0.29039406 0.03860579 0.95612807
vn -0.45328544 0.00214315 0.89136284
vn -0.44847623 -0.05556389 0.89206599
vn -0.29083443 -0.03620326 0.95608821
vn -0.45328544 0.00214315 0.89136284
vn -0.29083443 -0.03620326 0.95608821
vn -0.29412445 0.00121315 0.95576636
vn -0.44847623 -0.05556389 0.89206599
vn -0.43338382 -0.11218818 0.89419924
vn -0.28058483 -0.07280487 0.95706405
vn -0.44847623 -0.05556389 0.89206599
vn -0.28058483 -0.07280487 0.95706405
vn -0.29083443 -0.03620326 0.95608821
vn -0.43338382 -0.11218818 0.89419924
vn -0.40815427 -0.16659148 0.89758419
vn -0.26356502 -0.10775721 0.95860412
vn -0.43338382 -0.11218818 0.89419924
vn -0.26356502 -0.10775721 0.95860412
vn -0.28058483 -0.07280487 0.95706405
vn -0.40815427 -0.16659148 0.89758419
vn -0.37306865 -0.21758389 0.90192962
vn -0.24010098 -0.14023639 0.96056508
vn -0.40815427 -0.16659148 0.89758419
vn -0.24010098 -0.14023639 0.96056508
vn -0.26356502 -0.10775721 0.95860412
vn -0.37306865 -0.21758389 0.90192962
vn -0.32860010 -0.26391850 0.90684563
vn -0.21066647 -0.16944112 0.96276131
vn -0.37306865 -0.21758389 0.90192962
vn -0.21066647 -0.16944112 0.96276131
vn -0.24010098 -0.14023639 0.96056508
vn -0.32860010 -0.26391850 0.90684563
vn -0.27548138 -0.30431264 0.91186831
vn -0.17589352 -0.19461191 0.96498066
vn -0.32860010 -0.26391850 0.90684563
vn -0.17589352 -0.19461191 0.96498066
vn -0.21066647 -0.16944112 0.96276131
vn -0.27548138 -0.30431264 0.91186831
vn -0.21476791 -0.33750103 0.91649757
vn -0.13657733 -0.21505770 0.96700404
vn -0.27548138 -0.30431264 0.91186831
vn -0.13657733 -0.21505770 0.96700404
vn -0.17589352 -0.19461191 0.96498066
vn -0.21476791 -0.33750103 0.91649757
vn -0.14787636 -0.36232043 0.92024806
vn -0.09367104 -0.23018790 0.96862752
vn -0.21476791 -0.33750103 0.91649757
vn -0.09367104 -0.23018790 0.96862752
vn -0.13657733 -0.21505770 0.96700404
vn -0.14787636 -0.36232043 0.92024806
vn -0.07657863 -0.37781569 0.92270852
vn -0.04826670 -0.23954618 0.96968446
vn -0.14787636 -0.36232043 0.92024806
vn -0.04826670 -0.23954618 0.96968446
vn -0.09367104 -0.23018790 0.96862752
vn -0.07657863 -0.37781569 0.92270852
vn -0.00293768 -0.38334703 0.92359971
vn -0.00156116 -0.24284089 0.97006488
vn -0.07657863 -0.37781569 0.92270852
vn -0.00156116 -0.24284089 0.97006488
vn -0.04826670 -0.23954618 0.96968446
vn -0.00293768 -0.38334703 0.92359971
vn 0.07081334 -0.37867254 0.92281774
vn 0.04519089 -0.23996648 0.96972876
vn -0.00293768 -0.38334703 0.92359971
vn 0.04519089 -0.23996648 0.96972876
vn -0.00156116 -0.24284089 0.97006488
vn 0.07081334 -0.37867254 0.92281774
vn 0.14242875 -0.36398241 0.92045144
vn 0.09073172 -0.23101195 0.96871112
vn 0.07081334 -0.37867254 0.92281774
vn 0.09073172 -0.23101195 0.96871112
vn 0.04519089 -0.23996648 0.96972876
vn 0.14242875 -0.36398241 0.92045144
vn 0.20981159 -0.33987459 0.91676844
vn 0.13385593 -0.21625435 0.96711770
vn 0.14242875 -0.36398241 0.92045144
vn 0.13385593 -0.21625435 0.96711770
vn 0.09073172 -0.23101195 0.96871112
vn 0.20981159 -0.33987459 0.91676844
vn 0.27114331 -0.30727873 0.91217382
vn 0.17345897 -0.19613872 0.96511221
vn 0.20981159 -0.33987459 0.91676844
vn 0.17345897 -0.19613872 0.96511221
vn 0.13385593 -0.21625435 0.96711770
vn 0.27114331 -0.30727873 0.91217382
vn 0.32495871 -0.26735028 0.90715250
vn 0.20857327 -0.17124841 0.96289728
vn 0.27114331 -0.30727873 0.91217382
vn 0.20857327 -0.17124841 0.96289728
vn 0.17345897 -0.19613872 0.96511221
vn 0.32495871 -0.26735028 0.90715250
vn 0.37016091 -0.22136124 0.90220846
vn 0.23838927 -0.14227108 0.96069220
vn 0.32495871 -0.26735028 0.90715250
vn 0.23838927 -0.14227108 0.96069220
vn 0.20857327 -0.17124841 0.96289728
vn 0.37016091 -0.22136124 0.90220846
vn 0.40598787 -0.17060990 0.89781184
vn 0.26226229 -0.10996582 0.95871060
vn 0.37016091 -0.22136124 0.90220846
vn 0.26226229 -0.10996582 0.95871060
vn 0.23838927 -0.14227108 0.96069220
vn 0.40598787 -0.17060990 0.89781184
vn 0.43195060 -0.11636167 0.89435935
vn 0.27970840 -0.07513539 0.95714047
vn 0.40598787 -0.17060990 0.89781184
vn 0.27970840 -0.07513539 0.95714047
vn 0.26226229 -0.10996582 0.95871060
vn 0.43195060 -0.11636167 0.89435935
vn 0.44776378 -0.05982296 0.89214842
vn 0.29039406 -0.03860579 0.95612807
vn 0.43195060 -0.11636167 0.89435935
vn 0.29039406 -0.03860579 0.95612807
vn 0.27970840 -0.07513539 0.95714047
vn 0.44776378 -0.05982296 0.89214842
vn 0.45328544 -0.00214315 0.89136284
vn 0.29412445 -0.00121315 0.95576636
vn 0.44776378 -0.05982296 0.89214842
vn 0.29412445 -0.00121315 0.95576636
vn 0.29039406 -0.03860579 0.95612807
vn 0.29412445 -0.00121315 0.95576636
vn 0.29083443 0.03620326 0.95608821
vn 0.19724167 0.02457594 0.98004681
vn 0.29412445 -0.00121315 0.95576636
vn 0.19724167 0.02457594 0.98004681
vn 0.19951402 -0.00079763 0.97989465
vn 0.29083443 0.03620326 0.95608821
vn 0.28058483 0.07280487 0.95706405
vn 0.19017512 0.04936818 0.98050814
vn 0.29083443 0.03620326 0.95608821
vn 0.19017512 0.04936818 0.98050814
vn 0.19724167 0.02457594 0.98004681
vn 0.28058483 0.07280487 0.95706405
vn 0.26356502 0.10775721 0.95860412
vn 0.17846850 0.07298922 0.98123472
vn 0.28058483 0.07280487 0.95706405
vn 0.17846850 0.07298922 0.98123472
vn 0.19017512 0.04936818 0.98050814
vn 0.26356502 0.10775721 0.95860412
vn 0.24010098 0.14023639 0.96056508
vn 0.16238091 0.09486849 0.98215702
vn 0.26356502 0.10775721 0.95860412
vn 0.16238091 0.09486849 0.98215702
vn 0.17846850 0.07298922 0.98123472
vn 0.24010098 0.14023639 0.96056508
vn 0.21066647 0.16944112 0.96276131
vn 0.14227624 0.11446636 0.98318611
vn 0.24010098 0.14023639 0.96056508
vn 0.14227624 0.11446636 0.98318611
vn 0.16238091 0.09486849 0.98215702
vn 0.21066647 0.16944112 0.96276131
vn 0.17589352 0.19461191 0.96498066
vn 0.11862116 0.13128750 0.98422183
vn 0.21066647 0.16944112 0.96276131
vn 0.11862116 0.13128750 0.98422183
vn 0.14227624 0.11446636 0.98318611
vn 0.17589352 0.19461191 0.96498066
vn 0.13657733 0.21505770 0.96700404
vn 0.09197989 0.14489573 0.98516239
vn 0.17589352 0.19461191 0.96498066
vn 0.09197989 0.14489573 0.98516239
vn 0.11862116 0.13128750 0.98422183
vn 0.13657733 0.21505770 0.96700404
vn 0.09367104 0.23018790 0.96862752
vn 0.06300437 0.15492947 0.98591445
vn 0.13657733 0.21505770 0.96700404
vn 0.06300437 0.15492947 0.98591445
vn 0.09197989 0.14489573 0.98516239
vn 0.09367104 0.23018790 0.96862752
vn 0.04826670 0.23954618 0.96968446
vn 0.03241930 0.16111650 0.98640279
vn 0.09367104 0.23018790 0.96862752
vn 0.03241930 0.16111650 0.98640279
vn 0.06300437 0.15492947 0.98591445
vn 0.04826670 0.23954618 0.96968446
vn 0.00156116 0.24284089 0.97006488
vn 0.00100191 0.16328622 0.98657823
vn 0.04826670 0.23954618 0.96968446
vn 0.00100191 0.16328622 0.98657823
vn 0.03241930 0.16111650 0.98640279
vn 0.00156116 0.24284089 0.97006488
vn -0.04519089 0.23996648 0.96972876
vn -0.03044249 0.16137799 0.98642303
vn 0.00156116 0.24284089 0.97006488
vn -0.03044249 0.16137799 0.98642303
vn 0.00100191 0.16328622 0.98657823
vn -0.04519089 0.23996648 0.96972876
vn -0.09073172 0.23101195 0.96871112
vn -0.06110741 0.15544425 0.98595282
vn -0.04519089 0.23996648 0.96972876
vn -0.06110741 0.15544425 0.98595282
vn -0.03044249 0.16137799 0.98642303
vn -0.09073172 0.23101195 0.96871112
vn -0.13385593 0.21625435 0.96711770
vn -0.09021218 0.14564801 0.98521491
vn -0.09073172 0.23101195 0.96871112
vn -0.09021218 0.14564801 0.98521491
vn -0.06110741 0.15544425 0.98595282
vn -0.13385593 0.21625435 0.96711770
vn -0.17345897 0.19613872 0.96511221
vn -0.11702689 0.13225499 0.98428315
vn -0.13385593 0.21625435 0.96711770
vn -0.11702689 0.13225499 0.98428315
vn -0.09021218 0.14564801 0.98521491
vn -0.17345897 0.19613872 0.96511221
vn -0.20857327 0.17124841 0.96289728
vn -0.14089315 0.11562167 0.98325010
vn -0.17345897 0.19613872 0.96511221
vn -0.14089315 0.11562167 0.98325010
vn -0.11702689 0.13225499 0.98428315
vn -0.20857327 0.17124841 0.96289728
vn -0.23838927 0.14227108 0.96069220
vn -0.16123974 0.09618056 0.98221741
vn -0.20857327 0.17124841 0.96289728
vn -0.16123974 0.09618056 0.98221741
vn -0.14089315 0.11562167 0.98325010
vn -0.23838927 0.14227108 0.96069220
vn -0.26226229 0.10996582 0.95871060
vn -0.17759299 0.07442467 0.98128574
vn -0.23838927 0.14227108 0.96069220
vn -0.17759299 0.07442467 0.98128574
vn -0.16123974 0.09618056 0.98221741
vn -0.26226229 0.10996582 0.95871060
vn -0.27970840 0.07513539 0.95714047
vn -0.18958235 0.05089230 0.98054500
vn -0.26226229 0.10996582 0.95871060
vn -0.18958235 0.05089230 0.98054500
vn -0.17759299 0.07442467 0.98128574
vn -0.27970840 0.07513539 0.95714047
vn -0.29039406 0.03860579 0.95612807
vn -0.19694262 0.02615340 0.98006612
vn -0.27970840 0.07513539 0.95714047
vn -0.19694262 0.02615340 0.98006612
vn -0.18958235 0.05089230 0.98054500
vn -0.29039406 0.03860579 0.95612807
vn -0.29412445 0.00121315 0.95576636
vn -0.19951402 0.00079763 0.97989465
vn -0.29039406 0.03860579 0.95612807
vn -0.19951402 0.00079763 0.97989465
vn -0.19694262 0.02615340 0.98006612
vn -0.29412445 0.00121315 0.95576636
vn -0.29083443 -0.03620326 0.95608821
vn -0.19724167 -0.02457594 0.98004681
vn -0.29412445 0.00121315 0.95576636
vn -0.19724167 -0.02457594 0.98004681
vn -0.19951402 0.00079763 0.97989465
vn -0.29083443 -0.03620326 0.95608821
vn -0.28058483 -0.07280487 0.95706405
vn -0.19017512 -0.04936818 0.98050814
vn -0.29083443 -0.03620326 0.95608821
vn -0.19017512 -0.04936818 0.98050814
vn -0.19724167 -0.02457594 0.98004681
vn -0.28058483 -0.07280487 0.95706405
vn -0.26356502 -0.10775721 0.95860412
vn -0.17846850 -0.07298922 0.98123472
vn -0.28058483 -0.07280487 0.95706405
vn -0.17846850 -0.07298922 0.98123472
vn -0.19017512 -0.04936818 0.98050814
vn -0.26356502 -0.10775721 0.95860412
vn -0.24010098 -0.14023639 0.96056508
vn -0.16238091 -0.09486849 0.98215702
vn -0.26356502 -0.10775721 0.95860412
vn -0.16238091 -0.09486849 0.98215702
vn -0.17846850 -0.07298922 0.98123472
vn -0.24010098 -0.14023639 0.96056508
vn -0.21066647 -0.16944112 0.96276131
vn -0.14227624 -0.11446636 0.98318611
vn -0.24010098 -0.14023639 0.96056508
vn -0.14227624 -0.11446636 0.98318611
vn -0.16238091 -0.09486849 0.98215702
vn -0.21066647 -0.16944112 0.96276131
vn -0.17589352 -0.19461191 0.96498066
vn -0.11862116 -0.13128750 0.98422183
vn -0.21066647 -0.16944112 0.96276131
vn -0.11862116 -0.13128750 0.98422183
vn -0.14227624 -0.11446636 0.98318611
vn -0.17589352 -0.19461191 0.96498066
vn -0.13657733 -0.21505770 0.96700404
vn -0.09197989 -0.14489573 0.98516239
vn -0.17589352 -0.19461191 0.96498066
vn -0.09197989 -0.14489573 0.98516239
vn -0.11862116 -0.13128750 0.98422183
vn -0.13657733 -0.21505770 0.96700404
vn -0.09367104 -0.23018790 0.96862752
vn -0.06300437 -0.15492947 0.98591445
vn -0.13657733 -0.21505770 0.96700404
vn -0.06300437 -0.15492947 0.98591445
vn -0.09197989 -0.14489573 0.98516239
vn -0.09367104 -0.23018790 0.96862752
vn -0.04826670 -0.23954618 0.96968446
vn -0.03241930 -0.16111650 0.98640279
vn -0.09367104 -0.23018790 0.96862752
vn -0.03241930 -0.16111650 0.98640279
vn -0.06300437 -0.15492947 0.98591445
vn -0.04826670 -0.23954618 0.96968446
vn -0.00156116 -0.24284089 0.97006488
vn -0.00100191 -0.16328622 0.98657823
vn -0.04826670 -0.23954618 0.96968446
vn -0.00100191 -0.16328622 0.98657823
vn -0.03241930 -0.16111650 0.98640279
vn -0.00156116 -0.24284089 0.97006488
vn 0.04519089 -0.23996648 0.96972876
vn 0.03044249 -0.16137799 0.98642303
vn -0.00156116 -0.24284089 0.97006488
vn 0.03044249 -0.16137799 0.98642303
vn -0.00100191 -0.16328622 0.98657823
vn 0.04519089 -0.23996648 0.96972876
vn 0.09073172 -0.23101195 0.96871112
vn 0.06110741 -0.15544425 0.98595282
vn 0.04519089 -0.23996648 0.96972876
vn 0.06110741 -0.15544425 0.98595282
vn 0.03044249 -0.16137799 0.98642303
vn 0.09073172 -0.23101195 0.96871112
vn 0.13385593 -0.21625435 0.96711770
vn 0.09021218 -0.14564801 0.98521491
vn 0.09073172 -0.23101195 0.96871112
vn 0.09021218 -0.14564801 0.98521491
vn 0.06110741 -0.15544425 0.98595282
vn 0.13385593 -0.21625435 0.96711770
vn 0.17345897 -0.19613872 0.96511221
vn 0.11702689 -0.13225499 0.98428315
vn 0.13385593 -0.21625435 0.96711770
vn 0.11702689 -0.13225499 0.98428315
vn 0.09021218 -0.14564801 0.98521491
vn 0.17345897 -0.19613872 0.96511221
vn 0.20857327 -0.17124841 0.96289728
vn 0.14089315 -0.11562167 0.98325010
vn 0.17345897 -0.19613872 0.96511221
vn 0.14089315 -0.11562167 0.98325010
vn 0.11702689 -0.13225499 0.98428315
vn 0.20857327 -0.17124841 0.96289728
vn 0.23838927 -0.14227108 0.96069220
vn 0.16123974 -0.09618056 0.98221741
vn 0.20857327 -0.17124841 0.96289728
vn 0.16123974 -0.09618056 0.98221741
vn 0.14089315 -0.11562167 0.98325010
vn 0.23838927 -0.14227108 0.96069220
vn 0.26226229 -0.10996582 0.95871060
vn 0.17759299 -0.07442467 0.98128574
vn 0.23838927 -0.14227108 0.96069220
vn 0.17759299 -0.07442467 0.98128574
vn 0.16123974 -0.09618056 0.98221741
vn 0.26226229 -0.10996582 0.95871060
vn 0.27970840 -0.07513539 0.95714047
vn 0.18958235 -0.05089230 0.98054500
vn 0.26226229 -0.10996582 0.95871060
vn 0.18958235 -0.05089230 0.98054500
vn 0.17759299 -0.07442467 0.98128574
vn 0.27970840 -0.07513539 0.95714047
vn 0.29039406 -0.03860579 0.95612807
vn 0.19694262 -0.02615340 0.98006612
vn 0.27970840 -0.07513539 0.95714047
vn 0.19694262 -0.02615340 0.98006612
vn 0.18958235 -0.05089230 0.98054500
vn 0.29039406 -0.03860579 0.95612807
vn 0.29412445 -0.00121315 0.95576636
vn 0.19951402 -0.00079763 0.97989465
vn 0.29039406 -0.03860579 0.95612807
vn 0.19951402 -0.00079763 0.97989465
vn 0.19694262 -0.02615340 0.98006612
vn 0.19951402 -0.00079763 0.97989465
vn 0.19724167 0.02457594 0.98004681
vn 0.13265654 0.01647029 0.99102521
vn 0.19951402 -0.00079763 0.97989465
vn 0.13265654 0.01647029 0.99102521
vn 0.13418503 -0.00059349 0.99095612
vn 0.19724167 0.02457594 0.98004681
vn 0.19017512 0.04936818 0.98050814
vn 0.12788091 0.03313582 0.99123584
vn 0.19724167 0.02457594 0.98004681
vn 0.12788091 0.03313582 0.99123584
vn 0.13265654 0.01647029 0.99102521
vn 0.19017512 0.04936818 0.98050814
vn 0.17846850 0.07298922 0.98123472
vn 0.11996959 0.04899907 0.99156764
vn 0.19017512 0.04936818 0.98050814
vn 0.11996959 0.04899907 0.99156764
vn 0.12788091 0.03313582 0.99123584
vn 0.17846850 0.07298922 0.98123472
vn 0.16238091 0.09486849 0.98215702
vn 0.10910839 0.06367285 0.99198847
vn 0.17846850 0.07298922 0.98123472
vn 0.10910839 0.06367285 0.99198847
vn 0.11996959 0.04899907 0.99156764
vn 0.16238091 0.09486849 0.98215702
vn 0.14227624 0.11446636 0.98318611
vn 0.09555478 0.07679552 0.99245742
vn 0.16238091 0.09486849 0.98215702
vn 0.09555478 0.07679552 0.99245742
vn 0.10910839 0.06367285 0.99198847
vn 0.14227624 0.11446636 0.98318611
vn 0.11862116 0.13128750 0.98422183
vn 0.07963380 0.08804002 0.99292870
vn 0.14227624 0.11446636 0.98318611
vn 0.07963380 0.08804002 0.99292870
vn 0.09555478 0.07679552 0.99245742
vn 0.11862116 0.13128750 0.98422183
vn 0.09197989 0.14489573 0.98516239
vn 0.06173191 0.09712272 0.99335610
vn 0.11862116 0.13128750 0.98422183
vn 0.06173191 0.09712272 0.99335610
vn 0.07963380 0.08804002 0.99292870
vn 0.09197989 0.14489573 0.98516239
vn 0.06300437 0.15492947 0.98591445
vn 0.04228871 0.10381189 0.99369752
vn 0.09197989 0.14489573 0.98516239
vn 0.04228871 0.10381189 0.99369752
vn 0.06173191 0.09712272 0.99335610
vn 0.06300437 0.15492947 0.98591445
vn 0.03241930 0.16111650 0.98640279
vn 0.02178641 0.10793515 0.99391919
vn 0.06300437 0.15492947 0.98591445
vn 0.02178641 0.10793515 0.99391919
vn 0.04228871 0.10381189 0.99369752
vn 0.03241930 0.16111650 0.98640279
vn 0.00100191 0.16328622 0.98657823
vn 0.00073721 0.10938543 0.99399914
vn 0.03241930 0.16111650 0.98640279
vn 0.00073721 0.10938543 0.99399914
vn 0.02178641 0.10793515 0.99391919
vn 0.00100191 0.16328622 0.98657823
vn -0.03044249 0.16137799 0.98642303
vn -0.02033092 0.10812481 0.99392941
vn 0.00100191 0.16328622 0.98657823
vn -0.02033092 0.10812481 0.99392941
vn 0.00073721 0.10938543 0.99399914
vn -0.03044249 0.16137799 0.98642303
vn -0.06110741 0.15544425 0.98595282
vn -0.04088937 0.10418595 0.99371693
vn -0.03044249 0.16137799 0.98642303
vn -0.04088937 0.10418595 0.99371693
vn -0.02033092 0.10812481 0.99392941
vn -0.06110741 0.15544425 0.98595282
vn -0.09021218 0.14564801 0.98521491
vn -0.06042408 0.09767095 0.99338276
vn -0.06110741 0.15544425 0.98595282
vn -0.06042408 0.09767095 0.99338276
vn -0.04088937 0.10418595 0.99371693
vn -0.09021218 0.14564801 0.98521491
vn -0.11702689 0.13225499 0.98428315
vn -0.07844991 0.08874768 0.99295995
vn -0.09021218 0.14564801 0.98521491
vn -0.07844991 0.08874768 0.99295995
vn -0.06042408 0.09767095 0.99338276
vn -0.11702689 0.13225499 0.98428315
vn -0.14089315 0.11562167 0.98325010
vn -0.09452349 0.07764398 0.99249016
vn -0.11702689 0.13225499 0.98428315
vn -0.09452349 0.07764398 0.99249016
vn -0.07844991 0.08874768 0.99295995
vn -0.14089315 0.11562167 0.98325010
vn -0.16123974 0.09618056 0.98221741
vn -0.10825400 0.06464035 0.99201950
vn -0.14089315 0.11562167 0.98325010
vn -0.10825400 0.06464035 0.99201950
vn -0.09452349 0.07764398 0.99249016
vn -0.16123974 0.09618056 0.98221741
vn -0.17759299 0.07442467 0.98128574
vn -0.11931168 0.05006142 0.99159396
vn -0.16123974 0.09618056 0.98221741
vn -0.11931168 0.05006142 0.99159396
vn -0.10825400 0.06464035 0.99201950
vn -0.17759299 0.07442467 0.98128574
vn -0.18958235 0.05089230 0.98054500
vn -0.12743416 0.03426704 0.99125491
vn -0.17759299 0.07442467 0.98128574
vn -0.12743416 0.03426704 0.99125491
vn -0.11931168 0.05006142 0.99159396
vn -0.18958235 0.05089230 0.98054500
vn -0.19694262 0.02615340 0.98006612
vn -0.13243073 0.01764328 0.99103522
vn -0.18958235 0.05089230 0.98054500
vn -0.13243073 0.01764328 0.99103522
vn -0.12743416 0.03426704 0.99125491
vn -0.19694262 0.02615340 0.98006612
vn -0.19951402 0.00079763 0.97989465
vn -0.13418503 0.00059349 0.99095612
vn -0.19694262 0.02615340 0.98006612
vn -0.13418503 0.00059349 0.99095612
vn -0.13243073 0.01764328 0.99103522
vn -0.19951402 0.00079763 0.97989465
vn -0.19724167 -0.02457594 0.98004681
vn -0.13265654 -0.01647029 0.99102521
vn -0.19951402 0.00079763 0.97989465
vn -0.13265654 -0.01647029 0.99102521
vn -0.13418503 0.00059349 0.99095612
vn -0.19724167 -0.02457594 0.98004681
vn -0.19017512 -0.04936818 0.98050814
vn -0.12788091 -0.03313582 0.99123584
vn -0.19724167 -0.02457594 0.98004681
vn -0.12788091 -0.03313582 0.99123584
vn -0.13265654 -0.01647029 0.99102521
vn -0.19017512 -0.04936818 0.98050814
vn -0.17846850 -0.07298922 0.98123472
vn -0.11996959 -0.04899907 0.99156764
vn -0.19017512 -0.04936818 0.98050814
vn -0.11996959 -0.04899907 0.99156764
vn -0.12788091 -0.03313582 0.99123584
vn -0.17846850 -0.07298922 0.98123472
vn -0.16238091 -0.09486849 0.98215702
vn -0.10910839 -0.06367285 0.99198847
vn -0.17846850 -0.07298922 0.98123472
vn -0.10910839 -0.06367285 0.99198847
vn -0.11996959 -0.04899907 0.99156764
vn -0.16238091 -0.09486849 0.98215702
vn -0.14227624 -0.11446636 0.98318611
vn -0.09555478 -0.07679552 0.99245742
vn -0.16238091 -0.09486849 0.98215702
vn -0.09555478 -0.07679552 0.99245742
vn -0.10910839 -0.06367285 0.99198847
vn -0.14227624 -0.11446636 0.98318611
vn -0.11862116 -0.13128750 0.98422183
vn -0.07963380 -0.08804002 0.99292870
vn -0.14227624 -0.11446636 0.98318611
vn -0.07963380 -0.08804002 0.99292870
vn -0.09555478 -0.07679552 0.99245742
vn -0.11862116 -0.13128750 0.98422183
vn -0.09197989 -0.14489573 0.98516239
vn -0.06173191 -0.09712272 0.99335610
vn -0.11862116 -0.13128750 0.98422183
vn -0.06173191 -0.09712272 0.99335610
vn -0.07963380 -0.08804002 0.99292870
vn -0.09197989 -0.14489573 0.98516239
vn -0.06300437 -0.15492947 0.98591445
vn -0.04228871 -0.10381189 0.99369752
vn -0.09197989 -0.14489573 0.98516239
vn -0.04228871 -0.10381189 0.99369752
vn -0.06173191 -0.09712272 0.99335610
vn -0.06300437 -0.15492947 0.98591445
vn -0.03241930 -0.16111650 0.98640279
vn -0.02178641 -0.10793515 0.99391919
vn -0.06300437 -0.15492947 0.98591445
vn -0.02178641 -0.10793515 0.99391919
vn -0.04228871 -0.10381189 0.99369752
vn -0.03241930 -0.16111650 0.98640279
vn -0.00100191 -0.16328622 0.98657823
vn -0.00073721 -0.10938543 0.99399914
vn -0.03241930 -0.16111650 0.98640279
vn -0.00073721 -0.10938543 0.99399914
vn -0.02178641 -0.10793515 0.99391919
vn -0.00100191 -0.16328622 0.98657823
vn 0.03044249 -0.16137799 0.98642303
vn 0.02033092 -0.10812481 0.99392941
vn -0.00100191 -0.16328622 0.98657823
vn 0.02033092 -0.10812481 0.99392941
vn -0.00073721 -0.10938543 0.99399914
vn 0.03044249 -0.16137799 0.98642303
vn 0.06110741 -0.15544425 0.98595282
vn 0.04088937 -0.10418595 0.99371693
vn 0.03044249 -0.16137799 0.98642303
vn 0.04088937 -0.10418595 0.99371693
vn 0.02033092 -0.10812481 0.99392941
vn 0.06110741 -0.15544425 0.98595282
vn 0.09021218 -0.14564801 0.98521491
vn 0.06042408 -0.09767095 0.99338276
vn 0.06110741 -0.15544425 0.98595282
vn 0.06042408 -0.09767095 0.99338276
vn 0.04088937 -0.10418595 0.99371693
vn 0.09021218 -0.14564801 0.98521491
vn 0.11702689 -0.13225499 0.98428315
vn 0.07844991 -0.08874768 0.99295995
vn 0.09021218 -0.14564801 0.98521491
vn 0.07844991 -0.08874768 0.99295995
vn 0.06042408 -0.09767095 0.99338276
vn 0.11702689 -0.13225499 0.98428315
vn 0.14089315 -0.11562167 0.98325010
vn 0.09452349 -0.07764398 0.99249016
vn 0.11702689 -0.13225499 0.98428315
vn 0.09452349 -0.07764398 0.99249016
vn 0.07844991 -0.08874768 0.99295995
vn 0.14089315 -0.11562167 0.98325010
vn 0.16123974 -0.09618056 0.98221741
vn 0.10825400 -0.06464035 0.99201950
vn 0.14089315 -0.11562167 0.98325010
vn 0.10825400 -0.06464035 0.99201950
vn 0.09452349 -0.07764398 0.99249016
vn 0.16123974 -0.09618056 0.98221741
vn 0.17759299 -0.07442467 0.98128574
vn 0.11931168 -0.05006142 0.99159396
vn 0.16123974 -0.09618056 0.98221741
vn 0.11931168 -0.05006142 0.99159396
vn 0.10825400 -0.06464035 0.99201950
vn 0.17759299 -0.07442467 0.98128574
vn 0.18958235 -0.05089230 0.98054500
vn 0.12743416 -0.03426704 0.99125491
vn 0.17759299 -0.07442467 0.98128574
vn 0.12743416 -0.03426704 0.99125491
vn 0.11931168 -0.05006142 0.99159396
vn 0.18958235 -0.05089230 0.98054500
vn 0.19694262 -0.02615340 0.98006612
vn 0.13243073 -0.01764328 0.99103522
vn 0.18958235 -0.05089230 0.98054500
vn 0.13243073 -0.01764328 0.99103522
vn 0.12743416 -0.03426704 0.99125491
vn 0.19694262 -0.02615340 0.98006612
vn 0.19951402 -0.00079763 0.97989465
vn 0.13418503 -0.00059349 0.99095612
vn 0.19694262 -0.02615340 0.98006612
vn 0.13418503 -0.00059349 0.99095612
vn 0.13243073 -0.01764328 0.99103522
vn 0.13418503 -0.00059349 0.99095612
vn 0.13265654 0.01647029 0.99102521
vn 0.08251781 0.01012512 0.99653815
vn 0.13418503 -0.00059349 0.99095612
vn 0.08251781 0.01012512 0.99653815
vn 0.08344907 -0.00048756 0.99651192
vn 0.13265654 0.01647029 0.99102521
vn 0.12788091 0.03313582 0.99123584
vn 0.07955963 0.02049030 0.99661949
vn 0.13265654 0.01647029 0.99102521
vn 0.07955963 0.02049030 0.99661949
vn 0.08251781 0.01012512 0.99653815
vn 0.12788091 0.03313582 0.99123584
vn 0.11996959 0.04899907 0.99156764
vn 0.07464582 0.03035439 0.99674802
vn 0.12788091 0.03313582 0.99123584
vn 0.07464582 0.03035439 0.99674802
vn 0.07955963 0.02049030 0.99661949
vn 0.11996959 0.04899907 0.99156764
vn 0.10910839 0.06367285 0.99198847
vn 0.06789507 0.03947538 0.99691121
vn 0.11996959 0.04899907 0.99156764
vn 0.06789507 0.03947538 0.99691121
vn 0.07464582 0.03035439 0.99674802
vn 0.10910839 0.06367285 0.99198847
vn 0.09555478 0.07679552 0.99245742
vn 0.05947108 0.04762860 0.99709313
vn 0.10910839 0.06367285 0.99198847
vn 0.05947108 0.04762860 0.99709313
vn 0.06789507 0.03947538 0.99691121
vn 0.09555478 0.07679552 0.99245742
vn 0.07963380 0.08804002 0.99292870
vn 0.04957907 0.05461232 0.99727600
vn 0.09555478 0.07679552 0.99245742
vn 0.04957907 0.05461232 0.99727600
vn 0.05947108 0.04762860 0.99709313
vn 0.07963380 0.08804002 0.99292870
vn 0.06173191 0.09712272 0.99335610
vn 0.03846117 0.06025286 0.99744189
vn 0.07963380 0.08804002 0.99292870
vn 0.03846117 0.06025286 0.99744189
vn 0.04957907 0.05461232 0.99727600
vn 0.06173191 0.09712272 0.99335610
vn 0.04228871 0.10381189 0.99369752
vn 0.02639083 0.06440929 0.99757454
vn 0.06173191 0.09712272 0.99335610
vn 0.02639083 0.06440929 0.99757454
vn 0.03846117 0.06025286 0.99744189
vn 0.04228871 0.10381189 0.99369752
vn 0.02178641 0.10793515 0.99391919
vn 0.01366612 0.06697732 0.99766090
vn 0.04228871 0.10381189 0.99369752
vn 0.01366612 0.06697732 0.99766090
vn 0.02639083 0.06440929 0.99757454
vn 0.02178641 0.10793515 0.99391919
vn 0.00073721 0.10938543 0.99399914
vn 0.00060222 0.06789229 0.99769247
vn 0.02178641 0.10793515 0.99391919
vn 0.00060222 0.06789229 0.99769247
vn 0.01366612 0.06697732 0.99766090
vn 0.00073721 0.10938543 0.99399914
vn -0.02033092 0.10812481 0.99392941
vn -0.01247676 0.06713112 0.99766615
vn 0.00073721 0.10938543 0.99399914
vn -0.01247676 0.06713112 0.99766615
vn 0.00060222 0.06789229 0.99769247
vn -0.02033092 0.10812481 0.99392941
vn -0.04088937 0.10418595 0.99371693
vn -0.02524627 0.06471293 0.99758451
vn -0.02033092 0.10812481 0.99392941
vn -0.02524627 0.06471293 0.99758451
vn -0.01247676 0.06713112 0.99766615
vn -0.04088937 0.10418595 0.99371693
vn -0.06042408 0.09767095 0.99338276
vn -0.03738988 0.06069853 0.99745561
vn -0.04088937 0.10418595 0.99371693
vn -0.03738988 0.06069853 0.99745561
vn -0.02524627 0.06471293 0.99758451
vn -0.06042408 0.09767095 0.99338276
vn -0.07844991 0.08874768 0.99295995
vn -0.04860751 0.05518865 0.99729210
vn -0.06042408 0.09767095 0.99338276
vn -0.04860751 0.05518865 0.99729210
vn -0.03738988 0.06069853 0.99745561
vn -0.07844991 0.08874768 0.99295995
vn -0.09452349 0.07764398 0.99249016
vn -0.05862301 0.04832103 0.99711003
vn -0.07844991 0.08874768 0.99295995
vn -0.05862301 0.04832103 0.99711003
vn -0.04860751 0.05518865 0.99729210
vn -0.09452349 0.07764398 0.99249016
vn -0.10825400 0.06464035 0.99201950
vn -0.06719103 0.04026656 0.99692726
vn -0.09452349 0.07764398 0.99249016
vn -0.06719103 0.04026656 0.99692726
vn -0.05862301 0.04832103 0.99711003
vn -0.10825400 0.06464035 0.99201950
vn -0.11931168 0.05006142 0.99159396
vn -0.07410267 0.03122474 0.99676166
vn -0.10825400 0.06464035 0.99201950
vn -0.07410267 0.03122474 0.99676166
vn -0.06719103 0.04026656 0.99692726
vn -0.11931168 0.05006142 0.99159396
vn -0.12743416 0.03426704 0.99125491
vn -0.07919028 0.02141844 0.99662939
vn -0.11931168 0.05006142 0.99159396
vn -0.07919028 0.02141844 0.99662939
vn -0.07410267 0.03122474 0.99676166
vn -0.12743416 0.03426704 0.99125491
vn -0.13243073 0.01764328 0.99103522
vn -0.08233095 0.01108843 0.99654336
vn -0.12743416 0.03426704 0.99125491
vn -0.08233095 0.01108843 0.99654336
vn -0.07919028 0.02141844 0.99662939
vn -0.13243073 0.01764328 0.99103522
vn -0.13418503 0.00059349 0.99095612
vn -0.08344907 0.00048756 0.99651192
vn -0.13243073 0.01764328 0.99103522
vn -0.08344907 0.00048756 0.99651192
vn -0.08233095 0.01108843 0.99654336
vn -0.13418503 0.00059349 0.99095612
vn -0.13265654 -0.01647029 0.99102521
vn -0.08251781 -0.01012512 0.99653815
vn -0.13418503 0.00059349 0.99095612
vn -0.08251781 -0.01012512 0.99653815
vn -0.08344907 0.00048756 0.99651192
vn -0.13265654 -0.01647029 0.99102521
vn -0.12788091 -0.03313582 0.99123584
vn -0.07955963 -0.02049030 0.99661949
vn -0.13265654 -0.01647029 0.99102521
vn -0.07955963 -0.02049030 0.99661949
vn -0.08251781 -0.01012512 0.99653815
vn -0.12788091 -0.03313582 0.99123584
vn -0.11996959 -0.04899907 0.99156764
vn -0.07464582 -0.03035439 0.99674802
vn -0.12788091 -0.03313582 0.99123584
vn -0.07464582 -0.03035439 0.99674802
vn -0.07955963 -0.02049030 0.99661949
vn -0.11996959 -0.04899907 0.99156764
vn -0.10910839 -0.06367285 0.99198847
vn -0.06789507 -0.03947538 0.99691121
vn -0.11996959 -0.04899907 0.99156764
vn -0.06789507 -0.03947538 0.99691121
vn -0.07464582 -0.03035439 0.99674802
vn -0.10910839 -0.06367285 0.99198847
vn -0.09555478 -0.07679552 0.99245742
vn -0.05947108 -0.04762860 0.99709313
vn -0.10910839 -0.06367285 0.99198847
vn -0.05947108 -0.04762860 0.99709313
vn -0.06789507 -0.03947538 0.99691121
vn -0.09555478 -0.07679552 0.99245742
vn -0.07963380 -0.08804002 0.99292870
vn -0.04957907 -0.05461232 0.99727600
vn -0.09555478 -0.07679552 0.99245742
vn -0.04957907 -0.05461232 0.99727600
vn -0.05947108 -0.04762860 0.99709313
vn -0.07963380 -0.08804002 0.99292870
vn -0.06173191 -0.09712272 0.99335610
vn -0.03846117 -0.06025286 0.99744189
vn -0.07963380 -0.08804002 0.99292870
vn -0.03846117 -0.06025286 0.99744189
vn -0.04957907 -0.05461232 0.99727600
vn -0.06173191 -0.09712272 0.99335610
vn -0.04228871 -0.10381189 0.99369752
vn -0.02639083 -0.06440929 0.99757454
vn -0.06173191 -0.09712272 0.99335610
vn -0.02639083 -0.06440929 0.99757454
vn -0.03846117 -0.06025286 0.99744189
vn -0.04228871 -0.10381189 0.99369752
vn -0.02178641 -0.10793515 0.99391919
vn -0.01366612 -0.06697732 0.99766090
vn -0.04228871 -0.10381189 0.99369752
vn -0.01366612 -0.06697732 0.99766090
vn -0.02639083 -0.06440929 0.99757454
vn -0.02178641 -0.10793515 0.99391919
vn -0.00073721 -0.10938543 0.99399914
vn -0.00060222 -0.06789229 0.99769247
vn -0.02178641 -0.10793515 0.99391919
vn -0.00060222 -0.06789229 0.99769247
vn -0.01366612 -0.06697732 0.99766090
vn -0.00073721 -0.10938543 0.99399914
vn 0.02033092 -0.10812481 0.99392941
vn 0.01247676 -0.06713112 0.99766615
vn -0.00073721 -0.10938543 0.99399914
vn 0.01247676 -0.06713112 0.99766615
vn -0.00060222 -0.06789229 0.99769247
vn 0.02033092 -0.10812481 0.99392941
vn 0.04088937 -0.10418595 0.99371693
vn 0.02524627 -0.06471293 0.99758451
vn 0.02033092 -0.10812481 0.99392941
vn 0.02524627 -0.06471293 0.99758451
vn 0.01247676 -0.06713112 0.99766615
vn 0.04088937 -0.10418595 0.99371693
vn 0.06042408 -0.09767095 0.99338276
vn 0.03738988 -0.06069853 0.99745561
vn 0.04088937 -0.10418595 0.99371693
vn 0.03738988 -0.06069853 0.99745561
vn 0.02524627 -0.06471293 0.99758451
vn 0.06042408 -0.09767095 0.99338276
vn 0.07844991 -0.08874768 0.99295995
vn 0.04860751 -0.05518865 0.99729210
vn 0.06042408 -0.09767095 0.99338276
vn 0.04860751 -0.05518865 0.99729210
vn 0.03738988 -0.06069853 0.99745561
vn 0.07844991 -0.08874768 0.99295995
vn 0.09452349 -0.07764398 0.99249016
vn 0.05862301 -0.04832103 0.99711003
vn 0.07844991 -0.08874768 0.99295995
vn 0.05862301 -0.04832103 0.99711003
vn 0.04860751 -0.05518865 0.99729210
vn 0.09452349 -0.07764398 0.99249016
vn 0.10825400 -0.06464035 0.99201950
vn 0.06719103 -0.04026656 0.99692726
vn 0.09452349 -0.07764398 0.99249016
vn 0.06719103 -0.04026656 0.99692726
vn 0.05862301 -0.04832103 0.99711003
vn 0.10825400 -0.06464035 0.99201950
vn 0.11931168 -0.05006142 0.99159396
vn 0.07410267 -0.03122474 0.99676166
vn 0.10825400 -0.06464035 0.99201950
vn 0.07410267 -0.03122474 0.99676166
vn 0.06719103 -0.04026656 0.99692726
vn 0.11931168 -0.05006142 0.99159396
vn 0.12743416 -0.03426704 0.99125491
vn 0.07919028 -0.02141844 0.99662939
vn 0.11931168 -0.05006142 0.99159396
vn 0.07919028 -0.02141844 0.99662939
vn 0.07410267 -0.03122474 0.99676166
vn 0.12743416 -0.03426704 0.99125491
vn 0.13243073 -0.01764328 0.99103522
vn 0.08233095 -0.01108843 0.99654336
vn 0.12743416 -0.03426704 0.99125491
vn 0.08233095 -0.01108843 0.99654336
vn 0.07919028 -0.02141844 0.99662939
vn 0.13243073 -0.01764328 0.99103522
vn 0.13418503 -0.00059349 0.99095612
vn 0.08344907 -0.00048756 0.99651192
vn 0.13243073 -0.01764328 0.99103522
vn 0.08344907 -0.00048756 0.99651192
vn 0.08233095 -0.01108843 0.99654336
vn 0.08344907 -0.00048756 0.99651192
vn 0.08251781 0.01012512 0.99653815
vn 0.04382642 0.00485546 0.99902736
vn 0.08344907 -0.00048756 0.99651192
vn 0.04382642 0.00485546 0.99902736
vn 0.04422137 -0.00077460 0.99902146
vn 0.08251781 0.01012512 0.99653815
vn 0.07955963 0.02049030 0.99661949
vn 0.04235319 0.01036628 0.99904892
vn 0.08251781 0.01012512 0.99653815
vn 0.04235319 0.01036628 0.99904892
vn 0.04382642 0.00485546 0.99902736
vn 0.07955963 0.02049030 0.99661949
vn 0.07464582 0.03035439 0.99674802
vn 0.03983771 0.01562243 0.99908403
vn 0.07955963 0.02049030 0.99661949
vn 0.03983771 0.01562243 0.99908403
vn 0.04235319 0.01036628 0.99904892
vn 0.07464582 0.03035439 0.99674802
vn 0.06789507 0.03947538 0.99691121
vn 0.03634152 0.02049467 0.99912925
vn 0.07464582 0.03035439 0.99674802
vn 0.03634152 0.02049467 0.99912925
vn 0.03983771 0.01562243 0.99908403
vn 0.06789507 0.03947538 0.99691121
vn 0.05947108 0.04762860 0.99709313
vn 0.03195025 0.02486303 0.99918017
vn 0.06789507 0.03947538 0.99691121
vn 0.03195025 0.02486303 0.99918017
vn 0.03634152 0.02049467 0.99912925
vn 0.05947108 0.04762860 0.99709313
vn 0.04957907 0.05461232 0.99727600
vn 0.02677163 0.02861976 0.99923180
vn 0.05947108 0.04762860 0.99709313
vn 0.02677163 0.02861976 0.99923180
vn 0.03195025 0.02486303 0.99918017
vn 0.04957907 0.05461232 0.99727600
vn 0.03846117 0.06025286 0.99744189
vn 0.02093292 0.03167208 0.99927909
vn 0.04957907 0.05461232 0.99727600
vn 0.02093292 0.03167208 0.99927909
vn 0.02677163 0.02861976 0.99923180
vn 0.03846117 0.06025286 0.99744189
vn 0.02639083 0.06440929 0.99757454
vn 0.01457780 0.03394447 0.99931740
vn 0.03846117 0.06025286 0.99744189
vn 0.01457780 0.03394447 0.99931740
vn 0.02093292 0.03167208 0.99927909
vn 0.02639083 0.06440929 0.99757454
vn 0.01366612 0.06697732 0.99766090
vn 0.00786292 0.03538061 0.99934298
vn 0.02639083 0.06440929 0.99757454
vn 0.00786292 0.03538061 0.99934298
vn 0.01457780 0.03394447 0.99931740
vn 0.01366612 0.06697732 0.99766090
vn 0.00060222 0.06789229 0.99769247
vn 0.00095392 0.03594490 0.99935332
vn 0.01366612 0.06697732 0.99766090
vn 0.00095392 0.03594490 0.99935332
vn 0.00786292 0.03538061 0.99934298
vn 0.00060222 0.06789229 0.99769247
vn -0.01247676 0.06713112 0.99766615
vn -0.00597864 0.03562333 0.99934740
vn 0.00060222 0.06789229 0.99769247
vn -0.00597864 0.03562333 0.99934740
vn 0.00095392 0.03594490 0.99935332
vn -0.01247676 0.06713112 0.99766615
vn -0.02524627 0.06471293 0.99758451
vn -0.01276361 0.03442387 0.99932582
vn -0.01247676 0.06713112 0.99766615
vn -0.01276361 0.03442387 0.99932582
vn -0.00597864 0.03562333 0.99934740
vn -0.02524627 0.06471293 0.99758451
vn -0.03738988 0.06069853 0.99745561
vn -0.01923356 0.03237628 0.99929067
vn -0.02524627 0.06471293 0.99758451
vn -0.01923356 0.03237628 0.99929067
vn -0.01276361 0.03442387 0.99932582
vn -0.03738988 0.06069853 0.99745561
vn -0.04860751 0.05518865 0.99729210
vn -0.02522899 0.02953129 0.99924542
vn -0.03738988 0.06069853 0.99745561
vn -0.02522899 0.02953129 0.99924542
vn -0.01923356 0.03237628 0.99929067
vn -0.04860751 0.05518865 0.99729210
vn -0.05862301 0.04832103 0.99711003
vn -0.03060225 0.02595933 0.99919448
vn -0.04860751 0.05518865 0.99729210
vn -0.03060225 0.02595933 0.99919448
vn -0.02522899 0.02953129 0.99924542
vn -0.05862301 0.04832103 0.99711003
vn -0.06719103 0.04026656 0.99692726
vn -0.03522126 0.02174868 0.99914286
vn -0.05862301 0.04832103 0.99711003
vn -0.03522126 0.02174868 0.99914286
vn -0.03060225 0.02595933 0.99919448
vn -0.06719103 0.04026656 0.99692726
vn -0.07410267 0.03122474 0.99676166
vn -0.03897264 0.01700323 0.99909560
vn -0.06719103 0.04026656 0.99692726
vn -0.03897264 0.01700323 0.99909560
vn -0.03522126 0.02174868 0.99914286
vn -0.07410267 0.03122474 0.99676166
vn -0.07919028 0.02141844 0.99662939
vn -0.04176447 0.01183988 0.99905733
vn -0.07410267 0.03122474 0.99676166
vn -0.04176447 0.01183988 0.99905733
vn -0.03897264 0.01700323 0.99909560
vn -0.07919028 0.02141844 0.99662939
vn -0.08233095 0.01108843 0.99654336
vn -0.04352842 0.00638565 0.99903178
vn -0.07919028 0.02141844 0.99662939
vn -0.04352842 0.00638565 0.99903178
vn -0.04176447 0.01183988 0.99905733
vn -0.08233095 0.01108843 0.99654336
vn -0.08344907 0.00048756 0.99651192
vn -0.04422137 0.00077460 0.99902146
vn -0.08233095 0.01108843 0.99654336
vn -0.04422137 0.00077460 0.99902146
vn -0.04352842 0.00638565 0.99903178
vn -0.08344907 0.00048756 0.99651192
vn -0.08251781 -0.01012512 0.99653815
vn -0.04382642 -0.00485546 0.99902736
vn -0.08344907 0.00048756 0.99651192
vn -0.04382642 -0.00485546 0.99902736
vn -0.04422137 0.00077460 0.99902146
vn -0.08251781 -0.01012512 0.99653815
vn -0.07955963 -0.02049030 0.99661949
vn -0.04235319 -0.01036628 0.99904892
vn -0.08251781 -0.01012512 0.99653815
vn -0.04235319 -0.01036628 0.99904892
vn -0.04382642 -0.00485546 0.99902736
vn -0.07955963 -0.02049030 0.99661949
vn -0.07464582 -0.03035439 0.99674802
vn -0.03983771 -0.01562243 0.99908403
vn -0.07955963 -0.02049030 0.99661949
vn -0.03983771 -0.01562243 0.99908403
vn -0.04235319 -0.01036628 0.99904892
vn -0.07464582 -0.03035439 0.99674802
vn -0.06789507 -0.03947538 0.99691121
vn -0.03634152 -0.02049467 0.99912925
vn -0.07464582 -0.03035439 0.99674802
vn -0.03634152 -0.02049467 0.99912925
vn -0.03983771 -0.01562243 0.99908403
vn -0.06789507 -0.03947538 0.99691121
vn -0.05947108 -0.04762860 0.99709313
vn -0.03195025 -0.02486303 0.99918017
vn -0.06789507 -0.03947538 0.99691121
vn -0.03195025 -0.02486303 0.99918017
vn -0.03634152 -0.02049467 0.99912925
vn -0.05947108 -0.04762860 0.99709313
vn -0.04957907 -0.05461232 0.99727600
vn -0.02677163 -0.02861976 0.99923180
vn -0.05947108 -0.04762860 0.99709313
vn -0.02677163 -0.02861976 0.99923180
vn -0.03195025 -0.02486303 0.99918017
vn -0.04957907 -0.05461232 0.99727600
vn -0.03846117 -0.06025286 0.99744189
vn -0.02093292 -0.03167208 0.99927909
vn -0.04957907 -0.05461232 0.99727600
vn -0.02093292 -0.03167208 0.99927909
vn -0.02677163 -0.02861976 0.99923180
vn -0.03846117 -0.06025286 0.99744189
vn -0.02639083 -0.06440929 0.99757454
vn -0.01457780 -0.03394447 0.99931740
vn -0.03846117 -0.06025286 0.99744189
vn -0.01457780 -0.03394447 0.99931740
vn -0.02093292 -0.03167208 0.99927909
vn -0.02639083 -0.06440929 0.99757454
vn -0.01366612 -0.06697732 0.99766090
vn -0.00786292 -0.03538061 0.99934298
vn -0.02639083 -0.06440929 0.99757454
vn -0.00786292 -0.03538061 0.99934298
vn -0.01457780 -0.03394447 0.99931740
vn -0.01366612 -0.06697732 0.99766090
vn -0.00060222 -0.06789229 0.99769247
vn -0.00095392 -0.03594490 0.99935332
vn -0.01366612 -0.06697732 0.99766090
vn -0.00095392 -0.03594490 0.99935332
vn -0.00786292 -0.03538061 0.99934298
vn -0.00060222 -0.06789229 0.99769247
vn 0.01247676 -0.06713112 0.99766615
vn 0.00597864 -0.03562333 0.99934740
vn -0.00060222 -0.06789229 0.99769247
vn 0.00597864 -0.03562333 0.99934740
vn -0.00095392 -0.03594490 0.99935332
vn 0.01247676 -0.06713112 0.99766615
vn 0.02524627 -0.06471293 0.99758451
vn 0.01276361 -0.03442387 0.99932582
vn 0.01247676 -0.06713112 0.99766615
vn 0.01276361 -0.03442387 0.99932582
vn 0.00597864 -0.03562333 0.99934740
vn 0.02524627 -0.06471293 0.99758451
vn 0.03738988 -0.06069853 0.99745561
vn 0.01923356 -0.03237628 0.99929067
vn 0.02524627 -0.06471293 0.99758451
vn 0.01923356 -0.03237628 0.99929067
vn 0.01276361 -0.03442387 0.99932582
vn 0.03738988 -0.06069853 0.99745561
vn 0.04860751 -0.05518865 0.99729210
vn 0.02522899 -0.02953129 0.99924542
vn 0.03738988 -0.06069853 0.99745561
vn 0.02522899 -0.02953129 0.99924542
vn 0.01923356 -0.03237628 0.99929067
vn 0.04860751 -0.05518865 0.99729210
vn 0.05862301 -0.04832103 0.99711003
vn 0.03060225 -0.02595933 0.99919448
vn 0.04860751 -0.05518865 0.99729210
vn 0.03060225 -0.02595933 0.99919448
vn 0.02522899 -0.02953129 0.99924542
vn 0.05862301 -0.04832103 0.99711003
vn 0.06719103 -0.04026656 0.99692726
vn 0.03522126 -0.02174868 0.99914286
vn 0.05862301 -0.04832103 0.99711003
vn 0.03522126 -0.02174868 0.99914286
vn 0.03060225 -0.02595933 0.99919448
vn 0.06719103 -0.04026656 0.99692726
vn 0.07410267 -0.03122474 0.99676166
vn 0.03897264 -0.01700323 0.99909560
vn 0.06719103 -0.04026656 0.99692726
vn 0.03897264 -0.01700323 0.99909560
vn 0.03522126 -0.02174868 0.99914286
vn 0.07410267 -0.03122474 0.99676166
vn 0.07919028 -0.02141844 0.99662939
vn 0.04176447 -0.01183988 0.99905733
vn 0.07410267 -0.03122474 0.99676166
vn 0.04176447 -0.01183988 0.99905733
vn 0.03897264 -0.01700323 0.99909560
vn 0.07919028 -0.02141844 0.99662939
vn 0.08233095 -0.01108843 0.99654336
vn 0.04352842 -0.00638565 0.99903178
vn 0.07919028 -0.02141844 0.99662939
vn 0.04352842 -0.00638565 0.99903178
vn 0.04176447 -0.01183988 0.99905733
vn 0.08233095 -0.01108843 0.99654336
vn 0.08344907 -0.00048756 0.99651192
vn 0.04422137 -0.00077460 0.99902146
vn 0.08233095 -0.01108843 0.99654336
vn 0.04422137 -0.00077460 0.99902146
vn 0.04352842 -0.00638565 0.99903178
vn 0.04422137 -0.00077460 0.99902146
vn 0.04382642 0.00485546 0.99902736
vn -0.00000000 -0.00000000 1.00000000
vn 0.04382642 0.00485546 0.99902736
vn 0.04235319 0.01036628 0.99904892
vn -0.00000000 -0.00000000 1.00000000
vn 0.04235319 0.01036628 0.99904892
vn 0.03983771 0.01562243 0.99908403
vn -0.00000000 -0.00000000 1.00000000
vn 0.03983771 0.01562243 0.99908403
vn 0.03634152 0.02049467 0.99912925
vn -0.00000000 -0.00000000 1.00000000
vn 0.03634152 0.02049467 0.99912925
vn 0.03195025 0.02486303 0.99918017
vn -0.00000000 -0.00000000 1.00000000
vn 0.03195025 0.02486303 0.99918017
vn 0.02677163 0.02861976 0.99923180
vn -0.00000000 -0.00000000 1.00000000
vn 0.02677163 0.02861976 0.99923180
vn 0.02093292 0.03167208 0.99927909
vn -0.00000000 -0.00000000 1.00000000
vn 0.02093292 0.03167208 0.99927909
vn 0.01457780 0.03394447 0.99931740
vn -0.00000000 -0.00000000 1.00000000
vn 0.01457780 0.03394447 0.99931740
vn 0.00786292 0.03538061 0.99934298
vn -0.00000000 -0.00000000 1.00000000
vn 0.00786292 0.03538061 0.99934298
vn 0.00095392 0.03594490 0.99935332
vn -0.00000000 -0.00000000 1.00000000
vn 0.00095392 0.03594490 0.99935332
vn -0.00597864 0.03562333 0.99934740
vn -0.00000000 -0.00000000 1.00000000
vn -0.00597864 0.03562333 0.99934740
vn -0.01276361 0.03442387 0.99932582
vn -0.00000000 -0.00000000 1.00000000
vn -0.01276361 0.03442387 0.99932582
vn -0.01923356 0.03237628 0.99929067
vn -0.00000000 -0.00000000 1.00000000
vn -0.01923356 0.03237628 0.99929067
vn -0.02522899 0.02953129 0.99924542
vn -0.00000000 -0.00000000 1.00000000
vn -0.02522899 0.02953129 0.99924542
vn -0.03060225 0.02595933 0.99919448
vn -0.00000000 -0.00000000 1.00000000
vn -0.03060225 0.02595933 0.99919448
vn -0.03522126 0.02174868 0.99914286
vn -0.00000000 -0.00000000 1.00000000
vn -0.03522126 0.02174868 0.99914286
vn -0.03897264 0.01700323 0.99909560
vn -0.00000000 -0.00000000 1.00000000
vn -0.03897264 0.01700323 0.99909560
vn -0.04176447 0.01183988 0.99905733
vn -0.00000000 -0.00000000 1.00000000
vn -0.04176447 0.01183988 0.99905733
vn -0.04352842 0.00638565 0.99903178
vn -0.00000000 -0.00000000 1.00000000
vn -0.04352842 0.00638565 0.99903178
vn -0.04422137 0.00077460 0.99902146
vn -0.00000000 -0.00000000 1.00000000
vn -0.04422137 0.00077460 0.99902146
vn -0.04382642 -0.00485546 0.99902736
vn -0.00000000 -0.00000000 1.00000000
vn -0.04382642 -0.00485546 0.99902736
vn -0.04235319 -0.01036628 0.99904892
vn -0.00000000 -0.00000000 1.00000000
vn -0.04235319 -0.01036628 0.99904892
vn -0.03983771 -0.01562243 0.99908403
vn -0.00000000 -0.00000000 1.00000000
vn -0.03983771 -0.01562243 0.99908403
vn -0.03634152 -0.02049467 0.99912925
vn -0.00000000 -0.00000000 1.00000000
vn -0.03634152 -0.02049467 0.99912925
vn -0.03195025 -0.02486303 0.99918017
vn -0.00000000 -0.00000000 1.00000000
vn -0.03195025 -0.02486303 0.99918017
vn -0.02677163 -0.02861976 0.99923180
vn -0.00000000 -0.00000000 1.00000000
vn -0.02677163 -0.02861976 0.99923180
vn -0.02093292 -0.03167208 0.99927909
vn -0.00000000 -0.00000000 1.00000000
vn -0.02093292 -0.03167208 0.99927909
vn -0.01457780 -0.03394447 0.99931740
vn -0.00000000 -0.00000000 1.00000000
vn -0.01457780 -0.03394447 0.99931740
vn -0.00786292 -0.03538061 0.99934298
vn -0.00000000 -0.00000000 1.00000000
vn -0.00786292 -0.03538061 0.99934298
vn -0.00095392 -0.03594490 0.99935332
vn -0.00000000 -0.00000000 1.00000000
vn -0.00095392 -0.03594490 0.99935332
vn 0.00597864 -0.03562333 0.99934740
vn -0.00000000 -0.00000000 1.00000000
vn 0.00597864 -0.03562333 0.99934740
vn 0.01276361 -0.03442387 0.99932582
vn -0.00000000 -0.00000000 1.00000000
vn 0.01276361 -0.03442387 0.99932582
vn 0.01923356 -0.03237628 0.99929067
vn -0.00000000 -0.00000000 1.00000000
vn 0.01923356 -0.03237628 0.99929067
vn 0.02522899 -0.02953129 0.99924542
vn -0.00000000 -0.00000000 1.00000000
vn 0.02522899 -0.02953129 0.99924542
vn 0.03060225 -0.02595933 0.99919448
vn -0.00000000 -0.00000000 1.00000000
vn 0.03060225 -0.02595933 0.99919448
vn 0.03522126 -0.02174868 0.99914286
vn -0.00000000 -0.00000000 1.00000000
vn 0.03522126 -0.02174868 0.99914286
vn 0.03897264 -0.01700323 0.99909560
vn -0.00000000 -0.00000000 1.00000000
vn 0.03897264 -0.01700323 0.99909560
vn 0.04176447 -0.01183988 0.99905733
vn -0.00000000 -0.00000000 1.00000000
vn 0.04176447 -0.01183988 0.99905733
vn 0.04352842 -0.00638565 0.99903178
vn -0.00000000 -0.00000000 1.00000000
vn 0.04352842 -0.00638565 0.99903178
vn 0.04422137 -0.00077460 0.99902146
vn -0.00000000 -0.00000000 1.00000000
g housing
f 1/1/1 2/2/2 3/3/3
f 4/4/4 5/5/5 6/6/6
f 7/7/7 8/8/8 9/9/9
f 10/10/10 11/11/11 12/12/12
f 13/13/13 14/14/14 15/15/15
f 16/16/16 17/17/17 18/18/18
f 19/19/19 20/20/20 21/21/21
f 22/22/22 23/23/23 24/24/24
f 25/25/25 26/26/26 27/27/27
f 28/28/28 29/29/29 30/30/30
f 31/31/31 32/32/32 33/33/33
f 34/34/34 35/35/35 36/36/36
f 37/37/37 38/38/38 39/39/39
f 40/40/40 41/41/41 42/42/42
f 43/43/43 44/44/44 45/45/45
f 46/46/46 47/47/47 48/48/48
f 49/49/49 50/50/50 51/51/51
f 52/52/52 53/53/53 54/54/54
f 55/55/55 56/56/56 57/57/57
f 58/58/58 59/59/59 60/60/60
f 61/61/61 62/62/62 63/63/63
f 64/64/64 65/65/65 66/66/66
f 67/67/67 68/68/68 69/69/69
f 70/70/70 71/71/71 72/72/72
f 73/73/73 74/74/74 75/75/75
f 76/76/76 77/77/77 78/78/78
f 79/79/79 80/80/80 81/81/81
f 82/82/82 83/83/83 84/84/84
f 85/85/85 86/86/86 87/87/87
f 88/88/88 89/89/89 90/90/90
f 91/91/91 92/92/92 93/93/93
f 94/94/94 95/95/95 96/96/96
f 97/97/97 98/98/98 99/99/99
f 100/100/100 101/101/101 102/102/102
f 103/103/103 104/104/104 105/105/105
f 106/106/106 107/107/107 108/108/108
f 109/109/109 110/110/110 111/111/111
f 112/112/112 113/113/113 114/114/114
f 115/115/115 116/116/116 117/117/117
f 118/118/118 119/119/119 120/120/120
f 121/121/121 122/122/122 123/123/123
f 124/124/124 125/125/125 126/126/126
f 127/127/127 128/128/128 129/129/129
f 130/130/130 131/131/131 132/132/132
f 133/133/133 134/134/134 135/135/135
f 136/136/136 137/137/137 138/138/138
f 139/139/139 140/140/140 141/141/141
f 142/142/142 143/143/143 144/144/144
f 145/145/145 146/146/146 147/147/147
f 148/148/148 149/149/149 150/150/150
f 151/151/151 152/152/152 153/153/153
f 154/154/154 155/155/155 156/156/156
f 157/157/157 158/158/158 159/159/159
f 160/160/160 161/161/161 162/162/162
f 163/163/163 164/164/164 165/165/165
f 166/166/166 167/167/167 168/168/168
f 169/169/169 170/170/170 171/171/171
f 172/172/172 173/173/173 174/174/174
f 175/175/175 176/176/176 177/177/177
f 178/178/178 179/179/179 180/180/180
f 181/181/181 182/182/182 183/183/183
f 184/184/184 185/185/185 186/186/186
f 187/187/187 188/188/188 189/189/189
f 190/190/190 191/191/191 192/192/192
f 193/193/193 194/194/194 195/195/195
f 196/196/196 197/197/197 198/198/198
f 199/199/199 200/200/200 201/201/201
f 202/202/202 203/203/203 204/204/204
f 205/205/205 206/206/206 207/207/207
f 208/208/208 209/209/209 210/210/210
f 211/211/211 212/212/212 213/213/213
f 214/214/214 215/215/215 216/216/216
f 217/217/217 218/218/218 219/219/219
f 220/220/220 221/221/221 222/222/222
f 223/223/223 224/224/224 225/225/225
f 226/226/226 227/227/227 228/228/228
f 229/229/229 230/230/230 231/231/231
f 232/232/232 233/233/233 234/234/234
f 235/235/235 236/236/236 237/237/237
f 238/238/238 239/239/239 240/240/240
f 241/241/241 242/242/242 243/243/243
f 244/244/244 245/245/245 246/246/246
f 247/247/247 248/248/248 249/249/249
f 250/250/250 251/251/251 252/252/252
f 253/253/253 254/254/254 255/255/255
f 256/256/256 257/257/257 258/258/258
f 259/259/259 260/260/260 261/261/261
f 262/262/262 263/263/263 264/264/264
f 265/265/265 266/266/266 267/267/267
f 268/268/268 269/269/269 270/270/270
f 271/271/271 272/272/272 273/273/273
f 274/274/274 275/275/275 276/276/276
f 277/277/277 278/278/278 279/279/279
f 280/280/280 281/281/281 282/282/282
f 283/283/283 284/284/284 285/285/285
f 286/286/286 287/287/287 288/288/288
f 289/289/289 290/290/290 291/291/291
f 292/292/292 293/293/293 294/294/294
f 295/295/295 296/296/296 297/297/297
f 298/298/298 299/299/299 300/300/300
f 301/301/301 302/302/302 303/303/303
f 304/304/304 305/305/305 306/306/306
f 307/307/307 308/308/308 309/309/309
f 310/310/310 311/311/311 312/312/312
f 313/313/313 314/314/314 315/315/315
f 316/316/316 317/317/317 318/318/318
f 319/319/319 320/320/320 321/321/321
f 322/322/322 323/323/323 324/324/324
f 325/325/325 326/326/326 327/327/327
f 328/328/328 329/329/329 330/330/330
f 331/331/331 332/332/332 333/333/333
f 334/334/334 335/335/335 336/336/336
f 337/337/337 338/338/338 339/339/339
f 340/340/340 341/341/341 342/342/342
f 343/343/343 344/344/344 345/345/345
f 346/346/346 347/347/347 348/348/348
f 349/349/349 350/350/350 351/351/351
f 352/352/352 353/353/353 354/354/354
f 355/355/355 356/356/356 357/357/357
f 358/358/358 359/359/359 360/360/360
f 361/361/361 362/362/362 363/363/363
f 364/364/364 365/365/365 366/366/366
f 367/367/367 368/368/368 369/369/369
f 370/370/370 371/371/371 372/372/372
f 373/373/373 374/374/374 375/375/375
f 376/376/376 377/377/377 378/378/378
f 379/379/379 380/380/380 381/381/381
f 382/382/382 383/383/383 384/384/384
f 385/385/385 386/386/386 387/387/387
f 388/388/388 389/389/389 390/390/390
f 391/391/391 392/392/392 393/393/393
f 394/394/394 395/395/395 396/396/396
f 397/397/397 398/398/398 399/399/399
f 400/400/400 401/401/401 402/402/402
f 403/403/403 404/404/404 405/405/405
f 406/406/406 407/407/407 408/408/408
f 409/409/409 410/410/410 411/411/411
f 412/412/412 413/413/413 414/414/414
f 415/415/415 416/416/416 417/417/417
f 418/418/418 419/419/419 420/420/420
f 421/421/421 422/422/422 423/423/423
f 424/424/424 425/425/425 426/426/426
f 427/427/427 428/428/428 429/429/429
f 430/430/430 431/431/431 432/432/432
f 433/433/433 434/434/434 435/435/435
f 436/436/436 437/437/437 438/438/438
f 439/439/439 440/440/440 441/441/441
f 442/442/442 443/443/443 444/444/444
f 445/445/445 446/446/446 447/447/447
f 448/448/448 449/449/449 450/450/450
f 451/451/451 452/452/452 453/453/453
f 454/454/454 455/455/455 456/456/456
f 457/457/457 458/458/458 459/459/459
f 460/460/460 461/461/461 462/462/462
f 463/463/463 464/464/464 465/465/465
f 466/466/466 467/467/467 468/468/468
f 469/469/469 470/470/470 471/471/471
f 472/472/472 473/473/473 474/474/474
f 475/475/475 476/476/476 477/477/477
f 478/478/478 479/479/479 480/480/480
f 481/481/481 482/482/482 483/483/483
f 484/484/484 485/485/485 486/486/486
f 487/487/487 488/488/488 489/489/489
f 490/490/490 491/491/491 492/492/492
f 493/493/493 494/494/494 495/495/495
f 496/496/496 497/497/497 498/498/498
f 499/499/499 500/500/500 501/501/501
f 502/502/502 503/503/503 504/504/504
f 505/505/505 506/506/506 507/507/507
f 508/508/508 509/509/509 510/510/510
f 511/511/511 512/512/512 513/513/513
f 514/514/514 515/515/515 516/516/516
f 517/517/517 518/518/518 519/519/519
f 520/520/520 521/521/521 522/522/522
f 523/523/523 524/524/524 525/525/525
f 526/526/526 527/527/527 528/528/528
f 529/529/529 530/530/530 531/531/531
f 532/532/532 533/533/533 534/534/534
f 535/535/535 536/536/536 537/537/537
f 538/538/538 539/539/539 540/540/540
f 541/541/541 542/542/542 543/543/543
f 544/544/544 545/545/545 546/546/546
f 547/547/547 548/548/548 549/549/549
f 550/550/550 551/551/551 552/552/552
f 553/553/553 554/554/554 555/555/555
f 556/556/556 557/557/557 558/558/558
f 559/559/559 560/560/560 561/561/561
f 562/562/562 563/563/563 564/564/564
f 565/565/565 566/566/566 567/567/567
f 568/568/568 569/569/569 570/570/570
f 571/571/571 572/572/572 573/573/573
f 574/574/574 575/575/575 576/576/576
f 577/577/577 578/578/578 579/579/579
f 580/580/580 581/581/581 582/582/582
f 583/583/583 584/584/584 585/585/585
f 586/586/586 587/587/587 588/588/588
f 589/589/589 590/590/590 591/591/591
f 592/592/592 593/593/593 594/594/594
f 595/595/595 596/596/596 597/597/597
f 598/598/598 599/599/599 600/600/600
f 601/601/601 602/602/602 603/603/603
f 604/604/604 605/605/605 606/606/606
f 607/607/607 608/608/608 609/609/609
f 610/610/610 611/611/611 612/612/612
f 613/613/613 614/614/614 615/615/615
f 616/616/616 617/617/617 618/618/618
f 619/619/619 620/620/620 621/621/621
f 622/622/622 623/623/623 624/624/624
f 625/625/625 626/626/626 627/627/627
f 628/628/628 629/629/629 630/630/630
f 631/631/631 632/632/632 633/633/633
f 634/634/634 635/635/635 636/636/636
f 637/637/637 638/638/638 639/639/639
f 640/640/640 641/641/641 642/642/642
f 643/643/643 644/644/644 645/645/645
f 646/646/646 647/647/647 648/648/648
f 649/649/649 650/650/650 651/651/651
f 652/652/652 653/653/653 654/654/654
f 655/655/655 656/656/656 657/657/657
f 658/658/658 659/659/659 660/660/660
f 661/661/661 662/662/662 663/663/663
f 664/664/664 665/665/665 666/666/666
f 667/667/667 668/668/668 669/669/669
f 670/670/670 671/671/671 672/672/672
f 673/673/673 674/674/674 675/675/675
f 676/676/676 677/677/677 678/678/678
f 679/679/679 680/680/680 681/681/681
f 682/682/682 683/683/683 684/684/684
f 685/685/685 686/686/686 687/687/687
f 688/688/688 689/689/689 690/690/690
f 691/691/691 692/692/692 693/693/693
f 694/694/694 695/695/695 696/696/696
f 697/697/697 698/698/698 699/699/699
f 700/700/700 701/701/701 702/702/702
f 703/703/703 704/704/704 705/705/705
f 706/706/706 707/707/707 708/708/708
f 709/709/709 710/710/710 711/711/711
f 712/712/712 713/713/713 714/714/714
f 715/715/715 716/716/716 717/717/717
f 718/718/718 719/719/719 720/720/720
f 721/721/721 722/722/722 723/723/723
f 724/724/724 725/725/725 726/726/726
f 727/727/727 728/728/728 729/729/729
f 730/730/730 731/731/731 732/732/732
f 733/733/733 734/734/734 735/735/735
f 736/736/736 737/737/737 738/738/738
f 739/739/739 740/740/740 741/741/741
f 742/742/742 743/743/743 744/744/744
f 745/745/745 746/746/746 747/747/747
f 748/748/748 749/749/749 750/750/750
f 751/751/751 752/752/752 753/753/753
f 754/754/754 755/755/755 756/756/756
f 757/757/757 758/758/758 759/759/759
f 760/760/760 761/761/761 762/762/762
f 763/763/763 764/764/764 765/765/765
f 766/766/766 767/767/767 768/768/768
f 769/769/769 770/770/770 771/771/771
f 772/772/772 773/773/773 774/774/774
f 775/775/775 776/776/776 777/777/777
f 778/778/778 779/779/779 780/780/780
f 781/781/781 782/782/782 783/783/783
f 784/784/784 785/785/785 786/786/786
f 787/787/787 788/788/788 789/789/789
f 790/790/790 791/791/791 792/792/792
f 793/793/793 794/794/794 795/795/795
f 796/796/796 797/797/797 798/798/798
f 799/799/799 800/800/800 801/801/801
f 802/802/802 803/803/803 804/804/804
f 805/805/805 806/806/806 807/807/807
f 808/808/808 809/809/809 810/810/810
f 811/811/811 812/812/812 813/813/813
f 814/814/814 815/815/815 816/816/816
f 817/817/817 818/818/818 819/819/819
f 820/820/820 821/821/821 822/822/822
f 823/823/823 824/824/824 825/825/825
f 826/826/826 827/827/827 828/828/828
f 829/829/829 830/830/830 831/831/831
f 832/832/832 833/833/833 834/834/834
f 835/835/835 836/836/836 837/837/837
f 838/838/838 839/839/839 840/840/840
f 841/841/841 842/842/842 843/843/843
f 844/844/844 845/845/845 846/846/846
f 847/847/847 848/848/848 849/849/849
f 850/850/850 851/851/851 852/852/852
f 853/853/853 854/854/854 855/855/855
f 856/856/856 857/857/857 858/858/858
f 859/859/859 860/860/860 861/861/861
f 862/862/862 863/863/863 864/864/864
f 865/865/865 866/866/866 867/867/867
f 868/868/868 869/869/869 870/870/870
f 871/871/871 872/872/872 873/873/873
f 874/874/874 875/875/875 876/876/876
f 877/877/877 878/878/878 879/879/879
f 880/880/880 881/881/881 882/882/882
f 883/883/883 884/884/884 885/885/885
f 886/886/886 887/887/887 888/888/888
f 889/889/889 890/890/890 891/891/891
f 892/892/892 893/893/893 894/894/894
f 895/895/895 896/896/896 897/897/897
f 898/898/898 899/899/899 900/900/900
f 901/901/901 902/902/902 903/903/903
f 904/904/904 905/905/905 906/906/906
f 907/907/907 908/908/908 909/909/909
f 910/910/910 911/911/911 912/912/912
f 913/913/913 914/914/914 915/915/915
f 916/916/916 917/917/917 918/918/918
f 919/919/919 920/920/920 921/921/921
f 922/922/922 923/923/923 924/924/924
f 925/925/925 926/926/926 927/927/927
f 928/928/928 929/929/929 930/930/930
f 931/931/931 932/932/932 933/933/933
f 934/934/934 935/935/935 936/936/936
f 937/937/937 938/938/938 939/939/939
f 940/940/940 941/941/941 942/942/942
f 943/943/943 944/944/944 945/945/945
f 946/946/946 947/947/947 948/948/948
f 949/949/949 950/950/950 951/951/951
f 952/952/952 953/953/953 954/954/954
f 955/955/955 956/956/956 957/957/957
f 958/958/958 959/959/959 960/960/960
g metal
f 961/961/961 962/962/962 963/963/963
f 964/964/964 965/965/965 966/966/966
f 967/967/967 968/968/968 969/969/969
f 970/970/970 971/971/971 972/972/972
f 973/973/973 974/974/974 975/975/975
f 976/976/976 977/977/977 978/978/978
f 979/979/979 980/980/980 981/981/981
f 982/982/982 983/983/983 984/984/984
f 985/985/985 986/986/986 987/987/987
f 988/988/988 989/989/989 990/990/990
f 991/991/991 992/992/992 993/993/993
f 994/994/994 995/995/995 996/996/996
f 997/997/997 998/998/998 999/999/999
f 1000/1000/1000 1001/1001/1001 1002/1002/1002
f 1003/1003/1003 1004/1004/1004 1005/1005/1005
f 1006/1006/1006 1007/1007/1007 1008/1008/1008
f 1009/1009/1009 1010/1010/1010 1011/1011/1011
f 1012/1012/1012 1013/1013/1013 1014/1014/1014
f 1015/1015/1015 1016/1016/1016 1017/1017/1017
f 1018/1018/1018 1019/1019/1019 1020/1020/1020
f 1021/1021/1021 1022/1022/1022 1023/1023/1023
f 1024/1024/1024 1025/1025/1025 1026/1026/1026
f 1027/1027/1027 1028/1028/1028 1029/1029/1029
f 1030/1030/1030 1031/1031/1031 1032/1032/1032
f 1033/1033/1033 1034/1034/1034 1035/1035/1035
f 1036/1036/1036 1037/1037/1037 1038/1038/1038
f 1039/1039/1039 1040/1040/1040 1041/1041/1041
f 1042/1042/1042 1043/1043/1043 1044/1044/1044
f 1045/1045/1045 1046/1046/1046 1047/1047/1047
f 1048/1048/1048 1049/1049/1049 1050/1050/1050
f 1051/1051/1051 1052/1052/1052 1053/1053/1053
f 1054/1054/1054 1055/1055/1055 1056/1056/1056
f 1057/1057/1057 1058/1058/1058 1059/1059/1059
f 1060/1060/1060 1061/1061/1061 1062/1062/1062
f 1063/1063/1063 1064/1064/1064 1065/1065/1065
f 1066/1066/1066 1067/1067/1067 1068/1068/1068
f 1069/1069/1069 1070/1070/1070 1071/1071/1071
f 1072/1072/1072 1073/1073/1073 1074/1074/1074
f 1075/1075/1075 1076/1076/1076 1077/1077/1077
f 1078/1078/1078 1079/1079/1079 1080/1080/1080
f 1081/1081/1081 1082/1082/1082 1083/1083/1083
f 1084/1084/1084 1085/1085/1085 1086/1086/1086
f 1087/1087/1087 1088/1088/1088 1089/1089/1089
f 1090/1090/1090 1091/1091/1091 1092/1092/1092
f 1093/1093/1093 1094/1094/1094 1095/1095/1095
f 1096/1096/1096 1097/1097/1097 1098/1098/1098
f 1099/1099/1099 1100/1100/1100 1101/1101/1101
f 1102/1102/1102 1103/1103/1103 1104/1104/1104
f 1105/1105/1105 1106/1106/1106 1107/1107/1107
f 1108/1108/1108 1109/1109/1109 1110/1110/1110
f 1111/1111/1111 1112/1112/1112 1113/1113/1113
f 1114/1114/1114 1115/1115/1115 1116/1116/1116
f 1117/1117/1117 1118/1118/1118 1119/1119/1119
f 1120/1120/1120 1121/1121/1121 1122/1122/1122
f 1123/1123/1123 1124/1124/1124 1125/1125/1125
f 1126/1126/1126 1127/1127/1127 1128/1128/1128
f 1129/1129/1129 1130/1130/1130 1131/1131/1131
f 1132/1132/1132 1133/1133/1133 1134/1134/1134
f 1135/1135/1135 1136/1136/1136 1137/1137/1137
f 1138/1138/1138 1139/1139/1139 1140/1140/1140
f 1141/1141/1141 1142/1142/1142 1143/1143/1143
f 1144/1144/1144 1145/1145/1145 1146/1146/1146
f 1147/1147/1147 1148/1148/1148 1149/1149/1149
f 1150/1150/1150 1151/1151/1151 1152/1152/1152
f 1153/1153/1153 1154/1154/1154 1155/1155/1155
f 1156/1156/1156 1157/1157/1157 1158/1158/1158
f 1159/1159/1159 1160/1160/1160 1161/1161/1161
f 1162/1162/1162 1163/1163/1163 1164/1164/1164
f 1165/1165/1165 1166/1166/1166 1167/1167/1167
f 1168/1168/1168 1169/1169/1169 1170/1170/1170
f 1171/1171/1171 1172/1172/1172 1173/1173/1173
f 1174/1174/1174 1175/1175/1175 1176/1176/1176
f 1177/1177/1177 1178/1178/1178 1179/1179/1179
f 1180/1180/1180 1181/1181/1181 1182/1182/1182
f 1183/1183/1183 1184/1184/1184 1185/1185/1185
f 1186/1186/1186 1187/1187/1187 1188/1188/1188
f 1189/1189/1189 1190/1190/1190 1191/1191/1191
f 1192/1192/1192 1193/1193/1193 1194/1194/1194
f 1195/1195/1195 1196/1196/1196 1197/1197/1197
f 1198/1198/1198 1199/1199/1199 1200/1200/1200
f 1201/1201/1201 1202/1202/1202 1203/1203/1203
f 1204/1204/1204 1205/1205/1205 1206/1206/1206
f 1207/1207/1207 1208/1208/1208 1209/1209/1209
f 1210/1210/1210 1211/1211/1211 1212/1212/1212
f 1213/1213/1213 1214/1214/1214 1215/1215/1215
f 1216/1216/1216 1217/1217/1217 1218/1218/1218
f 1219/1219/1219 1220/1220/1220 1221/1221/1221
f 1222/1222/1222 1223/1223/1223 1224/1224/1224
f 1225/1225/1225 1226/1226/1226 1227/1227/1227
f 1228/1228/1228 1229/1229/1229 1230/1230/1230
f 1231/1231/1231 1232/1232/1232 1233/1233/1233
f 1234/1234/1234 1235/1235/1235 1236/1236/1236
f 1237/1237/1237 1238/1238/1238 1239/1239/1239
f 1240/1240/1240 1241/1241/1241 1242/1242/1242
f 1243/1243/1243 1244/1244/1244 1245/1245/1245
f 1246/1246/1246 1247/1247/1247 1248/1248/1248
f 1249/1249/1249 1250/1250/1250 1251/1251/1251
f 1252/1252/1252 1253/1253/1253 1254/1254/1254
f 1255/1255/1255 1256/1256/1256 1257/1257/1257
f 1258/1258/1258 1259/1259/1259 1260/1260/1260
f 1261/1261/1261 1262/1262/1262 1263/1263/1263
f 1264/1264/1264 1265/1265/1265 1266/1266/1266
f 1267/1267/1267 1268/1268/1268 1269/1269/1269
f 1270/1270/1270 1271/1271/1271 1272/1272/1272
f 1273/1273/1273 1274/1274/1274 1275/1275/1275
f 1276/1276/1276 1277/1277/1277 1278/1278/1278
f 1279/1279/1279 1280/1280/1280 1281/1281/1281
f 1282/1282/1282 1283/1283/1283 1284/1284/1284
f 1285/1285/1285 1286/1286/1286 1287/1287/1287
f 1288/1288/1288 1289/1289/1289 1290/1290/1290
f 1291/1291/1291 1292/1292/1292 1293/1293/1293
f 1294/1294/1294 1295/1295/1295 1296/1296/1296
f 1297/1297/1297 1298/1298/1298 1299/1299/1299
f 1300/1300/1300 1301/1301/1301 1302/1302/1302
f 1303/1303/1303 1304/1304/1304 1305/1305/1305
f 1306/1306/1306 1307/1307/1307 1308/1308/1308
f 1309/1309/1309 1310/1310/1310 1311/1311/1311
f 1312/1312/1312 1313/1313/1313 1314/1314/1314
f 1315/1315/1315 1316/1316/1316 1317/1317/1317
f 1318/1318/1318 1319/1319/1319 1320/1320/1320
f 1321/1321/1321 1322/1322/1322 1323/1323/1323
f 1324/1324/1324 1325/1325/1325 1326/1326/1326
f 1327/1327/1327 1328/1328/1328 1329/1329/1329
f 1330/1330/1330 1331/1331/1331 1332/1332/1332
f 1333/1333/1333 1334/1334/1334 1335/1335/1335
f 1336/1336/1336 1337/1337/1337 1338/1338/1338
f 1339/1339/1339 1340/1340/1340 1341/1341/1341
f 1342/1342/1342 1343/1343/1343 1344/1344/1344
f 1345/1345/1345 1346/1346/1346 1347/1347/1347
f 1348/1348/1348 1349/1349/1349 1350/1350/1350
f 1351/1351/1351 1352/1352/1352 1353/1353/1353
f 1354/1354/1354 1355/1355/1355 1356/1356/1356
f 1357/1357/1357 1358/1358/1358 1359/1359/1359
f 1360/1360/1360 1361/1361/1361 1362/1362/1362
f 1363/1363/1363 1364/1364/1364 1365/1365/1365
f 1366/1366/1366 1367/1367/1367 1368/1368/1368
f 1369/1369/1369 1370/1370/1370 1371/1371/1371
f 1372/1372/1372 1373/1373/1373 1374/1374/1374
f 1375/1375/1375 1376/1376/1376 1377/1377/1377
f 1378/1378/1378 1379/1379/1379 1380/1380/1380
f 1381/1381/1381 1382/1382/1382 1383/1383/1383
f 1384/1384/1384 1385/1385/1385 1386/1386/1386
f 1387/1387/1387 1388/1388/1388 1389/1389/1389
f 1390/1390/1390 1391/1391/1391 1392/1392/1392
f 1393/1393/1393 1394/1394/1394 1395/1395/1395
f 1396/1396/1396 1397/1397/1397 1398/1398/1398
f 1399/1399/1399 1400/1400/1400 1401/1401/1401
f 1402/1402/1402 1403/1403/1403 1404/1404/1404
f 1405/1405/1405 1406/1406/1406 1407/1407/1407
f 1408/1408/1408 1409/1409/1409 1410/1410/1410
f 1411/1411/1411 1412/1412/1412 1413/1413/1413
f 1414/1414/1414 1415/1415/1415 1416/1416/1416
f 1417/1417/1417 1418/1418/1418 1419/1419/1419
f 1420/1420/1420 1421/1421/1421 1422/1422/1422
f 1423/1423/1423 1424/1424/1424 1425/1425/1425
f 1426/1426/1426 1427/1427/1427 1428/1428/1428
f 1429/1429/1429 1430/1430/1430 1431/1431/1431
f 1432/1432/1432 1433/1433/1433 1434/1434/1434
f 1435/1435/1435 1436/1436/1436 1437/1437/1437
f 1438/1438/1438 1439/1439/1439 1440/1440/1440
f 1441/1441/1441 1442/1442/1442 1443/1443/1443
f 1444/1444/1444 1445/1445/1445 1446/1446/1446
f 1447/1447/1447 1448/1448/1448 1449/1449/1449
f 1450/1450/1450 1451/1451/1451 1452/1452/1452
f 1453/1453/1453 1454/1454/1454 1455/1455/1455
f 1456/1456/1456 1457/1457/1457 1458/1458/1458
f 1459/1459/1459 1460/1460/1460 1461/1461/1461
f 1462/1462/1462 1463/1463/1463 1464/1464/1464
f 1465/1465/1465 1466/1466/1466 1467/1467/1467
f 1468/1468/1468 1469/1469/1469 1470/1470/1470
f 1471/1471/1471 1472/1472/1472 1473/1473/1473
f 1474/1474/1474 1475/1475/1475 1476/1476/1476
f 1477/1477/1477 1478/1478/1478 1479/1479/1479
f 1480/1480/1480 1481/1481/1481 1482/1482/1482
f 1483/1483/1483 1484/1484/1484 1485/1485/1485
f 1486/1486/1486 1487/1487/1487 1488/1488/1488
f 1489/1489/1489 1490/1490/1490 1491/1491/1491
f 1492/1492/1492 1493/1493/1493 1494/1494/1494
f 1495/1495/1495 1496/1496/1496 1497/1497/1497
f 1498/1498/1498 1499/1499/1499 1500/1500/1500
f 1501/1501/1501 1502/1502/1502 1503/1503/1503
f 1504/1504/1504 1505/1505/1505 1506/1506/1506
f 1507/1507/1507 1508/1508/1508 1509/1509/1509
f 1510/1510/1510 1511/1511/1511 1512/1512/1512
f 1513/1513/1513 1514/1514/1514 1515/1515/1515
f 1516/1516/1516 1517/1517/1517 1518/1518/1518
f 1519/1519/1519 1520/1520/1520 1521/1521/1521
f 1522/1522/1522 1523/1523/1523 1524/1524/1524
f 1525/1525/1525 1526/1526/1526 1527/1527/1527
f 1528/1528/1528 1529/1529/1529 1530/1530/1530
f 1531/1531/1531 1532/1532/1532 1533/1533/1533
f 1534/1534/1534 1535/1535/1535 1536/1536/1536
f 1537/1537/1537 1538/1538/1538 1539/1539/1539
f 1540/1540/1540 1541/1541/1541 1542/1542/1542
f 1543/1543/1543 1544/1544/1544 1545/1545/1545
f 1546/1546/1546 1547/1547/1547 1548/1548/1548
f 1549/1549/1549 1550/1550/1550 1551/1551/1551
f 1552/1552/1552 1553/1553/1553 1554/1554/1554
f 1555/1555/1555 1556/1556/1556 1557/1557/1557
f 1558/1558/1558 1559/1559/1559 1560/1560/1560
f 1561/1561/1561 1562/1562/1562 1563/1563/1563
f 1564/1564/1564 1565/1565/1565 1566/1566/1566
f 1567/1567/1567 1568/1568/1568 1569/1569/1569
f 1570/1570/1570 1571/1571/1571 1572/1572/1572
f 1573/1573/1573 1574/1574/1574 1575/1575/1575
f 1576/1576/1576 1577/1577/1577 1578/1578/1578
f 1579/1579/1579 1580/1580/1580 1581/1581/1581
f 1582/1582/1582 1583/1583/1583 1584/1584/1584
f 1585/1585/1585 1586/1586/1586 1587/1587/1587
f 1588/1588/1588 1589/1589/1589 1590/1590/1590
f 1591/1591/1591 1592/1592/1592 1593/1593/1593
f 1594/1594/1594 1595/1595/1595 1596/1596/1596
f 1597/1597/1597 1598/1598/1598 1599/1599/1599
f 1600/1600/1600 1601/1601/1601 1602/1602/1602
f 1603/1603/1603 1604/1604/1604 1605/1605/1605
f 1606/1606/1606 1607/1607/1607 1608/1608/1608
f 1609/1609/1609 1610/1610/1610 1611/1611/1611
f 1612/1612/1612 1613/1613/1613 1614/1614/1614
f 1615/1615/1615 1616/1616/1616 1617/1617/1617
f 1618/1618/1618 1619/1619/1619 1620/1620/1620
f 1621/1621/1621 1622/1622/1622 1623/1623/1623
f 1624/1624/1624 1625/1625/1625 1626/1626/1626
f 1627/1627/1627 1628/1628/1628 1629/1629/1629
f 1630/1630/1630 1631/1631/1631 1632/1632/1632
f 1633/1633/1633 1634/1634/1634 1635/1635/1635
f 1636/1636/1636 1637/1637/1637 1638/1638/1638
f 1639/1639/1639 1640/1640/1640 1641/1641/1641
f 1642/1642/1642 1643/1643/1643 1644/1644/1644
f 1645/1645/1645 1646/1646/1646 1647/1647/1647
f 1648/1648/1648 1649/1649/1649 1650/1650/1650
f 1651/1651/1651 1652/1652/1652 1653/1653/1653
f 1654/1654/1654 1655/1655/1655 1656/1656/1656
f 1657/1657/1657 1658/1658/1658 1659/1659/1659
f 1660/1660/1660 1661/1661/1661 1662/1662/1662
f 1663/1663/1663 1664/1664/1664 1665/1665/1665
f 1666/1666/1666 1667/1667/1667 1668/1668/1668
f 1669/1669/1669 1670/1670/1670 1671/1671/1671
f 1672/1672/1672 1673/1673/1673 1674/1674/1674
f 1675/1675/1675 1676/1676/1676 1677/1677/1677
f 1678/1678/1678 1679/1679/1679 1680/1680/1680
g lens_back
f 1681/1681/1681 1682/1682/1682 1683/1683/1683
f 1684/1684/1684 1685/1685/1685 1686/1686/1686
f 1687/1687/1687 1688/1688/1688 1689/1689/1689
f 1690/1690/1690 1691/1691/1691 1692/1692/1692
f 1693/1693/1693 1694/1694/1694 1695/1695/1695
f 1696/1696/1696 1697/1697/1697 1698/1698/1698
f 1699/1699/1699 1700/1700/1700 1701/1701/1701
f 1702/1702/1702 1703/1703/1703 1704/1704/1704
f 1705/1705/1705 1706/1706/1706 1707/1707/1707
f 1708/1708/1708 1709/1709/1709 1710/1710/1710
f 1711/1711/1711 1712/1712/1712 1713/1713/1713
f 1714/1714/1714 1715/1715/1715 1716/1716/1716
f 1717/1717/1717 1718/1718/1718 1719/1719/1719
f 1720/1720/1720 1721/1721/1721 1722/1722/1722
f 1723/1723/1723 1724/1724/1724 1725/1725/1725
f 1726/1726/1726 1727/1727/1727 1728/1728/1728
f 1729/1729/1729 1730/1730/1730 1731/1731/1731
f 1732/1732/1732 1733/1733/1733 1734/1734/1734
f 1735/1735/1735 1736/1736/1736 1737/1737/1737
f 1738/1738/1738 1739/1739/1739 1740/1740/1740
f 1741/1741/1741 1742/1742/1742 1743/1743/1743
f 1744/1744/1744 1745/1745/1745 1746/1746/1746
f 1747/1747/1747 1748/1748/1748 1749/1749/1749
f 1750/1750/1750 1751/1751/1751 1752/1752/1752
f 1753/1753/1753 1754/1754/1754 1755/1755/1755
f 1756/1756/1756 1757/1757/1757 1758/1758/1758
f 1759/1759/1759 1760/1760/1760 1761/1761/1761
f 1762/1762/1762 1763/1763/1763 1764/1764/1764
f 1765/1765/1765 1766/1766/1766 1767/1767/1767
f 1768/1768/1768 1769/1769/1769 1770/1770/1770
f 1771/1771/1771 1772/1772/1772 1773/1773/1773
f 1774/1774/1774 1775/1775/1775 1776/1776/1776
f 1777/1777/1777 1778/1778/1778 1779/1779/1779
f 1780/1780/1780 1781/1781/1781 1782/1782/1782
f 1783/1783/1783 1784/1784/1784 1785/1785/1785
f 1786/1786/1786 1787/1787/1787 1788/1788/1788
f 1789/1789/1789 1790/1790/1790 1791/1791/1791
f 1792/1792/1792 1793/1793/1793 1794/1794/1794
f 1795/1795/1795 1796/1796/1796 1797/1797/1797
f 1798/1798/1798 1799/1799/1799 1800/1800/1800
f 1801/1801/1801 1802/1802/1802 1803/1803/1803
f 1804/1804/1804 1805/1805/1805 1806/1806/1806
f 1807/1807/1807 1808/1808/1808 1809/1809/1809
f 1810/1810/1810 1811/1811/1811 1812/1812/1812
f 1813/1813/1813 1814/1814/1814 1815/1815/1815
f 1816/1816/1816 1817/1817/1817 1818/1818/1818
f 1819/1819/1819 1820/1820/1820 1821/1821/1821
f 1822/1822/1822 1823/1823/1823 1824/1824/1824
f 1825/1825/1825 1826/1826/1826 1827/1827/1827
f 1828/1828/1828 1829/1829/1829 1830/1830/1830
f 1831/1831/1831 1832/1832/1832 1833/1833/1833
f 1834/1834/1834 1835/1835/1835 1836/1836/1836
f 1837/1837/1837 1838/1838/1838 1839/1839/1839
f 1840/1840/1840 1841/1841/1841 1842/1842/1842
f 1843/1843/1843 1844/1844/1844 1845/1845/1845
f 1846/1846/1846 1847/1847/1847 1848/1848/1848
f 1849/1849/1849 1850/1850/1850 1851/1851/1851
f 1852/1852/1852 1853/1853/1853 1854/1854/1854
f 1855/1855/1855 1856/1856/1856 1857/1857/1857
f 1858/1858/1858 1859/1859/1859 1860/1860/1860
f 1861/1861/1861 1862/1862/1862 1863/1863/1863
f 1864/1864/1864 1865/1865/1865 1866/1866/1866
f 1867/1867/1867 1868/1868/1868 1869/1869/1869
f 1870/1870/1870 1871/1871/1871 1872/1872/1872
f 1873/1873/1873 1874/1874/1874 1875/1875/1875
f 1876/1876/1876 1877/1877/1877 1878/1878/1878
f 1879/1879/1879 1880/1880/1880 1881/1881/1881
f 1882/1882/1882 1883/1883/1883 1884/1884/1884
f 1885/1885/1885 1886/1886/1886 1887/1887/1887
f 1888/1888/1888 1889/1889/1889 1890/1890/1890
f 1891/1891/1891 1892/1892/1892 1893/1893/1893
f 1894/1894/1894 1895/1895/1895 1896/1896/1896
f 1897/1897/1897 1898/1898/1898 1899/1899/1899
f 1900/1900/1900 1901/1901/1901 1902/1902/1902
f 1903/1903/1903 1904/1904/1904 1905/1905/1905
f 1906/1906/1906 1907/1907/1907 1908/1908/1908
f 1909/1909/1909 1910/1910/1910 1911/1911/1911
f 1912/1912/1912 1913/1913/1913 1914/1914/1914
f 1915/1915/1915 1916/1916/1916 1917/1917/1917
f 1918/1918/1918 1919/1919/1919 1920/1920/1920
f 3721/3721/3721 3722/3722/3722 3723/3723/3723
f 3724/3724/3724 3725/3725/3725 3726/3726/3726
f 3727/3727/3727 3728/3728/3728 3729/3729/3729
f 3730/3730/3730 3731/3731/3731 3732/3732/3732
f 3733/3733/3733 3734/3734/3734 3735/3735/3735
f 3736/3736/3736 3737/3737/3737 3738/3738/3738
f 3739/3739/3739 3740/3740/3740 3741/3741/3741
f 3742/3742/3742 3743/3743/3743 3744/3744/3744
f 3745/3745/3745 3746/3746/3746 3747/3747/3747
f 3748/3748/3748 3749/3749/3749 3750/3750/3750
f 3751/3751/3751 3752/3752/3752 3753/3753/3753
f 3754/3754/3754 3755/3755/3755 3756/3756/3756
f 3757/3757/3757 3758/3758/3758 3759/3759/3759
f 3760/3760/3760 3761/3761/3761 3762/3762/3762
f 3763/3763/3763 3764/3764/3764 3765/3765/3765
f 3766/3766/3766 3767/3767/3767 3768/3768/3768
f 3769/3769/3769 3770/3770/3770 3771/3771/3771
f 3772/3772/3772 3773/3773/3773 3774/3774/3774
f 3775/3775/3775 3776/3776/3776 3777/3777/3777
f 3778/3778/3778 3779/3779/3779 3780/3780/3780
f 3781/3781/3781 3782/3782/3782 3783/3783/3783
f 3784/3784/3784 3785/3785/3785 3786/3786/3786
f 3787/3787/3787 3788/3788/3788 3789/3789/3789
f 3790/3790/3790 3791/3791/3791 3792/3792/3792
f 3793/3793/3793 3794/3794/3794 3795/3795/3795
f 3796/3796/3796 3797/3797/3797 3798/3798/3798
f 3799/3799/3799 3800/3800/3800 3801/3801/3801
f 3802/3802/3802 3803/3803/3803 3804/3804/3804
f 3805/3805/3805 3806/3806/3806 3807/3807/3807
f 3808/3808/3808 3809/3809/3809 3810/3810/3810
f 3811/3811/3811 3812/3812/3812 3813/3813/3813
f 3814/3814/3814 3815/3815/3815 3816/3816/3816
f 3817/3817/3817 3818/3818/3818 3819/3819/3819
f 3820/3820/3820 3821/3821/3821 3822/3822/3822
f 3823/3823/3823 3824/3824/3824 3825/3825/3825
f 3826/3826/3826 3827/3827/3827 3828/3828/3828
f 3829/3829/3829 3830/3830/3830 3831/3831/3831
f 3832/3832/3832 3833/3833/3833 3834/3834/3834
f 3835/3835/3835 3836/3836/3836 3837/3837/3837
f 3838/3838/3838 3839/3839/3839 3840/3840/3840
g lens_thermal
f 1921/1921/1921 1922/1922/1922 1923/1923/1923
f 1924/1924/1924 1925/1925/1925 1926/1926/1926
f 1927/1927/1927 1928/1928/1928 1929/1929/1929
f 1930/1930/1930 1931/1931/1931 1932/1932/1932
f 1933/1933/1933 1934/1934/1934 1935/1935/1935
f 1936/1936/1936 1937/1937/1937 1938/1938/1938
f 1939/1939/1939 1940/1940/1940 1941/1941/1941
f 1942/1942/1942 1943/1943/1943 1944/1944/1944
f 1945/1945/1945 1946/1946/1946 1947/1947/1947
f 1948/1948/1948 1949/1949/1949 1950/1950/1950
f 1951/1951/1951 1952/1952/1952 1953/1953/1953
f 1954/1954/1954 1955/1955/1955 1956/1956/1956
f 1957/1957/1957 1958/1958/1958 1959/1959/1959
f 1960/1960/1960 1961/1961/1961 1962/1962/1962
f 1963/1963/1963 1964/1964/1964 1965/1965/1965
f 1966/1966/1966 1967/1967/1967 1968/1968/1968
f 1969/1969/1969 1970/1970/1970 1971/1971/1971
f 1972/1972/1972 1973/1973/1973 1974/1974/1974
f 1975/1975/1975 1976/1976/1976 1977/1977/1977
f 1978/1978/1978 1979/1979/1979 1980/1980/1980
f 1981/1981/1981 1982/1982/1982 1983/1983/1983
f 1984/1984/1984 1985/1985/1985 1986/1986/1986
f 1987/1987/1987 1988/1988/1988 1989/1989/1989
f 1990/1990/1990 1991/1991/1991 1992/1992/1992
f 1993/1993/1993 1994/1994/1994 1995/1995/1995
f 1996/1996/1996 1997/1997/1997 1998/1998/1998
f 1999/1999/1999 2000/2000/2000 2001/2001/2001
f 2002/2002/2002 2003/2003/2003 2004/2004/2004
f 2005/2005/2005 2006/2006/2006 2007/2007/2007
f 2008/2008/2008 2009/2009/2009 2010/2010/2010
f 2011/2011/2011 2012/2012/2012 2013/2013/2013
f 2014/2014/2014 2015/2015/2015 2016/2016/2016
f 2017/2017/2017 2018/2018/2018 2019/2019/2019
f 2020/2020/2020 2021/2021/2021 2022/2022/2022
f 2023/2023/2023 2024/2024/2024 2025/2025/2025
f 2026/2026/2026 2027/2027/2027 2028/2028/2028
f 2029/2029/2029 2030/2030/2030 2031/2031/2031
f 2032/2032/2032 2033/2033/2033 2034/2034/2034
f 2035/2035/2035 2036/2036/2036 2037/2037/2037
f 2038/2038/2038 2039/2039/2039 2040/2040/2040
f 2041/2041/2041 2042/2042/2042 2043/2043/2043
f 2044/2044/2044 2045/2045/2045 2046/2046/2046
f 2047/2047/2047 2048/2048/2048 2049/2049/2049
f 2050/2050/2050 2051/2051/2051 2052/2052/2052
f 2053/2053/2053 2054/2054/2054 2055/2055/2055
f 2056/2056/2056 2057/2057/2057 2058/2058/2058
f 2059/2059/2059 2060/2060/2060 2061/2061/2061
f 2062/2062/2062 2063/2063/2063 2064/2064/2064
f 2065/2065/2065 2066/2066/2066 2067/2067/2067
f 2068/2068/2068 2069/2069/2069 2070/2070/2070
f 2071/2071/2071 2072/2072/2072 2073/2073/2073
f 2074/2074/2074 2075/2075/2075 2076/2076/2076
f 2077/2077/2077 2078/2078/2078 2079/2079/2079
f 2080/2080/2080 2081/2081/2081 2082/2082/2082
f 2083/2083/2083 2084/2084/2084 2085/2085/2085
f 2086/2086/2086 2087/2087/2087 2088/2088/2088
f 2089/2089/2089 2090/2090/2090 2091/2091/2091
f 2092/2092/2092 2093/2093/2093 2094/2094/2094
f 2095/2095/2095 2096/2096/2096 2097/2097/2097
f 2098/2098/2098 2099/2099/2099 2100/2100/2100
f 2101/2101/2101 2102/2102/2102 2103/2103/2103
f 2104/2104/2104 2105/2105/2105 2106/2106/2106
f 2107/2107/2107 2108/2108/2108 2109/2109/2109
f 2110/2110/2110 2111/2111/2111 2112/2112/2112
f 2113/2113/2113 2114/2114/2114 2115/2115/2115
f 2116/2116/2116 2117/2117/2117 2118/2118/2118
f 2119/2119/2119 2120/2120/2120 2121/2121/2121
f 2122/2122/2122 2123/2123/2123 2124/2124/2124
f 2125/2125/2125 2126/2126/2126 2127/2127/2127
f 2128/2128/2128 2129/2129/2129 2130/2130/2130
f 2131/2131/2131 2132/2132/2132 2133/2133/2133
f 2134/2134/2134 2135/2135/2135 2136/2136/2136
f 2137/2137/2137 2138/2138/2138 2139/2139/2139
f 2140/2140/2140 2141/2141/2141 2142/2142/2142
f 2143/2143/2143 2144/2144/2144 2145/2145/2145
f 2146/2146/2146 2147/2147/2147 2148/2148/2148
f 2149/2149/2149 2150/2150/2150 2151/2151/2151
f 2152/2152/2152 2153/2153/2153 2154/2154/2154
f 2155/2155/2155 2156/2156/2156 2157/2157/2157
f 2158/2158/2158 2159/2159/2159 2160/2160/2160
f 2161/2161/2161 2162/2162/2162 2163/2163/2163
f 2164/2164/2164 2165/2165/2165 2166/2166/2166
f 2167/2167/2167 2168/2168/2168 2169/2169/2169
f 2170/2170/2170 2171/2171/2171 2172/2172/2172
f 2173/2173/2173 2174/2174/2174 2175/2175/2175
f 2176/2176/2176 2177/2177/2177 2178/2178/2178
f 2179/2179/2179 2180/2180/2180 2181/2181/2181
f 2182/2182/2182 2183/2183/2183 2184/2184/2184
f 2185/2185/2185 2186/2186/2186 2187/2187/2187
f 2188/2188/2188 2189/2189/2189 2190/2190/2190
f 2191/2191/2191 2192/2192/2192 2193/2193/2193
f 2194/2194/2194 2195/2195/2195 2196/2196/2196
f 2197/2197/2197 2198/2198/2198 2199/2199/2199
f 2200/2200/2200 2201/2201/2201 2202/2202/2202
f 2203/2203/2203 2204/2204/2204 2205/2205/2205
f 2206/2206/2206 2207/2207/2207 2208/2208/2208
f 2209/2209/2209 2210/2210/2210 2211/2211/2211
f 2212/2212/2212 2213/2213/2213 2214/2214/2214
f 2215/2215/2215 2216/2216/2216 2217/2217/2217
f 2218/2218/2218 2219/2219/2219 2220/2220/2220
f 2221/2221/2221 2222/2222/2222 2223/2223/2223
f 2224/2224/2224 2225/2225/2225 2226/2226/2226
f 2227/2227/2227 2228/2228/2228 2229/2229/2229
f 2230/2230/2230 2231/2231/2231 2232/2232/2232
f 2233/2233/2233 2234/2234/2234 2235/2235/2235
f 2236/2236/2236 2237/2237/2237 2238/2238/2238
f 2239/2239/2239 2240/2240/2240 2241/2241/2241
f 2242/2242/2242 2243/2243/2243 2244/2244/2244
f 2245/2245/2245 2246/2246/2246 2247/2247/2247
f 2248/2248/2248 2249/2249/2249 2250/2250/2250
f 2251/2251/2251 2252/2252/2252 2253/2253/2253
f 2254/2254/2254 2255/2255/2255 2256/2256/2256
f 2257/2257/2257 2258/2258/2258 2259/2259/2259
f 2260/2260/2260 2261/2261/2261 2262/2262/2262
f 2263/2263/2263 2264/2264/2264 2265/2265/2265
f 2266/2266/2266 2267/2267/2267 2268/2268/2268
f 2269/2269/2269 2270/2270/2270 2271/2271/2271
f 2272/2272/2272 2273/2273/2273 2274/2274/2274
f 2275/2275/2275 2276/2276/2276 2277/2277/2277
f 2278/2278/2278 2279/2279/2279 2280/2280/2280
f 2281/2281/2281 2282/2282/2282 2283/2283/2283
f 2284/2284/2284 2285/2285/2285 2286/2286/2286
f 2287/2287/2287 2288/2288/2288 2289/2289/2289
f 2290/2290/2290 2291/2291/2291 2292/2292/2292
f 2293/2293/2293 2294/2294/2294 2295/2295/2295
f 2296/2296/2296 2297/2297/2297 2298/2298/2298
f 2299/2299/2299 2300/2300/2300 2301/2301/2301
f 2302/2302/2302 2303/2303/2303 2304/2304/2304
f 2305/2305/2305 2306/2306/2306 2307/2307/2307
f 2308/2308/2308 2309/2309/2309 2310/2310/2310
f 2311/2311/2311 2312/2312/2312 2313/2313/2313
f 2314/2314/2314 2315/2315/2315 2316/2316/2316
f 2317/2317/2317 2318/2318/2318 2319/2319/2319
f 2320/2320/2320 2321/2321/2321 2322/2322/2322
f 2323/2323/2323 2324/2324/2324 2325/2325/2325
f 2326/2326/2326 2327/2327/2327 2328/2328/2328
f 2329/2329/2329 2330/2330/2330 2331/2331/2331
f 2332/2332/2332 2333/2333/2333 2334/2334/2334
f 2335/2335/2335 2336/2336/2336 2337/2337/2337
f 2338/2338/2338 2339/2339/2339 2340/2340/2340
f 2341/2341/2341 2342/2342/2342 2343/2343/2343
f 2344/2344/2344 2345/2345/2345 2346/2346/2346
f 2347/2347/2347 2348/2348/2348 2349/2349/2349
f 2350/2350/2350 2351/2351/2351 2352/2352/2352
f 2353/2353/2353 2354/2354/2354 2355/2355/2355
f 2356/2356/2356 2357/2357/2357 2358/2358/2358
f 2359/2359/2359 2360/2360/2360 2361/2361/2361
f 2362/2362/2362 2363/2363/2363 2364/2364/2364
f 2365/2365/2365 2366/2366/2366 2367/2367/2367
f 2368/2368/2368 2369/2369/2369 2370/2370/2370
f 2371/2371/2371 2372/2372/2372 2373/2373/2373
f 2374/2374/2374 2375/2375/2375 2376/2376/2376
f 2377/2377/2377 2378/2378/2378 2379/2379/2379
f 2380/2380/2380 2381/2381/2381 2382/2382/2382
f 2383/2383/2383 2384/2384/2384 2385/2385/2385
f 2386/2386/2386 2387/2387/2387 2388/2388/2388
f 2389/2389/2389 2390/2390/2390 2391/2391/2391
f 2392/2392/2392 2393/2393/2393 2394/2394/2394
f 2395/2395/2395 2396/2396/2396 2397/2397/2397
f 2398/2398/2398 2399/2399/2399 2400/2400/2400
f 2401/2401/2401 2402/2402/2402 2403/2403/2403
f 2404/2404/2404 2405/2405/2405 2406/2406/2406
f 2407/2407/2407 2408/2408/2408 2409/2409/2409
f 2410/2410/2410 2411/2411/2411 2412/2412/2412
f 2413/2413/2413 2414/2414/2414 2415/2415/2415
f 2416/2416/2416 2417/2417/2417 2418/2418/2418
f 2419/2419/2419 2420/2420/2420 2421/2421/2421
f 2422/2422/2422 2423/2423/2423 2424/2424/2424
f 2425/2425/2425 2426/2426/2426 2427/2427/2427
f 2428/2428/2428 2429/2429/2429 2430/2430/2430
f 2431/2431/2431 2432/2432/2432 2433/2433/2433
f 2434/2434/2434 2435/2435/2435 2436/2436/2436
f 2437/2437/2437 2438/2438/2438 2439/2439/2439
f 2440/2440/2440 2441/2441/2441 2442/2442/2442
f 2443/2443/2443 2444/2444/2444 2445/2445/2445
f 2446/2446/2446 2447/2447/2447 2448/2448/2448
f 2449/2449/2449 2450/2450/2450 2451/2451/2451
f 2452/2452/2452 2453/2453/2453 2454/2454/2454
f 2455/2455/2455 2456/2456/2456 2457/2457/2457
f 2458/2458/2458 2459/2459/2459 2460/2460/2460
f 2461/2461/2461 2462/2462/2462 2463/2463/2463
f 2464/2464/2464 2465/2465/2465 2466/2466/2466
f 2467/2467/2467 2468/2468/2468 2469/2469/2469
f 2470/2470/2470 2471/2471/2471 2472/2472/2472
f 2473/2473/2473 2474/2474/2474 2475/2475/2475
f 2476/2476/2476 2477/2477/2477 2478/2478/2478
f 2479/2479/2479 2480/2480/2480 2481/2481/2481
f 2482/2482/2482 2483/2483/2483 2484/2484/2484
f 2485/2485/2485 2486/2486/2486 2487/2487/2487
f 2488/2488/2488 2489/2489/2489 2490/2490/2490
f 2491/2491/2491 2492/2492/2492 2493/2493/2493
f 2494/2494/2494 2495/2495/2495 2496/2496/2496
f 2497/2497/2497 2498/2498/2498 2499/2499/2499
f 2500/2500/2500 2501/2501/2501 2502/2502/2502
f 2503/2503/2503 2504/2504/2504 2505/2505/2505
f 2506/2506/2506 2507/2507/2507 2508/2508/2508
f 2509/2509/2509 2510/2510/2510 2511/2511/2511
f 2512/2512/2512 2513/2513/2513 2514/2514/2514
f 2515/2515/2515 2516/2516/2516 2517/2517/2517
f 2518/2518/2518 2519/2519/2519 2520/2520/2520
f 2521/2521/2521 2522/2522/2522 2523/2523/2523
f 2524/2524/2524 2525/2525/2525 2526/2526/2526
f 2527/2527/2527 2528/2528/2528 2529/2529/2529
f 2530/2530/2530 2531/2531/2531 2532/2532/2532
f 2533/2533/2533 2534/2534/2534 2535/2535/2535
f 2536/2536/2536 2537/2537/2537 2538/2538/2538
f 2539/2539/2539 2540/2540/2540 2541/2541/2541
f 2542/2542/2542 2543/2543/2543 2544/2544/2544
f 2545/2545/2545 2546/2546/2546 2547/2547/2547
f 2548/2548/2548 2549/2549/2549 2550/2550/2550
f 2551/2551/2551 2552/2552/2552 2553/2553/2553
f 2554/2554/2554 2555/2555/2555 2556/2556/2556
f 2557/2557/2557 2558/2558/2558 2559/2559/2559
f 2560/2560/2560 2561/2561/2561 2562/2562/2562
f 2563/2563/2563 2564/2564/2564 2565/2565/2565
f 2566/2566/2566 2567/2567/2567 2568/2568/2568
f 2569/2569/2569 2570/2570/2570 2571/2571/2571
f 2572/2572/2572 2573/2573/2573 2574/2574/2574
f 2575/2575/2575 2576/2576/2576 2577/2577/2577
f 2578/2578/2578 2579/2579/2579 2580/2580/2580
f 2581/2581/2581 2582/2582/2582 2583/2583/2583
f 2584/2584/2584 2585/2585/2585 2586/2586/2586
f 2587/2587/2587 2588/2588/2588 2589/2589/2589
f 2590/2590/2590 2591/2591/2591 2592/2592/2592
f 2593/2593/2593 2594/2594/2594 2595/2595/2595
f 2596/2596/2596 2597/2597/2597 2598/2598/2598
f 2599/2599/2599 2600/2600/2600 2601/2601/2601
f 2602/2602/2602 2603/2603/2603 2604/2604/2604
f 2605/2605/2605 2606/2606/2606 2607/2607/2607
f 2608/2608/2608 2609/2609/2609 2610/2610/2610
f 2611/2611/2611 2612/2612/2612 2613/2613/2613
f 2614/2614/2614 2615/2615/2615 2616/2616/2616
f 2617/2617/2617 2618/2618/2618 2619/2619/2619
f 2620/2620/2620 2621/2621/2621 2622/2622/2622
f 2623/2623/2623 2624/2624/2624 2625/2625/2625
f 2626/2626/2626 2627/2627/2627 2628/2628/2628
f 2629/2629/2629 2630/2630/2630 2631/2631/2631
f 2632/2632/2632 2633/2633/2633 2634/2634/2634
f 2635/2635/2635 2636/2636/2636 2637/2637/2637
f 2638/2638/2638 2639/2639/2639 2640/2640/2640
f 2641/2641/2641 2642/2642/2642 2643/2643/2643
f 2644/2644/2644 2645/2645/2645 2646/2646/2646
f 2647/2647/2647 2648/2648/2648 2649/2649/2649
f 2650/2650/2650 2651/2651/2651 2652/2652/2652
f 2653/2653/2653 2654/2654/2654 2655/2655/2655
f 2656/2656/2656 2657/2657/2657 2658/2658/2658
f 2659/2659/2659 2660/2660/2660 2661/2661/2661
f 2662/2662/2662 2663/2663/2663 2664/2664/2664
f 2665/2665/2665 2666/2666/2666 2667/2667/2667
f 2668/2668/2668 2669/2669/2669 2670/2670/2670
f 2671/2671/2671 2672/2672/2672 2673/2673/2673
f 2674/2674/2674 2675/2675/2675 2676/2676/2676
f 2677/2677/2677 2678/2678/2678 2679/2679/2679
f 2680/2680/2680 2681/2681/2681 2682/2682/2682
f 2683/2683/2683 2684/2684/2684 2685/2685/2685
f 2686/2686/2686 2687/2687/2687 2688/2688/2688
f 2689/2689/2689 2690/2690/2690 2691/2691/2691
f 2692/2692/2692 2693/2693/2693 2694/2694/2694
f 2695/2695/2695 2696/2696/2696 2697/2697/2697
f 2698/2698/2698 2699/2699/2699 2700/2700/2700
f 2701/2701/2701 2702/2702/2702 2703/2703/2703
f 2704/2704/2704 2705/2705/2705 2706/2706/2706
f 2707/2707/2707 2708/2708/2708 2709/2709/2709
f 2710/2710/2710 2711/2711/2711 2712/2712/2712
f 2713/2713/2713 2714/2714/2714 2715/2715/2715
f 2716/2716/2716 2717/2717/2717 2718/2718/2718
f 2719/2719/2719 2720/2720/2720 2721/2721/2721
f 2722/2722/2722 2723/2723/2723 2724/2724/2724
f 2725/2725/2725 2726/2726/2726 2727/2727/2727
f 2728/2728/2728 2729/2729/2729 2730/2730/2730
f 2731/2731/2731 2732/2732/2732 2733/2733/2733
f 2734/2734/2734 2735/2735/2735 2736/2736/2736
f 2737/2737/2737 2738/2738/2738 2739/2739/2739
f 2740/2740/2740 2741/2741/2741 2742/2742/2742
f 2743/2743/2743 2744/2744/2744 2745/2745/2745
f 2746/2746/2746 2747/2747/2747 2748/2748/2748
f 2749/2749/2749 2750/2750/2750 2751/2751/2751
f 2752/2752/2752 2753/2753/2753 2754/2754/2754
f 2755/2755/2755 2756/2756/2756 2757/2757/2757
f 2758/2758/2758 2759/2759/2759 2760/2760/2760
f 2761/2761/2761 2762/2762/2762 2763/2763/2763
f 2764/2764/2764 2765/2765/2765 2766/2766/2766
f 2767/2767/2767 2768/2768/2768 2769/2769/2769
f 2770/2770/2770 2771/2771/2771 2772/2772/2772
f 2773/2773/2773 2774/2774/2774 2775/2775/2775
f 2776/2776/2776 2777/2777/2777 2778/2778/2778
f 2779/2779/2779 2780/2780/2780 2781/2781/2781
f 2782/2782/2782 2783/2783/2783 2784/2784/2784
f 2785/2785/2785 2786/2786/2786 2787/2787/2787
f 2788/2788/2788 2789/2789/2789 2790/2790/2790
f 2791/2791/2791 2792/2792/2792 2793/2793/2793
f 2794/2794/2794 2795/2795/2795 2796/2796/2796
f 2797/2797/2797 2798/2798/2798 2799/2799/2799
f 2800/2800/2800 2801/2801/2801 2802/2802/2802
f 2803/2803/2803 2804/2804/2804 2805/2805/2805
f 2806/2806/2806 2807/2807/2807 2808/2808/2808
f 2809/2809/2809 2810/2810/2810 2811/2811/2811
f 2812/2812/2812 2813/2813/2813 2814/2814/2814
f 2815/2815/2815 2816/2816/2816 2817/2817/2817
f 2818/2818/2818 2819/2819/2819 2820/2820/2820
f 2821/2821/2821 2822/2822/2822 2823/2823/2823
f 2824/2824/2824 2825/2825/2825 2826/2826/2826
f 2827/2827/2827 2828/2828/2828 2829/2829/2829
f 2830/2830/2830 2831/2831/2831 2832/2832/2832
f 2833/2833/2833 2834/2834/2834 2835/2835/2835
f 2836/2836/2836 2837/2837/2837 2838/2838/2838
f 2839/2839/2839 2840/2840/2840 2841/2841/2841
f 2842/2842/2842 2843/2843/2843 2844/2844/2844
f 2845/2845/2845 2846/2846/2846 2847/2847/2847
f 2848/2848/2848 2849/2849/2849 2850/2850/2850
f 2851/2851/2851 2852/2852/2852 2853/2853/2853
f 2854/2854/2854 2855/2855/2855 2856/2856/2856
f 2857/2857/2857 2858/2858/2858 2859/2859/2859
f 2860/2860/2860 2861/2861/2861 2862/2862/2862
f 2863/2863/2863 2864/2864/2864 2865/2865/2865
f 2866/2866/2866 2867/2867/2867 2868/2868/2868
f 2869/2869/2869 2870/2870/2870 2871/2871/2871
f 2872/2872/2872 2873/2873/2873 2874/2874/2874
f 2875/2875/2875 2876/2876/2876 2877/2877/2877
f 2878/2878/2878 2879/2879/2879 2880/2880/2880
f 2881/2881/2881 2882/2882/2882 2883/2883/2883
f 2884/2884/2884 2885/2885/2885 2886/2886/2886
f 2887/2887/2887 2888/2888/2888 2889/2889/2889
f 2890/2890/2890 2891/2891/2891 2892/2892/2892
f 2893/2893/2893 2894/2894/2894 2895/2895/2895
f 2896/2896/2896 2897/2897/2897 2898/2898/2898
f 2899/2899/2899 2900/2900/2900 2901/2901/2901
f 2902/2902/2902 2903/2903/2903 2904/2904/2904
f 2905/2905/2905 2906/2906/2906 2907/2907/2907
f 2908/2908/2908 2909/2909/2909 2910/2910/2910
f 2911/2911/2911 2912/2912/2912 2913/2913/2913
f 2914/2914/2914 2915/2915/2915 2916/2916/2916
f 2917/2917/2917 2918/2918/2918 2919/2919/2919
f 2920/2920/2920 2921/2921/2921 2922/2922/2922
f 2923/2923/2923 2924/2924/2924 2925/2925/2925
f 2926/2926/2926 2927/2927/2927 2928/2928/2928
f 2929/2929/2929 2930/2930/2930 2931/2931/2931
f 2932/2932/2932 2933/2933/2933 2934/2934/2934
f 2935/2935/2935 2936/2936/2936 2937/2937/2937
f 2938/2938/2938 2939/2939/2939 2940/2940/2940
f 2941/2941/2941 2942/2942/2942 2943/2943/2943
f 2944/2944/2944 2945/2945/2945 2946/2946/2946
f 2947/2947/2947 2948/2948/2948 2949/2949/2949
f 2950/2950/2950 2951/2951/2951 2952/2952/2952
f 2953/2953/2953 2954/2954/2954 2955/2955/2955
f 2956/2956/2956 2957/2957/2957 2958/2958/2958
f 2959/2959/2959 2960/2960/2960 2961/2961/2961
f 2962/2962/2962 2963/2963/2963 2964/2964/2964
f 2965/2965/2965 2966/2966/2966 2967/2967/2967
f 2968/2968/2968 2969/2969/2969 2970/2970/2970
f 2971/2971/2971 2972/2972/2972 2973/2973/2973
f 2974/2974/2974 2975/2975/2975 2976/2976/2976
f 2977/2977/2977 2978/2978/2978 2979/2979/2979
f 2980/2980/2980 2981/2981/2981 2982/2982/2982
f 2983/2983/2983 2984/2984/2984 2985/2985/2985
f 2986/2986/2986 2987/2987/2987 2988/2988/2988
f 2989/2989/2989 2990/2990/2990 2991/2991/2991
f 2992/2992/2992 2993/2993/2993 2994/2994/2994
f 2995/2995/2995 2996/2996/2996 2997/2997/2997
f 2998/2998/2998 2999/2999/2999 3000/3000/3000
f 3001/3001/3001 3002/3002/3002 3003/3003/3003
f 3004/3004/3004 3005/3005/3005 3006/3006/3006
f 3007/3007/3007 3008/3008/3008 3009/3009/3009
f 3010/3010/3010 3011/3011/3011 3012/3012/3012
f 3013/3013/3013 3014/3014/3014 3015/3015/3015
f 3016/3016/3016 3017/3017/3017 3018/3018/3018
f 3019/3019/3019 3020/3020/3020 3021/3021/3021
f 3022/3022/3022 3023/3023/3023 3024/3024/3024
f 3025/3025/3025 3026/3026/3026 3027/3027/3027
f 3028/3028/3028 3029/3029/3029 3030/3030/3030
f 3031/3031/3031 3032/3032/3032 3033/3033/3033
f 3034/3034/3034 3035/3035/3035 3036/3036/3036
f 3037/3037/3037 3038/3038/3038 3039/3039/3039
f 3040/3040/3040 3041/3041/3041 3042/3042/3042
f 3043/3043/3043 3044/3044/3044 3045/3045/3045
f 3046/3046/3046 3047/3047/3047 3048/3048/3048
f 3049/3049/3049 3050/3050/3050 3051/3051/3051
f 3052/3052/3052 3053/3053/3053 3054/3054/3054
f 3055/3055/3055 3056/3056/3056 3057/3057/3057
f 3058/3058/3058 3059/3059/3059 3060/3060/3060
f 3061/3061/3061 3062/3062/3062 3063/3063/3063
f 3064/3064/3064 3065/3065/3065 3066/3066/3066
f 3067/3067/3067 3068/3068/3068 3069/3069/3069
f 3070/3070/3070 3071/3071/3071 3072/3072/3072
f 3073/3073/3073 3074/3074/3074 3075/3075/3075
f 3076/3076/3076 3077/3077/3077 3078/3078/3078
f 3079/3079/3079 3080/3080/3080 3081/3081/3081
f 3082/3082/3082 3083/3083/3083 3084/3084/3084
f 3085/3085/3085 3086/3086/3086 3087/3087/3087
f 3088/3088/3088 3089/3089/3089 3090/3090/3090
f 3091/3091/3091 3092/3092/3092 3093/3093/3093
f 3094/3094/3094 3095/3095/3095 3096/3096/3096
f 3097/3097/3097 3098/3098/3098 3099/3099/3099
f 3100/3100/3100 3101/3101/3101 3102/3102/3102
f 3103/3103/3103 3104/3104/3104 3105/3105/3105
f 3106/3106/3106 3107/3107/3107 3108/3108/3108
f 3109/3109/3109 3110/3110/3110 3111/3111/3111
f 3112/3112/3112 3113/3113/3113 3114/3114/3114
f 3115/3115/3115 3116/3116/3116 3117/3117/3117
f 3118/3118/3118 3119/3119/3119 3120/3120/3120
f 3121/3121/3121 3122/3122/3122 3123/3123/3123
f 3124/3124/3124 3125/3125/3125 3126/3126/3126
f 3127/3127/3127 3128/3128/3128 3129/3129/3129
f 3130/3130/3130 3131/3131/3131 3132/3132/3132
f 3133/3133/3133 3134/3134/3134 3135/3135/3135
f 3136/3136/3136 3137/3137/3137 3138/3138/3138
f 3139/3139/3139 3140/3140/3140 3141/3141/3141
f 3142/3142/3142 3143/3143/3143 3144/3144/3144
f 3145/3145/3145 3146/3146/3146 3147/3147/3147
f 3148/3148/3148 3149/3149/3149 3150/3150/3150
f 3151/3151/3151 3152/3152/3152 3153/3153/3153
f 3154/3154/3154 3155/3155/3155 3156/3156/3156
f 3157/3157/3157 3158/3158/3158 3159/3159/3159
f 3160/3160/3160 3161/3161/3161 3162/3162/3162
f 3163/3163/3163 3164/3164/3164 3165/3165/3165
f 3166/3166/3166 3167/3167/3167 3168/3168/3168
f 3169/3169/3169 3170/3170/3170 3171/3171/3171
f 3172/3172/3172 3173/3173/3173 3174/3174/3174
f 3175/3175/3175 3176/3176/3176 3177/3177/3177
f 3178/3178/3178 3179/3179/3179 3180/3180/3180
f 3181/3181/3181 3182/3182/3182 3183/3183/3183
f 3184/3184/3184 3185/3185/3185 3186/3186/3186
f 3187/3187/3187 3188/3188/3188 3189/3189/3189
f 3190/3190/3190 3191/3191/3191 3192/3192/3192
f 3193/3193/3193 3194/3194/3194 3195/3195/3195
f 3196/3196/3196 3197/3197/3197 3198/3198/3198
f 3199/3199/3199 3200/3200/3200 3201/3201/3201
f 3202/3202/3202 3203/3203/3203 3204/3204/3204
f 3205/3205/3205 3206/3206/3206 3207/3207/3207
f 3208/3208/3208 3209/3209/3209 3210/3210/3210
f 3211/3211/3211 3212/3212/3212 3213/3213/3213
f 3214/3214/3214 3215/3215/3215 3216/3216/3216
f 3217/3217/3217 3218/3218/3218 3219/3219/3219
f 3220/3220/3220 3221/3221/3221 3222/3222/3222
f 3223/3223/3223 3224/3224/3224 3225/3225/3225
f 3226/3226/3226 3227/3227/3227 3228/3228/3228
f 3229/3229/3229 3230/3230/3230 3231/3231/3231
f 3232/3232/3232 3233/3233/3233 3234/3234/3234
f 3235/3235/3235 3236/3236/3236 3237/3237/3237
f 3238/3238/3238 3239/3239/3239 3240/3240/3240
f 3241/3241/3241 3242/3242/3242 3243/3243/3243
f 3244/3244/3244 3245/3245/3245 3246/3246/3246
f 3247/3247/3247 3248/3248/3248 3249/3249/3249
f 3250/3250/3250 3251/3251/3251 3252/3252/3252
f 3253/3253/3253 3254/3254/3254 3255/3255/3255
f 3256/3256/3256 3257/3257/3257 3258/3258/3258
f 3259/3259/3259 3260/3260/3260 3261/3261/3261
f 3262/3262/3262 3263/3263/3263 3264/3264/3264
f 3265/3265/3265 3266/3266/3266 3267/3267/3267
f 3268/3268/3268 3269/3269/3269 3270/3270/3270
f 3271/3271/3271 3272/3272/3272 3273/3273/3273
f 3274/3274/3274 3275/3275/3275 3276/3276/3276
f 3277/3277/3277 3278/3278/3278 3279/3279/3279
f 3280/3280/3280 3281/3281/3281 3282/3282/3282
f 3283/3283/3283 3284/3284/3284 3285/3285/3285
f 3286/3286/3286 3287/3287/3287 3288/3288/3288
f 3289/3289/3289 3290/3290/3290 3291/3291/3291
f 3292/3292/3292 3293/3293/3293 3294/3294/3294
f 3295/3295/3295 3296/3296/3296 3297/3297/3297
f 3298/3298/3298 3299/3299/3299 3300/3300/3300
f 3301/3301/3301 3302/3302/3302 3303/3303/3303
f 3304/3304/3304 3305/3305/3305 3306/3306/3306
f 3307/3307/3307 3308/3308/3308 3309/3309/3309
f 3310/3310/3310 3311/3311/3311 3312/3312/3312
f 3313/3313/3313 3314/3314/3314 3315/3315/3315
f 3316/3316/3316 3317/3317/3317 3318/3318/3318
f 3319/3319/3319 3320/3320/3320 3321/3321/3321
f 3322/3322/3322 3323/3323/3323 3324/3324/3324
f 3325/3325/3325 3326/3326/3326 3327/3327/3327
f 3328/3328/3328 3329/3329/3329 3330/3330/3330
f 3331/3331/3331 3332/3332/3332 3333/3333/3333
f 3334/3334/3334 3335/3335/3335 3336/3336/3336
f 3337/3337/3337 3338/3338/3338 3339/3339/3339
f 3340/3340/3340 3341/3341/3341 3342/3342/3342
f 3343/3343/3343 3344/3344/3344 3345/3345/3345
f 3346/3346/3346 3347/3347/3347 3348/3348/3348
f 3349/3349/3349 3350/3350/3350 3351/3351/3351
f 3352/3352/3352 3353/3353/3353 3354/3354/3354
f 3355/3355/3355 3356/3356/3356 3357/3357/3357
f 3358/3358/3358 3359/3359/3359 3360/3360/3360
f 3361/3361/3361 3362/3362/3362 3363/3363/3363
f 3364/3364/3364 3365/3365/3365 3366/3366/3366
f 3367/3367/3367 3368/3368/3368 3369/3369/3369
f 3370/3370/3370 3371/3371/3371 3372/3372/3372
f 3373/3373/3373 3374/3374/3374 3375/3375/3375
f 3376/3376/3376 3377/3377/3377 3378/3378/3378
f 3379/3379/3379 3380/3380/3380 3381/3381/3381
f 3382/3382/3382 3383/3383/3383 3384/3384/3384
f 3385/3385/3385 3386/3386/3386 3387/3387/3387
f 3388/3388/3388 3389/3389/3389 3390/3390/3390
f 3391/3391/3391 3392/3392/3392 3393/3393/3393
f 3394/3394/3394 3395/3395/3395 3396/3396/3396
f 3397/3397/3397 3398/3398/3398 3399/3399/3399
f 3400/3400/3400 3401/3401/3401 3402/3402/3402
f 3403/3403/3403 3404/3404/3404 3405/3405/3405
f 3406/3406/3406 3407/3407/3407 3408/3408/3408
f 3409/3409/3409 3410/3410/3410 3411/3411/3411
f 3412/3412/3412 3413/3413/3413 3414/3414/3414
f 3415/3415/3415 3416/3416/3416 3417/3417/3417
f 3418/3418/3418 3419/3419/3419 3420/3420/3420
f 3421/3421/3421 3422/3422/3422 3423/3423/3423
f 3424/3424/3424 3425/3425/3425 3426/3426/3426
f 3427/3427/3427 3428/3428/3428 3429/3429/3429
f 3430/3430/3430 3431/3431/3431 3432/3432/3432
f 3433/3433/3433 3434/3434/3434 3435/3435/3435
f 3436/3436/3436 3437/3437/3437 3438/3438/3438
f 3439/3439/3439 3440/3440/3440 3441/3441/3441
f 3442/3442/3442 3443/3443/3443 3444/3444/3444
f 3445/3445/3445 3446/3446/3446 3447/3447/3447
f 3448/3448/3448 3449/3449/3449 3450/3450/3450
f 3451/3451/3451 3452/3452/3452 3453/3453/3453
f 3454/3454/3454 3455/3455/3455 3456/3456/3456
f 3457/3457/3457 3458/3458/3458 3459/3459/3459
f 3460/3460/3460 3461/3461/3461 3462/3462/3462
f 3463/3463/3463 3464/3464/3464 3465/3465/3465
f 3466/3466/3466 3467/3467/3467 3468/3468/3468
f 3469/3469/3469 3470/3470/3470 3471/3471/3471
f 3472/3472/3472 3473/3473/3473 3474/3474/3474
f 3475/3475/3475 3476/3476/3476 3477/3477/3477
f 3478/3478/3478 3479/3479/3479 3480/3480/3480
f 3481/3481/3481 3482/3482/3482 3483/3483/3483
f 3484/3484/3484 3485/3485/3485 3486/3486/3486
f 3487/3487/3487 3488/3488/3488 3489/3489/3489
f 3490/3490/3490 3491/3491/3491 3492/3492/3492
f 3493/3493/3493 3494/3494/3494 3495/3495/3495
f 3496/3496/3496 3497/3497/3497 3498/3498/3498
f 3499/3499/3499 3500/3500/3500 3501/3501/3501
f 3502/3502/3502 3503/3503/3503 3504/3504/3504
f 3505/3505/3505 3506/3506/3506 3507/3507/3507
f 3508/3508/3508 3509/3509/3509 3510/3510/3510
f 3511/3511/3511 3512/3512/3512 3513/3513/3513
f 3514/3514/3514 3515/3515/3515 3516/3516/3516
f 3517/3517/3517 3518/3518/3518 3519/3519/3519
f 3520/3520/3520 3521/3521/3521 3522/3522/3522
f 3523/3523/3523 3524/3524/3524 3525/3525/3525
f 3526/3526/3526 3527/3527/3527 3528/3528/3528
f 3529/3529/3529 3530/3530/3530 3531/3531/3531
f 3532/3532/3532 3533/3533/3533 3534/3534/3534
f 3535/3535/3535 3536/3536/3536 3537/3537/3537
f 3538/3538/3538 3539/3539/3539 3540/3540/3540
f 3541/3541/3541 3542/3542/3542 3543/3543/3543
f 3544/3544/3544 3545/3545/3545 3546/3546/3546
f 3547/3547/3547 3548/3548/3548 3549/3549/3549
f 3550/3550/3550 3551/3551/3551 3552/3552/3552
f 3553/3553/3553 3554/3554/3554 3555/3555/3555
f 3556/3556/3556 3557/3557/3557 3558/3558/3558
f 3559/3559/3559 3560/3560/3560 3561/3561/3561
f 3562/3562/3562 3563/3563/3563 3564/3564/3564
f 3565/3565/3565 3566/3566/3566 3567/3567/3567
f 3568/3568/3568 3569/3569/3569 3570/3570/3570
f 3571/3571/3571 3572/3572/3572 3573/3573/3573
f 3574/3574/3574 3575/3575/3575 3576/3576/3576
f 3577/3577/3577 3578/3578/3578 3579/3579/3579
f 3580/3580/3580 3581/3581/3581 3582/3582/3582
f 3583/3583/3583 3584/3584/3584 3585/3585/3585
f 3586/3586/3586 3587/3587/3587 3588/3588/3588
f 3589/3589/3589 3590/3590/3590 3591/3591/3591
f 3592/3592/3592 3593/3593/3593 3594/3594/3594
f 3595/3595/3595 3596/3596/3596 3597/3597/3597
f 3598/3598/3598 3599/3599/3599 3600/3600/3600
f 3601/3601/3601 3602/3602/3602 3603/3603/3603
f 3604/3604/3604 3605/3605/3605 3606/3606/3606
f 3607/3607/3607 3608/3608/3608 3609/3609/3609
f 3610/3610/3610 3611/3611/3611 3612/3612/3612
f 3613/3613/3613 3614/3614/3614 3615/3615/3615
f 3616/3616/3616 3617/3617/3617 3618/3618/3618
f 3619/3619/3619 3620/3620/3620 3621/3621/3621
f 3622/3622/3622 3623/3623/3623 3624/3624/3624
f 3625/3625/3625 3626/3626/3626 3627/3627/3627
f 3628/3628/3628 3629/3629/3629 3630/3630/3630
f 3631/3631/3631 3632/3632/3632 3633/3633/3633
f 3634/3634/3634 3635/3635/3635 3636/3636/3636
f 3637/3637/3637 3638/3638/3638 3639/3639/3639
f 3640/3640/3640 3641/3641/3641 3642/3642/3642
f 3643/3643/3643 3644/3644/3644 3645/3645/3645
f 3646/3646/3646 3647/3647/3647 3648/3648/3648
f 3649/3649/3649 3650/3650/3650 3651/3651/3651
f 3652/3652/3652 3653/3653/3653 3654/3654/3654
f 3655/3655/3655 3656/3656/3656 3657/3657/3657
f 3658/3658/3658 3659/3659/3659 3660/3660/3660
f 3661/3661/3661 3662/3662/3662 3663/3663/3663
f 3664/3664/3664 3665/3665/3665 3666/3666/3666
f 3667/3667/3667 3668/3668/3668 3669/3669/3669
f 3670/3670/3670 3671/3671/3671 3672/3672/3672
f 3673/3673/3673 3674/3674/3674 3675/3675/3675
f 3676/3676/3676 3677/3677/3677 3678/3678/3678
f 3679/3679/3679 3680/3680/3680 3681/3681/3681
f 3682/3682/3682 3683/3683/3683 3684/3684/3684
f 3685/3685/3685 3686/3686/3686 3687/3687/3687
f 3688/3688/3688 3689/3689/3689 3690/3690/3690
f 3691/3691/3691 3692/3692/3692 3693/3693/3693
f 3694/3694/3694 3695/3695/3695 3696/3696/3696
f 3697/3697/3697 3698/3698/3698 3699/3699/3699
f 3700/3700/3700 3701/3701/3701 3702/3702/3702
f 3703/3703/3703 3704/3704/3704 3705/3705/3705
f 3706/3706/3706 3707/3707/3707 3708/3708/3708
f 3709/3709/3709 3710/3710/3710 3711/3711/3711
f 3712/3712/3712 3713/3713/3713 3714/3714/3714
f 3715/3715/3715 3716/3716/3716 3717/3717/3717
f 3718/3718/3718 3719/3719/3719 3720/3720/3720
g lens_optical
f 3841/3841/3841 3842/3842/3842 3843/3843/3843
f 3844/3844/3844 3845/3845/3845 3846/3846/3846
f 3847/3847/3847 3848/3848/3848 3849/3849/3849
f 3850/3850/3850 3851/3851/3851 3852/3852/3852
f 3853/3853/3853 3854/3854/3854 3855/3855/3855
f 3856/3856/3856 3857/3857/3857 3858/3858/3858
f 3859/3859/3859 3860/3860/3860 3861/3861/3861
f 3862/3862/3862 3863/3863/3863 3864/3864/3864
f 3865/3865/3865 3866/3866/3866 3867/3867/3867
f 3868/3868/3868 3869/3869/3869 3870/3870/3870
f 3871/3871/3871 3872/3872/3872 3873/3873/3873
f 3874/3874/3874 3875/3875/3875 3876/3876/3876
f 3877/3877/3877 3878/3878/3878 3879/3879/3879
f 3880/3880/3880 3881/3881/3881 3882/3882/3882
f 3883/3883/3883 3884/3884/3884 3885/3885/3885
f 3886/3886/3886 3887/3887/3887 3888/3888/3888
f 3889/3889/3889 3890/3890/3890 3891/3891/3891
f 3892/3892/3892 3893/3893/3893 3894/3894/3894
f 3895/3895/3895 3896/3896/3896 3897/3897/3897
f 3898/3898/3898 3899/3899/3899 3900/3900/3900
f 3901/3901/3901 3902/3902/3902 3903/3903/3903
f 3904/3904/3904 3905/3905/3905 3906/3906/3906
f 3907/3907/3907 3908/3908/3908 3909/3909/3909
f 3910/3910/3910 3911/3911/3911 3912/3912/3912
f 3913/3913/3913 3914/3914/3914 3915/3915/3915
f 3916/3916/3916 3917/3917/3917 3918/3918/3918
f 3919/3919/3919 3920/3920/3920 3921/3921/3921
f 3922/3922/3922 3923/3923/3923 3924/3924/3924
f 3925/3925/3925 3926/3926/3926 3927/3927/3927
f 3928/3928/3928 3929/3929/3929 3930/3930/3930
f 3931/3931/3931 3932/3932/3932 3933/3933/3933
f 3934/3934/3934 3935/3935/3935 3936/3936/3936
f 3937/3937/3937 3938/3938/3938 3939/3939/3939
f 3940/3940/3940 3941/3941/3941 3942/3942/3942
f 3943/3943/3943 3944/3944/3944 3945/3945/3945
f 3946/3946/3946 3947/3947/3947 3948/3948/3948
f 3949/3949/3949 3950/3950/3950 3951/3951/3951
f 3952/3952/3952 3953/3953/3953 3954/3954/3954
f 3955/3955/3955 3956/3956/3956 3957/3957/3957
f 3958/3958/3958 3959/3959/3959 3960/3960/3960
f 3961/3961/3961 3962/3962/3962 3963/3963/3963
f 3964/3964/3964 3965/3965/3965 3966/3966/3966
f 3967/3967/3967 3968/3968/3968 3969/3969/3969
f 3970/3970/3970 3971/3971/3971 3972/3972/3972
f 3973/3973/3973 3974/3974/3974 3975/3975/3975
f 3976/3976/3976 3977/3977/3977 3978/3978/3978
f 3979/3979/3979 3980/3980/3980 3981/3981/3981
f 3982/3982/3982 3983/3983/3983 3984/3984/3984
f 3985/3985/3985 3986/3986/3986 3987/3987/3987
f 3988/3988/3988 3989/3989/3989 3990/3990/3990
f 3991/3991/3991 3992/3992/3992 3993/3993/3993
f 3994/3994/3994 3995/3995/3995 3996/3996/3996
f 3997/3997/3997 3998/3998/3998 3999/3999/3999
f 4000/4000/4000 4001/4001/4001 4002/4002/4002
f 4003/4003/4003 4004/4004/4004 4005/4005/4005
f 4006/4006/4006 4007/4007/4007 4008/4008/4008
f 4009/4009/4009 4010/4010/4010 4011/4011/4011
f 4012/4012/4012 4013/4013/4013 4014/4014/4014
f 4015/4015/4015 4016/4016/4016 4017/4017/4017
f 4018/4018/4018 4019/4019/4019 4020/4020/4020
f 4021/4021/4021 4022/4022/4022 4023/4023/4023
f 4024/4024/4024 4025/4025/4025 4026/4026/4026
f 4027/4027/4027 4028/4028/4028 4029/4029/4029
f 4030/4030/4030 4031/4031/4031 4032/4032/4032
f 4033/4033/4033 4034/4034/4034 4035/4035/4035
f 4036/4036/4036 4037/4037/4037 4038/4038/4038
f 4039/4039/4039 4040/4040/4040 4041/4041/4041
f 4042/4042/4042 4043/4043/4043 4044/4044/4044
f 4045/4045/4045 4046/4046/4046 4047/4047/4047
f 4048/4048/4048 4049/4049/4049 4050/4050/4050
f 4051/4051/4051 4052/4052/4052 4053/4053/4053
f 4054/4054/4054 4055/4055/4055 4056/4056/4056
f 4057/4057/4057 4058/4058/4058 4059/4059/4059
f 4060/4060/4060 4061/4061/4061 4062/4062/4062
f 4063/4063/4063 4064/4064/4064 4065/4065/4065
f 4066/4066/4066 4067/4067/4067 4068/4068/4068
f 4069/4069/4069 4070/4070/4070 4071/4071/4071
f 4072/4072/4072 4073/4073/4073 4074/4074/4074
f 4075/4075/4075 4076/4076/4076 4077/4077/4077
f 4078/4078/4078 4079/4079/4079 4080/4080/4080
f 4081/4081/4081 4082/4082/4082 4083/4083/4083
f 4084/4084/4084 4085/4085/4085 4086/4086/4086
f 4087/4087/4087 4088/4088/4088 4089/4089/4089
f 4090/4090/4090 4091/4091/4091 4092/4092/4092
f 4093/4093/4093 4094/4094/4094 4095/4095/4095
f 4096/4096/4096 4097/4097/4097 4098/4098/4098
f 4099/4099/4099 4100/4100/4100 4101/4101/4101
f 4102/4102/4102 4103/4103/4103 4104/4104/4104
f 4105/4105/4105 4106/4106/4106 4107/4107/4107
f 4108/4108/4108 4109/4109/4109 4110/4110/4110
f 4111/4111/4111 4112/4112/4112 4113/4113/4113
f 4114/4114/4114 4115/4115/4115 4116/4116/4116
f 4117/4117/4117 4118/4118/4118 4119/4119/4119
f 4120/4120/4120 4121/4121/4121 4122/4122/4122
f 4123/4123/4123 4124/4124/4124 4125/4125/4125
f 4126/4126/4126 4127/4127/4127 4128/4128/4128
f 4129/4129/4129 4130/4130/4130 4131/4131/4131
f 4132/4132/4132 4133/4133/4133 4134/4134/4134
f 4135/4135/4135 4136/4136/4136 4137/4137/4137
f 4138/4138/4138 4139/4139/4139 4140/4140/4140
f 4141/4141/4141 4142/4142/4142 4143/4143/4143
f 4144/4144/4144 4145/4145/4145 4146/4146/4146
f 4147/4147/4147 4148/4148/4148 4149/4149/4149
f 4150/4150/4150 4151/4151/4151 4152/4152/4152
f 4153/4153/4153 4154/4154/4154 4155/4155/4155
f 4156/4156/4156 4157/4157/4157 4158/4158/4158
f 4159/4159/4159 4160/4160/4160 4161/4161/4161
f 4162/4162/4162 4163/4163/4163 4164/4164/4164
f 4165/4165/4165 4166/4166/4166 4167/4167/4167
f 4168/4168/4168 4169/4169/4169 4170/4170/4170
f 4171/4171/4171 4172/4172/4172 4173/4173/4173
f 4174/4174/4174 4175/4175/4175 4176/4176/4176
f 4177/4177/4177 4178/4178/4178 4179/4179/4179
f 4180/4180/4180 4181/4181/4181 4182/4182/4182
f 4183/4183/4183 4184/4184/4184 4185/4185/4185
f 4186/4186/4186 4187/4187/4187 4188/4188/4188
f 4189/4189/4189 4190/4190/4190 4191/4191/4191
f 4192/4192/4192 4193/4193/4193 4194/4194/4194
f 4195/4195/4195 4196/4196/4196 4197/4197/4197
f 4198/4198/4198 4199/4199/4199 4200/4200/4200
f 4201/4201/4201 4202/4202/4202 4203/4203/4203
f 4204/4204/4204 4205/4205/4205 4206/4206/4206
f 4207/4207/4207 4208/4208/4208 4209/4209/4209
f 4210/4210/4210 4211/4211/4211 4212/4212/4212
f 4213/4213/4213 4214/4214/4214 4215/4215/4215
f 4216/4216/4216 4217/4217/4217 4218/4218/4218
f 4219/4219/4219 4220/4220/4220 4221/4221/4221
f 4222/4222/4222 4223/4223/4223 4224/4224/4224
f 4225/4225/4225 4226/4226/4226 4227/4227/4227
f 4228/4228/4228 4229/4229/4229 4230/4230/4230
f 4231/4231/4231 4232/4232/4232 4233/4233/4233
f 4234/4234/4234 4235/4235/4235 4236/4236/4236
f 4237/4237/4237 4238/4238/4238 4239/4239/4239
f 4240/4240/4240 4241/4241/4241 4242/4242/4242
f 4243/4243/4243 4244/4244/4244 4245/4245/4245
f 4246/4246/4246 4247/4247/4247 4248/4248/4248
f 4249/4249/4249 4250/4250/4250 4251/4251/4251
f 4252/4252/4252 4253/4253/4253 4254/4254/4254
f 4255/4255/4255 4256/4256/4256 4257/4257/4257
f 4258/4258/4258 4259/4259/4259 4260/4260/4260
f 4261/4261/4261 4262/4262/4262 4263/4263/4263
f 4264/4264/4264 4265/4265/4265 4266/4266/4266
f 4267/4267/4267 4268/4268/4268 4269/4269/4269
f 4270/4270/4270 4271/4271/4271 4272/4272/4272
f 4273/4273/4273 4274/4274/4274 4275/4275/4275
f 4276/4276/4276 4277/4277/4277 4278/4278/4278
f 4279/4279/4279 4280/4280/4280 4281/4281/4281
f 4282/4282/4282 4283/4283/4283 4284/4284/4284
f 4285/4285/4285 4286/4286/4286 4287/4287/4287
f 4288/4288/4288 4289/4289/4289 4290/4290/4290
f 4291/4291/4291 4292/4292/4292 4293/4293/4293
f 4294/4294/4294 4295/4295/4295 4296/4296/4296
f 4297/4297/4297 4298/4298/4298 4299/4299/4299
f 4300/4300/4300 4301/4301/4301 4302/4302/4302
f 4303/4303/4303 4304/4304/4304 4305/4305/4305
f 4306/4306/4306 4307/4307/4307 4308/4308/4308
f 4309/4309/4309 4310/4310/4310 4311/4311/4311
f 4312/4312/4312 4313/4313/4313 4314/4314/4314
f 4315/4315/4315 4316/4316/4316 4317/4317/4317
f 4318/4318/4318 4319/4319/4319 4320/4320/4320
f 4321/4321/4321 4322/4322/4322 4323/4323/4323
f 4324/4324/4324 4325/4325/4325 4326/4326/4326
f 4327/4327/4327 4328/4328/4328 4329/4329/4329
f 4330/4330/4330 4331/4331/4331 4332/4332/4332
f 4333/4333/4333 4334/4334/4334 4335/4335/4335
f 4336/4336/4336 4337/4337/4337 4338/4338/4338
f 4339/4339/4339 4340/4340/4340 4341/4341/4341
f 4342/4342/4342 4343/4343/4343 4344/4344/4344
f 4345/4345/4345 4346/4346/4346 4347/4347/4347
f 4348/4348/4348 4349/4349/4349 4350/4350/4350
f 4351/4351/4351 4352/4352/4352 4353/4353/4353
f 4354/4354/4354 4355/4355/4355 4356/4356/4356
f 4357/4357/4357 4358/4358/4358 4359/4359/4359
f 4360/4360/4360 4361/4361/4361 4362/4362/4362
f 4363/4363/4363 4364/4364/4364 4365/4365/4365
f 4366/4366/4366 4367/4367/4367 4368/4368/4368
f 4369/4369/4369 4370/4370/4370 4371/4371/4371
f 4372/4372/4372 4373/4373/4373 4374/4374/4374
f 4375/4375/4375 4376/4376/4376 4377/4377/4377
f 4378/4378/4378 4379/4379/4379 4380/4380/4380
f 4381/4381/4381 4382/4382/4382 4383/4383/4383
f 4384/4384/4384 4385/4385/4385 4386/4386/4386
f 4387/4387/4387 4388/4388/4388 4389/4389/4389
f 4390/4390/4390 4391/4391/4391 4392/4392/4392
f 4393/4393/4393 4394/4394/4394 4395/4395/4395
f 4396/4396/4396 4397/4397/4397 4398/4398/4398
f 4399/4399/4399 4400/4400/4400 4401/4401/4401
f 4402/4402/4402 4403/4403/4403 4404/4404/4404
f 4405/4405/4405 4406/4406/4406 4407/4407/4407
f 4408/4408/4408 4409/4409/4409 4410/4410/4410
f 4411/4411/4411 4412/4412/4412 4413/4413/4413
f 4414/4414/4414 4415/4415/4415 4416/4416/4416
f 4417/4417/4417 4418/4418/4418 4419/4419/4419
f 4420/4420/4420 4421/4421/4421 4422/4422/4422
f 4423/4423/4423 4424/4424/4424 4425/4425/4425
f 4426/4426/4426 4427/4427/4427 4428/4428/4428
f 4429/4429/4429 4430/4430/4430 4431/4431/4431
f 4432/4432/4432 4433/4433/4433 4434/4434/4434
f 4435/4435/4435 4436/4436/4436 4437/4437/4437
f 4438/4438/4438 4439/4439/4439 4440/4440/4440
f 4441/4441/4441 4442/4442/4442 4443/4443/4443
f 4444/4444/4444 4445/4445/4445 4446/4446/4446
f 4447/4447/4447 4448/4448/4448 4449/4449/4449
f 4450/4450/4450 4451/4451/4451 4452/4452/4452
f 4453/4453/4453 4454/4454/4454 4455/4455/4455
f 4456/4456/4456 4457/4457/4457 4458/4458/4458
f 4459/4459/4459 4460/4460/4460 4461/4461/4461
f 4462/4462/4462 4463/4463/4463 4464/4464/4464
f 4465/4465/4465 4466/4466/4466 4467/4467/4467
f 4468/4468/4468 4469/4469/4469 4470/4470/4470
f 4471/4471/4471 4472/4472/4472 4473/4473/4473
f 4474/4474/4474 4475/4475/4475 4476/4476/4476
f 4477/4477/4477 4478/4478/4478 4479/4479/4479
f 4480/4480/4480 4481/4481/4481 4482/4482/4482
f 4483/4483/4483 4484/4484/4484 4485/4485/4485
f 4486/4486/4486 4487/4487/4487 4488/4488/4488
f 4489/4489/4489 4490/4490/4490 4491/4491/4491
f 4492/4492/4492 4493/4493/4493 4494/4494/4494
f 4495/4495/4495 4496/4496/4496 4497/4497/4497
f 4498/4498/4498 4499/4499/4499 4500/4500/4500
f 4501/4501/4501 4502/4502/4502 4503/4503/4503
f 4504/4504/4504 4505/4505/4505 4506/4506/4506
f 4507/4507/4507 4508/4508/4508 4509/4509/4509
f 4510/4510/4510 4511/4511/4511 4512/4512/4512
f 4513/4513/4513 4514/4514/4514 4515/4515/4515
f 4516/4516/4516 4517/4517/4517 4518/4518/4518
f 4519/4519/4519 4520/4520/4520 4521/4521/4521
f 4522/4522/4522 4523/4523/4523 4524/4524/4524
f 4525/4525/4525 4526/4526/4526 4527/4527/4527
f 4528/4528/4528 4529/4529/4529 4530/4530/4530
f 4531/4531/4531 4532/4532/4532 4533/4533/4533
f 4534/4534/4534 4535/4535/4535 4536/4536/4536
f 4537/4537/4537 4538/4538/4538 4539/4539/4539
f 4540/4540/4540 4541/4541/4541 4542/4542/4542
f 4543/4543/4543 4544/4544/4544 4545/4545/4545
f 4546/4546/4546 4547/4547/4547 4548/4548/4548
f 4549/4549/4549 4550/4550/4550 4551/4551/4551
f 4552/4552/4552 4553/4553/4553 4554/4554/4554
f 4555/4555/4555 4556/4556/4556 4557/4557/4557
f 4558/4558/4558 4559/4559/4559 4560/4560/4560
f 4561/4561/4561 4562/4562/4562 4563/4563/4563
f 4564/4564/4564 4565/4565/4565 4566/4566/4566
f 4567/4567/4567 4568/4568/4568 4569/4569/4569
f 4570/4570/4570 4571/4571/4571 4572/4572/4572
f 4573/4573/4573 4574/4574/4574 4575/4575/4575
f 4576/4576/4576 4577/4577/4577 4578/4578/4578
f 4579/4579/4579 4580/4580/4580 4581/4581/4581
f 4582/4582/4582 4583/4583/4583 4584/4584/4584
f 4585/4585/4585 4586/4586/4586 4587/4587/4587
f 4588/4588/4588 4589/4589/4589 4590/4590/4590
f 4591/4591/4591 4592/4592/4592 4593/4593/4593
f 4594/4594/4594 4595/4595/4595 4596/4596/4596
f 4597/4597/4597 4598/4598/4598 4599/4599/4599
f 4600/4600/4600 4601/4601/4601 4602/4602/4602
f 4603/4603/4603 4604/4604/4604 4605/4605/4605
f 4606/4606/4606 4607/4607/4607 4608/4608/4608
f 4609/4609/4609 4610/4610/4610 4611/4611/4611
f 4612/4612/4612 4613/4613/4613 4614/4614/4614
f 4615/4615/4615 4616/4616/4616 4617/4617/4617
f 4618/4618/4618 4619/4619/4619 4620/4620/4620
f 4621/4621/4621 4622/4622/4622 4623/4623/4623
f 4624/4624/4624 4625/4625/4625 4626/4626/4626
f 4627/4627/4627 4628/4628/4628 4629/4629/4629
f 4630/4630/4630 4631/4631/4631 4632/4632/4632
f 4633/4633/4633 4634/4634/4634 4635/4635/4635
f 4636/4636/4636 4637/4637/4637 4638/4638/4638
f 4639/4639/4639 4640/4640/4640 4641/4641/4641
f 4642/4642/4642 4643/4643/4643 4644/4644/4644
f 4645/4645/4645 4646/4646/4646 4647/4647/4647
f 4648/4648/4648 4649/4649/4649 4650/4650/4650
f 4651/4651/4651 4652/4652/4652 4653/4653/4653
f 4654/4654/4654 4655/4655/4655 4656/4656/4656
f 4657/4657/4657 4658/4658/4658 4659/4659/4659
f 4660/4660/4660 4661/4661/4661 4662/4662/4662
f 4663/4663/4663 4664/4664/4664 4665/4665/4665
f 4666/4666/4666 4667/4667/4667 4668/4668/4668
f 4669/4669/4669 4670/4670/4670 4671/4671/4671
f 4672/4672/4672 4673/4673/4673 4674/4674/4674
f 4675/4675/4675 4676/4676/4676 4677/4677/4677
f 4678/4678/4678 4679/4679/4679 4680/4680/4680
f 4681/4681/4681 4682/4682/4682 4683/4683/4683
f 4684/4684/4684 4685/4685/4685 4686/4686/4686
f 4687/4687/4687 4688/4688/4688 4689/4689/4689
f 4690/4690/4690 4691/4691/4691 4692/4692/4692
f 4693/4693/4693 4694/4694/4694 4695/4695/4695
f 4696/4696/4696 4697/4697/4697 4698/4698/4698
f 4699/4699/4699 4700/4700/4700 4701/4701/4701
f 4702/4702/4702 4703/4703/4703 4704/4704/4704
f 4705/4705/4705 4706/4706/4706 4707/4707/4707
f 4708/4708/4708 4709/4709/4709 4710/4710/4710
f 4711/4711/4711 4712/4712/4712 4713/4713/4713
f 4714/4714/4714 4715/4715/4715 4716/4716/4716
f 4717/4717/4717 4718/4718/4718 4719/4719/4719
f 4720/4720/4720 4721/4721/4721 4722/4722/4722
f 4723/4723/4723 4724/4724/4724 4725/4725/4725
f 4726/4726/4726 4727/4727/4727 4728/4728/4728
f 4729/4729/4729 4730/4730/4730 4731/4731/4731
f 4732/4732/4732 4733/4733/4733 4734/4734/4734
f 4735/4735/4735 4736/4736/4736 4737/4737/4737
f 4738/4738/4738 4739/4739/4739 4740/4740/4740
f 4741/4741/4741 4742/4742/4742 4743/4743/4743
f 4744/4744/4744 4745/4745/4745 4746/4746/4746
f 4747/4747/4747 4748/4748/4748 4749/4749/4749
f 4750/4750/4750 4751/4751/4751 4752/4752/4752
f 4753/4753/4753 4754/4754/4754 4755/4755/4755
f 4756/4756/4756 4757/4757/4757 4758/4758/4758
f 4759/4759/4759 4760/4760/4760 4761/4761/4761
f 4762/4762/4762 4763/4763/4763 4764/4764/4764
f 4765/4765/4765 4766/4766/4766 4767/4767/4767
f 4768/4768/4768 4769/4769/4769 4770/4770/4770
f 4771/4771/4771 4772/4772/4772 4773/4773/4773
f 4774/4774/4774 4775/4775/4775 4776/4776/4776
f 4777/4777/4777 4778/4778/4778 4779/4779/4779
f 4780/4780/4780 4781/4781/4781 4782/4782/4782
f 4783/4783/4783 4784/4784/4784 4785/4785/4785
f 4786/4786/4786 4787/4787/4787 4788/4788/4788
f 4789/4789/4789 4790/4790/4790 4791/4791/4791
f 4792/4792/4792 4793/4793/4793 4794/4794/4794
f 4795/4795/4795 4796/4796/4796 4797/4797/4797
f 4798/4798/4798 4799/4799/4799 4800/4800/4800
f 4801/4801/4801 4802/4802/4802 4803/4803/4803
f 4804/4804/4804 4805/4805/4805 4806/4806/4806
f 4807/4807/4807 4808/4808/4808 4809/4809/4809
f 4810/4810/4810 4811/4811/4811 4812/4812/4812
f 4813/4813/4813 4814/4814/4814 4815/4815/4815
f 4816/4816/4816 4817/4817/4817 4818/4818/4818
f 4819/4819/4819 4820/4820/4820 4821/4821/4821
f 4822/4822/4822 4823/4823/4823 4824/4824/4824
f 4825/4825/4825 4826/4826/4826 4827/4827/4827
f 4828/4828/4828 4829/4829/4829 4830/4830/4830
f 4831/4831/4831 4832/4832/4832 4833/4833/4833
f 4834/4834/4834 4835/4835/4835 4836/4836/4836
f 4837/4837/4837 4838/4838/4838 4839/4839/4839
f 4840/4840/4840 4841/4841/4841 4842/4842/4842
f 4843/4843/4843 4844/4844/4844 4845/4845/4845
f 4846/4846/4846 4847/4847/4847 4848/4848/4848
f 4849/4849/4849 4850/4850/4850 4851/4851/4851
f 4852/4852/4852 4853/4853/4853 4854/4854/4854
f 4855/4855/4855 4856/4856/4856 4857/4857/4857
f 4858/4858/4858 4859/4859/4859 4860/4860/4860
f 4861/4861/4861 4862/4862/4862 4863/4863/4863
f 4864/4864/4864 4865/4865/4865 4866/4866/4866
f 4867/4867/4867 4868/4868/4868 4869/4869/4869
f 4870/4870/4870 4871/4871/4871 4872/4872/4872
f 4873/4873/4873 4874/4874/4874 4875/4875/4875
f 4876/4876/4876 4877/4877/4877 4878/4878/4878
f 4879/4879/4879 4880/4880/4880 4881/4881/4881
f 4882/4882/4882 4883/4883/4883 4884/4884/4884
f 4885/4885/4885 4886/4886/4886 4887/4887/4887
f 4888/4888/4888 4889/4889/4889 4890/4890/4890
f 4891/4891/4891 4892/4892/4892 4893/4893/4893
f 4894/4894/4894 4895/4895/4895 4896/4896/4896
f 4897/4897/4897 4898/4898/4898 4899/4899/4899
f 4900/4900/4900 4901/4901/4901 4902/4902/4902
f 4903/4903/4903 4904/4904/4904 4905/4905/4905
f 4906/4906/4906 4907/4907/4907 4908/4908/4908
f 4909/4909/4909 4910/4910/4910 4911/4911/4911
f 4912/4912/4912 4913/4913/4913 4914/4914/4914
f 4915/4915/4915 4916/4916/4916 4917/4917/4917
f 4918/4918/4918 4919/4919/4919 4920/4920/4920
f 4921/4921/4921 4922/4922/4922 4923/4923/4923
f 4924/4924/4924 4925/4925/4925 4926/4926/4926
f 4927/4927/4927 4928/4928/4928 4929/4929/4929
f 4930/4930/4930 4931/4931/4931 4932/4932/4932
f 4933/4933/4933 4934/4934/4934 4935/4935/4935
f 4936/4936/4936 4937/4937/4937 4938/4938/4938
f 4939/4939/4939 4940/4940/4940 4941/4941/4941
f 4942/4942/4942 4943/4943/4943 4944/4944/4944
f 4945/4945/4945 4946/4946/4946 4947/4947/4947
f 4948/4948/4948 4949/4949/4949 4950/4950/4950
f 4951/4951/4951 4952/4952/4952 4953/4953/4953
f 4954/4954/4954 4955/4955/4955 4956/4956/4956
f 4957/4957/4957 4958/4958/4958 4959/4959/4959
f 4960/4960/4960 4961/4961/4961 4962/4962/4962
f 4963/4963/4963 4964/4964/4964 4965/4965/4965
f 4966/4966/4966 4967/4967/4967 4968/4968/4968
f 4969/4969/4969 4970/4970/4970 4971/4971/4971
f 4972/4972/4972 4973/4973/4973 4974/4974/4974
f 4975/4975/4975 4976/4976/4976 4977/4977/4977
f 4978/4978/4978 4979/4979/4979 4980/4980/4980
f 4981/4981/4981 4982/4982/4982 4983/4983/4983
f 4984/4984/4984 4985/4985/4985 4986/4986/4986
f 4987/4987/4987 4988/4988/4988 4989/4989/4989
f 4990/4990/4990 4991/4991/4991 4992/4992/4992
f 4993/4993/4993 4994/4994/4994 4995/4995/4995
f 4996/4996/4996 4997/4997/4997 4998/4998/4998
f 4999/4999/4999 5000/5000/5000 5001/5001/5001
f 5002/5002/5002 5003/5003/5003 5004/5004/5004
f 5005/5005/5005 5006/5006/5006 5007/5007/5007
f 5008/5008/5008 5009/5009/5009 5010/5010/5010
f 5011/5011/5011 5012/5012/5012 5013/5013/5013
f 5014/5014/5014 5015/5015/5015 5016/5016/5016
f 5017/5017/5017 5018/5018/5018 5019/5019/5019
f 5020/5020/5020 5021/5021/5021 5022/5022/5022
f 5023/5023/5023 5024/5024/5024 5025/5025/5025
f 5026/5026/5026 5027/5027/5027 5028/5028/5028
f 5029/5029/5029 5030/5030/5030 5031/5031/5031
f 5032/5032/5032 5033/5033/5033 5034/5034/5034
f 5035/5035/5035 5036/5036/5036 5037/5037/5037
f 5038/5038/5038 5039/5039/5039 5040/5040/5040
f 5041/5041/5041 5042/5042/5042 5043/5043/5043
f 5044/5044/5044 5045/5045/5045 5046/5046/5046
f 5047/5047/5047 5048/5048/5048 5049/5049/5049
f 5050/5050/5050 5051/5051/5051 5052/5052/5052
f 5053/5053/5053 5054/5054/5054 5055/5055/5055
f 5056/5056/5056 5057/5057/5057 5058/5058/5058
f 5059/5059/5059 5060/5060/5060 5061/5061/5061
f 5062/5062/5062 5063/5063/5063 5064/5064/5064
f 5065/5065/5065 5066/5066/5066 5067/5067/5067
f 5068/5068/5068 5069/5069/5069 5070/5070/5070
f 5071/5071/5071 5072/5072/5072 5073/5073/5073
f 5074/5074/5074 5075/5075/5075 5076/5076/5076
f 5077/5077/5077 5078/5078/5078 5079/5079/5079
f 5080/5080/5080 5081/5081/5081 5082/5082/5082
f 5083/5083/5083 5084/5084/5084 5085/5085/5085
f 5086/5086/5086 5087/5087/5087 5088/5088/5088
f 5089/5089/5089 5090/5090/5090 5091/5091/5091
f 5092/5092/5092 5093/5093/5093 5094/5094/5094
f 5095/5095/5095 5096/5096/5096 5097/5097/5097
f 5098/5098/5098 5099/5099/5099 5100/5100/5100
f 5101/5101/5101 5102/5102/5102 5103/5103/5103
f 5104/5104/5104 5105/5105/5105 5106/5106/5106
f 5107/5107/5107 5108/5108/5108 5109/5109/5109
f 5110/5110/5110 5111/5111/5111 5112/5112/5112
f 5113/5113/5113 5114/5114/5114 5115/5115/5115
f 5116/5116/5116 5117/5117/5117 5118/5118/5118
f 5119/5119/5119 5120/5120/5120 5121/5121/5121
f 5122/5122/5122 5123/5123/5123 5124/5124/5124
f 5125/5125/5125 5126/5126/5126 5127/5127/5127
f 5128/5128/5128 5129/5129/5129 5130/5130/5130
f 5131/5131/5131 5132/5132/5132 5133/5133/5133
f 5134/5134/5134 5135/5135/5135 5136/5136/5136
f 5137/5137/5137 5138/5138/5138 5139/5139/5139
f 5140/5140/5140 5141/5141/5141 5142/5142/5142
f 5143/5143/5143 5144/5144/5144 5145/5145/5145
f 5146/5146/5146 5147/5147/5147 5148/5148/5148
f 5149/5149/5149 5150/5150/5150 5151/5151/5151
f 5152/5152/5152 5153/5153/5153 5154/5154/5154
f 5155/5155/5155 5156/5156/5156 5157/5157/5157
f 5158/5158/5158 5159/5159/5159 5160/5160/5160
f 5161/5161/5161 5162/5162/5162 5163/5163/5163
f 5164/5164/5164 5165/5165/5165 5166/5166/5166
f 5167/5167/5167 5168/5168/5168 5169/5169/5169
f 5170/5170/5170 5171/5171/5171 5172/5172/5172
f 5173/5173/5173 5174/5174/5174 5175/5175/5175
f 5176/5176/5176 5177/5177/5177 5178/5178/5178
f 5179/5179/5179 5180/5180/5180 5181/5181/5181
f 5182/5182/5182 5183/5183/5183 5184/5184/5184
f 5185/5185/5185 5186/5186/5186 5187/5187/5187
f 5188/5188/5188 5189/5189/5189 5190/5190/5190
f 5191/5191/5191 5192/5192/5192 5193/5193/5193
f 5194/5194/5194 5195/5195/5195 5196/5196/5196
f 5197/5197/5197 5198/5198/5198 5199/5199/5199
f 5200/5200/5200 5201/5201/5201 5202/5202/5202
f 5203/5203/5203 5204/5204/5204 5205/5205/5205
f 5206/5206/5206 5207/5207/5207 5208/5208/5208
f 5209/5209/5209 5210/5210/5210 5211/5211/5211
f 5212/5212/5212 5213/5213/5213 5214/5214/5214
f 5215/5215/5215 5216/5216/5216 5217/5217/5217
f 5218/5218/5218 5219/5219/5219 5220/5220/5220
f 5221/5221/5221 5222/5222/5222 5223/5223/5223
f 5224/5224/5224 5225/5225/5225 5226/5226/5226
f 5227/5227/5227 5228/5228/5228 5229/5229/5229
f 5230/5230/5230 5231/5231/5231 5232/5232/5232
f 5233/5233/5233 5234/5234/5234 5235/5235/5235
f 5236/5236/5236 5237/5237/5237 5238/5238/5238
f 5239/5239/5239 5240/5240/5240 5241/5241/5241
f 5242/5242/5242 5243/5243/5243 5244/5244/5244
f 5245/5245/5245 5246/5246/5246 5247/5247/5247
f 5248/5248/5248 5249/5249/5249 5250/5250/5250
f 5251/5251/5251 5252/5252/5252 5253/5253/5253
f 5254/5254/5254 5255/5255/5255 5256/5256/5256
f 5257/5257/5257 5258/5258/5258 5259/5259/5259
f 5260/5260/5260 5261/5261/5261 5262/5262/5262
f 5263/5263/5263 5264/5264/5264 5265/5265/5265
f 5266/5266/5266 5267/5267/5267 5268/5268/5268
f 5269/5269/5269 5270/5270/5270 5271/5271/5271
f 5272/5272/5272 5273/5273/5273 5274/5274/5274
f 5275/5275/5275 5276/5276/5276 5277/5277/5277
f 5278/5278/5278 5279/5279/5279 5280/5280/5280
f 5281/5281/5281 5282/5282/5282 5283/5283/5283
f 5284/5284/5284 5285/5285/5285 5286/5286/5286
f 5287/5287/5287 5288/5288/5288 5289/5289/5289
f 5290/5290/5290 5291/5291/5291 5292/5292/5292
f 5293/5293/5293 5294/5294/5294 5295/5295/5295
f 5296/5296/5296 5297/5297/5297 5298/5298/5298
f 5299/5299/5299 5300/5300/5300 5301/5301/5301
f 5302/5302/5302 5303/5303/5303 5304/5304/5304
f 5305/5305/5305 5306/5306/5306 5307/5307/5307
f 5308/5308/5308 5309/5309/5309 5310/5310/5310
f 5311/5311/5311 5312/5312/5312 5313/5313/5313
f 5314/5314/5314 5315/5315/5315 5316/5316/5316
f 5317/5317/5317 5318/5318/5318 5319/5319/5319
f 5320/5320/5320 5321/5321/5321 5322/5322/5322
f 5323/5323/5323 5324/5324/5324 5325/5325/5325
f 5326/5326/5326 5327/5327/5327 5328/5328/5328
f 5329/5329/5329 5330/5330/5330 5331/5331/5331
f 5332/5332/5332 5333/5333/5333 5334/5334/5334
f 5335/5335/5335 5336/5336/5336 5337/5337/5337
f 5338/5338/5338 5339/5339/5339 5340/5340/5340
f 5341/5341/5341 5342/5342/5342 5343/5343/5343
f 5344/5344/5344 5345/5345/5345 5346/5346/5346
f 5347/5347/5347 5348/5348/5348 5349/5349/5349
f 5350/5350/5350 5351/5351/5351 5352/5352/5352
f 5353/5353/5353 5354/5354/5354 5355/5355/5355
f 5356/5356/5356 5357/5357/5357 5358/5358/5358
f 5359/5359/5359 5360/5360/5360 5361/5361/5361
f 5362/5362/5362 5363/5363/5363 5364/5364/5364
f 5365/5365/5365 5366/5366/5366 5367/5367/5367
f 5368/5368/5368 5369/5369/5369 5370/5370/5370
f 5371/5371/5371 5372/5372/5372 5373/5373/5373
f 5374/5374/5374 5375/5375/5375 5376/5376/5376
f 5377/5377/5377 5378/5378/5378 5379/5379/5379
f 5380/5380/5380 5381/5381/5381 5382/5382/5382
f 5383/5383/5383 5384/5384/5384 5385/5385/5385
f 5386/5386/5386 5387/5387/5387 5388/5388/5388
f 5389/5389/5389 5390/5390/5390 5391/5391/5391
f 5392/5392/5392 5393/5393/5393 5394/5394/5394
f 5395/5395/5395 5396/5396/5396 5397/5397/5397
f 5398/5398/5398 5399/5399/5399 5400/5400/5400
f 5401/5401/5401 5402/5402/5402 5403/5403/5403
f 5404/5404/5404 5405/5405/5405 5406/5406/5406
f 5407/5407/5407 5408/5408/5408 5409/5409/5409
f 5410/5410/5410 5411/5411/5411 5412/5412/5412
f 5413/5413/5413 5414/5414/5414 5415/5415/5415
f 5416/5416/5416 5417/5417/5417 5418/5418/5418
f 5419/5419/5419 5420/5420/5420 5421/5421/5421
f 5422/5422/5422 5423/5423/5423 5424/5424/5424
f 5425/5425/5425 5426/5426/5426 5427/5427/5427
f 5428/5428/5428 5429/5429/5429 5430/5430/5430
f 5431/5431/5431 5432/5432/5432 5433/5433/5433
f 5434/5434/5434 5435/5435/5435 5436/5436/5436
f 5437/5437/5437 5438/5438/5438 5439/5439/5439
f 5440/5440/5440 5441/5441/5441 5442/5442/5442
f 5443/5443/5443 5444/5444/5444 5445/5445/5445
f 5446/5446/5446 5447/5447/5447 5448/5448/5448
f 5449/5449/5449 5450/5450/5450 5451/5451/5451
f 5452/5452/5452 5453/5453/5453 5454/5454/5454
f 5455/5455/5455 5456/5456/5456 5457/5457/5457
f 5458/5458/5458 5459/5459/5459 5460/5460/5460
f 5461/5461/5461 5462/5462/5462 5463/5463/5463
f 5464/5464/5464 5465/5465/5465 5466/5466/5466
f 5467/5467/5467 5468/5468/5468 5469/5469/5469
f 5470/5470/5470 5471/5471/5471 5472/5472/5472
f 5473/5473/5473 5474/5474/5474 5475/5475/5475
f 5476/5476/5476 5477/5477/5477 5478/5478/5478
f 5479/5479/5479 5480/5480/5480 5481/5481/5481
f 5482/5482/5482 5483/5483/5483 5484/5484/5484
f 5485/5485/5485 5486/5486/5486 5487/5487/5487
f 5488/5488/5488 5489/5489/5489 5490/5490/5490
f 5491/5491/5491 5492/5492/5492 5493/5493/5493
f 5494/5494/5494 5495/5495/5495 5496/5496/5496
f 5497/5497/5497 5498/5498/5498 5499/5499/5499
f 5500/5500/5500 5501/5501/5501 5502/5502/5502
f 5503/5503/5503 5504/5504/5504 5505/5505/5505
f 5506/5506/5506 5507/5507/5507 5508/5508/5508
f 5509/5509/5509 5510/5510/5510 5511/5511/5511
f 5512/5512/5512 5513/5513/5513 5514/5514/5514
f 5515/5515/5515 5516/5516/5516 5517/5517/5517
f 5518/5518/5518 5519/5519/5519 5520/5520/5520
f 5521/5521/5521 5522/5522/5522 5523/5523/5523
f 5524/5524/5524 5525/5525/5525 5526/5526/5526
f 5527/5527/5527 5528/5528/5528 5529/5529/5529
f 5530/5530/5530 5531/5531/5531 5532/5532/5532
f 5533/5533/5533 5534/5534/5534 5535/5535/5535
f 5536/5536/5536 5537/5537/5537 5538/5538/5538
f 5539/5539/5539 5540/5540/5540 5541/5541/5541
f 5542/5542/5542 5543/5543/5543 5544/5544/5544
f 5545/5545/5545 5546/5546/5546 5547/5547/5547
f 5548/5548/5548 5549/5549/5549 5550/5550/5550
f 5551/5551/5551 5552/5552/5552 5553/5553/5553
f 5554/5554/5554 5555/5555/5555 5556/5556/5556
f 5557/5557/5557 5558/5558/5558 5559/5559/5559
f 5560/5560/5560 5561/5561/5561 5562/5562/5562
f 5563/5563/5563 5564/5564/5564 5565/5565/5565
f 5566/5566/5566 5567/5567/5567 5568/5568/5568
f 5569/5569/5569 5570/5570/5570 5571/5571/5571
f 5572/5572/5572 5573/5573/5573 5574/5574/5574
f 5575/5575/5575 5576/5576/5576 5577/5577/5577
f 5578/5578/5578 5579/5579/5579 5580/5580/5580
f 5581/5581/5581 5582/5582/5582 5583/5583/5583
f 5584/5584/5584 5585/5585/5585 5586/5586/5586
f 5587/5587/5587 5588/5588/5588 5589/5589/5589
f 5590/5590/5590 5591/5591/5591 5592/5592/5592
f 5593/5593/5593 5594/5594/5594 5595/5595/5595
f 5596/5596/5596 5597/5597/5597 5598/5598/5598
f 5599/5599/5599 5600/5600/5600 5601/5601/5601
f 5602/5602/5602 5603/5603/5603 5604/5604/5604
f 5605/5605/5605 5606/5606/5606 5607/5607/5607
f 5608/5608/5608 5609/5609/5609 5610/5610/5610
f 5611/5611/5611 5612/5612/5612 5613/5613/5613
f 5614/5614/5614 5615/5615/5615 5616/5616/5616
f 5617/5617/5617 5618/5618/5618 5619/5619/5619
f 5620/5620/5620 5621/5621/5621 5622/5622/5622
f 5623/5623/5623 5624/5624/5624 5625/5625/5625
f 5626/5626/5626 5627/5627/5627 5628/5628/5628
f 5629/5629/5629 5630/5630/5630 5631/5631/5631
f 5632/5632/5632 5633/5633/5633 5634/5634/5634
f 5635/5635/5635 5636/5636/5636 5637/5637/5637
f 5638/5638/5638 5639/5639/5639 5640/5640/5640
